CASE_ID,ACCIDENT_YEAR,PROC_DATE,JURIS,COLLISION_DATE,COLLISION_TIME,OFFICER_ID,REPORTING_DISTRICT,DAY_OF_WEEK,CHP_SHIFT,POPULATION,CNTY_CITY_LOC,SPECIAL_COND,BEAT_TYPE,CHP_BEAT_TYPE,CITY_DIVISION_LAPD,CHP_BEAT_CLASS,BEAT_NUMBER,PRIMARY_RD,SECONDARY_RD,DISTANCE,DIRECTION,INTERSECTION,WEATHER_1,WEATHER_2,STATE_HWY_IND,CALTRANS_COUNTY,CALTRANS_DISTRICT,STATE_ROUTE,ROUTE_SUFFIX,POSTMILE_PREFIX,POSTMILE,LOCATION_TYPE,RAMP_INTERSECTION,SIDE_OF_HWY,TOW_AWAY,COLLISION_SEVERITY,NUMBER_KILLED,NUMBER_INJURED,PARTY_COUNT,PRIMARY_COLL_FACTOR,PCF_CODE_OF_VIOL,PCF_VIOL_CATEGORY,PCF_VIOLATION,PCF_VIOL_SUBSECTION,HIT_AND_RUN,TYPE_OF_COLLISION,MVIW,PED_ACTION,ROAD_SURFACE,ROAD_COND_1,ROAD_COND_2,LIGHTING,CONTROL_DEVICE,CHP_ROAD_TYPE,PEDESTRIAN_ACCIDENT,BICYCLE_ACCIDENT,MOTORCYCLE_ACCIDENT,TRUCK_ACCIDENT,NOT_PRIVATE_PROPERTY,ALCOHOL_INVOLVED,STWD_VEHTYPE_AT_FAULT,CHP_VEHTYPE_AT_FAULT,COUNT_SEVERE_INJ,COUNT_VISIBLE_INJ,COUNT_COMPLAINT_PAIN,COUNT_PED_KILLED,COUNT_PED_INJURED,COUNT_BICYCLIST_KILLED,COUNT_BICYCLIST_INJURED,COUNT_MC_KILLED,COUNT_MC_INJURED,PRIMARY_RAMP,SECONDARY_RAMP,LATITUDE,LONGITUDE,COUNTY,CITY,POINT_X,POINT_Y
6345112,2014,2014-06-02,9435,2014-01-10,0757,15095,,5,1,9,1000,0,3,5,,2,040,"ACADEMY AV","NEBRASKA AV",0.00,,Y,A,-,N,,,,,,,,,,Y,4,0,2,2,A,-,09,21802,A,N,D,C,A,A,H,-,A,A,0,,,,,Y,,A,01,0,0,2,0,0,0,0,0,0,"- ","- ",36.561079999999997,-119.55656,FRESNO,UNINCORPORATED,-119.55652985,36.561380079999999
6345115,2014,2016-01-20,9435,2014-01-05,0356,17842,,7,3,7,1005,0,1,3,,2,181,"RT 180","RT 41",1584.00,E,N,A,-,Y,FRE,6,180,-,R,59.020,H,-,E,Y,4,0,1,2,A,-,07,21658,A,M,B,C,A,A,H,-,D,D,1,,,,,Y,,-,99,0,0,1,0,0,0,0,0,0,"- ","- ",36.755600000000001,-119.76916,FRESNO,FRESNO,-119.76981778,36.754849319999998
6345116,2014,2015-11-16,9435,2014-01-11,2010,19039,,6,2,9,1000,0,1,3,,1,169,"RT 168","GROUSE CREEK",2112.00,E,N,A,-,Y,FRE,6,168,-,-,61.595,H,-,W,Y,2,0,1,1,A,-,01,23152,A,N,E,I,A,B,H,-,D,D,0,,,,,Y,Y,A,07,1,0,0,0,0,0,0,0,0,"- ","- ",37.220089999999999,-119.19136,FRESNO,UNINCORPORATED,-119.19177067,37.219884630000003
6345120,2014,2015-11-16,9435,2014-01-14,1050,14547,,2,1,9,1000,0,1,3,,1,168,"RT 168","MADSEN AV",1584.00,E,N,A,-,Y,FRE,6,168,-,-,17.170,H,-,E,Y,4,0,1,1,A,-,08,22107,,N,F,A,A,A,H,-,A,D,0,,,,,Y,,A,01,0,0,1,0,0,0,0,0,0,"- ","- ",,,FRESNO,UNINCORPORATED,-119.53410316,36.88931067
6345263,2014,2014-06-02,1015,2014-01-04,1839,N084,FRESN,6,5,3,1015,0,0,0,,0,004,"WHITSON AV","1ST ST",0.00,,Y,A,-,N,,,,,,,,,,N,3,0,1,2,A,-,10,21950,A,N,G,B,B,A,H,-,E,D,0,Y,,,,Y,,-,,0,1,0,0,1,0,0,0,0,"- ","- ",,,FRESNO,SELMA,-119.61445988,36.566900009999998
6347886,2016,2016-03-24,1001,2016-03-06,2038,5683,,7,5,5,1001,0,0,0,,0,005,"CLOVIS AV","SHAW AV",0.00,,Y,A,-,N,,,,,,,,,,Y,4,0,2,2,A,-,12,21453,A,N,D,C,A,A,H,-,C,A,0,,,,,Y,,A,01,0,0,2,0,0,0,0,0,0,"- ","- ",,,FRESNO,CLOVIS,-119.70042997,36.808580110000001
6347890,2016,2016-03-24,1001,2016-03-04,0635,5277,,5,5,5,1001,0,0,0,,0,004,"SHAW AV","PEACH AV",0.00,,Y,A,-,N,,,,,,,,,,Y,3,0,2,2,A,-,12,21453,A,N,D,C,A,A,H,-,A,A,0,,,,,Y,,A,01,0,1,1,0,0,0,0,0,0,"- ","- ",,,FRESNO,CLOVIS,-119.71819988999999,36.808550089999997
6347898,2016,2017-02-18,1015,2016-03-09,1806,N096,SELMA,3,5,3,1015,0,0,0,,0,001,"FLORAL AV","RT 99",0.00,,Y,A,-,Y,FRE,6,99,-,-,6.830,R,1,S,N,3,0,1,2,A,-,05,21650,1,N,G,G,A,A,H,-,C,A,0,,Y,,,Y,,L,04,0,1,0,0,0,0,1,0,0,"- ",SF,,,FRESNO,SELMA,-119.633537,36.579983560000002
6347903,2016,2016-03-23,1001,2016-03-08,1247,5104,,2,5,5,1001,0,0,0,,0,006,"N PEACH AV","SHEPARD AV",0.00,,Y,B,-,N,,,,,,,,,,Y,4,0,1,2,A,-,09,21802,A,N,D,C,A,A,H,-,A,A,0,,,,,Y,,A,07,0,0,1,0,0,0,0,0,0,"- ","- ",,,FRESNO,CLOVIS,,
6347906,2016,2016-03-23,1015,2016-03-16,1448,N084,SELMA,3,5,3,1015,0,0,0,,0,001,"HUNTSMAN AV","THOMPSON AV",0.00,,Y,A,-,N,,,,,,,,,,N,4,0,1,2,A,-,09,21802,A,N,E,G,A,A,H,-,A,A,0,,Y,,,Y,,-,,0,0,1,0,0,0,1,0,0,"- ","- ",,,FRESNO,SELMA,-119.61966991,36.583510070000003
6347919,2016,2016-03-23,1001,2016-03-07,1022,5145,,1,5,5,1001,0,0,0,,0,007,"FOWLER AV","LOS ALTOS",639.00,N,N,C,-,N,,,,,,,,,,Y,3,0,1,2,A,-,03,22350,I,N,A,C,A,B,H,-,A,D,0,,,,,Y,,A,07,0,1,0,0,0,0,0,0,0,"- ","- ",,,FRESNO,CLOVIS,-119.68239312999999,36.834803129999997
6350102,2014,2016-03-22,1005,2014-10-29,1716,P1070,2558,3,5,7,1005,0,0,0,,0,03B,"NEVADA AV","1ST ST",12.00,E,N,A,-,N,,,,,,,,,,Y,4,0,1,2,A,-,01,23152,A,N,D,C,A,A,H,-,A,A,0,,,,,Y,,A,01,0,0,1,0,0,0,0,0,0,"- ","- ",,,FRESNO,FRESNO,-119.77254923,36.745907090000003
6350106,2014,2016-03-22,1005,2014-10-11,1759,P1003,SOUTH,6,5,7,1005,0,0,0,,0,2761,"KINGS CANYON RD","SIERRA VISTA AV",0.00,,N,A,-,N,,,,,,,,,,Y,3,0,3,4,A,-,09,21801,A,N,D,C,E,A,H,-,A,A,0,Y,,,,Y,,D,22,0,3,0,0,1,0,0,0,0,"- ","- ",,,FRESNO,FRESNO,-119.74151989000001,36.73600003
6350110,2014,2016-04-04,1005,2014-10-28,1150,P1131,NORTH,2,5,7,1005,0,0,0,,0,00F,"EAST MCKINLEY","POLE 5177",120.00,E,N,A,-,N,,,,,,,,,,Y,4,0,2,2,A,-,03,22350,,N,C,C,A,A,H,-,A,D,0,,,,,Y,,A,01,0,0,2,0,0,0,0,0,0,"- ","- ",,,FRESNO,FRESNO,,
6350121,2014,2016-03-22,1005,2014-10-25,1746,P731,2350,6,5,7,1005,0,0,0,,0,01A,"MCKINLEY AV","MARKS AV",570.00,W,N,A,-,N,,,,,,,,,,Y,3,0,3,2,A,-,09,21801,A,N,D,C,A,A,H,-,A,D,0,,,,,Y,,A,01,0,3,0,0,0,0,0,0,0,"- ","- ",,,FRESNO,FRESNO,-119.84629447,36.764664189999998
6351247,2016,2016-03-28,1001,2016-02-21,1040,5250,,7,5,5,1001,0,0,0,,0,003,"KEATS AV",ARMSTRONG,358.00,E,N,A,-,N,,,,,,,,,,Y,2,0,1,2,A,-,08,22107,,N,D,C,A,A,H,-,A,D,0,,,Y,,Y,,A,01,1,0,0,0,0,0,0,0,1,"- ","- ",36.810980000000001,-119.67301,FRESNO,CLOVIS,-119.67301,36.810980000000001
6351248,2016,2017-02-06,1001,2016-02-10,1704,5465,,3,5,5,1001,0,0,0,,0,006,"RT 168","HERNDON AV",0.00,,Y,A,-,Y,FRE,6,168,-,R,7.077,R,4,W,Y,4,0,1,2,A,-,17,21451,A,N,D,C,A,A,H,-,A,A,0,,,,,Y,,A,01,0,0,1,0,0,0,0,0,0,"- ","- ",,,FRESNO,CLOVIS,-119.700777,36.839600089999998
6351258,2016,2016-03-28,1001,2016-02-29,1607,5484,,1,5,5,1001,0,0,0,,0,006,"N WILLOW AV","W TEAGUE AV",0.00,,Y,A,-,N,,,,,,,,,,Y,4,0,1,3,A,-,03,22350,,N,C,C,A,A,H,-,A,A,0,,,,,Y,,A,01,0,0,1,0,0,0,0,0,0,"- ","- ",36.859439999999999,-119.72965000000001,FRESNO,CLOVIS,-119.72990996,36.8594601
6351259,2016,2016-03-28,1001,2016-02-23,2104,5470,,2,5,5,1001,0,0,0,,0,007,"SHEPHERD AV","TEMPERANCE AV",188.00,E,N,A,-,N,,,,,,,,,,Y,3,0,1,1,A,-,03,22350,,N,E,I,A,A,H,-,C,D,0,,,,,Y,Y,A,01,0,1,0,0,0,0,0,0,0,"- ","- ",36.866430000000001,-119.66595,FRESNO,CLOVIS,-119.66537784,36.866404860000003
6351260,2016,2016-03-28,1001,2016-02-21,1106,5671,,7,5,5,1001,0,0,0,,0,002,"SIERRA VISTA AV","SANTA ANA AV",0.00,,Y,A,-,N,,,,,,,,,,N,4,0,2,3,A,-,10,21950,A,N,A,B,B,A,H,-,C,D,0,Y,,,,Y,,A,01,0,0,2,0,2,0,0,0,0,"- ","- ",36.806750000000001,-119.69535999999999,FRESNO,CLOVIS,-119.69185996,36.804020110000003
6351848,2014,2016-04-04,1005,2014-11-06,0930,P1131,NORTH,4,5,7,1005,0,0,0,,0,00A,"FRIANT RD","FRESNO ST",201.00,W,N,A,-,N,,,,,,,,,,N,4,0,2,4,A,-,03,22350,,N,C,C,A,A,H,-,A,D,0,,,,,Y,,A,07,0,0,2,0,0,0,0,0,0,"- ","- ",,,FRESNO,FRESNO,-119.7857762,36.857078710000003
6352213,2014,2014-06-12,1001,2014-01-18,0950,5410,C503,6,5,5,1001,0,0,0,,0,004,"PEACH AV","WEST SHAW",143.00,N,N,A,-,N,,,,,,,,,,Y,4,0,2,3,A,-,03,22350,,N,C,C,A,A,H,-,A,D,0,,,,,Y,,-,,0,0,2,0,0,0,0,0,0,"- ","- ",,,FRESNO,CLOVIS,-119.71818472,36.808942309999999
6352221,2014,2014-06-12,1001,2014-01-17,1458,5145,C503,5,5,5,1001,0,0,0,,0,004,BARSTOW,VILLA,375.00,W,N,A,-,N,,,,,,,,,,Y,4,0,1,2,A,-,03,22350,,N,C,C,A,A,H,-,A,A,0,,,,,Y,,A,01,0,0,1,0,0,0,0,0,0,"- ","- ",,,FRESNO,CLOVIS,-119.71484014000001,36.81573727
6354802,2014,2016-03-24,9435,2014-01-13,0644,13112,,1,1,9,1000,0,1,3,,1,412,"RT 41","MANNING AV",0.00,,Y,E,-,Y,FRE,6,41,-,R,14.101,I,5,S,Y,2,0,2,2,A,-,08,22101,D,N,D,C,A,A,H,-,C,A,0,,,,,Y,,A,01,1,0,1,0,0,0,0,0,0,"- ","- ",36.605359999999997,-119.78713999999999,FRESNO,UNINCORPORATED,-119.78598968,36.605259029999999
6354841,2014,2014-06-03,9435,2014-01-15,1352,15751,,3,1,7,1005,1,1,3,,2,105,"VAN NESS AV","ASHLAN AV",0.00,,Y,A,-,N,,,,,,,,,,Y,4,0,1,2,A,-,09,21802,A,N,D,C,A,A,H,-,A,A,0,,,,,Y,,A,01,0,0,1,0,0,0,0,0,0,"- ","- ",36.794179999999997,-119.80412,FRESNO,FRESNO,-119.80405987,36.793950029999998
6354845,2014,2015-11-16,9435,2014-01-08,1555,015181,,3,2,9,1000,0,1,3,,1,147,"RT 145","COLORADO AV",6864.00,N,N,A,-,Y,FRE,6,145,-,-,21.950,H,-,S,Y,2,0,2,2,A,-,05,21650,,N,A,C,A,A,H,-,A,D,0,,,,,Y,,A,01,2,0,0,0,0,0,0,0,0,"- ","- ",36.555399999999999,-120.09764,FRESNO,UNINCORPORATED,-120.09772748,36.55562561
6354849,2014,2016-03-24,9435,2014-01-15,1753,15751,,3,2,7,1005,0,1,3,,2,410,"RT 41","BELMONT AV",5280.00,S,N,A,-,Y,FRE,6,41,-,R,24.160,H,-,N,Y,4,0,1,2,A,-,03,22350,,N,C,C,A,A,H,-,D,D,1,,,,,Y,Y,D,22,0,0,1,0,0,0,0,0,0,"- ","- ",36.748739999999998,-119.77594999999999,FRESNO,FRESNO,-119.77606071,36.749294169999999
6356324,2014,2016-03-24,9435,2014-01-19,1830,019422,,7,2,7,1005,0,1,3,,2,410,"RT 41","EAST CHURCH AV",500.00,N,N,A,-,Y,FRE,6,41,-,R,22.060,R,1,S,N,4,0,1,2,A,-,07,21658,A,N,B,C,A,A,H,-,C,D,1,,,,,Y,,A,01,0,0,1,0,0,0,0,0,0,TO,"- ",36.71734,-119.78482,FRESNO,FRESNO,-119.78541389,36.720913019999998
6356328,2014,2016-01-20,9435,2014-01-15,2210,017088,,3,3,9,1000,0,1,3,,2,184,"RT 180","FRANKWOOD AV",7920.00,E,N,A,-,Y,FRE,6,180,-,-,79.400,H,-,E,Y,3,0,3,1,A,-,01,23152,A,N,E,I,A,A,H,-,D,D,0,,,,,Y,Y,A,07,0,3,0,0,0,0,0,0,0,"- ","- ",36.714939999999999,-119.42189999999999,FRESNO,UNINCORPORATED,-119.42319152,36.715145649999997
6356331,2014,2016-03-24,9435,2014-01-15,0825,015095,,3,1,9,1000,0,3,5,,2,010,"RT 99","BETHEL AV",70.00,S,N,A,-,Y,FRE,6,99,-,R,2.050,H,-,N,Y,3,0,1,1,A,-,03,22350,,N,E,I,A,A,H,-,A,D,1,,,,,Y,,A,07,0,1,0,0,0,0,0,0,0,TO,"- ",36.530830000000002,-119.57514999999999,FRESNO,UNINCORPORATED,-119.57524105,36.529417639999998
6356335,2014,2016-03-24,9435,2014-01-14,0930,015806,,2,1,3,1015,0,1,3,,2,107,"RT 99","FLORAL AV",500.00,S,N,A,-,Y,FRE,6,99,-,-,6.420,H,-,N,Y,4,0,1,1,A,-,08,22107,,N,E,I,A,A,H,-,A,D,1,,,,,Y,,A,08,0,0,1,0,0,0,0,0,0,"- ","- ",36.57105,-119.62336999999999,FRESNO,SELMA,-119.62852544,36.57569341
6356339,2014,2014-06-04,9435,2014-01-08,0116,019075,,3,3,9,1000,0,3,5,,2,034,"ACADEMY AV","JEFFERSON AV",133.00,S,N,A,-,N,,,,,,,,,,Y,3,0,1,1,A,-,01,23152,E,N,E,I,A,A,H,-,D,D,0,,,,,Y,,A,01,0,1,0,0,0,0,0,0,0,"- ","- ",36.655419999999999,-119.55637,FRESNO,UNINCORPORATED,-119.55662218000001,36.655554979999998
6356343,2014,2016-03-24,9435,2014-01-20,0355,018865,,1,3,7,1005,0,1,3,,2,105,"RT 99","BELMONT AV",860.00,S,N,A,-,Y,FRE,6,99,-,-,22.580,H,-,S,Y,4,0,1,1,A,-,08,22107,,N,E,I,A,A,H,-,C,D,1,,,,,Y,,A,01,0,0,1,0,0,0,0,0,0,"- ","- ",36.748080000000002,-119.82344999999999,FRESNO,FRESNO,-119.82351130000001,36.748391570000003
6356347,2014,2016-03-24,9435,2014-01-14,0745,018284,,2,1,7,1005,0,1,3,,2,105,"RT 99","RT 180",528.00,S,N,A,-,Y,FRE,6,99,-,-,21.760,H,-,S,Y,4,0,1,2,A,-,03,22350,,N,C,C,A,A,H,-,A,D,1,,,,,Y,,A,01,0,0,1,0,0,0,0,0,0,"- ","- ",36.73912,-119.81072,FRESNO,FRESNO,-119.81323438,36.740301780000003
6356348,2014,2015-11-16,9435,2014-01-14,1810,015181,,2,2,7,1005,0,1,3,,1,146,"RT 145","JENSEN AV",2640.00,S,N,A,-,Y,FRE,6,145,-,-,32.630,H,-,S,Y,4,0,3,2,A,-,03,22350,,N,D,C,A,A,H,-,D,D,0,,,,,Y,,A,01,0,0,3,0,0,0,0,0,0,"- ","- ",36.697470000000003,-120.06056,FRESNO,FRESNO,-120.06062133,36.698564310000002
6356352,2014,2014-06-04,9435,2014-01-15,1510,018914,,3,2,9,1000,0,3,5,,2,040,"BLISS AV","MURPHY AV",300.00,N,N,A,-,N,,,,,,,,,,N,4,0,1,2,A,-,08,22107,,F,G,B,E,A,H,-,A,D,0,Y,,,,Y,,A,07,0,0,1,0,1,0,0,0,0,"- ","- ",,,FRESNO,UNINCORPORATED,-119.68907208,36.435463439999999
6356355,2014,2015-07-20,9435,2014-01-17,1520,018934,,5,2,9,1000,0,3,5,,2,020,"SAN MATEO AV","MOUNTAIN VIEW AV",2640.00,S,N,A,-,N,,,,,,,,,,N,3,0,2,1,A,-,08,22107,,N,F,A,A,A,H,-,A,D,0,,,,,Y,,A,01,0,1,1,0,0,0,0,0,0,"- ","- ",36.537080000000003,-120.31621,FRESNO,UNINCORPORATED,-120.31612008,36.537470939999999
6356356,2014,2016-03-24,9435,2014-01-19,1740,019422,,7,2,7,1005,0,1,3,,2,410,"FRIANT RD","RT 41",350.00,W,N,A,-,Y,FRE,6,41,-,R,31.554,R,1,S,N,4,0,1,2,A,-,10,21950,A,F,G,B,C,A,H,-,E,D,1,Y,,,,Y,,-,99,0,0,1,0,1,0,0,0,0,"- ","- ",36.853580000000001,-119.79016,FRESNO,FRESNO,-119.78788661,36.852728769999999
6356359,2014,2014-06-04,9435,2014-01-18,1443,18609,,6,2,9,1000,0,3,5,,2,030,"11TH AV","KENMORE DR",0.00,,Y,A,-,N,,,,,,,,,,Y,4,0,2,3,A,-,09,21800,B,N,D,C,A,A,H,-,A,D,0,,,,,Y,,A,07,0,0,2,0,0,0,0,0,0,"- ","- ",36.770960000000002,-119.75660999999999,FRESNO,UNINCORPORATED,-119.75671991999999,36.771070049999999
6356363,2014,2014-06-04,9435,2014-01-24,1625,18609,,5,2,9,1000,0,3,5,,2,034,"JENSEN AV","CHESTNUT AV",32.00,W,N,B,-,N,,,,,,,,,,N,4,0,1,2,A,-,03,22350,,N,C,C,A,A,H,-,A,A,0,,,,,Y,,A,07,0,0,1,0,0,0,0,0,0,"- ","- ",36.706870000000002,-119.73674,FRESNO,UNINCORPORATED,-119.73663879,36.707023470000003
6356367,2014,2014-06-04,9435,2014-01-22,0740,11603,,3,1,9,1000,0,3,5,,2,015,"LINCOLN AV","BRYAN AV",900.00,W,N,A,-,N,,,,,,,,,,Y,4,0,1,1,A,-,08,22107,,N,F,A,A,A,H,-,A,D,0,,,,,Y,,A,01,0,0,1,0,0,0,0,0,0,"- ","- ",36.64828,-119.91133000000001,FRESNO,UNINCORPORATED,-119.91073966,36.648187239999999
6356371,2014,2014-06-04,9435,2014-01-15,1715,013780,,3,2,9,1000,0,3,5,,2,025,"MCCALL AV","ASHLAN AV",1900.00,N,N,A,-,N,,,,,,,,,,Y,2,0,1,1,A,-,01,23152,A,N,E,I,A,A,H,-,A,D,0,,,,,Y,Y,A,07,1,0,0,0,0,0,0,0,0,"- ","- ",,,FRESNO,UNINCORPORATED,-119.61025481999999,36.79907472
6356375,2014,2014-06-04,9435,2014-01-12,1640,016507,,7,2,9,1000,0,3,5,,2,060,"MANNING AV","ALTA AV",185.00,E,N,A,-,N,,,,,,,,,,Y,3,0,2,2,A,-,03,22350,,N,D,C,A,A,H,-,A,D,0,,,,,Y,,A,01,0,1,1,0,0,0,0,0,0,"- ","- ",36.603900000000003,-119.39425,FRESNO,UNINCORPORATED,-119.39432048,36.603928449999998
6356379,2014,2015-11-16,9435,2014-01-13,2130,015751,,1,2,7,1005,0,1,3,,1,168,"RT 168","SHAW AV",296.00,N,N,A,-,Y,FRE,6,168,-,R,4.024,R,2,W,Y,4,0,1,1,A,-,01,23152,A,N,F,A,A,A,H,-,C,D,1,,,,,Y,Y,A,01,0,0,1,0,0,0,0,0,0,FR,"- ",36.809179999999998,-119.73436,FRESNO,FRESNO,-119.73618698999999,36.805806189999998
6356383,2014,2016-03-24,9435,2014-01-13,1925,013200,,1,2,7,1005,0,1,3,,2,105,"RT 99","VENTURA ST",100.00,N,N,A,-,Y,FRE,6,99,-,-,20.210,H,-,N,Y,3,0,1,3,A,-,03,22350,,N,B,C,E,A,H,-,D,D,1,Y,,,,Y,,A,01,0,1,0,0,1,0,0,0,0,"- ","- ",,,FRESNO,FRESNO,-119.79282795,36.725362850000003
6356387,2014,2014-06-04,9435,2014-01-16,0545,017489,,4,3,9,1000,0,3,5,,2,010,"BELLAIRE AV","SAFFORD AV",528.00,W,N,A,-,N,,,,,,,,,,N,3,0,1,3,A,-,08,22107,,N,B,C,A,A,H,-,D,D,0,,,,,Y,,A,01,0,1,0,0,0,0,0,0,0,"- ","- ",36.791690000000003,-119.81057,FRESNO,UNINCORPORATED,-119.81133203,36.79170001
6356391,2014,2016-03-24,9435,2014-01-04,1423,018939,,6,2,9,1000,0,1,3,,1,411,"RT 41","CENTRAL AV",27.00,N,N,A,-,Y,FRE,6,41,-,R,19.120,H,-,S,Y,3,0,4,2,A,-,03,22350,,N,C,C,A,A,H,-,A,D,1,,,,,Y,,A,08,0,2,2,0,0,0,0,0,0,"- ","- ",36.678139999999999,-119.78601999999999,FRESNO,UNINCORPORATED,-119.78605683000001,36.677981410000001
6356395,2014,2014-06-04,9435,2014-01-09,2310,018229,,4,3,9,1000,0,3,5,,2,040,"ELM AV","HUNTSMAN AV",210.00,N,N,A,-,N,,,,,,,,,,Y,3,0,1,1,A,-,01,23152,A,N,E,I,A,A,H,-,D,D,0,,,,,Y,Y,A,01,0,1,0,0,0,0,0,0,0,"- ","- ",36.584130000000002,-119.79103000000001,FRESNO,UNINCORPORATED,-119.79087238,36.584076359999997
6356399,2014,2016-03-24,9435,2014-01-16,0145,018229,,4,3,7,1005,0,1,3,,1,411,"RT 41","JENSEN AV",720.00,S,N,A,-,Y,FRE,6,41,-,R,20.970,H,-,S,Y,3,0,1,1,A,-,01,23152,A,N,F,A,A,A,H,-,C,D,1,,,,,Y,Y,A,07,0,1,0,0,0,0,0,0,0,"- ","- ",36.705379999999998,-119.78548000000001,FRESNO,FRESNO,-119.78564732,36.705027039999997
6357855,2014,2016-03-24,9435,2014-01-09,2330,15890,,4,3,7,1005,0,1,3,,2,410,"RT 41","MCKINLEY AV",45.00,N,N,A,-,Y,FRE,6,41,-,R,25.214,R,1,S,Y,4,0,1,2,A,-,08,22107,,F,D,C,A,A,H,-,C,A,1,,,,,Y,,D,22,0,0,1,0,0,0,0,0,0,"- ","- ",36.765120000000003,-119.77579,FRESNO,FRESNO,-119.77697341,36.764872939999997
6357867,2014,2016-03-24,9435,2014-01-16,1250,017489,,4,1,7,1005,0,1,3,,2,105,"RT 99","EL DORADO ST",1584.00,N,N,A,-,Y,FRE,6,99,-,-,21.760,H,-,N,Y,4,0,1,1,A,-,08,22107,,N,E,I,A,A,H,-,A,D,1,,,,,Y,,D,22,0,0,1,0,0,0,0,0,0,TO,"- ",36.741790000000002,-119.81112,FRESNO,FRESNO,-119.81305188,36.74040145
6357871,2014,2014-06-06,9435,2014-01-13,0815,11603,,1,1,9,1000,0,3,5,,2,015,"CHURCH AVE","BISHOP AV",1056.00,W,N,E,-,N,,,,,,,,,,Y,3,0,1,2,A,-,05,21650,,N,B,C,A,A,H,-,A,D,0,,,,,Y,,A,01,0,1,0,0,0,0,0,0,0,"- ","- ",36.713180000000001,-120.01483,FRESNO,UNINCORPORATED,-120.01004079000001,36.713120050000001
6357874,2014,2014-06-06,9435,2014-01-18,1633,18939,,6,2,9,1000,0,3,5,,2,015,"MARKS AV","CALIFORNIA AV",0.00,,Y,A,-,N,,,,,,,,,,Y,3,0,1,2,A,-,09,21802,A,N,D,C,A,A,H,-,A,A,0,,,,,Y,,A,01,0,1,0,0,0,0,0,0,0,"- ","- ",36.7211,-119.84529000000001,FRESNO,UNINCORPORATED,-119.84445995999999,36.721140089999999
6357894,2014,2014-06-09,9435,2014-01-24,1230,15095,,5,1,9,1000,0,3,5,,2,040,"DINUBA AV","LAC JAC AV",0.00,,Y,A,-,N,,,,,,,,,,Y,4,0,2,2,A,-,09,21802,A,N,D,C,A,A,H,-,A,A,0,,,,,Y,,A,01,0,0,2,0,0,0,0,0,0,"- ","- ",36.589590000000001,-119.48466999999999,FRESNO,UNINCORPORATED,-119.48461996,36.589900069999999
6357899,2014,2014-06-05,9435,2014-01-08,1300,11603,,3,1,9,1000,0,3,5,,2,020,"MOUNT WHITNEY AV","CHATEAU FRESNO AV",514.00,W,N,A,-,N,,,,,,,,,,Y,4,0,1,1,A,-,08,22107,,N,E,I,A,A,H,-,A,D,0,,,,,Y,,D,22,0,0,1,0,0,0,0,0,0,"- ","- ",36.430230000000002,-119.94377,FRESNO,UNINCORPORATED,-119.94291594000001,36.430305179999998
6357902,2014,2014-06-23,9435,2014-01-21,0628,,,2,1,9,1000,0,3,5,,2,060,"MANNING AV","ZUMWALT AV",43.00,E,N,B,-,N,,,,,,,,,,Y,4,0,3,3,A,-,03,22350,,N,C,C,A,A,H,-,B,D,0,,,,,Y,,D,22,0,0,3,0,0,0,0,0,0,"- ","- ",36.604080000000003,-119.42166,FRESNO,UNINCORPORATED,-119.42175364000001,36.60407919
6357903,2014,2014-06-06,9435,2014-01-09,0825,17138,,4,1,9,1000,0,3,5,,2,040,"FOWLER AV","CONEJO AV",0.00,,Y,A,-,N,,,,,,,,,,N,4,0,1,2,A,-,09,21802,A,N,D,C,A,A,H,-,A,A,0,,,,Y,Y,,G,25,0,0,1,0,0,0,0,0,0,"- ","- ",36.518160000000002,-119.68288,FRESNO,UNINCORPORATED,-119.68295994,36.518170060000003
6357906,2014,2014-06-10,9435,2014-01-12,2115,18609,,7,2,9,1000,0,3,5,,2,034,"TEMPERANCE AV","JENSEN AV",0.00,,Y,B,-,N,,,,,,,,,,Y,4,0,3,3,A,-,01,23152,A,N,D,C,A,A,H,-,C,A,0,,,,,Y,Y,A,07,0,0,3,0,0,0,0,0,0,"- ","- ",36.7074,-119.66401,FRESNO,UNINCORPORATED,-119.66405995,36.707540010000002
6357907,2014,2014-06-09,9435,2014-01-07,1756,15181,,2,2,9,1000,0,3,5,,2,015,"LINCOLN AV","BISHOP AV",47520.00,W,N,A,-,N,,,,,,,,,,Y,2,0,2,3,A,-,08,22107,,N,A,C,A,A,H,-,D,D,0,,,,,Y,Y,D,22,2,0,0,0,0,0,0,0,0,"- ","- ",36.647590000000001,-120.0228,FRESNO,UNINCORPORATED,-120.06115,36.647480000000002
6357911,2014,2014-06-23,9435,2014-01-05,1745,18912,,7,2,9,1000,0,3,5,,2,034,"ACADEMY AV","ADAMS AV",0.00,,Y,A,-,Y,,,,,,,,,,Y,4,0,3,2,A,-,12,22450,A,N,D,C,A,A,H,-,C,A,0,,,,,Y,,A,01,0,0,3,0,0,0,0,0,0,"- ","- ",36.634189999999997,-119.55705,FRESNO,UNINCORPORATED,-119.55674992,36.63413001
6360991,2014,2014-06-10,1015,2014-01-04,2358,N084,FRESN,6,5,3,1015,0,0,0,,0,004,"SECOND ST","SYLVIA ST",20.00,W,N,A,-,N,,,,,,,,,,N,4,0,1,1,A,-,01,23152,A,N,F,I,A,A,H,-,D,D,0,,,,,Y,Y,-,,0,0,1,0,0,0,0,0,0,"- ","- ",,,FRESNO,SELMA,-119.61404118999999,36.565143829999997
6361005,2014,2014-06-06,1015,2014-01-22,1646,N023,SELMA,3,5,3,1015,0,0,0,,0,001,"FLORAL AV","THOMPSON AV",0.00,,Y,A,-,N,,,,,,,,,,N,2,0,1,2,A,-,09,21804,A,N,H,G,A,A,H,-,A,A,0,,Y,,,Y,,L,04,1,0,0,0,0,0,1,0,0,"- ","- ",,,FRESNO,SELMA,-119.61967989999999,36.576270030000003