CASE_ID,ACCIDENT_YEAR,PROC_DATE,JURIS,COLLISION_DATE,COLLISION_TIME,OFFICER_ID,REPORTING_DISTRICT,DAY_OF_WEEK,CHP_SHIFT,POPULATION,CNTY_CITY_LOC,SPECIAL_COND,BEAT_TYPE,CHP_BEAT_TYPE,CITY_DIVISION_LAPD,CHP_BEAT_CLASS,BEAT_NUMBER,PRIMARY_RD,SECONDARY_RD,DISTANCE,DIRECTION,INTERSECTION,WEATHER_1,WEATHER_2,STATE_HWY_IND,CALTRANS_COUNTY,CALTRANS_DISTRICT,STATE_ROUTE,ROUTE_SUFFIX,POSTMILE_PREFIX,POSTMILE,LOCATION_TYPE,RAMP_INTERSECTION,SIDE_OF_HWY,TOW_AWAY,COLLISION_SEVERITY,NUMBER_KILLED,NUMBER_INJURED,PARTY_COUNT,PRIMARY_COLL_FACTOR,PCF_CODE_OF_VIOL,PCF_VIOL_CATEGORY,PCF_VIOLATION,PCF_VIOL_SUBSECTION,HIT_AND_RUN,TYPE_OF_COLLISION,MVIW,PED_ACTION,ROAD_SURFACE,ROAD_COND_1,ROAD_COND_2,LIGHTING,CONTROL_DEVICE,CHP_ROAD_TYPE,PEDESTRIAN_ACCIDENT,BICYCLE_ACCIDENT,MOTORCYCLE_ACCIDENT,TRUCK_ACCIDENT,NOT_PRIVATE_PROPERTY,ALCOHOL_INVOLVED,STWD_VEHTYPE_AT_FAULT,CHP_VEHTYPE_AT_FAULT,COUNT_SEVERE_INJ,COUNT_VISIBLE_INJ,COUNT_COMPLAINT_PAIN,COUNT_PED_KILLED,COUNT_PED_INJURED,COUNT_BICYCLIST_KILLED,COUNT_BICYCLIST_INJURED,COUNT_MC_KILLED,COUNT_MC_INJURED,PRIMARY_RAMP,SECONDARY_RAMP,LATITUDE,LONGITUDE,COUNTY,CITY,POINT_X,POINT_Y
6429769,2014,2015-11-16,9435,2014-03-31,2015,013780,,1,2,7,1005,0,1,3,,1,168,"RT 168","SHAW AV",50.00,E,N,B,C,Y,FRE,6,168,-,R,4.024,R,2,W,N,4,0,1,1,A,-,03,22350,,N,E,I,A,B,H,-,D,D,1,,,,,Y,,D,22,0,0,1,0,0,0,0,0,0,NO,"- ",,,FRESNO,FRESNO,-119.73618698999999,36.805806189999998
6429775,2014,2014-07-02,9435,2014-03-27,2035,019323,,4,2,9,1000,0,3,5,,2,034,"CEDAR AV","GROVE AV",300.00,S,N,A,-,N,,,,,,,,,,Y,3,0,2,2,A,-,21,22106,,N,D,C,A,A,H,-,C,D,0,,,,,Y,Y,D,22,0,1,1,0,0,0,0,0,0,"- ","- ",36.709820000000001,-119.75484,FRESNO,UNINCORPORATED,-119.7547191,36.709706539999999
6429778,2014,2016-03-24,9435,2014-03-17,1603,18609,,1,2,7,1005,0,1,3,,2,106,"RT 99","JENSEN AV",1584.00,S,N,A,-,Y,FRE,6,99,-,-,18.240,H,-,S,Y,4,0,2,5,A,-,08,22107,,N,E,I,A,A,H,-,A,D,1,,,,Y,Y,,D,22,0,0,2,0,0,0,0,0,0,"- ","- ",36.702509999999997,-119.7702,FRESNO,FRESNO,-119.77056229999999,36.703158430000002
6429781,2014,2014-07-02,9435,2014-03-26,1510,019323,,3,2,9,1000,0,3,5,,2,040,"MENDOCINO AV","DINUBA AV",0.00,,Y,B,-,N,,,,,,,,,,Y,3,0,4,2,A,-,12,22450,A,N,D,C,A,A,H,-,A,A,0,,,,,Y,,D,22,0,1,3,0,0,0,0,0,0,"- ","- ",36.590240000000001,-119.54791,FRESNO,UNINCORPORATED,-119.54798995,36.590409999999999
6429782,2014,2014-07-02,9435,2014-03-19,1208,014547,,3,1,9,1000,0,3,5,,2,030,"CHESTNUT AV","SHIELDS AV",0.00,,Y,A,-,N,,,,,,,,,,Y,4,0,1,2,A,-,09,21801,A,N,A,C,A,A,H,-,A,A,0,,,,,Y,,D,22,0,0,1,0,0,0,0,0,0,"- ","- ",,,FRESNO,UNINCORPORATED,-119.73638999000001,36.779559999999996
6430185,2014,2014-06-28,1012,2014-02-21,0048,L030,,5,5,3,1012,0,0,0,,0,001,"FRANKWOOD AV","ASPEN AV",240.00,N,N,A,-,N,,,,,,,,,,N,3,0,1,2,A,-,08,22107,,N,F,C,A,A,H,-,C,D,0,,,,,Y,,-,,0,1,0,0,0,0,0,0,0,"- ","- ",,,FRESNO,REEDLEY,-119.44875899,36.613538640000002
6431662,2014,2014-06-13,1004,2014-01-24,1228,G041,FOWLE,5,5,2,1004,0,0,0,,0,0FO,"MERCED ST","10TH ST",0.00,,Y,A,-,N,,,,,,,,,,Y,4,0,1,2,A,-,09,21801,A,N,C,C,A,A,H,-,A,D,0,,,,,Y,,A,01,0,0,1,0,0,0,0,0,0,"- ","- ",,,FRESNO,FOWLER,-119.68316989,36.627450029999999
6432224,2014,2016-03-24,9435,2014-03-27,1645,018574,,4,2,7,1005,0,1,3,,2,105,"RT 99","BELMONT AV",100.00,S,N,A,-,Y,FRE,6,99,-,-,22.720,H,-,N,Y,2,0,1,2,A,-,03,22350,,N,C,C,A,A,H,-,A,D,1,,,,,Y,,A,01,1,0,0,0,0,0,0,0,0,"- ","- ",36.750169999999997,-119.8248,FRESNO,FRESNO,-119.82468703000001,36.750113470000002
6432312,2014,2015-11-16,9435,2014-03-19,0513,017518,,3,3,9,1000,0,1,3,,1,147,"RT 145","ELKHORN AV",1056.00,N,N,A,-,Y,FRE,6,145,-,-,17.470,H,-,S,Y,2,0,1,1,A,-,08,22107,,N,F,A,A,A,H,-,D,D,0,,,Y,,Y,,C,02,1,0,0,0,0,0,0,0,1,"- ","- ",36.490810000000003,-120.09820000000001,FRESNO,UNINCORPORATED,-120.09832633000001,36.490736800000001
6432316,2014,2014-06-26,9435,2014-03-20,0630,015106,,4,1,9,1000,0,3,5,,2,034,"NORTH AV","MINNEWAWA AV",30.00,W,N,A,-,N,,,,,,,,,,Y,4,0,1,1,A,-,08,22107,,N,E,I,A,A,H,-,A,D,0,,,,,Y,,A,07,0,0,1,0,0,0,0,0,0,"- ","- ",,,FRESNO,UNINCORPORATED,-119.70903224,36.692951110000003
6432320,2014,2016-01-20,9435,2014-03-21,2343,018860,,5,3,9,1000,0,1,3,,1,183,"RT 180","RIO VISTA AV",600.00,E,N,A,-,Y,FRE,6,180,-,-,76.050,H,-,W,N,4,0,1,1,A,-,08,22107,,N,F,A,A,A,H,-,D,D,0,,,,,Y,,A,07,0,0,1,0,0,0,0,0,0,"- ","- ",36.731760000000001,-119.47371,FRESNO,UNINCORPORATED,-119.47566836999999,36.731935129999997
6432344,2014,2014-06-25,9435,2014-03-10,0555,013112,,1,3,9,1000,0,3,5,,2,015,"CORNELIA AV","CALIFORNIA AV",0.00,,Y,A,-,N,,,,,,,,,,N,4,0,4,2,A,-,12,22450,A,N,D,C,A,A,H,-,D,A,0,,,,,Y,,A,01,0,0,4,0,0,0,0,0,0,"- ","- ",36.720709999999997,-119.88052,FRESNO,UNINCORPORATED,-120.36556996,36.149100079999997
6432347,2014,2014-06-25,9435,2014-03-07,0740,015106,,5,1,9,1000,0,3,5,,2,010,"GRANTLAND AV","MCKINLEY AV",0.00,,Y,A,-,N,,,,,,,,,,Y,4,0,1,2,A,-,09,21802,A,N,D,C,A,A,H,-,A,D,0,,,,,Y,,A,08,0,0,1,0,0,0,0,0,0,"- ","- ",,,FRESNO,UNINCORPORATED,-119.91622999000001,36.764340070000003
6432351,2014,2014-06-25,9435,2014-03-04,2345,017591,,2,3,9,1000,0,3,5,,2,040,"ELM AV","LAGUNA AV",325.00,S,N,A,-,N,,,,,,,,,,Y,2,0,1,1,C,-,18,,,N,H,H,A,A,H,-,D,D,0,,,Y,,Y,,-,"- ",1,0,0,0,0,0,0,0,1,"- ","- ",36.416150000000002,-119.79039,FRESNO,UNINCORPORATED,-119.7983,36.415647849999999
6432355,2014,2014-06-25,9435,2014-03-07,1630,016507,,5,2,9,1000,0,3,5,,2,060,"SOUTH AV","HILL AV",0.00,,Y,A,-,N,,,,,,,,,,Y,4,0,4,2,A,-,12,22450,A,N,D,C,A,A,H,-,A,A,0,,,,,Y,,A,01,0,0,4,0,0,0,0,0,0,"- ","- ",36.669820000000001,-119.49435,FRESNO,UNINCORPORATED,-119.34050990999999,36.617620080000002
6432359,2014,2014-06-25,9435,2014-03-03,1841,018963,,1,2,9,1000,0,3,5,,2,034,"JEFFERSON AV","OAK ST",45.00,E,N,B,-,N,,,,,,,,,,,3,0,1,2,A,-,11,21954,A,N,G,B,D,A,H,-,D,D,0,Y,,,,Y,,N,60,0,1,0,0,1,0,0,0,0,"- ","- ",36.65605,-119.59581,FRESNO,UNINCORPORATED,-119.59553182000001,36.656043709999999
6432363,2014,2014-06-25,9435,2014-03-03,1810,018939,,1,2,9,1000,0,3,5,,2,015,"GOLDENROD AV","MUSCAT AV",89.00,N,N,B,-,N,,,,,,,,,,Y,4,0,1,1,A,-,08,22107,,N,E,I,A,A,H,-,D,D,0,,,,,Y,,A,07,0,0,1,0,0,0,0,0,0,"- ","- ",36.68432,-120.04275,FRESNO,UNINCORPORATED,-120.04276166,36.684264329999998
6432370,2014,2014-06-26,9435,2014-03-24,0745,015806,,1,1,9,1000,0,3,5,,2,034,"TEMPERANCE AV","JENSEN AV",0.00,,Y,A,-,N,,,,,,,,,,Y,4,0,1,2,A,-,09,21802,A,N,D,C,A,A,H,-,A,A,0,,,,,Y,,A,01,0,0,1,0,0,0,0,0,0,"- ","- ",36.707630000000002,-119.66396,FRESNO,UNINCORPORATED,-119.66405995,36.707540010000002
6432374,2014,2016-03-24,9435,2014-03-23,0955,017489,,7,1,7,1005,0,1,3,,2,105,"RT 99","CLINTON AV",1584.00,S,N,A,-,Y,FRE,6,99,-,-,24.120,H,-,N,Y,3,0,1,1,A,-,08,22107,,N,E,I,A,A,H,-,A,D,1,,,,,Y,,A,07,0,1,0,0,0,0,0,0,0,"- ","- ",36.768369999999997,-119.83659,FRESNO,FRESNO,-119.83609595,36.76808535
6432378,2014,2014-06-26,9435,2014-03-19,1715,019323,,3,2,9,1000,0,3,5,,2,040,"ROSE AV","ACADEMY AV",50.00,W,N,A,-,N,,,,,,,,,,Y,4,0,2,2,A,-,03,22350,,N,C,C,A,A,H,-,A,D,0,,,,,Y,,A,01,0,0,2,0,0,0,0,0,0,"- ","- ",36.568379999999998,-119.5568,FRESNO,UNINCORPORATED,-119.55697013,36.568700010000001
6432382,2014,2014-06-26,9435,2014-03-18,1850,017630,,2,2,9,1000,0,3,5,,2,040,"MARKS AV","MADISON AV",0.00,,Y,A,-,N,,,,,,,,,,N,4,0,1,2,A,-,09,21802,A,N,D,C,A,A,H,-,A,A,0,,,,,Y,,A,01,0,0,1,0,0,0,0,0,0,"- ","- ",36.728230000000003,-119.84435999999999,FRESNO,UNINCORPORATED,-119.84464287999999,36.7283884
6432402,2014,2016-03-24,9435,2014-03-12,0745,018823,,3,1,7,1005,0,1,3,,2,105,"RT 99","RT 180",300.00,N,N,B,-,Y,FRE,6,99,-,-,21.920,H,-,S,N,4,0,2,2,A,-,03,22350,,N,C,C,A,A,H,-,A,D,1,,,,,Y,,A,01,0,0,2,0,0,0,0,0,0,"- ","- ",,,FRESNO,FRESNO,-119.81590334000001,36.741204400000001
6432406,2014,2015-11-16,9435,2014-03-09,2050,016860,,7,2,9,1000,0,1,3,,1,169,"RT 168","SAMPLE RD",1584.00,E,N,B,-,Y,FRE,6,168,-,-,18.850,H,-,E,Y,3,0,1,1,A,-,01,23152,A,N,E,I,A,A,H,-,D,D,0,,,,,Y,Y,A,07,0,1,0,0,0,0,0,0,0,"- ","- ",36.908749999999998,-119.51846,FRESNO,UNINCORPORATED,-119.51854097,36.908689770000002
6432477,2014,2016-01-20,9435,2014-03-03,0212,018660,,1,3,7,1005,0,1,3,,2,181,"RT 180","CEDAR AV",2011.00,E,N,A,-,Y,FRE,6,180,-,R,59.988,R,2,E,Y,3,0,1,1,A,-,01,23152,A,N,E,I,A,A,H,-,C,D,1,,,,,Y,Y,A,01,0,1,0,0,0,0,0,0,0,TO,"- ",36.754190000000001,-119.74996,FRESNO,FRESNO,-119.75256863,36.754870179999998
6432915,2014,2014-06-27,9435,2014-03-05,1305,019323,,3,1,9,1000,0,3,5,,2,034,"JENSEN AV","DEWOLF AV",0.00,,Y,A,-,N,,,,,,,,,,N,4,0,1,2,A,-,09,21802,B,N,D,C,A,A,H,-,A,A,0,,,,,Y,,A,08,0,0,1,0,0,0,0,0,0,"- ","- ",36.707129999999999,-119.64579000000001,FRESNO,UNINCORPORATED,-119.64599988000001,36.707470030000003
6432919,2014,2014-06-27,9435,2014-03-02,2210,017518,,7,3,9,1000,0,3,5,,2,010,"SHAW AV","PALM AV",350.00,E,N,A,-,N,,,,,,,,,,Y,3,0,1,1,A,-,08,22107,,N,E,I,A,A,H,-,C,D,0,,,,,Y,,A,07,0,1,0,0,0,0,0,0,0,"- ","- ",36.808729999999997,-119.80652000000001,FRESNO,UNINCORPORATED,-119.80734529999999,36.808509999999998
6432921,2014,2014-06-30,1012,2014-03-25,1311,L057,REEDL,2,5,3,1012,0,0,0,,0,001,"REED AV","NORTH AV",97.00,N,N,A,-,N,,,,,,,,,,N,3,0,1,2,A,-,11,21950,B,N,G,B,B,A,H,-,A,A,0,Y,,,,Y,,N,60,0,1,0,0,1,0,0,0,0,"- ","- ",,,FRESNO,REEDLEY,-119.45769534,36.600541980000003
6432923,2014,2014-06-27,9435,2014-03-03,0804,11603,,1,1,9,1000,0,3,5,,2,020,"ELM AV","MOUNTAIN VIEW AV",615.00,N,N,A,-,N,,,,,,,,,,Y,3,0,1,1,A,-,08,22107,,N,E,I,A,A,H,-,A,D,0,,,,,Y,,A,01,0,1,0,0,0,0,0,0,0,"- ","- ",36.549379999999999,-119.79095,FRESNO,UNINCORPORATED,-119.7909757,36.54903814
6432927,2014,2014-06-27,9435,2014-03-04,2345,015890,,2,3,9,1000,0,3,5,,2,025,"WILLOW AV","INTERNATIONAL AV",528.00,N,N,A,-,N,,,,,,,,,,Y,3,0,1,1,A,-,01,23152,A,N,E,I,A,A,H,-,E,D,0,,,,,Y,Y,A,01,0,1,0,0,0,0,0,0,0,"- ","- ",36.890509999999999,-119.72974000000001,FRESNO,UNINCORPORATED,-119.73003353,36.890289180000003
6432931,2014,2014-06-27,9435,2014-03-06,0725,012846,,4,1,9,1000,0,3,5,,2,025,"SHEPHERD AV","SUNNYSIDE AV",1120.00,E,N,B,-,N,,,,,,,,,,Y,4,0,1,1,A,-,08,22107,,N,E,I,A,B,H,-,A,D,0,,,,,Y,,A,07,0,0,1,0,0,0,0,0,0,"- ","- ",,,FRESNO,UNINCORPORATED,-119.68920957,36.866697979999998
6432947,2014,2016-03-24,9435,2014-03-10,1505,013200,,1,2,7,1005,0,1,3,,2,105,"RT 99","BELMONT AV",300.00,S,N,A,-,Y,FRE,6,99,-,-,22.680,H,-,N,Y,4,0,1,3,A,-,03,22350,,N,D,C,A,A,H,-,A,D,1,,,,,Y,,A,07,0,0,1,0,0,0,0,0,0,"- ","- ",,,FRESNO,FRESNO,-119.82428096,36.749625860000002
6432948,2014,2014-06-27,9435,2014-03-12,1712,015387,,3,2,9,1000,0,3,5,,2,025,"FRIANT RD","LOST LAKE ENTRANCE",50.00,S,N,A,-,N,,,,,,,,,,Y,4,0,1,2,A,-,03,22350,,N,C,C,A,A,H,-,A,D,0,,,,,Y,,A,01,0,0,1,0,0,0,0,0,0,"- ","- ",,,FRESNO,UNINCORPORATED,-119.72398192,36.974784679999999
6432950,2014,2014-06-27,1015,2014-03-29,1439,N089,SELMA,6,5,3,1015,0,0,0,,0,001,"HIGHLAND AV","SELMA LIGHT POLE #25",11.00,S,N,A,-,N,,,,,,,,,,Y,4,0,1,2,A,-,09,21801,A,N,C,C,A,A,H,-,A,D,0,,,,,Y,,-,,0,0,1,0,0,0,0,0,0,"- ","- ",,,FRESNO,SELMA,,
6432954,2014,2014-06-27,1015,2014-03-25,1410,N083,"PD SE",2,5,3,1015,0,0,0,,0,003,"MCCALL AV","HICKS ST",0.00,,Y,A,-,N,,,,,,,,,,Y,4,0,1,2,A,-,09,21802,A,N,C,C,A,A,H,-,A,D,0,,,,,Y,,-,,0,0,1,0,0,0,0,0,0,"- ","- ",,,FRESNO,SELMA,-119.61065991,36.588440069999997
6434322,2014,2016-04-12,9435,2014-04-07,1734,18609,,1,2,7,1005,0,1,3,,2,410,"RT 41","ASHLAN AV",1100.00,S,N,A,-,Y,FRE,6,41,-,R,27.260,H,-,S,Y,4,0,1,2,A,-,03,22350,,N,C,C,A,A,H,-,A,D,1,,,,,Y,,A,01,0,0,1,0,0,0,0,0,0,"- ","- ",36.790480000000002,-119.78467999999999,FRESNO,FRESNO,-119.78462052,36.791264740000003
6434323,2014,2016-04-12,9435,2014-04-05,1134,014479,,6,1,7,1005,0,1,3,,2,410,"RT 41","SHIELDS AV",650.00,N,N,B,-,Y,FRE,6,41,-,R,26.610,H,-,N,N,2,0,1,1,A,-,07,21658,A,N,F,A,A,A,H,-,A,D,1,,,Y,,Y,,C,02,1,0,0,0,0,0,0,0,1,"- ","- ",36.784080000000003,-119.78455,FRESNO,FRESNO,-119.7844533,36.78184538
6434326,2014,2016-04-12,9435,2014-04-07,0735,15106,,1,1,7,1005,0,1,3,,2,410,"RT 41","FRIANT RD",15.00,N,N,A,-,Y,FRE,6,41,-,R,31.498,R,1,N,N,4,0,1,2,A,-,03,22350,,N,C,C,A,A,H,-,A,D,1,,,,,Y,,A,07,0,0,1,0,0,0,0,0,0,TO,"- ",,,FRESNO,FRESNO,-119.78704506,36.852094319999999
6434327,2014,2014-07-22,9435,2014-04-08,1117,014479,,2,1,9,1000,0,3,5,,2,030,"GRIFFITH WY","HAMMEL WY",150.00,E,N,A,-,N,,,,,,,,,,N,3,0,1,2,A,-,09,21804,A,N,D,G,A,A,H,-,A,D,0,,Y,,,Y,,L,04,0,1,0,0,0,0,1,0,0,"- ","- ",36.791229999999999,-119.70115,FRESNO,UNINCORPORATED,-119.70127813000001,36.791115869999999
6434331,2014,2014-07-22,9435,2014-04-09,1410,018574,,3,2,9,1000,0,3,5,,2,034,"RAINBOW AV","RIVERBEND AV",5280.00,W,N,A,-,N,,,,,,,,,,Y,4,0,1,1,A,-,08,22107,,N,E,J,A,A,H,-,A,D,0,,,,,Y,,A,01,0,0,1,0,0,0,0,0,0,"- ","- ",36.723120000000002,-119.52032,FRESNO,UNINCORPORATED,-119.52765404,36.720546839999997
6434334,2014,2016-04-09,9435,2014-04-01,1835,18914,,2,2,7,1005,0,1,3,,2,181,"RT 180","RT 99",500.00,W,N,B,-,Y,FRE,6,99,-,-,21.918,R,2,N,Y,4,0,1,1,A,-,03,22350,,N,E,I,A,B,H,-,A,D,1,,,,,Y,,A,01,0,0,1,0,0,0,0,0,0,"- ","- ",,,FRESNO,FRESNO,-119.81564265999999,36.741276310000003
6434338,2014,2014-07-18,9435,2014-04-02,1410,18914,,3,2,9,1000,0,3,5,,2,010,"MCKINLEY AV","CORNELIA AV",0.00,,Y,A,-,N,,,,,,,,,,N,4,0,1,2,A,-,09,21802,B,N,D,C,A,A,H,-,A,A,0,,,,,Y,,A,01,0,0,1,0,0,0,0,0,0,"- ","- ",,,FRESNO,UNINCORPORATED,-119.88026997999999,36.764580080000002
6434339,2014,2015-09-11,9435,2014-04-11,0555,015095,,5,3,9,1000,0,3,5,,2,034,"CENTRAL AV","CHESTNUT AV",0.00,,Y,A,-,N,,,,,,,,,,N,4,0,1,2,A,-,09,21801,A,N,D,C,A,A,H,-,C,A,0,,,,,Y,,A,01,0,0,1,0,0,0,0,0,0,"- ","- ",36,-119,FRESNO,UNINCORPORATED,-119.73681988,36.677910079999997
6434342,2014,2016-04-09,9435,2014-04-06,0745,17138,,7,1,9,1000,0,1,3,,2,106,"RT 99","CLOVIS AV",100.00,N,N,A,-,Y,FRE,6,99,-,-,13.470,H,-,N,Y,4,0,1,1,A,-,08,22107,,N,E,I,A,A,H,-,A,D,1,,,,,Y,,A,07,0,0,1,0,0,0,0,0,0,"- ","- ",36.641249999999999,-119.70072999999999,FRESNO,UNINCORPORATED,-119.7123933,36.652301039999998
6434343,2014,2014-07-22,9435,2014-04-04,0720,015095,,5,1,9,1000,0,3,5,,2,040,"MANNING AV","LAC JAC AV",528.00,W,N,A,-,N,,,,,,,,,,Y,3,0,1,1,D,-,00,,,N,F,A,A,A,H,-,A,D,0,,,,,Y,,-,"- ",0,1,0,0,0,0,0,0,0,"- ","- ",36.36159,-119.29109,FRESNO,UNINCORPORATED,-119.48628717,36.604405159999999
6434346,2014,2016-04-09,9435,2014-04-05,1545,18574,,6,2,7,1005,0,1,3,,2,181,"RT 180","CEDAR AV",500.00,E,N,A,-,Y,FRE,6,180,-,R,59.970,H,-,W,N,4,0,1,3,A,-,07,21658,A,F,B,C,A,A,H,-,A,D,1,,,,,Y,,A,01,0,0,1,0,0,0,0,0,0,"- ","- ",36.755310000000001,-119.75395,FRESNO,FRESNO,-119.75266849,36.75513583
6434347,2014,2014-07-22,9435,2014-04-04,0640,016507,,5,1,9,1000,0,3,5,,2,060,"SOUTH AV","ALTA AV",0.00,,Y,A,-,N,,,,,,,,,,N,4,0,1,2,A,-,09,21801,B,N,D,C,A,A,H,-,A,A,0,,,,,Y,,A,01,0,0,1,0,0,0,0,0,0,"- ","- ",36.618940000000002,-119.39491,FRESNO,UNINCORPORATED,-119.39480988,36.618430060000001
6434350,2014,2016-04-12,9435,2014-04-03,1900,13780,,4,2,7,1005,0,1,3,,2,410,"RT 41","ASHLAN AV",700.00,S,N,A,-,Y,FRE,6,41,-,R,27.340,H,-,N,Y,4,0,1,1,A,-,03,22350,,N,E,I,A,A,H,-,A,D,1,,,,,Y,,A,01,0,0,1,0,0,0,0,0,0,"- ","- ",,,FRESNO,FRESNO,-119.78444328,36.79241055
6434351,2014,2014-07-22,9435,2014-04-05,0445,018809,,6,3,9,1000,0,3,5,,2,030,"TEMPERANCE AV","SHIELDS AV",535.00,S,N,A,-,N,,,,,,,,,,Y,3,0,1,1,A,-,01,23152,A,N,E,I,A,A,H,-,C,D,0,,,,,Y,Y,A,01,0,1,0,0,0,0,0,0,0,"- ","- ",36.777610000000003,-119.66388000000001,FRESNO,UNINCORPORATED,-119.66410653,36.777982479999999
6434354,2014,2014-07-18,9435,2014-04-08,0450,17088,,2,3,9,1000,0,3,5,,2,060,"ALTA AV","HUNTSMAN AV",1056.00,S,N,A,-,N,,,,,,,,,,Y,4,0,1,1,A,-,08,22107,,N,E,I,A,A,H,-,D,D,0,,,,,Y,,A,07,0,0,1,0,0,0,0,0,0,"- ","- ",36.579520000000002,-119.39516,FRESNO,UNINCORPORATED,-119.39506,36.579252050000001
6434355,2014,2014-07-22,9435,2014-04-05,1205,013112,,6,1,9,1000,0,3,5,,2,015,"ADAMS AV","CHERRY AV",48.00,W,N,A,-,N,,,,,,,,,,Y,3,0,3,2,A,-,08,22107,,F,E,I,A,A,H,-,A,D,0,,,,,Y,,A,01,0,2,1,0,0,0,0,0,0,"- ","- ",36.634219999999999,-119.78270999999999,FRESNO,UNINCORPORATED,-119.78197348,36.634288669999997
6434357,2014,2014-07-18,9435,2014-04-06,0006,17842,,7,3,9,1000,0,3,5,,2,015,"MAPLE AV","MALAGA AV",220.00,S,N,A,-,N,,,,,,,,,,N,2,0,1,1,A,-,01,23152,A,N,F,A,A,A,H,-,D,D,0,,,Y,,Y,Y,C,02,1,0,0,0,0,0,0,0,1,"- ","- ",36.668320000000001,-119.74572999999999,FRESNO,UNINCORPORATED,-119.74572000000001,36.670076119999997
6434361,2014,2014-07-18,9435,2014-04-09,1735,14650,,3,2,9,1000,0,3,5,,2,015,"KEARNEY BL","CHATEAU FRESNO AV",0.00,,Y,A,-,N,,,,,,,,,,N,4,0,2,1,A,-,08,22107,,N,H,A,A,A,H,-,A,D,0,,,,,Y,,A,01,0,0,2,0,0,0,0,0,0,"- ","- ",36.727829999999997,-119.93425000000001,FRESNO,UNINCORPORATED,-119.93433985,36.727920089999998
6434372,2014,2014-07-23,9435,2014-04-06,0240,16870,,7,3,9,1000,0,3,5,,2,025,"SHEPHERD AV","FOWLER AV",62.00,E,N,A,-,N,,,,,,,,,,Y,3,0,1,1,A,-,01,23152,A,N,E,I,A,A,H,-,C,A,0,,,,,Y,Y,A,01,0,1,0,0,0,0,0,0,0,"- ","- ",36.866430000000001,-119.68304000000001,FRESNO,UNINCORPORATED,-119.68379065000001,36.866458299999998
6434376,2014,2014-07-23,9435,2014-04-10,0335,017088,,4,3,9,1000,0,3,5,,2,060,"MANNING AV","HANSEN AV",1056.00,E,N,A,-,N,,,,,,,,,,Y,4,0,1,1,A,-,08,22107,,N,E,I,A,A,H,-,D,D,0,,,,,Y,,A,01,0,0,1,0,0,0,0,0,0,"- ","- ",36.60333,-119.34947,FRESNO,UNINCORPORATED,-119.35068662,36.603281019999997
6434380,2014,2014-07-23,9435,2014-04-04,2240,019323,,5,3,9,1000,0,3,5,,2,015,"LINCOLN AV","EAST AV",0.00,,Y,A,-,N,,,,,,,,,,Y,4,0,2,2,A,-,09,21802,A,N,D,C,A,A,H,-,C,A,0,,,,,Y,,A,01,0,0,2,0,0,0,0,0,0,"- ","- ",36.648789999999998,-119.77315,FRESNO,UNINCORPORATED,-119.77278989,36.648800059999999
6434384,2014,2016-04-08,9435,2014-04-06,1130,016860,,7,1,9,1000,0,1,3,,1,169,"RT 168","GOOSEBERRY LN",190.00,W,N,A,-,Y,FRE,6,168,-,T,28.320,H,-,W,Y,4,0,1,1,A,-,08,22107,,N,E,I,A,A,H,-,A,D,0,,,Y,,Y,,C,02,0,0,1,0,0,0,0,0,1,"- ","- ",37.016800000000003,-119.52593,FRESNO,UNINCORPORATED,-119.52596367,37.01686943
6434403,2014,2014-07-07,9435,2014-03-23,1900,018883,,7,2,9,1000,0,3,5,,2,034,"NEWMARK AV","LINCOLN AV",2871.00,S,N,A,-,N,,,,,,,,,,Y,3,0,1,1,A,-,01,23152,A,N,E,I,A,A,H,-,D,D,0,,,,,Y,Y,A,01,0,1,0,0,0,0,0,0,0,"- ","- ",36.639789999999998,-119.5294,FRESNO,UNINCORPORATED,-119.52956811,36.640797290000002
6434407,2014,2014-07-07,9435,2014-03-26,0815,014547,,3,1,9,1000,0,3,5,,2,030,"ASHLAN AV","TARPEY DR",0.00,,Y,B,-,N,,,,,,,,,,N,4,0,1,2,A,-,03,22350,,N,C,C,A,B,H,-,A,D,0,,,,,Y,,A,07,0,0,1,0,0,0,0,0,0,"- ","- ",,,FRESNO,UNINCORPORATED,-119.6985299,36.793180100000001
6434419,2014,2016-01-20,9435,2014-03-24,0750,014547,,1,1,7,1005,0,1,3,,2,181,"RT 180","RT 41",400.00,E,N,A,-,Y,FRE,6,180,-,R,58.800,H,-,E,N,4,0,1,1,A,-,08,22107,,N,E,I,A,A,H,-,A,D,1,,,,,Y,,A,01,0,0,1,0,0,0,0,0,0,"- ","- ",,,FRESNO,FRESNO,-119.77378564,36.754462230000001
6434423,2014,2014-07-07,9435,2014-03-26,0440,018746,,3,3,9,1000,0,3,5,,2,034,"JENSEN AV","PULLMAN ST",550.00,W,N,B,-,N,,,,,,,,,,Y,4,0,1,1,A,-,08,22107,,N,F,A,A,A,H,-,C,D,0,,,,,Y,,A,01,0,0,1,0,0,0,0,0,0,"- ","- ",36.705979999999997,-118.76063000000001,FRESNO,UNINCORPORATED,-119.76218587,36.706982330000002
6434427,2014,2016-03-24,9435,2014-03-20,1018,017138,,4,1,2,1004,0,1,3,,2,106,"RT 99","MERCED AV",1056.00,S,N,A,-,Y,FRE,6,99,-,-,10.900,H,-,N,N,3,0,1,1,A,-,01,23152,E,N,E,I,A,A,H,-,A,D,1,,,,,Y,,A,01,0,1,0,0,0,0,0,0,0,"- ","- ",36.617220000000003,-119.67386,FRESNO,FOWLER,-119.68175343,36.624340599999996
6434431,2014,2014-07-07,9435,2014-03-24,1900,017630,,1,2,9,1000,0,3,5,,2,015,"SISKIYOU AV","JENSEN AV",700.00,S,N,A,-,N,,,,,,,,,,,3,0,1,1,A,-,01,23152,A,N,E,I,A,A,H,-,A,D,0,,,,,Y,Y,A,01,0,1,0,0,0,0,0,0,0,"- ","- ",36.703679999999999,-120.0787,FRESNO,UNINCORPORATED,-120.07869218,36.703728499999997