CASE_ID,ACCIDENT_YEAR,PROC_DATE,JURIS,COLLISION_DATE,COLLISION_TIME,OFFICER_ID,REPORTING_DISTRICT,DAY_OF_WEEK,CHP_SHIFT,POPULATION,CNTY_CITY_LOC,SPECIAL_COND,BEAT_TYPE,CHP_BEAT_TYPE,CITY_DIVISION_LAPD,CHP_BEAT_CLASS,BEAT_NUMBER,PRIMARY_RD,SECONDARY_RD,DISTANCE,DIRECTION,INTERSECTION,WEATHER_1,WEATHER_2,STATE_HWY_IND,CALTRANS_COUNTY,CALTRANS_DISTRICT,STATE_ROUTE,ROUTE_SUFFIX,POSTMILE_PREFIX,POSTMILE,LOCATION_TYPE,RAMP_INTERSECTION,SIDE_OF_HWY,TOW_AWAY,COLLISION_SEVERITY,NUMBER_KILLED,NUMBER_INJURED,PARTY_COUNT,PRIMARY_COLL_FACTOR,PCF_CODE_OF_VIOL,PCF_VIOL_CATEGORY,PCF_VIOLATION,PCF_VIOL_SUBSECTION,HIT_AND_RUN,TYPE_OF_COLLISION,MVIW,PED_ACTION,ROAD_SURFACE,ROAD_COND_1,ROAD_COND_2,LIGHTING,CONTROL_DEVICE,CHP_ROAD_TYPE,PEDESTRIAN_ACCIDENT,BICYCLE_ACCIDENT,MOTORCYCLE_ACCIDENT,TRUCK_ACCIDENT,NOT_PRIVATE_PROPERTY,ALCOHOL_INVOLVED,STWD_VEHTYPE_AT_FAULT,CHP_VEHTYPE_AT_FAULT,COUNT_SEVERE_INJ,COUNT_VISIBLE_INJ,COUNT_COMPLAINT_PAIN,COUNT_PED_KILLED,COUNT_PED_INJURED,COUNT_BICYCLIST_KILLED,COUNT_BICYCLIST_INJURED,COUNT_MC_KILLED,COUNT_MC_INJURED,PRIMARY_RAMP,SECONDARY_RAMP,LATITUDE,LONGITUDE,COUNTY,CITY,POINT_X,POINT_Y
6646428,2014,2014-10-14,9435,2014-08-25,0730,014547,,1,1,9,1000,0,3,5,,2,030,"LOCAN AV","CORTLAND AV",100.00,S,N,A,-,N,,,,,,,,,,Y,3,0,3,3,A,-,03,22350,,N,C,C,A,A,H,-,A,D,0,,,,,Y,,D,22,0,1,2,0,0,0,0,0,0,"- ","- ",,,FRESNO,UNINCORPORATED,-119.6550529,36.78127559
6646472,2014,2016-05-13,9435,2014-09-04,1719,15903,,4,2,7,1005,0,1,3,,2,181,"RT 180","1ST ST",952.00,W,N,A,-,Y,FRE,6,180,-,R,58.680,H,-,E,Y,4,0,1,2,A,-,03,22350,,N,C,C,A,A,H,-,A,D,1,,,,,Y,,D,22,0,0,1,0,0,0,0,0,0,"- ","- ",36.754150000000003,-119.77607999999999,FRESNO,FRESNO,-119.77602639,36.754192029999999
6646481,2014,2016-05-10,9435,2014-09-14,0815,14547,,7,1,7,1005,0,1,3,,2,410,"RT 41","FLORADORA AV",528.00,N,N,A,-,Y,FRE,6,41,-,R,25.130,H,-,N,Y,4,0,3,2,A,-,03,22350,,N,C,C,A,A,H,-,A,D,1,,,,,Y,,D,22,0,0,3,0,0,0,0,0,0,"- ","- ",,,FRESNO,FRESNO,-119.77592403,36.763854870000003
6646482,2014,2016-05-10,9435,2014-09-17,1510,13780,,3,2,7,1005,0,1,3,,2,410,"RT 41","HERNDON AV",150.00,S,N,A,-,Y,FRE,6,41,-,R,30.276,R,1,N,Y,4,0,1,5,A,-,03,22350,,N,B,C,A,A,H,-,A,A,1,,,,,Y,,A,07,0,0,1,0,0,0,0,0,0,TO,"- ",,,FRESNO,FRESNO,-119.78486420999999,36.834972239999999
6646485,2014,2016-05-11,9435,2014-08-14,2352,017579,,4,3,7,1005,0,1,3,,2,181,"18TH AV","RT 41",789.00,W,N,A,-,Y,FRE,6,180,-,R,58.433,R,2,E,Y,2,0,3,1,A,-,01,23152,A,N,E,I,A,A,H,-,D,D,1,,,,,Y,Y,D,22,2,1,0,0,0,0,0,0,0,TO,TR,36.753509999999999,-119.78171,FRESNO,FRESNO,-119.78042507000001,36.75364811
6646486,2014,2016-05-11,9435,2014-09-17,1735,13780,,3,2,7,1005,0,1,3,,2,181,"RT 180","1ST ST",1584.00,W,N,A,-,Y,FRE,6,180,-,R,58.560,H,-,E,Y,3,0,1,3,A,-,03,22350,,N,C,C,A,A,H,-,A,D,1,,,,,Y,,A,07,0,1,0,0,0,0,0,0,0,"- ","- ",,,FRESNO,FRESNO,-119.77817195999999,36.75394034
6646493,2014,2014-10-15,9435,2014-09-13,2500,14479,,6,4,9,1000,0,3,5,,2,010,"GRANTLAND AV","SHIELDS AV",250.00,S,N,A,-,N,,,,,,,,,,N,3,0,2,1,A,-,08,22107,,F,E,I,A,A,H,-,D,D,0,,,,,Y,,D,22,0,2,0,0,0,0,0,0,0,"- ","- ",36.778120000000001,-119.91624,FRESNO,UNINCORPORATED,-119.91631033,36.778203759999997
6646497,2014,2014-10-16,9435,2014-09-24,0720,15773,,3,1,9,1000,0,3,5,,2,060,"ADAMS AV","BUTTONWILLOW AV",0.00,,Y,A,-,N,,,,,,,,,,Y,4,0,1,3,A,-,12,22450,A,N,D,C,A,A,H,-,A,A,0,,,,,Y,,A,01,0,0,1,0,0,0,0,0,0,"- ","- ",36.633069999999996,-119.43085000000001,FRESNO,UNINCORPORATED,-119.43076988,36.633070029999999
6646505,2014,2014-10-16,9435,2014-09-18,1500,17310,,4,2,9,1000,0,3,5,,2,040,"MANNING AV","LAC JAC AV",65.00,W,N,A,-,N,,,,,,,,,,Y,4,0,5,4,A,-,03,22350,,N,C,C,A,A,H,-,A,A,0,,,,,Y,,A,07,0,0,5,0,0,0,0,0,0,"- ","- ",36.604419999999998,-119.48483,FRESNO,UNINCORPORATED,-119.48471124,36.604392050000001
6646506,2014,2016-05-13,9435,2014-09-17,1815,018914,,3,2,9,1000,0,1,3,,1,145,"RT 145","BELMONT AV",0.00,,Y,A,-,Y,FRE,6,145,-,-,36.154,I,5,S,Y,4,0,1,2,A,-,12,21453,A,N,D,C,A,A,H,-,A,A,0,,,,Y,Y,,G,25,0,0,1,0,0,0,0,0,0,"- ","- ",,,FRESNO,UNINCORPORATED,-120.06001723999999,36.749523490000001
6646513,2014,2016-05-10,9435,2014-09-30,0830,015106,,2,1,2,1008,0,1,3,,2,107,"RT 99","DRAPER ST",150.00,N,N,A,-,Y,FRE,6,99,-,R,0.520,H,-,N,Y,4,0,1,3,A,-,03,22350,,N,C,C,A,A,D,-,A,D,1,,,,,Y,,D,22,0,0,1,0,0,0,0,0,0,"- ","- ",,,FRESNO,KINGSBURG,-119.55583180000001,36.513494899999998
6646517,2014,2014-10-15,9435,2014-09-24,1445,19604,,3,2,9,1000,0,3,5,,2,040,"MOUNT WHITNEY AV","ELM AV",0.00,,Y,A,-,N,,,,,,,,,,N,4,0,3,2,A,-,09,21801,A,N,D,C,A,A,H,-,A,D,0,,,,,Y,,D,22,0,0,3,0,0,0,0,0,0,"- ","- ",36.431199999999997,-119.7983,FRESNO,UNINCORPORATED,-119.7983299,36.43105001
6646549,2014,2014-10-15,9435,2014-09-14,1615,18934,,7,2,9,1000,0,3,5,,2,020,"KAMM AV","BISHOP AV",528.00,W,N,A,-,N,,,,,,,,,,Y,3,0,1,1,A,-,01,23152,A,M,F,A,A,A,H,-,A,D,0,,,,,Y,Y,D,22,0,1,0,0,0,0,0,0,0,"- ","- ",36.532060000000001,-120.06310000000001,FRESNO,UNINCORPORATED,-120.03645611,36.531873879999999
6647147,2014,2014-10-22,9435,2014-09-22,0740,017215,,1,1,9,1000,0,3,5,,2,025,"MCCALL AV","HERNDON AV",0.00,,Y,A,-,N,,,,,,,,,,Y,4,0,1,2,A,-,09,21802,A,N,D,C,A,A,H,-,A,A,0,,,,,Y,,A,01,0,0,1,0,0,0,0,0,0,"- ","- ",36.837350000000001,-119.60993000000001,FRESNO,UNINCORPORATED,-119.60993995,36.837350010000002
6647240,2014,2014-10-20,9435,2014-09-16,2030,017518,,2,2,9,1000,0,3,5,,2,040,"MANNING AV","SUTTER AV",1056.00,W,N,A,-,N,,,,,,,,,,Y,3,0,1,1,A,-,01,23152,A,N,E,I,A,A,H,-,D,D,0,,,,,Y,Y,A,01,0,1,0,0,0,0,0,0,0,"- ","- ",36.602760000000004,-120.20525000000001,FRESNO,UNINCORPORATED,-120.2010107,36.602962679999997
6647244,2014,2016-05-13,9435,2014-09-16,0845,012054,,2,1,9,1000,0,1,3,,2,106,"RT 99","MANNING AV",2112.00,N,N,A,-,Y,FRE,6,99,-,-,9.560,H,-,N,Y,4,0,1,2,A,-,07,21658,A,M,B,C,A,A,H,-,A,D,1,,,,,Y,,-,99,0,0,1,0,0,0,0,0,0,"- ","- ",36.612679999999997,-119.66888,FRESNO,UNINCORPORATED,-119.66571823,36.60970245
6647248,2014,2014-10-20,9435,2014-09-23,1445,013780,,2,2,9,1000,0,3,5,,2,030,"SUNNYSLOPE RD","TRIMMER SPRINGS RD",4752.00,E,N,A,-,N,,,,,,,,,,Y,2,0,1,1,A,-,03,22350,,N,F,A,A,A,H,-,A,A,0,,,Y,,Y,,C,02,1,0,0,0,0,0,0,0,1,"- ","- ",,,FRESNO,UNINCORPORATED,-119.33907753,36.857268349999998
6647252,2014,2016-05-11,9435,2014-09-26,1010,018044,,5,1,9,1000,0,1,3,,1,183,"RT 180","ACADEMY AV",10.00,W,N,A,-,Y,FRE,6,180,-,-,71.600,H,-,E,N,4,0,1,2,A,-,03,22350,,N,C,C,A,A,H,-,A,A,0,,,,,Y,,A,01,0,0,1,0,0,0,0,0,0,"- ","- ",36.73574,-119.55652000000001,FRESNO,UNINCORPORATED,-119.55649773,36.735921730000001
6647256,2014,2014-10-20,9435,2014-09-18,0555,015806,,4,3,9,1000,0,3,5,,2,015,"CALIFORNIA ST","VALENTINE AV",300.00,E,N,A,-,N,,,,,,,,,,Y,4,0,1,1,A,-,08,22107,,N,F,A,A,A,C,-,D,D,0,,,,,Y,,A,01,0,0,1,0,0,0,0,0,0,"- ","- ",36.721179999999997,-119.85249,FRESNO,UNINCORPORATED,-119.85237708,36.721078040000002
6647260,2014,2014-10-20,9435,2014-09-18,0715,015468,,4,1,9,1000,0,3,5,,2,010,"BELMONT AV","BRAWLEY AV",0.00,,Y,A,-,N,,,,,,,,,,Y,4,0,1,2,A,-,12,22450,A,N,D,C,A,A,H,-,A,D,0,,,,,Y,,A,01,0,0,1,0,0,0,0,0,0,"- ","- ",,,FRESNO,UNINCORPORATED,-119.86202986000001,36.750000030000002
6647264,2014,2014-10-20,9435,2014-09-24,1825,017138,,3,2,9,1000,0,3,5,,2,040,"ACADEMY AV","DINUBA AV",400.00,N,N,A,-,N,,,,,,,,,,N,3,0,1,1,A,-,03,22350,,N,H,A,A,A,H,-,A,D,0,,,Y,,Y,,C,02,0,1,0,0,0,0,0,0,1,"- ","- ",36.59169,-119.55698,FRESNO,UNINCORPORATED,-119.55704907000001,36.591617800000002
6647326,2014,2016-03-01,9435,2014-09-13,1915,17489,,6,2,9,1000,0,3,5,,2,034,"JENSEN AV","INDIANOLA AV",1056.00,W,N,A,-,N,,,,,,,,,,Y,3,0,2,1,A,-,01,23152,A,N,E,I,A,A,H,-,D,D,0,,,,,Y,,A,01,0,2,0,0,0,0,0,0,0,"- ","- ",36.70684,-119.58781,FRESNO,UNINCORPORATED,-119.58677933,36.706787689999999
6647330,2014,2015-01-09,9435,2014-09-19,0810,17088,,5,1,9,1000,0,3,5,,2,060,"ALTA AV","ADAMS AV",0.00,,Y,A,-,N,,,,,,,,,,Y,4,0,4,2,A,-,12,22450,A,N,D,C,A,A,H,-,A,A,0,,,,,Y,,A,01,0,0,4,0,0,0,0,0,0,"- ","- ",36.63317,-119.3948,FRESNO,UNINCORPORATED,-119.39479996,36.632940089999998
6647334,2014,2016-05-16,9435,2014-09-09,0740,14547,,2,1,7,1005,0,1,3,,1,168,"RT 168","GETTYSBURG AV",400.00,E,N,A,-,Y,FRE,6,168,-,R,3.730,H,-,E,Y,4,0,1,2,A,-,03,22350,,N,C,C,A,A,H,-,A,D,1,,,,,Y,,A,07,0,0,1,0,0,0,0,0,0,"- ","- ",,,FRESNO,FRESNO,-119.73898761,36.802300170000002
6647338,2014,2016-05-13,9435,2014-09-17,0645,15806,,3,1,7,1005,0,1,3,,2,105,"RT 99","OLIVE AV",200.00,N,N,A,-,Y,FRE,6,99,-,-,23.340,H,-,S,Y,4,0,1,2,A,-,03,22350,,N,C,C,A,A,H,-,A,D,1,,,,,Y,,A,01,0,0,1,0,0,0,0,0,0,"- ","- ",36.758360000000003,-119.83077,FRESNO,FRESNO,-119.83014613,36.757924580000001
6647342,2014,2015-01-09,9435,2014-09-21,1955,19032,,7,2,9,1000,0,3,5,,2,050,"TOLLHOUSE RD","VAN VLEET",5280.00,E,N,A,-,N,,,,,,,,,,Y,4,0,1,1,A,-,08,22107,,N,F,A,A,A,H,-,D,D,0,,,,,Y,,A,01,0,0,1,0,0,0,0,0,0,"- ","- ",36.978720000000003,-119.43388,FRESNO,UNINCORPORATED,-119.45102378999999,36.962991270000003
6647763,2014,2014-10-15,9435,2014-09-21,0115,018574,,7,3,9,1000,0,3,5,,2,040,"NEWMARK AV","MANNING AV",2640.00,S,N,A,-,N,,,,,,,,,,Y,3,0,1,1,A,-,01,23152,A,N,E,I,A,A,H,-,D,D,0,,,,,Y,Y,A,07,0,1,0,0,0,0,0,0,0,"- ","- ",36.593780000000002,-119.53008,FRESNO,UNINCORPORATED,-119.53001904,36.597554819999999
6647764,2014,2016-05-13,9435,2014-09-22,1310,017489,,1,1,7,1005,0,1,3,,2,105,"RT 99","STANISLAUS AV",1056.00,N,N,A,-,Y,FRE,6,99,-,-,21.182,R,2,S,Y,4,0,2,2,A,-,08,22107,,N,B,C,A,A,H,-,A,D,1,,,,,Y,,A,07,0,0,2,0,0,0,0,0,0,"- ","- ",36.735590000000002,-119.80461,FRESNO,FRESNO,-119.80458609999999,36.735833
6647767,2014,2016-05-13,9435,2014-09-20,0723,014479,,6,1,7,1005,0,1,3,,2,105,"RT 99","PARKWAY DR",15.00,E,N,A,-,Y,FRE,6,99,-,-,27.911,R,2,S,Y,4,0,1,1,A,-,08,22107,,N,F,A,A,A,H,-,A,D,1,,,,,Y,,A,01,0,0,1,0,0,0,0,0,0,"- ","- ",36.8065,-119.88634999999999,FRESNO,FRESNO,-119.88444146000001,36.806274989999999
6647768,2014,2016-05-16,9435,2014-09-17,0232,015751,,3,3,5,1001,0,1,3,,1,168,"RT 168","BULLARD AV",346.00,S,N,A,-,Y,FRE,6,168,-,R,46.990,R,2,E,Y,2,0,1,1,A,-,01,23152,A,N,E,I,A,A,H,-,C,D,0,,,,,Y,Y,A,01,1,0,0,0,0,0,0,0,0,"- ","- ",36.49183,-119.43040999999999,FRESNO,CLOVIS,-119.31140636000001,37.130067199999999
6647771,2014,2016-05-11,9435,2014-09-20,1515,015773,,6,2,9,1000,0,1,3,,2,184,"RT 180","KINGS RIVER",2112.00,E,N,B,-,Y,FRE,6,180,-,R,76.860,H,-,W,Y,3,0,2,1,A,-,08,22107,,N,E,I,A,A,H,-,A,D,0,,,,,Y,,A,07,0,2,0,0,0,0,0,0,0,"- ","- ",,,FRESNO,UNINCORPORATED,-119.46230356,36.727102819999999
6647772,2014,2014-10-15,9435,2014-09-18,1910,017138,,4,2,9,1000,0,3,5,,2,034,"KAVILAND AV","10TH ST",74.00,W,N,A,-,N,,,,,,,,,,N,3,0,1,2,A,-,05,21202,A,N,H,-,A,A,H,-,A,D,0,,Y,,,Y,,L,04,0,1,0,0,0,0,1,0,0,"- ","- ",36.709009999999999,-119.75754999999999,FRESNO,UNINCORPORATED,-119.75753228000001,36.708970000000001
6647784,2014,2014-10-15,9435,2014-09-11,1940,018939,,4,2,9,1000,0,3,5,,2,020,"MARKS AV","LEWISTON AV",1056.00,N,N,A,-,N,,,,,,,,,,Y,3,0,3,1,A,-,08,22107,,N,F,A,A,A,H,-,D,D,0,,,,,Y,,A,01,0,3,0,0,0,0,0,0,0,"- ","- ",36.411999999999999,-119.85136,FRESNO,UNINCORPORATED,-119.85126791,36.412168819999998
6647788,2014,2014-10-15,9435,2014-09-12,0736,014479,,5,1,9,1000,0,3,5,,2,015,"CLOVIS AV","SOUTH AV",2640.00,S,N,A,-,N,,,,,,,,,,Y,3,0,1,1,A,-,08,22107,,N,F,A,A,A,H,-,A,D,0,,,,,Y,,A,07,0,1,0,0,0,0,0,0,0,"- ","- ",36.615780000000001,-119.70018,FRESNO,UNINCORPORATED,-119.70026996999999,36.612683779999998
6647791,2014,2014-10-15,9435,2014-09-17,1115,11603,,3,1,9,1000,0,3,5,,2,015,"FIG AV","AMERICAN AV",0.00,,Y,A,-,N,,,,,,,,,,Y,4,0,2,2,A,-,09,21802,A,N,D,C,A,A,H,-,A,A,0,,,,,Y,,A,01,0,0,2,0,0,0,0,0,0,"- ","- ",36.662909999999997,-119.79988,FRESNO,UNINCORPORATED,-119.79980994,36.663290050000001
6647792,2014,2016-05-12,9435,2014-09-14,2500,015095,,7,4,9,1000,0,1,3,,1,430,"RT 43","CARUTHERS AV",1056.00,S,N,A,-,Y,FRE,6,43,-,-,6.640,H,-,N,Y,3,0,1,1,A,-,08,22107,,M,E,I,A,A,H,-,D,D,0,,,,,Y,Y,A,07,0,1,0,0,0,0,0,0,0,"- ","- ",36.535530000000001,-119.62882,FRESNO,UNINCORPORATED,-119.62882707999999,36.536965860000002
6647795,2014,2016-05-11,9435,2014-09-20,1610,017591,,6,2,9,1000,0,1,3,,1,146,"RT 145","AMERICAN AV",0.00,,Y,A,-,Y,FRE,6,145,-,-,30.110,I,5,N,Y,4,0,1,2,A,-,03,22350,,N,C,C,A,A,H,-,A,D,0,,,,,Y,,A,07,0,0,1,0,0,0,0,0,0,"- ","- ",36.66189,-120.06098,FRESNO,UNINCORPORATED,-120.06109377999999,36.661980229999998
6647796,2014,2016-05-13,9435,2014-09-17,1430,014650,,3,2,9,1000,0,1,3,,2,106,"RT 99","MANNING AV",5280.00,N,N,A,-,Y,FRE,6,99,-,-,10.160,H,-,N,Y,4,0,1,2,A,-,03,22350,,N,C,C,A,A,H,-,A,D,1,,,,,Y,,A,01,0,0,1,0,0,0,0,0,0,"- ","- ",36.614460000000001,-119.67081,FRESNO,UNINCORPORATED,-119.67288310000001,36.616268949999998
6647799,2014,2014-10-15,9435,2014-09-24,2130,019327,,3,2,9,1000,0,3,5,,2,030,"SAGINAW WY","EDITH DR",125.00,E,N,A,-,N,,,,,,,,,,N,4,0,1,2,A,-,03,22350,,F,G,B,E,A,H,-,D,D,0,Y,,,,Y,,-,99,0,0,1,0,1,0,0,0,0,"- ","- ",36.789490000000001,-119.70283999999999,FRESNO,UNINCORPORATED,-119.70302481,36.789468739999997
6647803,2014,2016-05-16,9435,2014-09-04,0725,014547,,4,1,7,1005,0,1,3,,1,168,"RT 168","CEDAR AV",1500.00,W,N,A,-,Y,FRE,6,180,-,R,59.895,R,2,W,Y,3,0,1,4,A,-,03,22350,,N,C,C,A,A,H,-,A,D,1,,,,,Y,,A,01,0,1,0,0,0,0,0,0,0,"- ","- ",,,FRESNO,FRESNO,-119.75414184,36.755140189999999
6647807,2014,2014-10-15,9435,2014-09-16,0720,015949,,2,1,9,1000,0,3,5,,2,010,"MCKINLEY AV","GARFIELD AV",550.00,E,N,A,-,N,,,,,,,,,,Y,3,0,3,2,A,-,03,22350,,N,C,C,A,A,H,-,A,D,0,,,,,Y,,A,01,0,1,2,0,0,0,0,0,0,"- ","- ",36.76435,-119.92263,FRESNO,UNINCORPORATED,-119.92329377,36.764298969999999
6647811,2014,2014-10-15,9435,2014-09-16,1850,015902,,2,2,9,1000,0,3,5,,2,050,"TOLLHOUSE RD","NICHOLAS RD",2640.00,E,N,A,-,N,,,,,,,,,,N,3,0,2,2,A,-,03,22350,,N,F,A,A,A,H,-,B,D,0,,,Y,,Y,,C,02,0,2,0,0,0,0,0,0,2,"- ","- ",36.965299999999999,-119.48772,FRESNO,UNINCORPORATED,-119.48869134,36.965090000000004
6647815,2014,2014-10-16,9435,2014-09-12,1530,19603,,5,2,9,1000,0,3,5,,2,010,"ASHLAN AV","THORNE AV",150.00,E,N,A,-,N,,,,,,,,,,Y,4,0,4,3,A,-,03,22350,,N,C,C,A,A,H,-,A,D,0,,,,,Y,,A,01,0,0,4,0,0,0,0,0,0,"- ","- ",36.793819999999997,-119.8121,FRESNO,UNINCORPORATED,-119.81301000000001,36.793889999999998
6647819,2014,2016-05-13,9435,2014-09-13,1555,19603,,6,2,7,1005,0,1,3,,2,105,"RT 99","CLINTON AV",1500.00,S,N,A,-,Y,FRE,6,99,-,-,24.140,H,-,S,N,4,0,1,2,A,-,07,21658,A,N,B,C,A,A,H,-,A,D,1,,,,,Y,,A,01,0,0,1,0,0,0,0,0,0,"- ","- ",36.77411,-119.84014999999999,FRESNO,FRESNO,-119.83650557999999,36.768391749999999
6647823,2014,2016-05-09,9435,2014-09-13,1518,018746,,6,2,7,1005,0,1,3,,2,410,"RT 41","SHAW AV",528.00,S,N,A,-,Y,FRE,6,41,-,R,28.570,H,-,S,Y,4,0,1,1,A,-,07,21658,A,N,E,I,A,A,H,-,A,D,1,,,,,Y,,A,01,0,0,1,0,0,0,0,0,0,"- ","- ",36.803179999999998,-119.78533,FRESNO,FRESNO,-119.785434,36.810223710000002
6647827,2014,2014-10-15,9435,2014-09-14,1725,018939,,7,2,9,1000,0,3,5,,2,020,"HENSON AV","MALSBURY AV",0.00,,Y,A,-,N,,,,,,,,,,N,3,0,1,2,A,-,10,21950,A,N,G,B,B,A,H,-,A,A,0,Y,,,,Y,,A,07,0,1,0,0,1,0,0,0,0,"- ","- ",36.43186,-119.86136999999999,FRESNO,UNINCORPORATED,-119.86137999,36.431840090000001
6647831,2014,2014-10-15,9435,2014-09-20,1935,018939,,6,2,9,1000,0,3,5,,2,040,"FLORAL AV","CLOVIS AV",0.00,,Y,A,-,N,,,,,,,,,,Y,4,0,1,2,A,-,09,21802,A,N,D,C,A,A,H,-,D,A,0,,,,,Y,,A,07,0,0,1,0,0,0,0,0,0,"- ","- ",36.576329999999999,-119.70047,FRESNO,UNINCORPORATED,-119.70049988,36.576360029999996
6647835,2014,2016-05-11,9435,2014-09-19,1530,017088,,5,2,9,1000,0,1,3,,2,184,"RT 180","MILLWOOD RD",69.00,W,N,A,-,Y,FRE,6,180,-,-,104.060,H,-,W,Y,4,0,1,1,A,-,03,22350,,N,E,I,A,A,H,-,A,D,0,,,,,Y,,A,01,0,0,1,0,0,0,0,0,0,"- ","- ",36.747529999999998,-119.05168,FRESNO,UNINCORPORATED,-119.05190383999999,36.747570709999998
6647839,2014,2014-10-15,9435,2014-09-15,0737,015806,,1,1,9,1000,0,3,5,,2,030,"KENMORE DR W","WELDON AV",10.00,N,N,A,-,N,,,,,,,,,,N,3,0,1,1,A,-,17,21204,B,N,H,A,A,A,H,-,A,D,0,,Y,,,Y,,L,04,0,1,0,0,0,0,1,0,0,"- ","- ",36.768790000000003,-119.76291000000001,FRESNO,UNINCORPORATED,-119.76295,36.768717449999997
6649015,2014,2014-10-15,9461,2014-09-20,0545,019637,,6,3,9,1000,0,2,4,,1,315,"NEES AV","BRANNON AV",2640.00,E,N,A,-,N,,,,,,,,,,Y,4,0,1,1,A,-,08,22107,,N,F,A,A,A,H,-,D,D,0,,,,,Y,,A,08,0,0,1,0,0,0,0,0,0,"- ","- ",36.850850000000001,-120.59263,FRESNO,UNINCORPORATED,-120.59045903000001,36.850830330000001
6649196,2014,2014-10-14,1012,2014-09-28,1832,L011,FRESN,7,5,3,1012,0,0,0,,0,002,"EAST AV","MYRA AV",0.00,,Y,B,-,N,,,,,,,,,,N,4,0,1,2,A,-,09,21801,A,N,A,C,A,A,H,-,-,D,0,,,,,Y,,-,,0,0,1,0,0,0,0,0,0,"- ","- ",,,FRESNO,REEDLEY,-119.44425993,36.594670069999999
6649260,2014,2014-10-15,1012,2014-09-26,1640,L013,REEDL,5,5,3,1012,0,0,0,,0,001,"I ST","10TH ST",7.00,N,N,A,-,N,,,,,,,,,,N,4,0,1,2,A,-,10,21950,A,N,G,B,B,A,H,-,A,A,0,Y,,,,Y,,-,,0,0,1,0,1,0,0,0,0,"- ","- ",,,FRESNO,REEDLEY,-119.45420532,36.595874709999997
6656962,2014,2014-11-10,9435,2014-09-26,1920,018883,,5,2,9,1000,0,3,5,,2,040,"MANNING AV","LAC JAC AV",45.00,W,N,A,-,N,,,,,,,,,,Y,3,0,1,3,A,-,01,23152,A,N,C,C,A,A,H,-,C,A,0,,,,,Y,Y,D,22,0,1,0,0,0,0,0,0,0,"- ","- ",36.604689999999998,-119.48434,FRESNO,UNINCORPORATED,-119.48464317,36.604391419999999
6656966,2014,2015-05-27,9435,2014-09-29,1322,19604,,1,1,9,1000,0,3,5,,2,015,"ELM AV","CENTRAL AV",500.00,N,N,A,-,N,,,,,,,,,,N,4,0,1,2,A,-,09,21801,A,N,D,C,A,A,H,-,A,D,0,,,,,Y,,A,01,0,0,1,0,0,0,0,0,0,"- ","- ",36.681289999999997,-119.79074,FRESNO,UNINCORPORATED,-119.79077773,36.679312469999999
6656970,2014,2016-05-13,9435,2014-09-22,1205,015026,,1,1,7,1005,0,1,3,,2,105,"RT 99","ASHLAN AV",1870.00,S,N,A,-,Y,FRE,6,99,-,-,26.200,H,-,N,Y,4,0,1,2,A,-,07,21658,A,N,C,C,A,A,H,-,A,D,1,,,,Y,Y,,A,01,0,0,1,0,0,0,0,0,0,"- ","- ",,,FRESNO,FRESNO,-119.86029662,36.790937300000003
6656978,2014,2016-01-15,9435,2014-09-24,0715,015026,,3,1,9,1000,0,3,5,,2,010,"SHEILDS AV","GRANTLAND AV",0.00,,Y,A,-,N,,,,,,,,,,N,3,0,1,3,A,-,09,21800,A,N,D,C,A,A,H,-,A,A,0,,,,,Y,,A,01,0,1,0,0,0,0,0,0,0,"- ","- ",,,FRESNO,UNINCORPORATED,-119.91631992000001,36.77889004
6656986,2014,2014-11-10,9435,2014-09-28,0800,015095,,7,1,9,1000,0,3,5,,2,034,"RAINBOW AV","RIVERBEND AV",2640.00,W,N,B,-,N,,,,,,,,,,Y,3,0,1,1,A,-,01,23152,A,N,E,I,A,B,H,-,A,D,0,,,,,Y,Y,D,22,0,1,0,0,0,0,0,0,0,"- ","- ",36.723190000000002,-119.51962,FRESNO,UNINCORPORATED,-119.51947165999999,36.723146569999997
6656994,2014,2014-11-10,9435,2014-09-28,2035,018934,,7,2,9,1000,0,3,5,,2,020,"MANNING AV","MCMULLIN GRADE",0.00,,Y,A,-,N,,,,,,,,,,Y,4,0,3,2,A,-,09,21802,A,N,D,C,A,A,H,-,D,A,0,,,,,Y,,D,22,0,0,3,0,0,0,0,0,0,"- ","- ",36.603859999999997,-120.04331000000001,FRESNO,UNINCORPORATED,-120.04328995,36.603870110000003
6656998,2014,2014-11-10,9435,2014-09-25,1735,018746,,4,2,9,1000,0,3,5,,2,025,"SHEPHERD AV","DEWITT AV",200.00,W,N,A,-,N,,,,,,,,,,Y,4,0,2,3,A,-,03,22350,,N,C,C,A,A,H,-,B,D,0,,,,,Y,,A,01,0,0,2,0,0,0,0,0,0,"- ","- ",36.866680000000002,-119.70742,FRESNO,UNINCORPORATED,-119.70719319,36.866554489999999
6657002,2014,2014-11-10,9435,2014-09-27,1550,018746,,6,2,9,1000,0,3,5,,2,025,"MCKINLEY AV","DEWOLF AV",0.00,,Y,A,-,N,,,,,,,,,,Y,4,0,2,2,A,-,09,21802,A,N,D,C,A,A,H,-,A,A,0,,,,,Y,,A,08,0,0,2,0,0,0,0,0,0,"- ","- ",36.764780000000002,-119.64603,FRESNO,UNINCORPORATED,-119.64598991,36.764760029999998
6657037,2014,2014-11-10,9435,2014-09-28,1420,018883,,7,2,9,1000,0,3,5,,2,034,"CHESTNUT AV","NORTH AV",25.00,N,N,A,-,N,,,,,,,,,,Y,4,0,1,2,A,-,03,22350,,N,C,C,A,A,H,-,A,A,0,,,,,Y,,A,07,0,0,1,0,0,0,0,0,0,"- ","- ",36.692279999999997,-119.73666,FRESNO,UNINCORPORATED,-119.73659918,36.692528619999997