CASE_ID,ACCIDENT_YEAR,PROC_DATE,JURIS,COLLISION_DATE,COLLISION_TIME,OFFICER_ID,REPORTING_DISTRICT,DAY_OF_WEEK,CHP_SHIFT,POPULATION,CNTY_CITY_LOC,SPECIAL_COND,BEAT_TYPE,CHP_BEAT_TYPE,CITY_DIVISION_LAPD,CHP_BEAT_CLASS,BEAT_NUMBER,PRIMARY_RD,SECONDARY_RD,DISTANCE,DIRECTION,INTERSECTION,WEATHER_1,WEATHER_2,STATE_HWY_IND,CALTRANS_COUNTY,CALTRANS_DISTRICT,STATE_ROUTE,ROUTE_SUFFIX,POSTMILE_PREFIX,POSTMILE,LOCATION_TYPE,RAMP_INTERSECTION,SIDE_OF_HWY,TOW_AWAY,COLLISION_SEVERITY,NUMBER_KILLED,NUMBER_INJURED,PARTY_COUNT,PRIMARY_COLL_FACTOR,PCF_CODE_OF_VIOL,PCF_VIOL_CATEGORY,PCF_VIOLATION,PCF_VIOL_SUBSECTION,HIT_AND_RUN,TYPE_OF_COLLISION,MVIW,PED_ACTION,ROAD_SURFACE,ROAD_COND_1,ROAD_COND_2,LIGHTING,CONTROL_DEVICE,CHP_ROAD_TYPE,PEDESTRIAN_ACCIDENT,BICYCLE_ACCIDENT,MOTORCYCLE_ACCIDENT,TRUCK_ACCIDENT,NOT_PRIVATE_PROPERTY,ALCOHOL_INVOLVED,STWD_VEHTYPE_AT_FAULT,CHP_VEHTYPE_AT_FAULT,COUNT_SEVERE_INJ,COUNT_VISIBLE_INJ,COUNT_COMPLAINT_PAIN,COUNT_PED_KILLED,COUNT_PED_INJURED,COUNT_BICYCLIST_KILLED,COUNT_BICYCLIST_INJURED,COUNT_MC_KILLED,COUNT_MC_INJURED,PRIMARY_RAMP,SECONDARY_RAMP,LATITUDE,LONGITUDE,COUNTY,CITY,POINT_X,POINT_Y
6678059,2014,2016-02-10,1005,2014-06-20,1819,P904,NWC,5,5,7,1005,0,0,0,,0,1946,"CORNELIA AV","GRIFFITH WY",0.00,,Y,A,-,N,,,,,,,,,,Y,1,1,1,2,A,-,09,21801,A,N,D,C,A,A,H,-,A,D,0,,,Y,,Y,,A,01,0,1,0,0,0,0,0,1,0,"- ","- ",,,FRESNO,FRESNO,-119.88038994999999,36.790300029999997
6678060,2014,2016-02-10,1005,2014-06-28,2255,P1298,SW,6,5,7,1005,0,0,0,,0,2356,"BLACKSTONE AV","MCKINLEY AV",363.00,S,N,A,-,N,,,,,,,,,,N,1,1,0,2,A,-,03,22350,,F,G,B,D,A,H,-,C,D,0,Y,,,,Y,,-,,0,0,0,1,0,0,0,0,0,"- ","- ",,,FRESNO,FRESNO,-119.79064013999999,36.764103779999999
6678061,2014,2016-02-10,1005,2014-08-14,0655,P731,NEC,4,5,7,1005,0,0,0,,0,1356,"HERNDON AV","FRESNO ST",0.00,,Y,A,-,N,,,,,,,,,,Y,1,1,7,5,A,-,01,23152,,N,D,C,A,A,H,-,A,A,0,,,,,Y,,A,07,1,2,4,0,0,0,0,0,0,"- ","- ",,,FRESNO,FRESNO,-119.78128992000001,36.837550069999999
6678062,2014,2016-02-10,1005,2014-08-18,0931,P904,NEH,1,5,7,1005,0,0,0,,0,2264,"CLINTON WY","FINE AV",0.00,,Y,A,-,N,,,,,,,,,,Y,1,1,0,2,A,-,03,22350,,N,A,C,A,A,H,-,A,D,0,,,Y,Y,Y,,C,02,0,0,0,0,0,0,0,1,0,"- ","- ",,,FRESNO,FRESNO,-119.72686999,36.772280019999997
6678063,2014,2016-02-10,1005,2014-08-19,1325,P927,NW,2,5,7,1005,0,0,0,,0,1649,"SHAW AV","FELAND AV",18.00,W,N,A,-,N,,,,,,,,,,N,1,1,0,2,A,-,10,21950,A,N,G,B,D,A,H,-,A,A,0,Y,,,,Y,,A,01,0,0,0,1,0,0,0,0,0,"- ","- ",,,FRESNO,FRESNO,-119.84936145,36.808389849999998
6678064,2014,2016-02-10,1005,2014-09-03,1954,P731,4C,3,5,7,1005,0,0,0,,0,1356,"BLACKSTONE AV","BEECHWOOD AV",70.00,N,N,A,-,N,,,,,,,,,,Y,1,1,0,2,A,-,11,21954,A,N,G,B,D,A,H,-,C,D,0,Y,,,,Y,,N,60,0,0,0,1,0,0,0,0,0,"- ","- ",,,FRESNO,FRESNO,-119.79039541,36.838852090000003
6678065,2014,2016-02-10,1005,2014-10-03,0941,P731,2755,5,5,7,1005,0,0,0,,0,01G,"FRESNO ST","F ST",0.00,,Y,A,-,N,,,,,,,,,,Y,1,1,0,2,A,-,09,21801,A,N,D,C,A,A,H,-,A,A,0,,,Y,Y,Y,,G,25,0,0,0,0,0,0,0,1,0,"- ","- ",,,FRESNO,FRESNO,-119.79719985,36.732520100000002
6678067,2015,2016-02-10,1005,2015-03-04,1004,P731,2057,3,5,7,1005,0,0,0,,0,04F,"DAKOTA AV","1ST ST",310.00,E,N,A,-,N,,,,,,,,,,N,1,1,0,2,A,-,03,22350,,N,G,B,E,A,H,-,A,D,0,Y,,,,Y,,A,07,0,0,0,1,0,0,0,0,0,"- ","- ",,,FRESNO,FRESNO,-119.77148214,36.78681796
6678068,2015,2016-02-10,1005,2015-03-20,1939,P1070,2657,5,5,7,1005,0,0,0,,0,01C,"1ST ST","PLATT AV",133.00,N,N,A,-,N,,,,,,,,,,Y,1,1,0,2,A,-,11,21954,A,N,G,B,D,A,H,-,E,A,0,Y,,,,Y,,N,60,0,0,0,1,0,0,0,0,0,"- ","- ",,,FRESNO,FRESNO,-119.77244,36.742205069999997
6678069,2015,2016-02-11,1005,2015-04-02,1927,P731,2060,4,5,7,1005,0,0,0,,0,04H,"CEDAR AV","DAYTON AV",400.00,S,N,A,-,N,,,,,,,,,,Y,1,1,1,2,A,-,01,23152,A,N,G,B,D,A,A,-,B,D,0,Y,,,,Y,,A,01,0,1,0,1,0,0,0,0,0,"- ","- ",,,FRESNO,FRESNO,-119.75445999999999,36.781922090000002
6678070,2015,2016-02-11,1005,2015-04-03,1355,P731,2257,5,5,7,1005,0,0,0,,0,04G,"CLINTON AV","FRESNO ST",170.00,W,N,A,-,N,,,,,,,,,,N,1,1,0,3,A,-,07,21658,,N,F,A,A,A,H,-,A,A,0,,,Y,,Y,,A,01,0,0,0,0,0,0,0,1,0,"- ","- ",,,FRESNO,FRESNO,-119.78211967999999,36.772286559999998
6678071,2015,2016-02-11,1005,2015-05-17,0204,P1070,2757,7,5,7,1005,0,0,0,,0,01G,"GOLDEN STATE BL","41 HWY",0.00,,Y,B,-,N,,,,,,,,,,Y,1,1,0,1,A,-,01,23152,B,N,E,I,A,A,H,-,D,D,0,,,,,Y,Y,D,22,0,0,0,0,0,0,0,0,0,"- ","- ",,,FRESNO,FRESNO,-119.78547989,36.722520109999998
6678072,2015,2016-02-11,1005,2015-06-03,1702,P1298,NW,3,5,7,1005,0,0,0,,0,1247,"HERNDON AV","BRAWLEY AV",272.00,E,N,A,-,N,,,,,,,,,,Y,1,1,0,1,A,-,01,23152,A,N,E,I,A,A,D,-,A,D,0,,,,,Y,Y,D,22,0,0,0,0,0,0,0,0,0,"- ","- ",,,FRESNO,FRESNO,-119.8615211,36.837319999999998
6678073,2015,2016-02-11,1005,2015-06-05,0626,P1298,NW,5,5,7,1005,0,0,0,,0,H2155,"SHIELDS AV","BLACKSTONE AV",30.00,W,N,A,-,N,,,,,,,,,,Y,1,1,1,3,A,-,01,23152,E,N,D,C,A,A,H,-,B,A,0,,,,,Y,,A,01,0,0,1,0,0,0,0,0,0,"- ","- ",,,FRESNO,FRESNO,-119.79074237,36.779749879999997
6678074,2015,2016-02-11,1005,2015-06-13,1705,P1070,1656,6,5,7,1005,0,0,0,,0,04D,"FRESNO ST","SAN JOSE AV",93.00,N,N,A,-,N,,,,,,,,,,N,1,1,0,2,A,-,08,22107,,F,D,G,A,A,H,-,A,D,0,,Y,,,Y,,L,04,0,0,0,0,0,1,0,0,0,"- ","- ",,,FRESNO,FRESNO,-119.78136000000001,36.812395279999997
6678075,2015,2016-02-11,1005,2015-07-16,1645,P731,1843,4,5,7,1005,0,0,0,,0,02C,"ASHLAN AV","HAYES AV",29.00,E,N,A,-,N,,,,,,,,,,Y,1,1,1,2,A,-,01,23152,E,N,C,C,A,A,H,-,A,A,0,,,Y,,Y,,C,02,0,0,1,0,0,0,0,1,0,"- ","- ",,,FRESNO,FRESNO,-119.89830102000001,36.793530439999998
6678076,2015,2016-02-11,1005,2015-07-20,1156,P731,2360,1,5,7,1005,0,0,0,,0,03C,"CEDAR AV","FLORADORA AV",0.00,,Y,A,-,N,,,,,,,,,,N,1,1,0,2,A,-,03,22350,,F,G,B,D,A,H,-,A,A,0,Y,,,,Y,,D,22,0,0,0,1,0,0,0,0,0,"- ","- ",,,FRESNO,FRESNO,-119.75450999,36.761430019999999
6678240,2017,2018-01-31,1007,2017-03-21,2259,I066,,2,5,2,1007,0,0,0,,0,0KE,"WHITESBRIDGE RD","VINELAND AV",0.00,,N,A,-,Y,FRE,6,180,-,-,42.930,H,-,E,Y,1,1,1,1,A,-,17,21658,,N,A,I,A,A,H,-,C,D,0,,,,,Y,,-,,0,1,0,0,0,0,0,0,0,"- ","- ",,,FRESNO,KERMAN,-120.05479281,36.734952219999997
6678275,2014,2015-07-21,9435,2014-09-04,1955,17052,,4,2,9,1000,0,3,5,,2,025,"FRIANT RD","WILLOW AV",8976.00,N,N,A,-,N,,,,,,,,,,Y,1,1,0,1,A,-,08,22107,,N,F,A,A,A,H,-,D,D,0,,,,,Y,,A,01,0,0,0,0,0,0,0,0,0,"- ","- ",36.947809999999997,-119.72960999999999,FRESNO,UNINCORPORATED,-119.73031783,36.94528313
6678283,2014,2016-01-14,9435,2014-09-06,0530,19422,,6,3,9,1000,0,3,5,,2,020,"MOUNT WHITNEY AV","GARFIELD AV",60.00,W,N,A,-,N,,,,,,,,,,N,1,1,0,2,A,-,11,21956,A,N,G,B,E,A,H,-,D,D,0,Y,,,,Y,,N,60,0,0,0,1,0,0,0,0,0,"- ","- ",36.430480000000003,-119.93257,FRESNO,UNINCORPORATED,-119.93237382,36.430438080000002
6678284,2014,2015-12-29,9435,2014-09-01,1622,17591,,1,2,9,1000,0,3,5,,2,020,"BRAWLEY AV","MOUNT WHITNEY AV",3181.00,S,N,A,-,N,,,,,,,,,,Y,1,1,0,1,A,-,01,23152,A,N,E,I,A,A,H,-,A,D,0,,,,,Y,Y,A,07,0,0,0,0,0,0,0,0,0,"- ","- ",36.422310000000003,-119.86915,FRESNO,UNINCORPORATED,-119.86914021,36.422077559999998
6678602,2014,2014-12-24,9435,2014-10-14,2010,018883,,2,2,9,1000,0,3,5,,2,040,"ACADEMY AV","HUNTSMAN AV",0.00,,Y,A,-,N,,,,,,,,,,Y,3,0,1,2,D,-,00,,,F,B,C,A,A,H,-,D,D,0,,,,,Y,,-,"- ",0,1,0,0,0,0,0,0,0,"- ","- ",36.58323,-119.55703,FRESNO,UNINCORPORATED,-119.55694986,36.5832701
6678618,2014,2016-07-01,9435,2014-10-16,0650,015026,,4,1,9,1000,0,1,3,,1,180,"RT 180","HAYES AV",0.00,,Y,A,-,Y,FRE,6,180,-,-,51.590,I,5,E,N,4,0,1,2,A,-,09,21802,A,N,A,C,A,A,H,-,A,A,0,,,,,Y,,D,22,0,0,1,0,0,0,0,0,0,"- ","- ",,,FRESNO,UNINCORPORATED,-119.89874222,36.735400159999998
6678690,2014,2014-12-30,9435,2014-10-17,2120,19603,,5,2,9,1000,0,3,5,,2,040,"PEACH AV","VINE AV",50.00,N,N,A,-,N,,,,,,,,,,Y,3,0,1,2,A,-,09,21802,A,N,D,C,A,A,H,-,C,A,0,,,,Y,Y,,G,25,0,1,0,0,0,0,0,0,0,"- ","- ",36.704050000000002,-119.71854,FRESNO,UNINCORPORATED,-119.71843101,36.704167239999997
6678698,2014,2014-11-14,9435,2014-09-29,0745,11603,,1,1,9,1000,0,3,5,,2,020,"BETHEL AV","CLARKSON AV",0.00,,Y,A,-,N,,,,,,,,,,Y,4,0,2,2,A,-,09,21802,A,N,D,C,A,A,H,-,A,A,0,,,,,Y,,D,22,0,0,2,0,0,0,0,0,0,"- ","- ",36.50356,-119.57632,FRESNO,UNINCORPORATED,-119.57513985999999,36.50345008
6679129,2014,2014-12-22,9435,2014-10-21,0915,15026,,2,1,7,1005,0,1,3,,2,105,"RT 99","MCKINLEY AV",600.00,S,N,A,-,Y,,,,,,,,,,N,4,0,1,2,A,-,03,22350,,N,C,C,A,A,H,-,A,D,0,,,,,Y,,A,01,0,0,1,0,0,0,0,0,0,"- ","- ",,,FRESNO,FRESNO,-119.83337361,36.763223289999999
6679133,2014,2014-12-22,9435,2014-10-04,1645,17630,,6,2,9,1000,0,3,5,,2,010,"GRANTLAND AV","BELMONT AV",0.00,,Y,A,-,N,,,,,,,,,,Y,4,0,2,2,A,-,09,21802,A,N,D,C,A,A,H,-,A,A,0,,,,,Y,,A,07,0,0,2,0,0,0,0,0,0,"- ","- ",36.749789999999997,-119.9162,FRESNO,UNINCORPORATED,-119.91618986,36.749860040000002
6679137,2014,2014-12-22,9435,2014-10-21,1804,17088,,2,2,9,1000,0,3,5,,2,060,"CRAWFORD AV","DINUBA AV",0.00,,Y,A,-,N,,,,,,,,,,Y,4,0,1,2,A,-,12,22450,A,N,D,C,A,A,H,-,B,A,0,,,,,Y,,A,01,0,0,1,0,0,0,0,0,0,"- ","- ",36.388829999999999,-119.37678,FRESNO,UNINCORPORATED,-119.37683993,36.589179999999999
6679189,2014,2016-07-01,9435,2014-10-14,0505,18944,,2,3,7,1005,0,1,3,,2,181,"RT 180","ABBY ST",500.00,E,N,A,-,Y,FRE,6,180,-,R,58.030,H,-,W,Y,4,0,1,2,A,-,03,22350,,N,C,C,A,A,D,-,D,D,1,,,,,Y,,A,01,0,0,1,0,0,0,0,0,0,"- ","- ",36.752479999999998,-119.78887,FRESNO,FRESNO,-119.78752754,36.752739040000002
6679193,2014,2014-12-22,9435,2014-10-04,2213,18609,,6,3,7,1005,0,1,3,,1,168,"RT 168","ASHLAN AV",200.00,S,N,A,-,Y,,,168,,,,,,,Y,3,0,1,1,A,-,01,23152,A,N,E,I,A,A,H,-,C,D,0,,,,,Y,Y,A,01,0,1,0,0,0,0,0,0,0,"- ","- ",36.793550000000003,-119.74768,FRESNO,FRESNO,-119.74765485,36.79353579
6679197,2014,2016-07-01,9435,2014-10-20,1325,18883,,1,1,7,1005,0,1,3,,2,181,"RT 180","ABBY ST",76.00,E,N,A,-,Y,FRE,6,180,-,R,57.950,H,-,E,Y,4,0,1,1,A,-,08,22107,,N,F,A,A,A,H,-,A,D,1,,,,,Y,,A,01,0,0,1,0,0,0,0,0,0,"- ","- ",36.752130000000001,-119.78872,FRESNO,FRESNO,-119.78893383,36.752184010000001
6679458,2014,2016-04-08,1003,2014-05-08,1551,F039,,4,5,2,1003,0,0,0,,0,0FI,"12TH ST","N ST",0.00,,Y,A,-,Y,FRE,6,33,-,-,70.193,I,5,N,N,4,0,2,2,D,-,00,,,N,G,B,B,A,H,-,A,A,0,Y,,,,Y,Y,-,"- ",0,0,2,0,1,0,0,0,0,"- ","- ",,,FRESNO,FIREBAUGH,-120.45643981000001,36.857202999999998
6679510,2014,2016-04-08,1003,2014-04-01,0934,F010,FRBGH,2,5,2,1003,0,0,0,,0,0FI,"N ST",8TH,0.00,,Y,A,-,Y,FRE,6,33,-,-,70.557,I,5,N,N,3,0,1,2,A,-,09,21801,A,N,C,D,A,A,H,-,A,A,0,,,,,Y,,-,,0,1,0,0,0,0,0,0,0,"- ","- ",,,FRESNO,FIREBAUGH,-120.46077772,36.861308600000001
6679668,2014,2014-11-25,9495,2014-10-10,1700,019523,,5,2,9,1000,0,1,3,,1,014,"RT 269","JAYNE AV",0.00,,Y,A,-,Y,,,269,,,,,,,Y,4,0,1,4,A,-,03,22350,,N,C,C,A,A,H,-,A,D,0,,,,Y,Y,,G,25,0,0,1,0,0,0,0,0,0,"- ","- ",36.137889999999999,-120.10297,FRESNO,UNINCORPORATED,-120.10278237999999,36.13789628
6679676,2014,2015-01-06,9495,2014-10-07,0748,018253,,2,1,9,1000,0,3,5,,2,053,"PHELPS AV","CALAVERAS AV",0.00,,Y,A,-,N,,,,,,,,,,Y,2,0,1,3,A,-,12,22450,A,N,D,C,A,A,H,-,A,A,0,,,,Y,Y,,A,01,1,0,0,0,0,0,0,0,0,"- ","- ",36.151600000000002,-120.28324000000001,FRESNO,UNINCORPORATED,-120.28323994,36.151670060000001
6680022,2014,2014-12-23,9495,2014-10-14,1658,019453,,2,2,9,1000,0,3,5,,2,053,"JAYNE AV","EL DORADO AV",3708.00,,N,F,G,N,,,,,,,,,,Y,2,0,1,3,A,-,03,22350,,N,C,C,A,A,H,-,A,D,0,,,,,Y,,A,01,1,0,0,0,0,0,0,0,0,"- ","- ",36.081400000000002,-120.1323,FRESNO,UNINCORPORATED,-120.21050995,36.137450000000001
6680457,2014,2015-02-04,1015,2014-10-01,1854,N085,SELMA,3,5,3,1015,0,0,0,,0,003,2ND,"BAUDER ST",0.00,,Y,A,-,N,,,,,,,,,,Y,4,0,1,2,A,-,09,21801,A,N,B,C,A,A,H,-,C,D,0,,,,,Y,,-,,0,0,1,0,0,0,0,0,0,"- ","- ",,,FRESNO,SELMA,-119.61661997,36.563300009999999
6680913,2014,2014-12-18,9495,2014-10-10,1615,019523,,5,2,9,1000,0,1,1,,2,002,"RT 5",JEFFREY,3168.00,S,N,A,-,Y,,,,,,,,,,Y,3,0,4,2,A,-,03,22350,,N,C,C,A,A,H,-,A,D,0,,,,,Y,,A,01,0,1,3,0,0,0,0,0,0,"- ","- ",36.212400000000002,-120.1925,FRESNO,UNINCORPORATED,,
6681419,2014,2014-12-12,9435,2014-10-14,1350,019369,,2,1,9,1000,0,3,5,,2,010,"BELMONT AV","BRAWLEY AV",528.00,W,N,A,-,N,,,,,,,,,,Y,4,0,1,1,A,-,08,22107,,N,E,I,A,A,H,-,A,D,0,,,,,Y,,A,01,0,0,1,0,0,0,0,0,0,"- ","- ",36.749879999999997,-119.86523,FRESNO,UNINCORPORATED,-119.86383111000001,36.750000300000004
6681431,2014,2014-12-12,9435,2014-10-06,1445,018934,,1,2,9,1000,0,3,5,,2,010,"BROWNING AV","HARRISON AV",154.00,W,N,A,-,N,,,,,,,,,,N,4,0,1,2,A,-,11,21954,A,N,G,B,D,A,H,-,A,D,0,Y,,,,Y,,N,60,0,0,1,0,1,0,0,0,0,"- ","- ",36.819270000000003,-119.81188,FRESNO,UNINCORPORATED,-119.81174575,36.819214649999999
6681439,2014,2014-12-12,9435,2014-10-04,0950,013182,,6,1,9,1000,0,3,5,,2,030,"TRIMMER SPRINGS RD","SUNNYSLOPE RD",7392.00,E,N,A,-,N,,,,,,,,,,Y,2,0,1,1,A,-,03,22350,,N,F,A,A,A,H,-,A,D,0,,,Y,,Y,,C,02,1,0,0,0,0,0,0,0,1,"- ","- ",36.874780000000001,-119.34232,FRESNO,UNINCORPORATED,-119.34326255000001,36.875021799999999
6681480,2014,2015-03-16,9495,2014-10-10,1240,19205,,5,1,9,1000,0,3,5,,2,051,"SAN MATEO AV","CLARKSON AV",0.00,,Y,A,-,N,,,,,,,,,,Y,2,0,3,2,A,-,12,22450,A,N,D,C,A,A,H,-,A,A,0,,,,Y,Y,,D,22,2,0,1,0,0,0,0,0,0,"- ","- ",36.501330000000003,-120.31648,FRESNO,UNINCORPORATED,-120.31624986,36.501300090000001
6681580,2014,2014-12-29,9495,2014-10-18,0540,19962,,6,3,9,1000,0,1,1,,2,002,"RT 5","RT 198",1584.00,N,N,A,-,Y,,,5,,,,,,,Y,3,0,3,1,A,-,08,22107,,N,F,A,A,A,H,-,D,D,0,,,,,Y,,A,01,0,2,1,0,0,0,0,0,0,"- ","- ",36.262639999999998,-120.24892,FRESNO,UNINCORPORATED,-120.24897051000001,36.262608069999999
6686592,2014,2014-12-02,9495,2014-10-23,1944,018639,,4,2,9,1000,0,3,5,,2,053,"JAYNE AV","RT 5",0.00,,Y,A,-,Y,,,,,,,,,,Y,4,0,2,2,A,-,03,22350,,N,D,C,A,A,H,-,C,D,0,,,,Y,Y,,A,01,0,0,2,0,0,0,0,0,0,"- ","- ",36.137549999999997,-120.15638,FRESNO,UNINCORPORATED,-120.15910989,36.137760049999997
6686915,2014,2014-12-05,9461,2014-10-25,1310,17329,,6,1,9,1000,0,1,1,,2,305,"RT 5","RUSSELL AV",0.00,,Y,B,-,Y,,,,,,,,,,Y,4,0,1,1,D,-,00,,,N,E,I,A,A,H,-,A,A,0,,,,Y,Y,,-,"- ",0,0,1,0,0,0,0,0,0,TO,"- ",,,FRESNO,UNINCORPORATED,-119.69406986,36.823960059999997
6687061,2014,2014-12-22,9461,2014-10-19,1700,018928,,7,2,9,1000,0,1,1,,2,305,"RT 5","SHIELDS AV",1000.00,N,N,A,-,Y,,,,,,,,,,Y,3,0,1,2,A,-,07,21658,A,N,B,C,A,A,H,-,A,D,0,,,,,Y,,A,07,0,1,0,0,0,0,0,0,0,"- ","- ",,,FRESNO,UNINCORPORATED,,
6687067,2014,2014-12-22,9461,2014-10-17,1800,017029,,5,2,9,1000,0,2,4,,1,310,"RUSSELL AV","NEES AV",6864.00,N,N,B,-,N,,,,,,,,,,N,3,0,1,1,A,-,08,22107,,N,F,A,A,A,H,-,B,D,0,,,,,Y,,A,07,0,1,0,0,0,0,0,0,0,"- ","- ",36.869790000000002,-120.65398999999999,FRESNO,UNINCORPORATED,-120.65408133,36.869529679999999
6688384,2015,2017-01-14,9435,2015-07-12,0730,17310,,7,1,9,1000,0,1,3,,1,168,"RT 168","SHEPHERD AV",55.00,E,N,A,-,Y,FRE,6,168,-,-,14.850,H,-,E,Y,2,0,6,2,A,-,06,21755,,N,B,C,A,A,H,-,A,D,0,,,,,Y,,A,01,3,3,0,0,0,0,0,0,0,"- ","- ",36.867730000000002,-119.56478,FRESNO,UNINCORPORATED,-119.56558095,36.86718681
6688974,2014,2014-12-22,1012,2014-10-15,0103,L057,REEDL,3,5,3,1012,0,0,0,,0,002,"FRANKWOOD AV","DINUBA AV",9.00,S,N,A,-,N,,,,,,,,,,N,4,0,2,2,A,-,09,21802,A,N,C,C,A,A,H,-,D,A,0,,,,,Y,,-,,0,0,2,0,0,0,0,0,0,"- ","- ",,,FRESNO,REEDLEY,-119.44871000000001,36.589685299999999
6688978,2014,2014-12-22,1012,2014-10-09,1705,L057,REEDL,4,5,3,1012,0,0,0,,0,001,"I ST","7TH ST",12.00,S,N,A,-,N,,,,,,,,,,N,4,0,1,2,A,-,09,21802,A,N,C,C,A,A,H,-,A,A,0,,,,,Y,,-,,0,0,1,0,0,0,0,0,0,"- ","- ",,,FRESNO,REEDLEY,-119.45728312999999,36.598855200000003
6689162,2014,2014-12-22,9495,2014-10-17,1710,019734,,5,2,9,1000,0,1,1,,2,002,"MOUNT WHITNEY AV","BISHOP AV",0.00,,Y,A,-,N,,,,,,,,,,Y,4,0,1,2,A,-,09,21802,A,N,D,C,A,A,H,-,D,D,0,,,,,Y,,A,01,0,0,1,0,0,0,0,0,0,"- ","- ",36.429969999999997,-120.01318999999999,FRESNO,UNINCORPORATED,-120.01327992,36.429940019999997
6689252,2014,2014-12-02,9435,2014-10-26,2110,017591,,7,2,2,1008,0,1,3,,2,107,"RT 99","SIERRA ST",20.00,N,N,A,-,Y,,,99,,,,,,,Y,4,0,1,2,A,-,03,22350,,N,C,C,A,A,D,-,C,D,0,,,,,Y,,A,01,0,0,1,0,0,0,0,0,0,"- ","- ",36.519599999999997,-119.56204,FRESNO,KINGSBURG,-119.56254819,36.518969149999997
6689280,2014,2014-12-03,9435,2014-10-15,1320,012846,,3,1,7,1005,0,1,3,,1,168,"RT 168","ASHLAN AV",700.00,W,N,A,-,Y,,,,,,,,,,Y,3,0,2,2,A,-,08,22107,,N,E,I,A,A,H,-,A,D,0,,,,,Y,,D,22,0,1,1,0,0,0,0,0,0,"- ","- ",,,FRESNO,FRESNO,-119.7481021,36.792646910000002
6689281,2014,2016-07-01,9435,2014-10-25,1535,016507,,6,2,9,1000,0,1,3,,2,184,"RT 180","ELWOOD RD",0.00,,Y,A,-,Y,FRE,6,180,-,-,90.700,I,5,E,Y,4,0,2,2,A,-,03,22350,,N,C,C,A,A,H,-,A,D,0,,,,,Y,,D,22,0,0,2,0,0,0,0,0,0,"- ","- ",36.74353,-119.23586,FRESNO,UNINCORPORATED,-119.23587317,36.743505040000002
6689285,2014,2014-12-08,9435,2014-10-24,1515,014650,,5,2,9,1000,0,3,5,,2,040,"BETHEL AV","KAMM AV",1584.00,N,N,A,-,N,,,,,,,,,,Y,4,0,1,2,A,-,06,21755,,N,B,C,A,A,H,-,A,D,0,,,,Y,Y,,A,01,0,0,1,0,0,0,0,0,0,"- ","- ",36.538620000000002,-119.57517,FRESNO,UNINCORPORATED,-119.57527795,36.536514429999997
6689313,2014,2014-12-05,9435,2014-10-17,1315,014650,,5,1,9,1000,0,3,5,,2,015,"LINCOLN AV","CORNELIA AV",0.00,,Y,A,-,N,,,,,,,,,,Y,3,0,2,3,A,-,09,21802,A,N,D,C,A,A,H,-,A,A,0,,,,Y,Y,,A,01,0,1,1,0,0,0,0,0,0,"- ","- ",36.648470000000003,-119.88082,FRESNO,UNINCORPORATED,-119.88053992,36.64838005
6689317,2014,2014-11-18,9435,2014-10-16,1845,018912,,4,2,9,1000,0,3,5,,2,034,"AMERICAN AV","LEONARD AV",0.00,,Y,A,-,N,,,,,,,,,,Y,3,0,1,2,A,-,01,23152,A,N,D,C,A,A,H,-,B,A,0,,,,,Y,Y,A,01,0,1,0,0,0,0,0,0,0,"- ","- ",36.663429999999998,-119.63741,FRESNO,UNINCORPORATED,-119.63695995,36.663420070000001
6691524,2014,2016-03-21,9435,2014-10-24,1745,019032,,5,2,9,1000,0,3,5,,2,030,"ASHLAN AV","JUDY AV",20.00,E,N,A,-,N,,,,,,,,,,Y,4,0,1,2,A,-,03,22350,,N,C,C,A,A,H,-,B,D,0,,,,,Y,,D,22,0,0,1,0,0,0,0,0,0,"- ","- ",36.79327,-119.69947999999999,FRESNO,UNINCORPORATED,-119.69933174000001,36.79318
6691528,2014,2014-11-19,9435,2014-10-25,1105,014479,,6,1,9,1000,0,3,5,,2,025,"FOWLER AV","BEHYMER AV",0.00,,Y,A,-,N,,,,,,,,,,N,4,0,1,2,A,-,09,21802,A,N,D,C,A,A,H,-,A,A,0,,,,,Y,,A,01,0,0,1,0,0,0,0,0,0,"- ","- ",36.880670000000002,-119.68403000000001,FRESNO,UNINCORPORATED,-119.68395992000001,36.8810401
6691536,2014,2014-12-09,9435,2014-10-24,1210,012846,,5,1,9,1000,0,3,5,,2,025,"LEONARD AV","SHAW AV",0.00,,Y,A,-,N,,,,,,,,,,Y,3,0,1,2,A,-,09,21802,A,N,D,C,A,A,H,-,A,A,0,,,,,Y,,A,01,0,1,0,0,0,0,0,0,0,"- ","- ",,,FRESNO,UNINCORPORATED,-119.6369899,36.80831002
6691544,2014,2014-11-18,9435,2014-10-26,1120,017138,,7,1,9,1000,0,3,5,,2,034,"CENTRAL AV","MCCALL AV",2640.00,W,N,A,-,N,,,,,,,,,,Y,4,0,1,2,A,-,03,22350,,N,C,C,A,A,H,-,A,D,0,,,,,Y,,A,08,0,0,1,0,0,0,0,0,0,"- ","- ",36.677790000000002,-119.61856,FRESNO,UNINCORPORATED,-119.61944493999999,36.677712579999998
6691560,2014,2016-07-01,9435,2014-10-22,0710,012846,,3,1,7,1005,0,1,3,,2,182,"RT 180","CHESTNUT AV",460.00,W,N,A,-,Y,FRE,6,180,-,R,60.693,R,1,W,Y,4,0,2,3,A,-,03,22350,,N,C,C,A,A,H,-,A,A,1,,,,,Y,,A,01,0,0,2,0,0,0,0,0,0,"- ","- ",,,FRESNO,FRESNO,-119.73984154999999,36.755134050000002
6691564,2014,2016-07-01,9435,2014-10-23,1216,015026,,4,1,7,1005,0,1,3,,1,183,"RT 180","CLOVIS AV",786.00,E,N,A,-,Y,FRE,6,180,-,R,63.040,H,-,E,Y,4,0,1,2,A,-,03,22350,,N,C,C,A,A,H,-,A,D,0,,,,,Y,,D,22,0,0,1,0,0,0,0,0,0,"- ","- ",,,FRESNO,FRESNO,-119.69760848999999,36.752682380000003
6691568,2014,2014-11-18,9435,2014-10-01,0920,014547,,3,1,9,1000,0,3,5,,2,010,"JAMESON AV","BARSTOW AV",0.00,,Y,A,-,N,,,,,,,,,,Y,3,0,3,3,A,-,09,21802,A,N,D,C,A,A,H,-,A,D,0,,,,,Y,,A,01,0,1,2,0,0,0,0,0,0,"- ","- ",,,FRESNO,UNINCORPORATED,-119.98845987,36.814970019999997