CASE_ID,ACCIDENT_YEAR,PROC_DATE,JURIS,COLLISION_DATE,COLLISION_TIME,OFFICER_ID,REPORTING_DISTRICT,DAY_OF_WEEK,CHP_SHIFT,POPULATION,CNTY_CITY_LOC,SPECIAL_COND,BEAT_TYPE,CHP_BEAT_TYPE,CITY_DIVISION_LAPD,CHP_BEAT_CLASS,BEAT_NUMBER,PRIMARY_RD,SECONDARY_RD,DISTANCE,DIRECTION,INTERSECTION,WEATHER_1,WEATHER_2,STATE_HWY_IND,CALTRANS_COUNTY,CALTRANS_DISTRICT,STATE_ROUTE,ROUTE_SUFFIX,POSTMILE_PREFIX,POSTMILE,LOCATION_TYPE,RAMP_INTERSECTION,SIDE_OF_HWY,TOW_AWAY,COLLISION_SEVERITY,NUMBER_KILLED,NUMBER_INJURED,PARTY_COUNT,PRIMARY_COLL_FACTOR,PCF_CODE_OF_VIOL,PCF_VIOL_CATEGORY,PCF_VIOLATION,PCF_VIOL_SUBSECTION,HIT_AND_RUN,TYPE_OF_COLLISION,MVIW,PED_ACTION,ROAD_SURFACE,ROAD_COND_1,ROAD_COND_2,LIGHTING,CONTROL_DEVICE,CHP_ROAD_TYPE,PEDESTRIAN_ACCIDENT,BICYCLE_ACCIDENT,MOTORCYCLE_ACCIDENT,TRUCK_ACCIDENT,NOT_PRIVATE_PROPERTY,ALCOHOL_INVOLVED,STWD_VEHTYPE_AT_FAULT,CHP_VEHTYPE_AT_FAULT,COUNT_SEVERE_INJ,COUNT_VISIBLE_INJ,COUNT_COMPLAINT_PAIN,COUNT_PED_KILLED,COUNT_PED_INJURED,COUNT_BICYCLIST_KILLED,COUNT_BICYCLIST_INJURED,COUNT_MC_KILLED,COUNT_MC_INJURED,PRIMARY_RAMP,SECONDARY_RAMP,LATITUDE,LONGITUDE,COUNTY,CITY,POINT_X,POINT_Y
6732604,2014,2014-12-15,9435,2014-09-26,1140,012054,,5,1,9,1000,0,3,5,,2,034,"MCCALL AV","JEFFERSON AV",0.00,,Y,A,-,N,,,,,,,,,,Y,3,0,2,2,A,-,05,21752,D,N,B,C,A,A,H,-,A,A,0,,,,,Y,,A,07,0,1,1,0,0,0,0,0,0,"- ","- ",36.391399999999997,-119.3627,FRESNO,UNINCORPORATED,-119.61058989999999,36.656240029999999
6732626,2014,2015-01-16,1012,2014-11-18,2038,L017,REEDL,2,5,3,1012,0,0,0,,0,002,"DINUBA AV","REEDLEY TRL",0.00,,Y,A,-,N,,,,,,,,,,N,3,0,1,2,A,-,10,21950,C,F,G,B,C,A,H,-,C,D,0,Y,,,,Y,,-,,0,1,0,0,1,0,0,0,0,"- ","- ",,,FRESNO,REEDLEY,-119.42303896,36.589602470000003
6732630,2014,2016-03-21,1012,2014-11-07,1030,L013,REEDL,5,5,3,1012,0,0,0,,0,001,"I ST","8TH ST",0.00,,Y,A,-,N,,,,,,,,,,N,3,0,2,2,A,-,08,22107,,N,C,C,A,A,H,-,A,D,0,,,,,Y,,-,,0,1,1,0,0,0,0,0,0,"- ","- ",,,FRESNO,REEDLEY,-119.45625994,36.597850049999998
6732633,2014,2014-12-15,1007,2014-08-27,1226,1008,KRMAN,3,5,2,1007,0,0,0,,0,0KE,KEARNEY,"MADERA AV",132.00,E,N,A,-,N,,,,,,,,,,Y,4,0,1,3,A,-,03,22350,,N,C,C,A,A,H,-,A,A,0,,,,,Y,,-,,0,0,1,0,0,0,0,0,0,"- ","- ",,,FRESNO,KERMAN,-120.05982982,36.727632849999999
6733188,2014,2015-01-22,9495,2014-11-14,1525,016254,,5,2,9,1000,1,3,5,,2,053,"JAYNE AV","RT 33",10.00,W,N,A,-,Y,,,,,,,,,,N,4,0,1,2,A,-,12,22450,A,M,H,A,A,A,H,-,A,A,0,,,,,Y,,A,01,0,0,1,0,0,0,0,0,0,"- ","- ",36.136960000000002,-120.27194,FRESNO,UNINCORPORATED,-120.27178385000001,36.136999600000003
6733643,2014,2015-01-16,9495,2014-11-23,0559,18253,,7,3,9,1000,0,1,3,,1,013,"RT 145","COLUSA AV",0.00,,Y,A,-,Y,,,145,,,,,,,Y,4,0,2,2,A,-,09,21802,A,N,D,C,A,A,H,-,C,D,0,,,,,Y,,A,07,0,0,2,0,0,0,0,0,0,"- ","- ",36.356699999999996,-120.19374999999999,FRESNO,UNINCORPORATED,-120.19375574999999,36.356706189999997
6735054,2014,2015-02-06,9435,2014-01-04,1437,018860,,6,2,9,1000,0,1,3,,1,412,"RT 41","MOUNTAIN VIEW AV",12.00,N,N,A,-,Y,,,,,,,,,,Y,3,0,3,2,A,-,03,22350,,N,C,C,A,A,H,-,A,D,0,,,,,Y,,A,01,0,1,2,0,0,0,0,0,0,"- ","- ",36.54965,-119.78400000000001,FRESNO,UNINCORPORATED,-119.78630986,36.547362939999999
6735058,2014,2015-02-06,9435,2014-12-17,0947,19610,,3,1,7,1005,0,1,3,,2,106,"RT 99","JENSEN AV",3168.00,N,N,B,-,Y,,,,,,,,,,Y,4,0,1,2,A,-,03,22350,,N,C,C,A,A,H,-,A,D,0,,,,,Y,,A,01,0,0,1,0,0,0,0,0,0,TO,"- ",36.719090000000001,-119.78446,FRESNO,FRESNO,-119.78093011,36.713736679999997
6735062,2014,2015-02-06,9435,2014-12-12,1701,18939,,5,2,7,1005,0,1,3,,2,410,"RT 41","MCKINLEY AV",3168.00,N,N,C,-,Y,,,,,,,,,,Y,4,0,2,4,A,-,03,22350,,N,C,C,A,B,H,-,D,D,0,,,,,Y,,A,01,0,0,2,0,0,0,0,0,0,"- ","- ",36.7714,-119.48472,FRESNO,FRESNO,-119.78154000000001,36.767859999999999
6735066,2014,2015-02-06,9435,2014-11-28,0455,17579,,5,3,9,1000,0,3,5,,2,040,"MOUNTAIN VIEW AV","BETHEL AV",2112.00,E,N,B,-,N,,,,,,,,,,Y,3,0,1,2,A,-,06,21751,,N,A,C,A,A,H,-,D,D,0,,,,,Y,,A,01,0,1,0,0,0,0,0,0,0,"- ","- ",36.546930000000003,-119.56737,FRESNO,UNINCORPORATED,-119.5767944,36.546767940000002
6735070,2014,2015-02-06,9435,2014-12-22,0030,19603,,1,3,9,1000,0,3,5,,2,040,"S MILL DITCH AV","DINUBA AV",1500.00,N,N,B,-,N,,,,,,,,,,Y,3,0,1,1,A,-,08,22107,,M,F,A,A,B,H,-,D,D,0,,,,,Y,,A,01,0,1,0,0,0,0,0,0,0,"- ","- ",36.593249999999998,-119.59336,FRESNO,UNINCORPORATED,-119.59290862,36.594132109999997
6735074,2014,2015-02-06,9435,2014-12-19,1730,18883,,5,2,2,1008,0,1,3,,2,107,"RT 99","SIERRA AV",200.00,S,N,B,-,Y,,,,,,,,,,Y,4,0,1,3,A,-,03,22350,,N,C,C,A,A,D,-,D,D,0,,,,,Y,,A,07,0,0,1,0,0,0,0,0,0,"- ","- ",36.515430000000002,-119.55052999999999,FRESNO,KINGSBURG,,
6735362,2014,2015-02-18,9435,2014-12-13,0445,19603,,6,3,3,1015,0,1,3,,2,107,"RT 99","FLORAL AV",1000.00,N,N,B,-,Y,,,,,,,,,,Y,4,0,1,2,A,-,03,22350,,N,C,C,A,B,H,-,C,D,0,,,,Y,Y,Y,A,01,0,0,1,0,0,0,0,0,0,"- ","- ",34.581119999999999,-119.63491999999999,FRESNO,SELMA,-119.63220565,36.578705169999999
6735364,2014,2015-02-06,9435,2014-12-29,1230,15095,,1,1,9,1000,0,1,3,,2,107,"RT 99","FLORAL AV",1056.00,S,N,A,-,Y,,,,,,,,,,Y,4,0,2,2,A,-,03,22350,,N,C,C,A,A,H,-,A,D,0,,,,,Y,,D,22,0,0,2,0,0,0,0,0,0,"- ","- ",36.572290000000002,-119.62468,FRESNO,UNINCORPORATED,-119.62875,36.575569999999999
6735366,2014,2015-02-06,9435,2014-12-16,2044,19734,,2,2,9,1000,0,3,5,,2,040,"MENDOCINO AV","MOUNTAIN VIEW AV",0.00,,Y,A,-,N,,,,,,,,,,Y,4,0,1,2,A,-,09,21801,A,N,D,C,A,B,H,-,D,A,0,,,,,Y,,A,08,0,0,1,0,0,0,0,0,0,"- ","- ",36.546869999999998,-119.548,FRESNO,UNINCORPORATED,-119.54799991,36.546840009999997
6735367,2014,2015-02-06,9435,2014-12-16,1428,15106,,2,2,7,1005,0,1,3,,2,410,"RT 41","DAKOTA AV",700.00,S,N,A,-,Y,,,,,,,,,,N,4,0,1,3,A,-,03,22350,,N,C,C,A,A,H,-,A,D,0,,,,,Y,,D,22,0,0,1,0,0,0,0,0,0,"- ","- ",,,FRESNO,FRESNO,-119.78460031,36.784910609999997
6735370,2014,2015-02-06,9435,2014-12-12,1457,17630,,5,2,7,1005,0,1,3,,2,105,"RT 99","CLINTON AV",5808.00,N,N,C,-,Y,,,99,,,,,,,Y,4,0,1,3,A,-,03,22350,,N,E,I,A,B,H,-,A,D,0,,,,,Y,,A,07,0,0,1,0,0,0,0,0,0,FR,"- ",36.777430000000003,-119.84408999999999,FRESNO,FRESNO,-119.84400784,36.777518489999999
6735374,2014,2015-02-17,9435,2014-12-12,0945,019789,,5,1,7,1005,0,1,3,,2,105,"RT 99","OLIVE AV",535.00,S,N,C,-,Y,,,99,,,,,,,Y,4,0,1,2,A,-,07,21658,A,N,B,C,A,B,H,-,A,D,0,,,,Y,Y,,G,25,0,0,1,0,0,0,0,0,0,"- ","- ",36.75421,-119.82765000000001,FRESNO,FRESNO,-119.82768552,36.754188739999996
6735378,2014,2015-02-10,9435,2014-12-23,1115,014547,,2,1,7,1005,0,1,3,,2,410,"RT 41","ASHLAN AV",2640.00,N,N,A,-,Y,,,,,,,,,,Y,4,0,1,2,A,-,03,22350,,N,C,C,A,A,H,-,A,D,0,,,,,Y,,D,22,0,0,1,0,0,0,0,0,0,"- ","- ",,,FRESNO,FRESNO,-119.78545,36.801299999999998
6735379,2014,2016-07-01,9435,2014-12-10,1808,015106,,3,2,7,1005,0,1,3,,2,181,"RT 180","1ST ST",100.00,E,N,B,-,Y,FRE,6,180,-,R,58.880,H,-,W,N,2,0,1,2,A,-,11,21956,A,N,G,B,E,A,H,-,D,D,1,Y,,,,Y,,N,60,1,0,0,0,1,0,0,0,0,"- ","- ",,,FRESNO,FRESNO,-119.7723,36.754889550000001
6735380,2014,2015-02-06,9435,2014-12-21,2200,19603,,7,3,9,1000,0,3,5,,2,040,"MANNING AV","LAC JAC AV",200.00,E,N,B,C,N,,,,,,,,,,Y,3,0,1,1,A,-,03,22350,,N,E,I,A,B,H,-,C,D,0,,,,,Y,,D,22,0,1,0,0,0,0,0,0,0,"- ","- ",36.664299999999997,-119.48344,FRESNO,UNINCORPORATED,-119.48380923000001,36.604387359999997
6735386,2014,2015-02-06,9435,2014-12-04,2015,17052,,4,2,7,1005,0,1,3,,2,410,"RT 41","SHIELDS AV",1056.00,N,N,A,-,Y,,,41,,,,,,,N,4,0,1,2,A,-,01,23152,F,F,C,C,A,A,H,-,D,D,0,,,,,Y,,A,01,0,0,1,0,0,0,0,0,0,"- ","- ",36.784730000000003,-119.78473,FRESNO,FRESNO,-119.78461845,36.784723679999999
6735394,2014,2015-02-09,9435,2014-12-17,1249,15902,,3,1,9,1000,0,1,3,,1,169,"RT 168","MORGAN CANYON RD",1584.00,E,N,B,C,Y,,,168,,,,,,,Y,2,0,4,2,A,-,05,21460,A,N,A,C,A,B,H,-,A,D,0,,,,,Y,Y,A,07,1,2,1,0,0,0,0,0,0,"- ","- ",37.035719999999998,-119.50927,FRESNO,UNINCORPORATED,-119.50926349,37.035645860000002
6735396,2014,2015-02-06,9435,2014-12-27,2140,19473,,6,2,9,1000,0,3,5,,2,010,"SHIELDS AV","GRANTLAND AV",300.00,W,N,A,-,N,,,,,,,,,,N,4,0,2,2,A,-,03,22350,,N,C,C,A,A,H,-,D,D,0,,,,,Y,,D,22,0,0,2,0,0,0,0,0,0,"- ","- ",36.778959999999998,-119.91407,FRESNO,UNINCORPORATED,-119.91734375,36.778884320000003
6735398,2014,2015-02-06,9435,2014-12-17,0945,15902,,3,1,9,1000,0,1,3,,1,169,"RT 168","DRY CREEK BRIDGE",1584.00,E,N,B,C,Y,,,168,,,,,,,Y,4,0,1,1,A,-,03,22350,,N,E,I,A,B,H,-,A,A,0,,,,,Y,,D,22,0,0,1,0,0,0,0,0,0,"- ","- ",36.9437,-119.50499000000001,FRESNO,UNINCORPORATED,-119.50500197,36.943647839999997
6735400,2014,2015-02-06,9435,2014-12-25,0755,19789,,4,1,9,1000,0,1,3,,1,146,"RT 145","CENTRAL AV",0.00,,Y,A,-,Y,,,145,,,,,,,Y,3,0,2,2,A,-,09,21802,A,N,D,C,A,A,H,-,A,D,0,,,,,Y,,D,22,0,1,1,0,0,0,0,0,0,"- ","- ",36.676630000000003,-120.06085,FRESNO,UNINCORPORATED,-120.06091999,36.676630000000003
6735402,2014,2015-02-06,9435,2014-12-12,1530,18934,,5,2,9,1000,0,3,5,,2,020,"MOUNTAIN VIEW AV","CHERRY AV",200.00,W,N,B,-,N,,,,,,,,,,N,4,0,1,2,A,-,03,22350,,N,C,C,A,B,H,-,A,D,0,,,Y,,Y,,C,02,0,0,1,0,0,0,0,0,1,"- ","- ",36.54739,-119.78273,FRESNO,UNINCORPORATED,-119.78266039,36.547365810000002
6735406,2014,2015-02-10,9435,2014-12-08,1624,018883,,1,2,9,1000,0,3,5,,2,040,"MANNING AV","MCCALL AV",150.00,E,N,A,-,N,,,,,,,,,,Y,4,0,1,2,A,-,07,21658,A,N,B,C,A,A,H,-,A,D,0,,,Y,,Y,,D,22,0,0,1,0,0,0,0,0,1,"- ","- ",,,FRESNO,UNINCORPORATED,-119.61019949999999,36.605380420000003
6735414,2014,2015-02-10,9435,2014-12-08,1735,018883,,1,2,9,1000,0,3,5,,2,034,"AMERICAN AV","GOLDEN STATE BL",0.00,,Y,A,-,N,,,,,,,,,,Y,2,0,2,3,A,-,12,22450,A,N,D,C,A,A,H,-,C,A,0,,,,,Y,,A,01,1,1,0,0,0,0,0,0,0,"- ","- ",,,FRESNO,UNINCORPORATED,-119.71853993000001,36.66336003
6735415,2014,2015-02-06,9435,2014-12-17,0725,12846,,3,1,5,1001,0,1,3,,1,168,"RT 168","SHAW AV",60.00,E,N,C,-,Y,,,,,,,,,,Y,4,0,4,3,A,-,03,22350,,N,D,C,A,B,H,-,A,D,0,,,,,Y,,A,01,0,0,4,0,0,0,0,0,0,"- ","- ",,,FRESNO,CLOVIS,-119.73371166,36.808578339999997
6735416,2014,2015-02-19,9435,2014-12-26,0906,19113,,5,1,9,1000,0,3,5,,2,015,"JENSEN AV","BLYTHE AV",0.00,,Y,A,-,N,,,,,,,,,,Y,4,0,1,2,A,-,03,22350,,N,B,C,A,A,H,-,A,D,0,,,,,Y,,D,22,0,0,1,0,0,0,0,0,0,"- ","- ",36.706409999999998,-119.87184999999999,FRESNO,UNINCORPORATED,-119.87146991,36.706460040000003
6735418,2014,2015-02-06,9435,2014-12-16,0755,14547,,2,1,7,1005,0,1,3,,2,105,"RT 99","CLINTON AV",1000.00,S,N,B,-,Y,,,99,,,,,,,N,4,0,1,2,D,-,00,,,N,C,C,A,B,H,-,A,D,0,,,,Y,Y,,-,"- ",0,0,1,0,0,0,0,0,0,"- ","- ",36.769300000000001,-119.83705999999999,FRESNO,FRESNO,-119.83704298000001,36.769309960000001
6735419,2014,2015-02-06,9435,2014-12-25,0417,19113,,4,3,9,1000,0,3,5,,2,040,"VALLEY OAK LN","WILDA WY",210.00,N,N,A,-,N,,,,,,,,,,N,3,0,1,2,A,-,01,23152,A,N,A,E,A,A,H,-,C,D,0,,,,,Y,Y,A,01,0,1,0,0,0,0,0,0,0,"- ","- ",36.43618,-119.86068,FRESNO,UNINCORPORATED,-119.86063,36.436136490000003
6735426,2015,2015-02-23,9435,2015-01-03,0639,015095,,6,1,9,1000,0,3,5,,2,040,"ZEDIKER AV","MOUNTAIN VIEW AV",0.00,,Y,A,-,N,,,,,,,,,,Y,3,0,2,2,A,-,12,22450,A,N,D,C,A,A,H,-,B,A,0,,,,,Y,,A,07,0,1,1,0,0,0,0,0,0,"- ","- ",36.546579999999999,-119.52113,FRESNO,UNINCORPORATED,-119.52129999,36.546790090000002
6735427,2014,2015-02-06,9435,2014-12-17,1430,17166,,3,2,7,1005,0,1,3,,2,105,"RT 99","RT 180",275.00,S,N,B,-,Y,,,99,,,,,,,Y,3,0,1,1,C,-,18,,,N,F,A,A,A,H,-,A,D,0,,,,,Y,,-,"- ",0,1,0,0,0,0,0,0,0,"- ","- ",36.739640000000001,-119.81056,FRESNO,FRESNO,-119.81058647,36.739561629999997
6735428,2014,2015-02-10,9435,2014-12-23,0815,015026,,2,1,9,1000,0,3,5,,2,010,"CORNEILA AV","BELMONT AV",15.00,S,N,E,-,N,,,,,,,,,,Y,3,0,2,2,A,-,03,22350,,N,C,C,A,B,H,-,A,A,0,,,,,Y,,D,22,0,1,1,0,0,0,0,0,0,"- ","- ",,,FRESNO,UNINCORPORATED,-119.88023151,36.750018840000003
6735430,2014,2015-02-06,9435,2014-12-17,0730,13780,,3,1,5,1001,0,1,3,,2,410,"RT 168","FOWLER AV",50.00,W,N,B,-,Y,,,,,,,,,,N,4,0,1,2,A,-,08,22107,,N,D,C,A,B,H,-,A,D,0,,,,,Y,,A,07,0,0,1,0,0,0,0,0,0,FR,"- ",,,FRESNO,CLOVIS,-119.68439074,36.84102
6735435,2014,2015-02-06,9435,2014-12-27,1216,19610,,6,1,9,1000,0,3,5,,2,030,"ACADEMY AV","BELMONT AV",0.00,,Y,A,-,N,,,,,,,,,,Y,4,0,2,2,A,-,12,21453,A,N,D,C,A,A,H,-,A,A,0,,,,,Y,,A,07,0,0,2,0,0,0,0,0,0,"- ","- ",36.750100000000003,-119.5562,FRESNO,UNINCORPORATED,-119.55617993,36.750070100000002
6735436,2014,2015-02-06,9435,2014-12-18,1530,18914,,4,2,7,1005,0,1,3,,2,410,"RT 41","GETTYSBURG AV",750.00,N,N,A,-,Y,,,,,,,,,,N,4,0,2,2,A,-,03,22350,,F,C,C,A,A,H,-,A,D,0,,,,,Y,,D,22,0,0,2,0,0,0,0,0,0,"- ","- ",,,FRESNO,FRESNO,-119.78543064,36.803358619999997
6735438,2014,2016-07-01,9435,2014-12-15,1745,18914,,1,2,7,1005,0,1,3,,2,182,"RT 180","CHESTNUT AV",100.00,E,N,B,-,Y,FRE,6,180,-,R,60.925,R,2,W,N,4,0,1,1,A,-,08,22107,,N,E,I,A,B,H,-,A,D,0,,,,,Y,,D,22,0,0,1,0,0,0,0,0,0,FR,"- ",,,FRESNO,FRESNO,-119.73568433,36.754755369999998
6735535,2014,2015-02-05,9435,2014-12-29,2120,019422,,1,2,9,1000,0,3,5,,2,010,"HAYES AV","GETTYSBURG AV",22.00,S,N,A,-,N,,,,,,,,,,Y,4,0,1,1,A,-,08,22107,,N,E,I,A,A,H,-,C,A,0,,,,,Y,,A,01,0,0,1,0,0,0,0,0,0,"- ","- ",36.800620000000002,-119.89849,FRESNO,UNINCORPORATED,-119.89841976,36.80075961
6735539,2014,2016-07-01,9435,2014-12-29,0645,012846,,1,1,7,1005,0,1,3,,2,182,"RT 180","WILLOW AV",126.00,E,N,A,-,Y,FRE,6,180,-,R,61.390,H,-,E,Y,4,0,2,3,A,-,03,22350,,N,C,C,E,A,H,-,D,D,0,Y,,,,Y,,A,01,0,0,2,0,0,0,0,0,0,"- ","- ",,,FRESNO,FRESNO,-119.72741626,36.753494379999999
6735541,2014,2015-02-18,9435,2014-12-23,1826,019648,,2,2,9,1000,0,3,5,,2,020,"MOUNT WHITNEY AV","WALNUT AV",528.00,W,N,A,-,N,,,,,,,,,,Y,4,0,3,2,A,-,03,22350,,N,C,C,A,A,H,-,D,D,0,,,,Y,Y,,A,01,0,0,3,0,0,0,0,0,0,"- ","- ",36.431139999999999,-119.81683,FRESNO,UNINCORPORATED,-119.81809364999999,36.431058219999997
6735543,2014,2015-02-05,9435,2014-12-20,1908,018883,,6,2,9,1000,0,3,5,,2,034,"ZEDIKER AV","SOUTH AV",248.00,N,N,B,-,N,,,,,,,,,,Y,2,0,1,1,A,-,01,23152,A,N,F,A,A,A,H,-,D,D,0,,,,,Y,Y,A,01,1,0,0,0,0,0,0,0,0,"- ","- ",36.619810000000001,-119.5209,FRESNO,UNINCORPORATED,-119.52083622000001,36.61961977
6735547,2014,2015-02-06,9435,2014-12-22,0345,018944,,1,3,9,1000,0,3,5,,2,034,"CENTRAL AV","SUNNYSIDE AV",800.00,E,N,A,-,N,,,,,,,,,,Y,4,0,1,1,A,-,08,22107,,N,E,I,A,A,H,-,D,D,0,,,,,Y,,A,01,0,0,1,0,0,0,0,0,0,"- ","- ",36.678199999999997,-119.68795,FRESNO,UNINCORPORATED,-119.68816393,36.678178000000003
6735551,2014,2015-02-06,9435,2014-12-16,0710,014479,,2,1,9,1000,0,3,5,,2,050,"AUBERRY RD","POWER HOUSE RD",4752.00,N,N,B,-,N,,,,,,,,,,Y,3,0,1,1,A,-,03,22350,,N,E,I,A,A,H,-,A,D,0,,,,,Y,,A,07,0,1,0,0,0,0,0,0,0,"- ","- ",37.084359999999997,-119.47905,FRESNO,UNINCORPORATED,-119.48950164999999,37.068755750000001
6735555,2014,2015-02-06,9435,2014-12-16,1622,019734,,2,2,9,1000,0,3,5,,2,034,"MCCALL AV","ANNADALE AV",23.00,N,N,A,-,N,,,,,,,,,,Y,4,0,2,2,A,-,03,22350,,N,C,C,A,A,H,-,A,D,0,,,,,Y,,A,01,0,0,2,0,0,0,0,0,0,"- ","- ",36.699370000000002,-119.61026,FRESNO,UNINCORPORATED,-119.61029943,36.699413120000003
6735557,2014,2015-07-17,9435,2014-12-16,1750,018914,,2,2,7,1005,0,1,3,,2,105,"RT 99","VENTURA AV",528.00,N,N,A,-,Y,,,,,,,,,,N,4,0,2,2,A,-,07,21658,A,N,B,C,A,A,H,-,D,D,0,,,,Y,Y,,G,25,0,0,2,0,0,0,0,0,0,"- ","- ",,,FRESNO,FRESNO,-119.79392506000001,36.726056829999997
6735559,2014,2015-02-06,9435,2014-12-11,1336,019789,,4,1,9,1000,0,3,5,,2,034,"JENSEN AV","SUNNYSIDE AV",250.00,W,N,B,-,N,,,,,,,,,,Y,3,0,1,1,A,-,08,22107,,N,E,I,A,A,H,-,A,D,0,,,,,Y,,A,01,0,1,0,0,0,0,0,0,0,"- ","- ",36.758719999999997,-119.82926,FRESNO,UNINCORPORATED,-119.69187221999999,36.707513630000001
6735563,2014,2015-02-06,9435,2014-12-21,1540,019648,,7,2,7,1005,0,1,3,,2,410,"RT 41","VAN NESS AV",528.00,S,N,A,-,Y,,,,,,,,,,Y,4,0,1,1,A,-,08,22107,,N,E,I,A,A,H,-,A,D,0,,,,,Y,,A,01,0,0,1,0,0,0,0,0,0,"- ","- ",36.725589999999997,-119.70444999999999,FRESNO,FRESNO,-119.78375038999999,36.72764935
6735567,2014,2015-02-05,9435,2014-12-17,1038,019113,,3,1,7,1005,0,1,3,,2,410,"RT 41","GETTYSBURG AV",1584.00,S,N,A,-,Y,,,41,,,,,,,Y,4,0,2,4,A,-,03,22350,,N,B,C,A,A,H,-,A,D,0,,,,,Y,,A,01,0,0,2,0,0,0,0,0,0,"- ","- ",36.799079999999996,-119.78509,FRESNO,FRESNO,-119.78514878,36.79908013
6735571,2014,2015-02-06,9435,2014-12-21,1505,014479,,7,2,9,1000,0,1,3,,1,169,"RT 168","OCKENDEN RANCH RD",1584.00,W,N,B,-,Y,,,168,,,,,,,N,4,0,1,1,A,-,03,22350,,N,E,I,A,B,H,-,A,D,0,,,,,Y,,A,01,0,0,1,0,0,0,0,0,0,"- ","- ",37.087960000000002,-119.32092,FRESNO,UNINCORPORATED,-119.32095394,37.087975440000001
6735575,2014,2015-02-06,9435,2014-12-26,1828,018934,,5,2,9,1000,0,3,5,,2,015,"JENSEN AV","PROSPECT AV",200.00,E,N,A,-,N,,,,,,,,,,Y,4,0,1,2,A,-,09,21801,A,N,A,C,A,A,H,-,D,D,0,,,,,Y,,A,01,0,0,1,0,0,0,0,0,0,"- ","- ",36.706629999999997,-119.85061,FRESNO,UNINCORPORATED,-119.85069815999999,36.706581360000001
6735579,2014,2015-02-06,9435,2014-12-22,1715,018914,,1,2,7,1005,0,1,3,,2,410,"RT 41","SHAW AV",528.00,N,N,A,-,Y,,,,,,,,,,N,4,0,1,2,A,-,03,22350,,N,C,C,A,A,H,-,D,D,0,,,,,Y,,A,01,0,0,1,0,0,0,0,0,0,"- ","- ",,,FRESNO,FRESNO,-119.78543759999999,36.81007924
6735583,2014,2015-02-05,9435,2014-12-24,1734,015106,,3,2,7,1005,0,1,3,,2,410,"RT 41","HERNDON AV",300.00,S,N,B,-,Y,,,,,,,,,,Y,4,0,1,3,A,-,03,22350,,N,C,C,A,A,H,-,C,A,0,,,,,Y,,A,01,0,0,1,0,0,0,0,0,0,FR,"- ",,,FRESNO,FRESNO,-119.78517777,36.836726540000001
6735587,2014,2015-02-06,9435,2014-12-24,0250,018421,,3,3,7,1005,0,1,3,,2,106,"RT 99","ORANGE AV",700.00,N,N,A,-,Y,,,99,,,,,,,Y,3,0,1,1,A,-,08,22107,,N,E,I,A,A,H,-,D,D,0,,,,,Y,,A,01,0,1,0,0,0,0,0,0,0,"- ","- ",36.698039999999999,-119.76535,FRESNO,FRESNO,-119.76529155,36.698100169999996
6735591,2014,2015-02-06,9435,2014-12-23,2215,019697,,2,3,9,1000,0,3,5,,2,040,"CLAYTON AV","CHESTNUT AV",4224.00,E,N,A,-,N,,,,,,,,,,Y,4,0,2,2,A,-,03,22350,,N,H,G,A,A,H,-,D,D,0,,Y,Y,,Y,,C,02,0,0,2,0,0,0,1,0,1,"- ","- ",36.631659999999997,-119.72922,FRESNO,UNINCORPORATED,-119.72239259,36.641693179999997
6735592,2014,2015-02-05,9435,2014-12-26,1112,018284,,5,1,7,1005,0,1,3,,2,410,"RT 41","FLORADORA AV",528.00,N,N,A,-,Y,,,41,,,,,,,Y,3,0,1,3,C,-,18,,,N,E,I,A,A,H,-,A,D,0,,,,,Y,,-,"- ",0,1,0,0,0,0,0,0,0,"- ","- ",36.764020000000002,-119.77612999999999,FRESNO,FRESNO,-119.77604707,36.76407047
6735595,2014,2016-07-01,9435,2014-12-22,0859,017310,,1,1,7,1005,0,1,3,,2,181,"RT 180","OLIVE AV",200.00,S,N,A,-,Y,FRE,6,180,-,R,58.534,R,1,E,Y,4,0,1,2,A,-,03,22350,,N,C,C,A,A,H,-,A,A,1,,,,,Y,,A,07,0,0,1,0,0,0,0,0,0,TO,"- ",36.757280000000002,-119.77526,FRESNO,FRESNO,-119.77863322,36.753880520000003
6735596,2014,2015-02-05,9435,2014-12-22,1356,015095,,1,1,9,1000,0,3,5,,2,034,"NEWMARK AV","ANNADALE AV",0.00,,Y,B,-,N,,,,,,,,,,Y,4,0,2,2,A,-,09,21802,A,N,D,C,A,A,H,-,A,A,0,,,,,Y,,A,01,0,0,2,0,0,0,0,0,0,"- ","- ",36.699590000000001,-119.54313,FRESNO,UNINCORPORATED,-119.54136989,36.699510099999998
6735599,2014,2015-02-05,9435,2014-12-22,2200,019323,,1,3,7,1005,0,1,3,,2,105,"RT 99","ASHLAN AV",1000.00,N,N,B,-,Y,,,99,,,,,,,N,4,0,1,3,A,-,03,22350,,F,C,C,A,A,H,-,D,D,0,,,,,Y,,-,99,0,0,1,0,0,0,0,0,0,"- ","- ",36.799410000000002,-119.87418,FRESNO,FRESNO,-119.87418912,36.799396440000002
6735600,2014,2015-02-05,9435,2014-12-21,1725,018934,,7,2,9,1000,0,1,3,,1,145,"RT 145","ASHLAN AV",0.00,,Y,B,-,Y,,,145,,,,,,,Y,4,0,3,2,A,-,01,23152,A,N,D,C,A,A,H,-,D,A,0,,,,,Y,Y,A,01,0,0,3,0,0,0,0,0,0,"- ","- ",36.793190000000003,-120.06039,FRESNO,UNINCORPORATED,-120.06040202,36.793189890000001
6736505,2014,2014-12-29,1007,2014-04-08,1952,1052,KERMA,2,5,2,1007,0,0,0,,0,I140,"VINELAND AV","E ST",0.00,,Y,A,-,N,,,,,,,,,,N,4,0,1,2,A,-,10,21950,A,N,G,B,B,A,H,-,C,D,0,Y,,,,Y,,-,,0,0,1,0,1,0,0,0,0,"- ","- ",,,FRESNO,KERMAN,-120.0514999,36.723970010000002