CASE_ID,ACCIDENT_YEAR,PROC_DATE,JURIS,COLLISION_DATE,COLLISION_TIME,OFFICER_ID,REPORTING_DISTRICT,DAY_OF_WEEK,CHP_SHIFT,POPULATION,CNTY_CITY_LOC,SPECIAL_COND,BEAT_TYPE,CHP_BEAT_TYPE,CITY_DIVISION_LAPD,CHP_BEAT_CLASS,BEAT_NUMBER,PRIMARY_RD,SECONDARY_RD,DISTANCE,DIRECTION,INTERSECTION,WEATHER_1,WEATHER_2,STATE_HWY_IND,CALTRANS_COUNTY,CALTRANS_DISTRICT,STATE_ROUTE,ROUTE_SUFFIX,POSTMILE_PREFIX,POSTMILE,LOCATION_TYPE,RAMP_INTERSECTION,SIDE_OF_HWY,TOW_AWAY,COLLISION_SEVERITY,NUMBER_KILLED,NUMBER_INJURED,PARTY_COUNT,PRIMARY_COLL_FACTOR,PCF_CODE_OF_VIOL,PCF_VIOL_CATEGORY,PCF_VIOLATION,PCF_VIOL_SUBSECTION,HIT_AND_RUN,TYPE_OF_COLLISION,MVIW,PED_ACTION,ROAD_SURFACE,ROAD_COND_1,ROAD_COND_2,LIGHTING,CONTROL_DEVICE,CHP_ROAD_TYPE,PEDESTRIAN_ACCIDENT,BICYCLE_ACCIDENT,MOTORCYCLE_ACCIDENT,TRUCK_ACCIDENT,NOT_PRIVATE_PROPERTY,ALCOHOL_INVOLVED,STWD_VEHTYPE_AT_FAULT,CHP_VEHTYPE_AT_FAULT,COUNT_SEVERE_INJ,COUNT_VISIBLE_INJ,COUNT_COMPLAINT_PAIN,COUNT_PED_KILLED,COUNT_PED_INJURED,COUNT_BICYCLIST_KILLED,COUNT_BICYCLIST_INJURED,COUNT_MC_KILLED,COUNT_MC_INJURED,PRIMARY_RAMP,SECONDARY_RAMP,LATITUDE,LONGITUDE,COUNTY,CITY,POINT_X,POINT_Y
6736553,2014,2014-12-24,1007,2014-05-09,0731,1045,KERMA,5,5,2,1007,0,0,0,,0,0KE,"1ST ST","735 S 1ST ST",0.00,,Y,A,-,N,,,,,,,,,,N,4,0,1,2,A,-,10,21952,,N,G,B,F,A,H,-,A,D,0,Y,,,,Y,,-,,0,0,1,0,1,0,0,0,0,"- ","- ",,,FRESNO,KERMAN,-120.06531852000001,36.723968999999997
6737476,2014,2015-01-20,9435,2014-11-16,0150,18809,,7,3,9,1000,0,3,5,,2,025,"CLOVIS AV","PICO AV",200.00,S,N,A,-,N,,,,,,,,,,Y,3,0,1,1,A,-,01,23152,A,N,E,I,A,A,H,-,C,D,0,,,,,Y,Y,A,07,0,1,0,0,0,0,0,0,0,"- ","- ",,,FRESNO,UNINCORPORATED,-119.70043,36.801270000000002
6737480,2014,2015-01-20,9435,2014-11-17,2341,15890,,1,3,9,1000,0,3,5,,2,025,"MILLERTON RD","FORK RD",528.00,E,N,A,-,N,,,,,,,,,,Y,3,0,1,1,A,-,08,22107,,N,F,A,A,A,H,-,D,D,0,,,,,Y,Y,A,01,0,1,0,0,0,0,0,0,0,"- ","- ",36.993119999999998,-119.70874999999999,FRESNO,UNINCORPORATED,-119.71073627,36.991627510000001
6737484,2014,2015-01-20,9435,2014-11-21,0545,15095,,5,3,9,1000,0,3,5,,2,034,"ACADEMY AV","ADAMS AV",53.00,N,N,E,-,N,,,,,,,,,,Y,4,0,1,2,A,-,03,22350,,N,C,C,A,A,H,-,D,A,0,,,,,Y,,A,01,0,0,1,0,0,0,0,0,0,"- ","- ",36.633679999999998,-119.55682,FRESNO,UNINCORPORATED,-119.55674999999999,36.634275459999998
6737488,2014,2015-01-20,9435,2014-11-21,0935,18044,,5,1,9,1000,0,3,5,,2,040,"ROSE AV","ZEDIKER AV",3696.00,E,N,B,-,N,,,,,,,,,,Y,3,0,1,1,A,-,08,22107,,N,E,I,A,A,H,-,A,D,0,,,,,Y,,A,01,0,1,0,0,0,0,0,0,0,"- ","- ",36.568399999999997,-119.50955,FRESNO,UNINCORPORATED,-119.50868499000001,36.568441319999998
6737492,2014,2015-01-20,9435,2014-11-14,1745,18912,,5,2,9,1000,0,3,5,,2,034,"JENSEN AV","MAPLE AV",200.00,W,N,A,-,N,,,,,,,,,,Y,4,0,2,3,A,-,03,22350,,N,C,C,A,A,H,-,C,A,0,,,,,Y,,A,01,0,0,2,0,0,0,0,0,0,"- ","- ",36.706800000000001,-119.74729000000001,FRESNO,UNINCORPORATED,-119.74630181000001,36.706900009999998
6739291,2014,2014-12-12,1011,2014-05-15,1500,K074,FSC,4,5,3,1011,0,0,0,,0,0PA,"PARLIER AV","WHITNER AV",0.00,,Y,A,-,N,,,,,,,,,,N,4,0,1,2,A,-,03,22350,,N,G,G,A,A,H,-,A,A,0,,Y,,,Y,,-,,0,0,1,0,0,0,1,0,0,"- ","- ",,,FRESNO,PARLIER,-119.54405995,36.612230080000003
6740041,2015,2016-04-04,9435,2015-03-22,2035,018883,,7,2,9,1000,0,3,5,,2,034,"NEWMARK AV","JEFFERSON AV",377.00,S,N,A,-,N,,,,,,,,,,Y,1,1,0,1,A,-,08,22107,,N,E,I,A,A,H,-,D,D,0,,,Y,,Y,,C,02,0,0,0,0,0,0,0,1,0,"- ","- ",36.655180000000001,-119.54086,FRESNO,UNINCORPORATED,-119.54054564,36.655033809999999
6740045,2015,2016-04-04,9435,2015-03-28,0225,019323,,6,3,9,1000,0,1,3,,1,147,"RT 145","DAVIS AV",3168.00,S,N,A,-,Y,FRE,6,145,-,-,15.600,H,-,S,Y,1,1,0,1,A,-,08,22107,,N,E,I,A,A,H,-,D,D,0,,,,,Y,,D,22,0,0,0,0,0,0,0,0,0,"- ","- ",36.463900000000002,-120.10299999999999,FRESNO,UNINCORPORATED,-120.10308762,36.464279990000001
6740049,2015,2016-04-04,9435,2015-03-17,1803,018284,,2,2,9,1000,0,3,5,,2,015,"WALNUT AV","SOUTH AV",145.00,N,N,A,-,N,,,,,,,,,,Y,1,1,0,1,A,-,01,23152,A,N,E,I,A,A,H,-,A,D,0,,,,,Y,Y,A,07,0,0,0,0,0,0,0,0,0,"- ","- ",36.620139999999999,-119.80889999999999,FRESNO,UNINCORPORATED,-119.80883926,36.620068029999999
6741672,2014,2015-01-23,9435,2014-11-21,1430,014650,,5,2,9,1000,0,3,5,,2,040,"MANNING AV","DE WOLF AV",80.00,W,N,B,-,N,,,,,,,,,,N,4,0,2,2,A,-,09,21802,A,F,E,I,A,A,H,-,A,A,0,,,,Y,Y,,G,25,0,0,2,0,0,0,0,0,0,"- ","- ",36.605980000000002,-119.64646,FRESNO,UNINCORPORATED,-119.64680235,36.605499219999999
6741682,2014,2015-01-21,9435,2014-11-18,0750,014547,,2,1,9,1000,0,3,5,,2,025,"MILLERTON RD","WINCHELL COVE RD",3168.00,W,N,B,-,N,,,,,,,,,,Y,4,0,2,2,A,-,08,22107,,N,B,C,A,A,D,-,A,D,0,,,,,Y,,D,22,0,0,2,0,0,0,0,0,0,"- ","- ",,,FRESNO,UNINCORPORATED,-119.67008465000001,36.985816370000002
6741689,2014,2015-01-23,9435,2014-11-11,0640,014547,,2,1,9,1000,0,3,5,,2,015,"CORNELIA AV","JENSEN AV",0.00,,Y,F,-,N,,,,,,,,,,Y,4,0,2,2,A,-,09,21802,A,N,D,C,A,A,H,-,A,A,0,,,,,Y,,D,22,0,0,2,0,0,0,0,0,0,"- ","- ",,,FRESNO,UNINCORPORATED,-119.88051986000001,36.706420059999999
6741694,2014,2015-01-29,9435,2014-12-03,0810,015902,,3,1,9,1000,0,3,5,,2,050,"AUBERRY RD","POWERHOUSE RD",5280.00,E,N,B,C,N,,,,,,,,,,Y,3,0,2,1,A,-,03,22350,,N,E,I,A,B,H,-,A,D,0,,,,,Y,,D,22,0,1,1,0,0,0,0,0,0,"- ","- ",37.081659999999999,-119.47638999999999,FRESNO,UNINCORPORATED,-119.49116763000001,37.068207819999998
6741697,2014,2016-07-01,9435,2014-11-25,0930,015773,,2,1,9,1000,0,1,3,,1,183,"RT 180","KINGS RIVER BR",314.00,W,N,A,-,Y,FRE,6,180,-,-,75.720,H,-,W,Y,3,0,1,2,A,-,03,22350,,N,C,C,A,A,H,-,A,D,0,,,,,Y,,D,22,0,1,0,0,0,0,0,0,0,"- ","- ",36.731679999999997,-119.47332,FRESNO,UNINCORPORATED,-119.48125548,36.732107900000003
6741698,2014,2015-01-29,9435,2014-12-03,1000,013112,,3,1,9,1000,0,3,5,,2,040,"BETHEL AV","DINUBA AV",0.00,,Y,A,-,N,,,,,,,,,,Y,3,0,1,3,A,-,09,21802,A,N,D,C,A,A,H,-,A,A,0,,,,,Y,,D,22,0,1,0,0,0,0,0,0,0,"- ","- ",36.590789999999998,-119.5748,FRESNO,UNINCORPORATED,-119.57488986,36.590610089999998
6741702,2014,2015-02-17,9435,2014-12-02,2255,016860,,2,3,9,1000,0,1,3,,1,169,"RT 168","COUNTRY OAK LN",1056.00,W,N,C,-,Y,,,168,,,,,,,Y,4,0,1,1,A,-,03,22350,,N,F,A,A,B,H,-,D,D,0,,,,,Y,,D,22,0,0,1,0,0,0,0,0,0,"- ","- ",37.0274,-119.52312999999999,FRESNO,UNINCORPORATED,-119.5232165,37.027441899999999
6741705,2014,2015-01-29,9435,2014-12-01,0717,015902,,1,1,9,1000,0,3,5,,2,025,"AUBERRY RD","MILLERTON RD",350.00,W,N,A,-,N,,,,,,,,,,Y,4,0,1,1,A,-,08,22107,,N,E,I,A,A,H,-,A,D,0,,,,,Y,,D,22,0,0,1,0,0,0,0,0,0,"- ","- ",36.968859999999999,-119.62568,FRESNO,UNINCORPORATED,-119.62522702,36.969143219999999
6741721,2014,2015-01-28,9435,2014-11-26,1533,015751,,3,2,9,1000,0,3,5,,2,015,"AMERICAN AV","MAPLE AV",0.00,,Y,A,-,N,,,,,,,,,,Y,3,0,3,2,A,-,09,21802,A,N,D,C,A,A,H,-,A,A,0,,,,Y,Y,,F,26,0,1,2,0,0,0,0,0,0,"- ","- ",36.663420000000002,-119.74607,FRESNO,UNINCORPORATED,-119.74571988,36.663460100000002
6741745,2014,2015-01-23,9435,2014-11-21,0250,016048,,5,3,9,1000,0,1,3,,1,169,"RT 168","TOLLHOUSE RD",3168.00,W,N,A,-,Y,,,168,,,,,,,Y,4,0,1,2,A,-,03,22350,,N,D,C,A,B,H,-,D,D,0,,,,,Y,,D,22,0,0,1,0,0,0,0,0,0,"- ","- ",36.943370000000002,-119.50431,FRESNO,UNINCORPORATED,-119.50431026,36.943369689999997
6741749,2014,2015-01-23,9435,2014-11-28,2110,016507,,5,2,9,1000,0,3,5,,2,060,"BUTTONWILLOW AV","SOUTH AV",0.00,,Y,A,-,N,,,,,,,,,,Y,3,0,2,3,A,-,09,21801,A,N,D,C,A,A,H,-,D,A,0,,,Y,,Y,,A,01,0,1,1,0,0,0,0,0,1,"- ","- ",36.618369999999999,-119.43085000000001,FRESNO,UNINCORPORATED,-119.4308399,36.618620010000001
6741753,2014,2015-01-26,9435,2014-11-30,1545,018883,,7,2,9,1000,0,3,5,,2,010,"BLYTHE AV","BELMONT AV",0.00,,Y,B,-,N,,,,,,,,,,Y,3,0,2,2,A,-,09,21802,A,N,D,C,A,A,H,-,A,A,0,,,,,Y,,A,07,0,1,1,0,0,0,0,0,0,"- ","- ",36.750070000000001,-119.87144000000001,FRESNO,UNINCORPORATED,-119.87115993,36.750010009999997
6741842,2014,2015-01-20,9435,2014-11-17,1154,014547,,1,1,7,1005,0,1,3,,2,410,"RT 41","GETTYSBURG AV",60.00,N,N,A,-,Y,,,,,,,,,,Y,4,0,2,2,A,-,03,22350,,N,C,C,A,A,H,-,A,D,0,,,,,Y,,A,01,0,0,2,0,0,0,0,0,0,"- ","- ",,,FRESNO,FRESNO,-119.78544845,36.801464690000003
6741846,2014,2015-01-20,9435,2014-11-24,1040,013182,,1,1,9,1000,0,1,3,,2,107,"RT 99","18TH AV",900.00,N,N,B,-,Y,,,99,,,,,,,Y,4,0,1,1,A,-,08,22107,,N,E,I,A,A,D,-,A,D,0,,,,,Y,,A,01,0,0,1,0,0,0,0,0,0,"- ","- ",36.508459999999999,-119.55074,FRESNO,UNINCORPORATED,-119.55069254999999,36.508511820000003
6741850,2014,2015-01-20,9435,2014-11-29,0300,019473,,6,3,9,1000,0,3,5,,2,025,"MILLERTON RD","BRIGHTON CREST DR",430.00,W,N,A,-,N,,,,,,,,,,Y,3,0,3,1,A,-,01,23152,A,N,E,I,A,A,H,-,D,D,0,,,,,Y,Y,A,01,0,2,1,0,0,0,0,0,0,"- ","- ",36.983370000000001,-119.64897999999999,FRESNO,UNINCORPORATED,-119.64849637,36.983387970000003
6741854,2014,2015-01-20,9435,2014-11-28,1220,013780,,5,1,7,1005,0,1,3,,2,410,"RT 41","ASHLAN AV",528.00,N,N,A,-,Y,,,,,,,,,,Y,4,0,2,2,A,-,03,22350,,N,C,C,A,A,H,-,A,D,0,,,,,Y,,A,01,0,0,2,0,0,0,0,0,0,"- ","- ",,,FRESNO,FRESNO,-119.78526432,36.795609970000001
6741858,2014,2015-01-20,9435,2014-11-25,1305,013780,,2,1,9,1000,0,3,5,,2,030,"CHESTNUT AV","SHIELDS AV",0.00,,Y,A,-,N,,,,,,,,,,Y,4,0,2,2,A,-,09,21801,A,N,A,C,A,A,H,-,A,A,0,,,,,Y,,A,01,0,0,2,0,0,0,0,0,0,"- ","- ",,,FRESNO,UNINCORPORATED,-119.73638999000001,36.779559999999996
6741862,2014,2015-01-20,9435,2014-11-14,2012,017630,,5,2,9,1000,0,1,3,,2,105,"RT 99","RT 180",2112.00,N,N,A,-,Y,,,,,,,,,,Y,3,0,1,1,A,-,01,23152,A,N,F,A,A,A,H,-,C,D,0,,,,,Y,Y,A,07,0,1,0,0,0,0,0,0,0,"- ","- ",36.743169999999999,-119.81916,FRESNO,UNINCORPORATED,-119.81482,36.740989999999996
6741866,2014,2015-01-20,9435,2014-11-28,1241,017138,,5,1,7,1005,0,1,3,,2,410,"RT 41","ASHLAN AV",1584.00,N,N,A,-,Y,,,41,,,,,,,Y,4,0,2,2,A,-,03,22350,,N,C,C,A,A,H,-,A,D,0,,,,,Y,,A,01,0,0,2,0,0,0,0,0,0,"- ","- ",36.79813,-119.7851,FRESNO,FRESNO,-119.78515093999999,36.798130120000003
6741870,2014,2016-03-22,9435,2014-11-28,1755,018883,,5,2,9,1000,0,3,5,,2,034,"FAIRBANKS AV","RT 180",600.00,S,N,A,-,N,,,,,,,,,,N,2,0,1,2,A,-,08,22107,,N,A,G,A,A,H,-,D,D,0,,Y,,,Y,,L,04,1,0,0,0,0,0,1,0,0,"- ","- ",36.73348,-119.56977999999999,FRESNO,UNINCORPORATED,-119.56972001,36.734283269999999
6741913,2014,2015-01-20,9435,2014-11-26,1725,014650,,3,2,9,1000,0,1,3,,2,105,"RT 99",HERNDON,2112.00,N,N,A,-,Y,,,99,,,,,,,N,4,0,2,6,A,-,03,22350,,F,C,C,A,A,D,-,-,D,0,,,,,Y,,-,99,0,0,2,0,0,0,0,0,0,"- ","- ",36.837429999999998,-119.92381,FRESNO,UNINCORPORATED,-119.92380884000001,36.837431430000002
6741917,2014,2015-01-20,9435,2014-11-26,0908,016507,,3,1,9,1000,0,3,5,,2,060,"ZUMWALT AV","MANNING AV",0.00,,Y,A,-,N,,,,,,,,,,Y,4,0,2,2,A,-,09,21802,A,N,D,C,A,A,H,-,A,A,0,,,,,Y,,A,01,0,0,2,0,0,0,0,0,0,"- ","- ",36.603960000000001,-119.42188,FRESNO,UNINCORPORATED,-119.42189988,36.604080019999998
6742097,2014,2015-01-02,9461,2014-11-28,1545,017493,,5,2,9,1000,0,3,5,,2,030,"LITTLE PANOCHE RD","SAN BENITO CO LINE",20064.00,E,N,A,-,N,,,,,,,,,,Y,4,0,2,1,A,-,08,22107,,N,F,A,A,A,H,-,A,D,0,,,,,Y,,A,01,0,0,2,0,0,0,0,0,0,"- ","- ",36.740920000000003,-120.87058,FRESNO,UNINCORPORATED,-120.87052524000001,36.74092177
6742110,2014,2014-12-31,1001,2014-11-01,0246,5660,,6,5,5,1001,0,0,0,,0,,"WILLOW AV","W GETTYSBURG AV",0.00,,Y,C,-,N,,,,,,,,,,Y,3,0,1,2,A,-,08,22107,,N,B,C,A,B,H,-,C,A,0,,,,,Y,,-,,0,1,0,0,0,0,0,0,0,"- ","- ",,,FRESNO,CLOVIS,-119.72727998000001,36.801260079999999
6742114,2014,2016-03-21,1001,2014-11-20,1833,5465,,4,5,5,1001,0,0,0,,0,004,"WEST SHAW AV","VILLA AV",12.00,E,N,B,-,N,,,,,,,,,,N,3,0,1,2,A,-,10,21950,A,N,G,B,B,A,F,H,-,A,0,Y,,,,Y,,N,60,0,1,0,0,1,0,0,0,0,"- ","- ",36.808399999999999,-119.71365,FRESNO,CLOVIS,-119.71361904,36.808579999999999
6742118,2014,2016-03-21,1001,2014-11-21,0125,5114,,5,5,5,1001,0,0,0,,0,,"WEST SHAW AV","WILLOW AV",87.00,E,N,A,-,N,,,,,,,,,,N,3,0,1,2,C,-,18,,,N,G,B,D,A,H,-,C,A,0,Y,,,,Y,Y,-,"- ",0,1,0,0,1,0,0,0,0,"- ","- ",36.808570000000003,-119.7272,FRESNO,CLOVIS,-119.72702303,36.8085697
6743899,2014,2016-07-01,9435,2014-11-30,2011,18609,,7,2,9,1000,0,1,3,,1,183,"RT 180","FOWLER AV",300.00,W,N,B,-,Y,FRE,6,180,-,R,63.890,R,2,W,Y,3,0,1,1,A,-,03,22350,,N,F,A,A,B,H,-,C,D,0,,,,,Y,,D,22,0,1,0,0,0,0,0,0,0,"- ","- ",36.754010000000001,-119.68321,FRESNO,UNINCORPORATED,-119.68234233,36.753258590000002
6743900,2014,2015-02-02,9435,2014-12-02,0530,018809,,2,3,7,1005,0,1,3,,2,106,"RT 99","JENSEN AV",92.00,N,N,C,-,Y,,,99,,,,,,,Y,4,0,1,1,A,-,03,22350,,N,E,I,A,B,H,-,C,D,0,,,,,Y,,D,22,0,0,1,0,0,0,0,0,0,FR,"- ",36.707189999999997,-119.77372,FRESNO,FRESNO,-119.77395118,36.706949340000001
6743909,2014,2015-01-30,9435,2014-12-10,0640,13112,,3,1,9,1000,0,3,5,,2,040,"MOUNTAIN VIEW AV","DOCKERY AV",727.00,E,N,E,-,N,,,,,,,,,,N,4,0,1,2,A,-,03,22350,,N,C,C,A,A,H,-,A,D,0,,,,,Y,,A,08,0,0,1,0,0,0,0,0,0,"- ","- ",36.546959999999999,-119.59952,FRESNO,UNINCORPORATED,-119.5995171,36.547010010000001
6743910,2014,2015-01-30,9435,2014-12-02,0900,15026,,2,1,9,1000,0,3,5,,2,015,"ELM AV","SAGINAW AV",1056.00,N,N,B,-,N,,,,,,,,,,Y,2,0,1,1,A,-,08,22107,,N,E,I,A,B,H,-,A,D,0,,,,,Y,,D,22,1,0,0,0,0,0,0,0,0,"- ","- ",,,FRESNO,UNINCORPORATED,-119.79097221000001,36.557428719999997
6743913,2014,2015-01-23,9435,2014-11-24,0820,17310,,1,1,9,1000,0,3,5,,2,040,"FOWLER AV","FLORAL AV",1056.00,S,N,E,-,N,,,,,,,,,,Y,3,0,1,2,A,-,05,21650,,F,B,C,A,A,H,-,A,D,0,,,,,Y,,D,22,0,1,0,0,0,0,0,0,0,"- ","- ",36.573230000000002,-119.68263,FRESNO,UNINCORPORATED,-119.68253203,36.573481569999998
6743917,2014,2015-02-03,9435,2014-12-02,1440,019369,,2,2,9,1000,0,3,5,,2,034,"TEMPERANCE AV","SOUTH AV",0.00,,Y,A,-,N,,,,,,,,,,Y,4,0,1,2,A,-,09,21802,A,N,D,C,A,A,H,-,A,A,0,,,,,Y,,D,22,0,0,1,0,0,0,0,0,0,"- ","- ",36.619869999999999,-119.66441,FRESNO,UNINCORPORATED,-119.66439991,36.619880039999998
6743920,2014,2015-01-23,9435,2014-11-28,0409,18860,,5,3,9,1000,0,3,5,,2,034,"CLOVIS AV","CENTRAL AV",0.00,,Y,A,-,N,,,,,,,,,,Y,3,0,1,2,A,-,01,23152,A,N,D,C,A,A,H,-,C,A,0,,,,Y,Y,Y,A,01,0,1,0,0,0,0,0,0,0,"- ","- ",36.678269999999998,-119.69994,FRESNO,UNINCORPORATED,-119.69992994,36.678180099999999
6744730,2014,2015-01-26,9435,2014-11-29,2212,018860,,6,3,9,1000,0,3,5,,2,025,"SHEPHERD AV","FOWLER AV",0.00,,Y,A,-,N,,,,,,,,,,Y,4,0,1,2,A,-,12,22450,A,N,D,C,A,A,H,-,D,A,0,,,,,Y,,A,07,0,0,1,0,0,0,0,0,0,"- ","- ",36.86665,-119.6841,FRESNO,UNINCORPORATED,-119.68398992,36.866510089999998
6744798,2014,2015-01-22,9435,2014-11-29,1412,016507,,6,2,9,1000,0,3,5,,2,060,"CRAWFORD AV","SPRINGFIELD AV",159.00,S,N,A,-,N,,,,,,,,,,Y,3,0,1,1,A,-,01,23152,A,N,E,J,A,A,H,-,A,D,0,,,,,Y,Y,A,07,0,1,0,0,0,0,0,0,0,"- ","- ",36.595999999999997,-119.37684,FRESNO,UNINCORPORATED,-119.37679301,36.596003670000002
6745001,2014,2015-01-30,9495,2014-12-02,1235,019523,,2,1,9,1000,0,1,1,,2,001,"RT 5","ELKHORN AV",2112.00,N,N,C,-,Y,,,,,,,,,,Y,4,0,2,1,A,-,03,22350,,N,F,A,A,B,H,-,A,D,0,,,,,Y,,A,08,0,0,2,0,0,0,0,0,0,"- ","- ",39.491140000000001,-120.4442,FRESNO,UNINCORPORATED,,
6745271,2014,2014-12-30,9435,2014-10-04,1745,18609,,6,2,9,1000,0,3,5,,2,025,"FRIANT RD","BUGG AV",1300.00,S,N,A,-,N,,,,,,,,,,Y,3,0,1,1,A,-,08,22107,,N,F,A,A,A,H,-,A,D,0,,,Y,,Y,,C,02,0,1,0,0,0,0,0,0,1,"- ","- ",36.978470000000002,-119.71969,FRESNO,UNINCORPORATED,-119.72020576,36.977988760000002
6745272,2014,2014-12-30,9435,2014-10-07,1231,017088,,2,1,9,1000,0,3,5,,2,060,"HILLS VALLEY RD","AVENUE 444",237.00,S,N,A,-,N,,,,,,,,,,Y,4,0,1,1,A,-,08,22107,,N,E,I,A,A,H,-,A,D,0,,,,,Y,,A,01,0,0,1,0,0,0,0,0,0,"- ","- ",36.595469999999999,-119.30498,FRESNO,UNINCORPORATED,-119.3049717,36.594779590000002
6745322,2014,2015-02-03,9435,2014-12-09,1455,015751,,2,2,9,1000,0,3,5,,2,025,"ACADEMY AV","HERNDON AV",0.00,,Y,A,-,N,,,,,,,,,,Y,4,0,1,2,A,-,03,22350,,N,C,C,A,A,H,-,A,A,0,,,,,Y,,D,22,0,0,1,0,0,0,0,0,0,"- ","- ",36.837359999999997,-119.5557,FRESNO,UNINCORPORATED,-119.55570993000001,36.837150100000002
6745324,2014,2015-02-03,9435,2014-12-05,1637,016507,,5,2,9,1000,0,3,5,,2,060,"MANNING AV","ANCHOR AV",0.00,,Y,A,-,N,,,,,,,,,,Y,2,0,4,2,A,-,09,21801,A,N,A,C,A,A,H,-,B,D,0,,,,,Y,,A,01,1,2,1,0,0,0,0,0,0,"- ","- ",36.602930000000001,-119.32250999999999,FRESNO,UNINCORPORATED,-119.3227699,36.60293008
6745325,2014,2015-01-30,9435,2014-12-03,0938,19113,,3,1,9,1000,0,3,5,,2,034,"FOWLER AV","LANE AV",6.00,S,N,A,-,N,,,,,,,,,,Y,4,0,3,2,A,-,03,22350,,N,C,C,A,A,H,-,A,D,0,,,,,Y,,A,01,0,0,3,0,0,0,0,0,0,"- ","- ",,,FRESNO,UNINCORPORATED,-119.68210999999999,36.73323353
6745542,2014,2015-01-20,9461,2014-11-26,1215,017329,,3,1,9,1000,0,1,1,,2,305,"RT 5","OXFORD AV",6336.00,S,N,A,-,Y,,,,,,,,,,Y,4,0,1,3,A,-,03,22350,,N,C,C,A,A,H,-,A,D,0,,,,,Y,,A,07,0,0,1,0,0,0,0,0,0,"- ","- ",,,FRESNO,UNINCORPORATED,-119.70674,36.823880000000003
6745572,2014,2015-01-20,9461,2014-11-14,2313,018354,,5,3,9,1000,0,1,1,,2,305,"RT 5","SHIELDS AV",1584.00,S,N,A,-,Y,,,5,,,,,,,Y,3,0,1,1,A,-,08,22107,,N,E,I,A,A,H,-,D,D,0,,,,,Y,,A,01,0,1,0,0,0,0,0,0,0,"- ","- ",36.788690000000003,-120.73151,FRESNO,UNINCORPORATED,-120.73139273,36.78877026
6745744,2014,2015-07-17,9435,2014-12-02,0030,015773,,2,3,9,1000,0,3,5,,2,060,"DUNLAP RD","HOPEWELL RD",3168.00,S,N,B,-,N,,,,,,,,,,Y,3,0,1,1,A,-,08,22107,,M,F,A,A,A,H,-,D,D,0,,,,,Y,,A,01,0,1,0,0,0,0,0,0,0,"- ","- ",36.7438,-119.15222,FRESNO,UNINCORPORATED,-119.15245649000001,36.744086490000001
6746083,2014,2015-01-30,9435,2014-12-06,1440,18574,,6,2,7,1005,0,1,3,,2,410,"RT 41","SHAW AV",528.00,S,N,A,-,Y,,,41,,,,,,,Y,4,0,1,1,A,-,08,22107,,N,E,J,A,A,H,-,A,D,0,,,,,Y,,A,07,0,0,1,0,0,0,0,0,0,"- ","- ",36.803150000000002,-119.78523,FRESNO,FRESNO,-119.78512419,36.803148880000002
6746087,2014,2015-01-30,9435,2014-12-02,0050,18809,,2,3,7,1005,0,1,3,,2,106,"RT 99","CENTRAL AV",25.00,N,N,B,-,Y,,,99,,,,,,,Y,2,0,1,1,A,-,03,22350,,N,H,A,A,A,H,-,C,D,0,,,Y,,Y,,C,02,1,0,0,0,0,0,0,0,1,FR,"- ",36.678019999999997,-119.74039,FRESNO,FRESNO,-119.74076357,36.677558210000001
6746119,2014,2016-07-01,9435,2014-12-06,1240,13112,,6,1,9,1000,0,1,3,,1,180,"RT 180","CORNELIA AV",0.00,,Y,A,-,Y,FRE,6,180,-,-,52.590,I,5,W,N,4,0,1,2,A,-,09,21802,A,N,D,C,A,A,H,-,A,A,0,,,,,Y,,A,07,0,0,1,0,0,0,0,0,0,"- ","- ",36.735610000000001,-119.88115999999999,FRESNO,UNINCORPORATED,-119.88075474999999,36.735498929999999
6746123,2014,2015-02-02,9435,2014-12-04,0238,16048,,4,3,7,1005,0,1,3,,2,410,"RT 41","FRIANT RD",21.00,N,N,B,-,Y,,,41,,,,,,,Y,3,0,2,3,A,-,03,22350,,N,A,C,E,A,H,-,D,D,0,Y,,,,Y,,A,01,0,1,1,0,1,0,0,0,0,"- ","- ",36.854770000000002,-119.78931,FRESNO,FRESNO,-119.78934305999999,36.854750189999997
6746127,2014,2015-01-30,9435,2014-12-09,1655,18914,,2,2,9,1000,0,3,5,,2,030,"DE WOLF AV","MCKINLEY AV",0.00,,Y,E,-,N,,,,,,,,,,Y,4,0,2,2,A,-,09,21802,A,N,D,C,A,A,H,-,D,A,0,,,,,Y,,A,01,0,0,2,0,0,0,0,0,0,"- ","- ",,,FRESNO,UNINCORPORATED,-119.64598991,36.764760029999998
6746131,2014,2015-01-30,9435,2014-12-08,1620,18914,,1,2,7,1005,0,1,3,,2,410,"RT 41","AUDUBON DR",500.00,N,N,A,-,Y,,,,,,,,,,Y,4,0,1,1,A,-,08,22107,,N,F,A,A,A,H,-,A,D,0,,,,,Y,,A,07,0,0,1,0,0,0,0,0,0,"- ","- ",,,FRESNO,FRESNO,-119.79174412,36.862491480000003
6746135,2014,2015-02-02,9435,2014-12-01,0820,13182,,1,1,2,1004,0,1,3,,2,106,"RT 99",MERCED,1584.00,S,N,A,-,Y,,,99,,,,,,,N,4,0,1,3,A,-,03,22350,,N,C,C,A,A,H,-,A,D,0,,,,,Y,,A,07,0,0,1,0,0,0,0,0,0,"- ","- ",36.622880000000002,-119.68004000000001,FRESNO,FOWLER,-119.68008883,36.622826340000003