CASE_ID,ACCIDENT_YEAR,PROC_DATE,JURIS,COLLISION_DATE,COLLISION_TIME,OFFICER_ID,REPORTING_DISTRICT,DAY_OF_WEEK,CHP_SHIFT,POPULATION,CNTY_CITY_LOC,SPECIAL_COND,BEAT_TYPE,CHP_BEAT_TYPE,CITY_DIVISION_LAPD,CHP_BEAT_CLASS,BEAT_NUMBER,PRIMARY_RD,SECONDARY_RD,DISTANCE,DIRECTION,INTERSECTION,WEATHER_1,WEATHER_2,STATE_HWY_IND,CALTRANS_COUNTY,CALTRANS_DISTRICT,STATE_ROUTE,ROUTE_SUFFIX,POSTMILE_PREFIX,POSTMILE,LOCATION_TYPE,RAMP_INTERSECTION,SIDE_OF_HWY,TOW_AWAY,COLLISION_SEVERITY,NUMBER_KILLED,NUMBER_INJURED,PARTY_COUNT,PRIMARY_COLL_FACTOR,PCF_CODE_OF_VIOL,PCF_VIOL_CATEGORY,PCF_VIOLATION,PCF_VIOL_SUBSECTION,HIT_AND_RUN,TYPE_OF_COLLISION,MVIW,PED_ACTION,ROAD_SURFACE,ROAD_COND_1,ROAD_COND_2,LIGHTING,CONTROL_DEVICE,CHP_ROAD_TYPE,PEDESTRIAN_ACCIDENT,BICYCLE_ACCIDENT,MOTORCYCLE_ACCIDENT,TRUCK_ACCIDENT,NOT_PRIVATE_PROPERTY,ALCOHOL_INVOLVED,STWD_VEHTYPE_AT_FAULT,CHP_VEHTYPE_AT_FAULT,COUNT_SEVERE_INJ,COUNT_VISIBLE_INJ,COUNT_COMPLAINT_PAIN,COUNT_PED_KILLED,COUNT_PED_INJURED,COUNT_BICYCLIST_KILLED,COUNT_BICYCLIST_INJURED,COUNT_MC_KILLED,COUNT_MC_INJURED,PRIMARY_RAMP,SECONDARY_RAMP,LATITUDE,LONGITUDE,COUNTY,CITY,POINT_X,POINT_Y
6792901,2015,2016-10-28,9435,2015-01-14,1725,015106,,3,2,7,1005,0,1,3,,2,410,"RT 41","TULARE AV",810.00,S,N,A,-,Y,FRE,6,41,-,R,23.590,H,-,N,Y,4,0,2,2,A,-,03,22350,,N,C,C,A,A,H,-,D,D,1,,,,,Y,,A,01,0,0,2,0,0,0,0,0,0,"- ","- ",,,FRESNO,FRESNO,-119.77750253000001,36.740856020000003
6792909,2015,2015-02-25,9435,2015-01-13,1045,012846,,2,1,9,1000,0,3,5,,2,025,"ACADEMY AV","HERNDON AV",0.00,,Y,B,-,N,,,,,,,,,,Y,4,0,2,2,A,-,09,21802,A,N,D,C,A,A,H,-,A,A,0,,,,,Y,,A,01,0,0,2,0,0,0,0,0,0,"- ","- ",,,FRESNO,UNINCORPORATED,-119.55570993000001,36.837150100000002
6792961,2015,2016-10-27,9435,2015-01-19,1740,019369,,1,2,7,1005,0,1,3,,2,181,"RT 180","FULTON ST",80.00,W,N,A,-,Y,FRE,6,180,-,R,57.220,H,-,W,Y,4,0,1,2,A,-,03,22350,,N,C,C,A,A,H,-,C,D,1,,,,,Y,,A,01,0,0,1,0,0,0,0,0,0,"- ","- ",36.748699999999999,-119.8005,FRESNO,FRESNO,-119.80102755999999,36.748397539999999
6792962,2015,2016-10-20,9435,2015-01-14,0735,014547,,3,1,9,1000,0,1,3,,1,145,"RT 145","NORTH AV",2640.00,N,N,E,-,Y,FRE,6,145,-,-,32.620,H,-,N,Y,4,0,1,4,A,-,08,22107,,N,G,E,A,B,H,-,B,D,0,,,,,Y,,A,01,0,0,1,0,0,0,0,0,0,"- ","- ",36.697699999999998,-120.06054,FRESNO,UNINCORPORATED,-120.06062300000001,36.698418969999999
6792963,2015,2016-10-28,9435,2015-01-14,1555,015106,,3,2,7,1005,0,1,3,,2,410,"RT 41","FLORADORA AV",300.00,S,N,A,-,Y,FRE,6,41,-,R,24.940,H,-,N,N,4,0,1,2,A,-,03,22350,,N,C,C,A,A,H,-,A,D,1,,,,,Y,,A,01,0,0,1,0,0,0,0,0,0,"- ","- ",,,FRESNO,FRESNO,-119.77525753,36.761101150000002
6792964,2015,2016-10-20,9435,2015-01-11,1218,019*039,,7,1,9,1000,0,1,3,,1,169,"RT 168","DRY CREEK CANAL",1056.00,W,N,A,-,Y,FRE,6,168,-,T,24.190,H,-,E,Y,2,0,1,2,A,-,03,22350,,N,A,C,A,A,H,-,A,D,0,,,Y,,Y,,C,02,1,0,0,0,0,0,0,0,1,"- ","- ",36.937530000000002,-119.50297999999999,FRESNO,UNINCORPORATED,-119.52027425999999,36.965768660000002
6792965,2015,2016-10-28,9435,2015-01-12,1722,015106,,1,2,7,1005,0,1,3,,2,410,"RT 41","BELMONT AV",300.00,S,N,B,-,Y,FRE,6,41,-,R,24.200,H,-,N,N,4,0,1,3,A,-,07,21658,A,N,B,C,A,A,H,-,D,D,1,,,,,Y,,A,01,0,0,1,0,0,0,0,0,0,"- ","- ",,,FRESNO,FRESNO,-119.77601641,36.749899929999998
6792966,2015,2016-10-28,9435,2015-01-14,0745,013780,,3,1,7,1005,0,1,3,,2,410,"RT 41","SIERRA AV",700.00,N,N,E,-,Y,FRE,6,41,-,R,30.090,H,-,N,Y,4,0,3,2,A,-,03,22350,,N,C,C,A,A,H,-,A,D,1,,,,,Y,,A,07,0,0,3,0,0,0,0,0,0,"- ","- ",,,FRESNO,FRESNO,-119.78488425,36.832272289999999
6793001,2015,2015-02-19,9435,2015-01-07,0712,014479,,3,1,9,1000,0,3,5,,2,034,"MENDOCINO AV","SOUTH AV",0.00,,Y,E,-,N,,,,,,,,,,Y,4,0,2,2,A,-,09,21801,A,N,A,C,A,A,H,-,A,D,0,,,,,Y,,A,07,0,0,2,0,0,0,0,0,0,"- ","- ",,,FRESNO,UNINCORPORATED,-119.54769,36.619520010000002
6793019,2015,2015-02-19,9435,2015-01-16,0018,016507,,5,3,9,1000,0,3,5,,2,060,"ADAMS AV","FRANKWOOD AV",30.00,E,N,A,-,N,,,,,,,,,,Y,2,0,1,1,A,-,08,22107,,N,E,I,A,A,H,-,D,A,0,,,,,Y,,A,01,1,0,0,0,0,0,0,0,0,"- ","- ",,,FRESNO,UNINCORPORATED,-119.44861785000001,36.63321912
6793028,2015,2015-02-19,9435,2015-01-17,0630,017489,,6,1,9,1000,0,3,5,,2,030,"TRIMMER SPRINGS RD","BELMONT AV",2112.00,S,N,B,E,N,,,,,,,,,,Y,4,0,1,1,A,-,08,22107,,N,E,I,A,B,H,-,A,D,0,,,,,Y,,A,08,0,0,1,0,0,0,0,0,0,"- ","- ",,,FRESNO,UNINCORPORATED,-119.47255808,36.747872409999999
6793186,2015,2015-02-23,9435,2015-01-15,1727,19734,,4,2,9,1000,0,3,5,,2,030,"MANNING AV","NEWMARK AV",400.00,W,N,A,E,N,,,,,,,,,,Y,4,0,1,2,A,-,03,22350,,N,C,C,A,A,H,-,D,D,0,,,,,Y,,A,07,0,0,1,0,0,0,0,0,0,"- ","- ",36.603769999999997,-119.53009,FRESNO,UNINCORPORATED,-119.53129131,36.604822480000003
6793187,2015,2015-02-23,9435,2015-01-08,1358,19734,,4,1,9,1000,0,3,5,,2,030,"GOLDEN STATE BL","JEFFERSON AV",528.00,S,N,A,-,N,,,,,,,,,,Y,3,0,1,1,A,-,08,22107,,N,E,I,A,A,H,-,A,D,0,,,,,Y,,A,01,0,1,0,0,0,0,0,0,0,"- ","- ",36.655149999999999,-119.70967,FRESNO,UNINCORPORATED,-119.70958115000001,36.655179560000001
6793188,2015,2015-02-23,9435,2015-01-11,0020,17088,,7,3,9,1000,0,3,5,,2,060,"DINUBA AV","MONSON AV",528.00,E,N,A,-,N,,,,,,,,,,Y,4,0,1,2,A,-,08,22107,,N,C,E,A,A,H,-,D,D,0,,,,,Y,,A,01,0,0,1,0,0,0,0,0,0,"- ","- ",36.588529999999999,-119.33027,FRESNO,UNINCORPORATED,-119.33002343,36.58850219
6793283,2014,2015-02-09,9435,2014-12-28,0145,018809,,7,3,9,1000,0,3,5,,2,030,"RT 168","ACADEMY AV",0.00,,Y,A,-,Y,,,168,,,,,,,Y,3,0,1,1,A,-,01,23152,A,N,E,I,A,A,H,-,-,A,0,,,,,Y,Y,A,01,0,1,0,0,0,0,0,0,0,"- ","- ",36.873629999999999,-119.55741,FRESNO,UNINCORPORATED,-119.55748281,36.87372002
6793284,2014,2016-07-01,9435,2014-12-30,1349,019369,,2,1,7,1005,0,1,3,,1,180,"RT 180","RT 99",470.00,W,N,B,-,Y,FRE,6,99,-,-,21.918,R,2,S,,4,0,1,1,A,-,01,23152,A,N,E,I,A,A,H,-,A,D,1,,,,,Y,Y,A,01,0,0,1,0,0,0,0,0,0,TO,"- ",36.74089,-119.81699,FRESNO,FRESNO,-119.81587184,36.741190809999999
6794022,2015,2016-10-19,9495,2015-01-06,1100,019523,,2,1,9,1000,0,1,1,,2,001,"RT 5","PANOCHE RD",5280.00,S,N,A,-,Y,FRE,6,5,-,-,47.810,H,-,N,Y,3,0,1,1,A,-,08,22107,,N,F,A,A,A,H,-,A,D,1,,,,,Y,,A,01,0,1,0,0,0,0,0,0,0,"- ","- ",36.623399999999997,-120.60980000000001,FRESNO,UNINCORPORATED,-120.61140275,36.624924479999997
6794405,2015,2015-02-19,9435,2015-01-06,0645,15095,,2,1,9,1000,0,3,5,,2,040,"FOWLER AV","CONEJO AV",0.00,,Y,E,-,N,,,,,,,,,,Y,4,0,1,2,A,-,09,21801,A,N,D,C,A,A,H,-,A,A,0,,,,,Y,,A,08,0,0,1,0,0,0,0,0,0,"- ","- ",36.51811,-119.68246000000001,FRESNO,UNINCORPORATED,-119.68295994,36.518170060000003
6795040,2015,2016-10-28,1007,2015-01-12,0720,I045,KERMA,1,5,2,1007,0,0,0,,0,0KE,"W WHITESBRIDGE AV","S DEL NORTE AV",300.00,E,N,E,-,Y,FRE,6,180,-,-,42.200,H,-,W,N,4,0,2,2,A,-,03,22350,,N,C,C,A,B,H,-,A,A,0,,,,,Y,,-,,0,0,2,0,0,0,0,0,0,"- ","- ",,,FRESNO,KERMAN,-120.06812265000001,36.734859610000001
6795572,2014,2015-02-17,1001,2014-10-16,1421,5095,,4,5,5,1001,0,0,0,,0,,"N WILLOW AV","W ALLUVIAL AV W",0.00,,Y,A,-,N,,,,,,,,,,Y,2,0,2,1,A,-,01,23152,B,N,E,I,A,A,H,-,-,A,0,,,,,Y,Y,-,,2,0,0,0,0,0,0,0,0,"- ","- ",,,FRESNO,CLOVIS,-119.72975996,36.844850039999997
6795833,2015,2016-10-31,1015,2015-01-24,1600,N033,SELMA,6,5,3,1015,0,0,0,,0,004,"RT 43","ROSE AV",1056.00,S,N,A,-,Y,FRE,6,43,-,-,8.640,H,-,S,N,2,0,1,2,A,-,11,21954,A,N,G,B,D,A,H,-,A,D,0,Y,,,,Y,,N,60,1,0,0,0,1,0,0,0,0,"- ","- ",,,FRESNO,SELMA,-119.62874879,36.565985009999999
6796359,2015,2016-10-19,9495,2015-01-10,0615,019463,,6,1,9,1000,0,1,1,,2,003,"RT 5","JAYNE AV",12144.00,S,N,A,-,Y,FRE,6,5,-,-,3.200,H,-,S,Y,4,0,1,2,A,-,03,22350,,N,C,C,A,A,H,-,D,D,1,,,Y,,Y,,A,01,0,0,1,0,0,0,0,0,1,"- ","- ",36.111800000000002,-120.13549999999999,FRESNO,UNINCORPORATED,-120.13456244,36.110888840000001
6799140,2015,2015-02-25,1012,2015-01-23,1957,L011,REEDL,5,5,3,1012,0,0,0,,0,002,"CYPRESS AV","CONCORD AV",0.00,,Y,A,-,N,,,,,,,,,,N,4,0,1,3,A,-,01,23152,A,M,C,E,A,A,H,-,C,D,0,,,,,Y,Y,-,,0,0,1,0,0,0,0,0,0,"- ","- ",,,FRESNO,REEDLEY,-119.44552994999999,36.607810049999998
6799834,2015,2016-10-19,9495,2015-01-16,1228,19205,,5,1,9,1000,0,1,1,,2,001,"RT 5","KAMM AV",2640.00,S,N,B,-,Y,FRE,6,5,-,-,37.840,H,-,S,Y,2,0,1,2,A,-,01,23152,A,F,C,C,A,A,H,-,A,D,1,,,,,Y,Y,A,01,1,0,0,0,0,0,0,0,0,"- ","- ",36.525489999999998,-120.48133,FRESNO,UNINCORPORATED,-120.48155982999999,36.525717970000002
6799989,2015,2015-03-02,1004,2015-01-22,0750,G021,FOWLE,4,5,2,1004,0,0,0,,0,0FO,"GOLDEN STATE BL","SAN ANTONIO DR",19.00,S,N,A,-,N,,,,,,,,,,Y,4,0,1,2,A,-,03,22350,,N,C,C,A,A,H,-,A,A,0,,,,,Y,,-,,0,0,1,0,0,0,0,0,0,"- ","- ",,,FRESNO,FOWLER,-119.65311348,36.603698739999999
6801202,2014,2015-02-17,1013,2014-12-15,1116,M041,M260,1,5,3,1013,0,0,0,,0,002,"J ST","4TH ST",0.00,,Y,B,-,N,,,,,,,,,,N,3,0,1,2,A,-,"- ",,,N,D,J,E,A,H,-,A,D,0,Y,,,,Y,,N,60,0,1,0,0,1,0,0,0,0,"- ","- ",,,FRESNO,SANGER,-119.55261,36.711450020000001
6801277,2014,2015-02-10,1013,2014-12-12,0750,M032,M180,5,5,3,1013,0,0,0,,0,001,"ANNADALE AV","BETHEL AV",279.00,E,N,C,-,N,,,,,,,,,,N,4,0,2,2,A,-,21,22106,,N,D,C,A,B,H,-,A,D,0,,,,,Y,,D,22,0,0,2,0,0,0,0,0,0,"- ","- ",,,FRESNO,SANGER,-119.57331918,36.699501189999999
6801762,2015,2016-10-28,9435,2015-02-03,0640,14547,,2,1,7,1005,0,1,3,,2,181,"RT 180","G ST",100.00,E,N,F,-,Y,FRE,6,180,-,R,56.720,H,-,W,Y,4,0,1,3,A,-,03,22350,,N,C,C,A,A,H,-,A,D,1,,,,,Y,,A,01,0,0,1,0,0,0,0,0,0,"- ","- ",,,FRESNO,FRESNO,-119.80867437000001,36.74434325
6801763,2015,2015-03-02,9435,2015-01-24,0645,15095,,6,1,9,1000,0,3,5,,2,040,"BETHEL AV","MANNING AV",0.00,,Y,E,-,N,,,,,,,,,,Y,3,0,2,2,A,-,09,21802,A,N,D,C,A,B,H,-,B,A,0,,,,Y,Y,,A,01,0,1,1,0,0,0,0,0,0,"- ","- ",36.605069999999998,-119.57483999999999,FRESNO,UNINCORPORATED,-119.57483996000001,36.605190010000001
6801764,2015,2015-03-02,9435,2015-01-24,0350,16860,,6,3,9,1000,0,3,5,,2,050,"SAMPLE RD","GRANITE HILLS LN",3696.00,W,N,E,-,N,,,,,,,,,,Y,2,0,1,1,A,-,01,23152,A,N,E,I,A,B,H,-,D,D,0,,,,,Y,Y,D,22,1,0,0,0,0,0,0,0,0,"- ","- ",36.905799999999999,-119.48671,FRESNO,UNINCORPORATED,-119.48679374,36.905770279999999
6801767,2015,2015-03-02,9435,2015-01-24,1203,19113,,6,1,9,1000,0,3,5,,2,020,"GARFIELD AV","HARLAN AV",0.00,,Y,B,-,N,,,,,,,,,,N,3,0,2,2,A,-,12,22450,A,N,D,C,A,A,H,-,A,A,0,,,,,Y,,A,01,0,1,1,0,0,0,0,0,0,"- ","- ",36.444899999999997,-119.93214,FRESNO,UNINCORPORATED,-119.93217997000001,36.444980020000003
6801771,2015,2016-02-17,9435,2015-01-23,1310,017489,,5,1,9,1000,0,3,5,,2,034,"CHESTNUT AV","CENTRAL AV",60.00,S,N,B,-,N,,,,,,,,,,N,4,0,1,2,A,-,03,22350,,N,C,C,A,A,H,-,A,A,0,,,,Y,Y,,G,24,0,0,1,0,0,0,0,0,0,"- ","- ",36.67754,-119.73687,FRESNO,UNINCORPORATED,-119.73681999999999,36.677745309999999
6801776,2015,2016-10-28,9435,2015-02-05,1720,015106,,4,2,7,1005,0,1,3,,2,410,"RT 41","SIERRA AV",50.00,N,N,A,-,Y,FRE,6,41,-,R,29.970,H,-,S,N,4,0,2,2,A,-,03,22350,,N,C,C,A,A,H,-,D,D,1,,,,,Y,,A,01,0,0,2,0,0,0,0,0,0,"- ","- ",,,FRESNO,FRESNO,-119.78517003,36.830534649999997
6801780,2015,2016-10-28,9435,2015-02-04,1510,015106,,3,2,7,1005,0,1,3,,2,410,"RT 41","ASHLAN AV",550.00,S,N,A,-,Y,FRE,6,41,-,R,27.346,R,2,S,N,4,0,1,2,A,-,06,21755,,F,B,C,A,A,H,-,A,D,1,,,,,Y,,D,22,0,0,1,0,0,0,0,0,0,FR,"- ",,,FRESNO,FRESNO,-119.78478354000001,36.792502550000002
6801787,2015,2015-03-02,9435,2015-01-31,0742,19113,,6,1,9,1000,0,3,5,,2,020,"HENDERSON AV","CORNELIA AV",0.00,,Y,E,-,N,,,,,,,,,,Y,3,0,2,2,A,-,09,21802,A,N,D,C,A,A,H,-,A,A,0,,,,,Y,,D,22,0,1,1,0,0,0,0,0,0,"- ","- ",36.58381,-119.88097,FRESNO,UNINCORPORATED,-119.88094996,36.583840090000002
6801802,2015,2016-10-28,9435,2015-01-31,0835,19113,,6,1,9,1000,0,1,3,,1,412,"RT 41","CONEJO AV",0.00,,Y,E,-,Y,FRE,6,41,-,R,8.107,I,5,N,Y,3,0,1,2,A,-,03,22350,,N,D,C,A,A,H,-,A,A,0,,,,,Y,,D,22,0,1,0,0,0,0,0,0,0,"- ","- ",36.518439999999998,-119.78598,FRESNO,UNINCORPORATED,-119.78618167,36.518310020000001
6801803,2015,2016-10-28,9435,2015-01-23,1203,17088,,5,1,9,1000,0,1,3,,2,184,"RT 180","GEORGE SMITH RD",3168.00,E,N,A,-,Y,FRE,6,180,-,-,89.970,H,-,W,Y,2,0,3,3,A,-,09,21804,A,N,D,C,F,A,H,-,A,D,0,Y,,,,Y,,D,22,2,1,0,0,1,0,0,0,0,"- ","- ",36.442480000000003,-119.14521999999999,FRESNO,UNINCORPORATED,-119.24822526,36.74009642
6801815,2015,2015-03-06,9435,2015-02-02,0750,019113,,1,1,9,1000,0,3,5,,2,015,"JENSEN AV","BRAWLEY AV",1056.00,W,N,E,-,N,,,,,,,,,,Y,4,0,2,5,A,-,03,22350,,N,C,C,A,B,H,-,A,D,0,,,,,Y,,A,08,0,0,2,0,0,0,0,0,0,"- ","- ",36.70646,-119.86654,FRESNO,UNINCORPORATED,-119.86596972,36.706499999999998
6801819,2015,2016-10-28,9435,2015-02-01,0828,019113,,7,1,9,1000,0,1,3,,1,412,"RT 41","MOUNT WHITNEY AV",0.00,,Y,E,-,Y,FRE,6,41,-,R,2.030,I,5,N,Y,4,0,2,2,D,-,00,,,N,D,C,A,A,H,-,A,A,0,,,,,Y,,-,"- ",0,0,2,0,0,0,0,0,0,"- ","- ",36.431260000000002,-119.80119000000001,FRESNO,UNINCORPORATED,-119.80112330999999,36.431309689999999
6801823,2015,2016-10-28,9435,2015-01-28,0855,15026,,3,1,9,1000,0,1,3,,1,180,"RT 180","HAYES AV",0.00,,Y,B,E,Y,FRE,6,180,-,-,51.590,I,5,W,Y,4,0,4,2,A,-,09,21802,A,N,D,C,A,B,H,-,A,A,0,,,,,Y,,A,07,0,0,4,0,0,0,0,0,0,"- ","- ",,,FRESNO,UNINCORPORATED,-119.89874222,36.735400159999998
6801826,2015,2016-10-28,9435,2015-01-22,1424,18860,,4,2,9,1000,0,1,3,,1,412,"RT 41","MOUNT WHITNEY AV",400.00,N,N,B,-,Y,FRE,6,41,-,R,2.110,H,-,S,Y,4,0,1,3,A,-,05,21650,,N,A,C,A,A,H,-,A,D,0,,,,Y,Y,,A,01,0,0,1,0,0,0,0,0,0,"- ","- ",34.438679999999998,-119.79962,FRESNO,UNINCORPORATED,-119.8008804,36.432456309999999
6801838,2015,2015-03-02,9435,2015-01-23,1130,13780,,5,1,9,1000,0,3,5,,2,025,"DEWOLF AV","ALLUVIAL AV",0.00,,Y,B,E,N,,,,,,,,,,Y,2,0,2,2,A,-,12,22450,A,N,D,C,A,A,H,-,A,D,0,,,,,Y,,D,22,1,1,0,0,0,0,0,0,0,"- ","- ",,,FRESNO,UNINCORPORATED,-119.64798985,36.844650020000003
6801896,2015,2016-10-19,9495,2015-01-31,1705,19548,,6,2,9,1000,0,1,1,,2,002,"RT 5","RT 145",1584.00,N,N,A,-,Y,FRE,6,5,-,-,18.260,H,-,S,Y,4,0,6,2,A,-,03,22350,,N,C,C,A,A,H,-,A,D,1,,,,Y,Y,,I,10,0,0,6,0,0,0,0,0,0,"- ","- ",36.297780000000003,-120.27198,FRESNO,UNINCORPORATED,-120.27200119,36.297910739999999
6801971,2015,2015-02-18,1013,2015-01-12,1917,M017,1013,1,5,3,1013,0,0,0,,0,001,GREENWOOD,"JENSEN AV",10.00,S,N,A,-,N,,,,,,,,,,Y,2,0,1,2,A,-,12,21453,A,N,D,G,A,A,H,-,C,A,0,,Y,,,Y,,L,04,1,0,0,0,0,0,1,0,0,"- ","- ",,,FRESNO,SANGER,-119.56521183,36.706782590000003
6802204,2015,2015-02-25,9435,2015-01-12,1050,015026,,1,1,9,1000,0,3,5,,2,010,"BRAWLEY AV","MCKINLEY AV",0.00,,Y,A,-,N,,,,,,,,,,Y,4,0,2,2,A,-,12,22450,A,N,D,C,A,A,H,-,A,A,0,,,,,Y,,D,22,0,0,2,0,0,0,0,0,0,"- ","- ",,,FRESNO,UNINCORPORATED,-119.86223991,36.764590099999999
6802212,2015,2016-10-28,9435,2015-01-14,1749,016048,,3,2,7,1005,0,1,3,,2,410,"RT 41","SHIELDS AV",250.00,S,N,A,-,Y,FRE,6,41,-,R,26.312,R,1,S,Y,4,0,2,2,A,-,03,22350,,N,C,C,A,A,H,-,C,A,1,,,,,Y,,A,01,0,0,2,0,0,0,0,0,0,FR,"- ",36.77711,-119.78524,FRESNO,FRESNO,-119.78503655,36.777535
6802243,2015,2016-10-19,9435,2015-01-02,0920,015026,,5,1,7,1005,0,1,3,,2,105,"RT 99","SHAW AV",5280.00,N,N,A,-,Y,FRE,6,99,-,-,29.100,H,-,N,Y,3,0,1,2,A,-,07,21658,A,F,E,I,A,A,H,-,A,D,1,,,,,Y,,D,22,0,1,0,0,0,0,0,0,0,"- ","- ",,,FRESNO,FRESNO,-119.89969007000001,36.818248750000002
6802254,2015,2015-02-25,9435,2015-01-11,0130,019032,,7,3,9,1000,0,3,5,,2,015,"JENSEN AV","MARKS AV",1584.00,W,N,A,-,N,,,,,,,,,,Y,3,0,1,1,A,-,01,23152,A,N,E,I,A,A,H,-,C,D,0,,,,,Y,Y,D,22,0,1,0,0,0,0,0,0,0,"- ","- ",36.706389999999999,-119.84729,FRESNO,UNINCORPORATED,-119.84989916000001,36.706589600000001
6802255,2015,2015-02-25,9435,2015-01-24,1935,018574,,6,2,9,1000,0,3,5,,2,025,"COPPER AV","AUBERRY RD",0.00,,Y,A,-,N,,,,,,,,,,Y,3,0,2,2,A,-,09,21802,A,N,D,C,A,A,H,-,D,A,0,,,,,Y,,A,01,0,2,0,0,0,0,0,0,0,"- ","- ",36.895809999999997,-119.71575,FRESNO,UNINCORPORATED,-119.71568988999999,36.895780049999999
6802258,2015,2016-10-28,9435,2015-01-14,0930,013780,,3,1,7,1005,0,1,3,,2,410,"RT 41","BULLARD AV",0.00,S,N,A,-,Y,FRE,6,41,-,R,29.060,H,-,N,N,4,0,1,2,D,-,00,,,N,B,C,A,A,H,-,A,D,1,,,,,Y,,-,"- ",0,0,1,0,0,0,0,0,0,"- ","- ",,,FRESNO,FRESNO,-119.78518429,36.817329010000002
6802259,2015,2015-02-25,9435,2015-01-21,1535,018746,,3,2,7,1005,1,3,5,,2,034,"FLORENCE AV","CEDAR AV",528.00,E,N,B,-,N,,,,,,,,,,N,3,0,1,1,C,-,18,,,N,H,A,A,A,H,-,A,D,0,,,,,Y,,-,"- ",0,1,0,0,0,0,0,0,0,"- ","- ",36.717730000000003,-119.75169,FRESNO,FRESNO,-119.75288044,36.717760220000002
6802261,2015,2016-10-28,9435,2015-01-27,0725,017138,,2,1,7,1005,0,1,3,,1,411,"RT 41","NORTH AV",50.00,N,N,C,-,Y,FRE,6,41,-,R,20.360,R,1,S,Y,4,0,1,2,A,-,03,22350,,N,C,C,A,B,H,-,A,A,1,,,,,Y,,D,22,0,0,1,0,0,0,0,0,0,TO,"- ",36.692740000000001,-119.78667,FRESNO,FRESNO,-119.78610066,36.696151209999996
6802263,2015,2015-02-25,9435,2015-01-20,2300,16870,,2,3,9,1000,0,3,5,,2,034,"KINGS CANYON RD","TEMPERANCE AV",0.00,,Y,B,-,N,,,,,,,,,,Y,4,0,1,2,D,-,00,,,N,D,C,A,B,H,-,C,A,0,,,,,Y,,-,"- ",0,0,1,0,0,0,0,0,0,"- ","- ",36.737639999999999,-119.66419,FRESNO,UNINCORPORATED,-119.66410998000001,36.736900069999997
6802266,2015,2016-10-19,9435,2015-01-17,0429,19323,,6,3,7,1005,0,1,3,,2,106,"RT 99","CHURCH AV",5.00,S,N,B,-,Y,FRE,6,99,-,-,19.200,H,-,N,Y,3,0,1,2,A,-,16,35251,A,N,E,I,A,A,H,-,C,D,1,,,,Y,Y,,G,25,0,1,0,0,0,0,0,0,0,"- ","- ",36.713979999999999,-119.78073999999999,FRESNO,FRESNO,-119.78102534,36.714144300000001
6802268,2015,2016-10-28,9435,2015-01-13,0813,015773,,2,1,9,1000,0,1,3,,2,184,"RT 180","CRAWFORD AV",2112.00,W,N,E,-,Y,FRE,6,180,-,-,81.690,H,-,E,Y,2,0,3,3,A,-,08,22107,,N,B,C,A,A,H,-,A,D,0,,,,,Y,,A,01,1,2,0,0,0,0,0,0,0,"- ","- ",36.719630000000002,-119.38341,FRESNO,UNINCORPORATED,-119.38335060999999,36.719607279999998
6802269,2015,2016-10-28,9435,2015-01-22,1423,018860,,4,2,9,1000,0,1,3,,1,412,"RT 41","MOUNT WHITNEY AV",2000.00,N,N,B,-,Y,FRE,6,41,-,R,2.410,H,-,S,Y,4,0,1,3,A,-,03,22350,,N,C,C,A,A,H,-,A,D,0,,,,,Y,,A,01,0,0,1,0,0,0,0,0,0,"- ","- ",36.438690000000001,-119.79962999999999,FRESNO,UNINCORPORATED,-119.79999608999999,36.436761969999999
6802270,2015,2016-10-19,9435,2015-01-14,0850,015026,,3,1,2,1004,0,1,3,,2,106,"RT 99","MERCED ST",1056.00,N,N,E,-,Y,FRE,6,99,-,-,11.330,H,-,S,Y,4,0,1,2,A,-,03,22350,,N,C,C,A,A,H,-,A,D,1,,,,Y,Y,,A,07,0,0,1,0,0,0,0,0,0,"- ","- ",,,FRESNO,FOWLER,-119.68712875,36.628883700000003
6802272,2015,2016-10-28,9435,2015-01-28,0615,013780,,3,1,7,1005,0,1,3,,2,410,"RT 41","BULLARD AV",1500.00,S,N,E,-,Y,FRE,6,41,-,R,29.180,H,-,N,Y,4,0,1,1,A,-,08,22107,,N,E,I,A,A,H,-,A,D,1,,,,,Y,,D,22,0,0,1,0,0,0,0,0,0,"- ","- ",,,FRESNO,FRESNO,-119.78517549,36.819070369999999
6802273,2015,2015-02-26,9435,2015-01-15,1510,014650,,4,2,9,1000,0,3,5,,2,020,"MARKS AV","CONEJO AV",352.00,S,N,E,-,N,,,,,,,,,,Y,4,0,2,2,A,-,08,22107,,N,D,C,A,A,H,-,A,D,0,,,,,Y,,A,01,0,0,2,0,0,0,0,0,0,"- ","- ",36.516820000000003,-119.84547999999999,FRESNO,UNINCORPORATED,-119.84539802,36.517143740000002
6802274,2015,2016-10-28,9435,2015-01-11,1419,018912,,7,2,9,1000,0,1,3,,2,181,"RT 180","RT 99",1000.00,E,N,A,-,Y,FRE,6,180,-,R,56.518,R,1,W,Y,4,0,1,3,A,-,03,22350,,N,C,C,A,A,H,-,A,D,0,,,,,Y,,D,22,0,0,1,0,0,0,0,0,0,TO,"- ",36.742139999999999,-119.81319000000001,FRESNO,UNINCORPORATED,-119.81168443999999,36.742725669999999
6802275,2015,2015-02-25,9435,2015-01-18,1050,015773,,7,1,9,1000,0,3,5,,2,060,"MANNING AV","ALTA AV",197.00,W,N,B,-,N,,,,,,,,,,Y,2,0,2,2,A,-,05,21651,A,N,A,C,A,A,H,-,A,D,0,,,,,Y,,A,01,1,0,1,0,0,0,0,0,0,"- ","- ",36.603990000000003,-119.39561,FRESNO,UNINCORPORATED,-119.39562051,36.603943690000001