CASE_ID,ACCIDENT_YEAR,PROC_DATE,JURIS,COLLISION_DATE,COLLISION_TIME,OFFICER_ID,REPORTING_DISTRICT,DAY_OF_WEEK,CHP_SHIFT,POPULATION,CNTY_CITY_LOC,SPECIAL_COND,BEAT_TYPE,CHP_BEAT_TYPE,CITY_DIVISION_LAPD,CHP_BEAT_CLASS,BEAT_NUMBER,PRIMARY_RD,SECONDARY_RD,DISTANCE,DIRECTION,INTERSECTION,WEATHER_1,WEATHER_2,STATE_HWY_IND,CALTRANS_COUNTY,CALTRANS_DISTRICT,STATE_ROUTE,ROUTE_SUFFIX,POSTMILE_PREFIX,POSTMILE,LOCATION_TYPE,RAMP_INTERSECTION,SIDE_OF_HWY,TOW_AWAY,COLLISION_SEVERITY,NUMBER_KILLED,NUMBER_INJURED,PARTY_COUNT,PRIMARY_COLL_FACTOR,PCF_CODE_OF_VIOL,PCF_VIOL_CATEGORY,PCF_VIOLATION,PCF_VIOL_SUBSECTION,HIT_AND_RUN,TYPE_OF_COLLISION,MVIW,PED_ACTION,ROAD_SURFACE,ROAD_COND_1,ROAD_COND_2,LIGHTING,CONTROL_DEVICE,CHP_ROAD_TYPE,PEDESTRIAN_ACCIDENT,BICYCLE_ACCIDENT,MOTORCYCLE_ACCIDENT,TRUCK_ACCIDENT,NOT_PRIVATE_PROPERTY,ALCOHOL_INVOLVED,STWD_VEHTYPE_AT_FAULT,CHP_VEHTYPE_AT_FAULT,COUNT_SEVERE_INJ,COUNT_VISIBLE_INJ,COUNT_COMPLAINT_PAIN,COUNT_PED_KILLED,COUNT_PED_INJURED,COUNT_BICYCLIST_KILLED,COUNT_BICYCLIST_INJURED,COUNT_MC_KILLED,COUNT_MC_INJURED,PRIMARY_RAMP,SECONDARY_RAMP,LATITUDE,LONGITUDE,COUNTY,CITY,POINT_X,POINT_Y
7016731,2015,2015-08-14,9435,2015-07-11,2122,016507,,6,2,9,1000,0,3,5,,2,060,"SOUTH AV","HANSEN AV",1584.00,E,N,A,-,N,,,,,,,,,,Y,3,0,1,1,A,-,08,22107,,N,E,I,A,A,H,-,D,D,0,,,,,Y,,A,07,0,1,0,0,0,0,0,0,0,"- ","- ",36.617849999999997,-119.34826,FRESNO,UNINCORPORATED,-119.34875968999999,36.617793849999998
7016732,2015,2015-08-14,9435,2015-07-21,2200,015773,,2,3,9,1000,0,3,5,,2,060,"ELWOOD RD","PALOMINO DR",528.00,E,N,A,-,N,,,,,,,,,,Y,3,0,1,1,C,-,18,,,N,H,H,A,A,H,-,D,D,0,,,,,Y,,-,"- ",0,1,0,0,0,0,0,0,0,"- ","- ",36.789619999999999,-119.30775,FRESNO,UNINCORPORATED,-119.30761411,36.789605520000002
7016735,2015,2017-01-23,9435,2015-07-08,1400,015026,,3,2,7,1005,0,1,3,,2,410,"RT 41","NEVADA AV",158.00,S,N,A,-,Y,FRE,6,41,-,R,23.910,H,-,S,Y,4,0,2,1,A,-,08,22107,,N,E,I,A,A,H,-,A,D,1,,,,,Y,,A,01,0,0,2,0,0,0,0,0,0,"- ","- ",,,FRESNO,FRESNO,-119.77667231,36.74546874
7016736,2015,2017-01-09,9435,2015-07-30,1417,16761,,4,2,9,1000,0,1,3,,1,183,"RT 180","TEMPERANCE AV",1985.00,E,N,A,-,Y,FRE,6,180,-,R,65.720,H,-,W,Y,3,0,1,2,A,-,08,22107,,N,C,C,A,A,H,-,A,D,0,,,,,Y,,A,07,0,1,0,0,0,0,0,0,0,"- ","- ",36.737310000000001,-119.65711,FRESNO,UNINCORPORATED,-119.65829875999999,36.737581640000002
7016739,2015,2017-01-09,9435,2015-07-11,0850,015773,,6,1,9,1000,0,3,5,,2,060,"RT 180","MILLWOOD RD",3696.00,E,N,A,-,Y,FRE,6,180,-,-,104.770,H,-,E,Y,3,0,1,1,A,-,08,22107,,N,E,I,A,A,H,-,A,D,0,,,,,Y,,A,01,0,1,0,0,0,0,0,0,0,"- ","- ",36.743940000000002,-119.04557,FRESNO,UNINCORPORATED,-119.04494925,36.743016279999999
7016740,2015,2017-01-09,9435,2015-07-16,1030,015602,,4,1,9,1000,0,1,3,,1,183,"RT 180","MCCALL AV",200.00,E,N,A,-,Y,FRE,6,180,-,-,68.640,H,-,W,N,4,0,1,2,A,-,03,22350,,N,C,C,A,A,H,-,A,A,0,,,,,Y,,A,01,0,0,1,0,0,0,0,0,0,"- ","- ",36.735939999999999,-119.60866,FRESNO,UNINCORPORATED,-119.60932774,36.735994210000001
7016743,2015,2015-08-14,9435,2015-07-02,2110,015181,,4,2,9,1000,0,3,5,,2,020,"NEBRASKA AV","BRYAN AV",75.00,E,N,A,-,N,,,,,,,,,,Y,3,0,1,1,A,-,01,23152,A,N,E,I,A,A,H,-,D,D,0,,,,,Y,,A,01,0,1,0,0,0,0,0,0,0,"- ","- ",36.561500000000002,-119.90792,FRESNO,UNINCORPORATED,-119.90786478,36.561510339999998
7016744,2015,2015-08-14,9435,2015-07-23,1710,19926,,4,2,9,1000,0,3,5,,2,010,"LANSING WY","PALM AV",0.00,,Y,A,-,N,,,,,,,,,,Y,4,0,1,2,A,-,09,21802,A,N,D,C,A,A,H,-,A,A,0,,,,,Y,,A,07,0,0,1,0,0,0,0,0,0,"- ","- ",,,FRESNO,UNINCORPORATED,-119.80864994,36.787560059999997
7016747,2015,2015-08-14,9435,2015-07-10,1342,018939,,5,1,9,1000,0,3,5,,2,020,"MARKS AV","MOUNT WHITNEY AV",0.00,,Y,A,-,N,,,,,,,,,,Y,4,0,1,2,A,-,12,22450,A,F,D,C,A,A,H,-,A,D,0,,,,,Y,,A,01,0,0,1,0,0,0,0,0,0,"- ","- ",36.43085,-119.85102000000001,FRESNO,UNINCORPORATED,-119.85117995,36.430870089999999
7016748,2015,2015-08-14,9435,2015-07-04,1630,018934,,6,2,9,1000,0,3,5,,2,010,"OLIVE AV","VALENTINE AV",0.00,,Y,A,-,N,,,,,,,,,,Y,3,0,1,2,A,-,09,21802,A,M,D,C,A,A,H,-,A,A,0,,,,,Y,Y,A,08,0,1,0,0,0,0,0,0,0,"- ","- ",36.757379999999998,-119.85326000000001,FRESNO,UNINCORPORATED,-119.85322995,36.757360050000003
7016751,2015,2015-08-14,9435,2015-07-19,1500,019327,,7,2,9,1000,0,3,5,,2,040,"ADAMS AV","MCCALL AV",1700.00,W,N,A,-,N,,,,,,,,,,Y,4,0,1,1,A,-,08,22107,,N,E,I,A,A,H,-,A,D,0,,,,,Y,Y,A,01,0,0,1,0,0,0,0,0,0,"- ","- ",36.634419999999999,-119.61602999999999,FRESNO,UNINCORPORATED,-119.61640937,36.634371430000002
7016752,2015,2015-08-14,9435,2015-07-06,1500,015773,,1,2,9,1000,0,3,5,,2,060,"WAKEFIELD AV","ADAMS AV",0.00,,Y,A,-,N,,,,,,,,,,Y,2,0,2,2,A,-,01,23152,A,N,D,C,A,A,H,-,A,A,0,,,,,Y,Y,A,07,1,0,1,0,0,0,0,0,0,"- ","- ",36.63252,-119.35885,FRESNO,UNINCORPORATED,-119.35874991,36.632520059999997
7016755,2015,2015-08-14,9435,2015-07-19,1030,017310,,7,1,9,1000,0,3,5,,2,030,"ASHLAN AV","JUDY AV",75.00,W,N,A,-,N,,,,,,,,,,N,3,0,1,3,A,-,07,21658,A,N,B,C,A,A,H,-,A,D,0,,,Y,,Y,,C,02,0,1,0,0,0,0,0,0,1,"- ","- ",36.793199999999999,-119.69977,FRESNO,UNINCORPORATED,-119.69965596,36.79318
7016756,2015,2015-08-14,9435,2015-07-21,0224,016911,,2,3,9,1000,0,3,5,,2,025,"DE WOLF AV","SHEPHERD AV",80.00,E,N,A,-,N,,,,,,,,,,Y,3,0,1,1,A,-,01,23152,A,N,E,I,A,A,H,-,D,D,0,,,,,Y,Y,A,01,0,1,0,0,0,0,0,0,0,"- ","- ",36.866729999999997,-119.64735,FRESNO,UNINCORPORATED,-119.64931851999999,36.866650440000001
7016759,2015,2015-08-14,9435,2015-07-14,2202,016860,,2,3,9,1000,0,3,5,,2,050,"AUBERRY RD","FRAZIER RD",1584.00,N,N,A,-,N,,,,,,,,,,Y,3,0,1,1,A,-,01,23152,A,N,F,A,A,A,H,-,D,D,0,,,,,Y,Y,A,01,0,1,0,0,0,0,0,0,0,"- ","- ",37.069420000000001,-119.48887000000001,FRESNO,UNINCORPORATED,-119.49010564,37.06850841
7016760,2015,2015-08-14,9435,2015-07-31,1215,017489,,5,1,9,1000,0,3,5,,2,010,"CORNELIA AV","DUDLEY AV",25.00,N,N,A,-,N,,,,,,,,,,Y,4,0,2,2,A,-,03,22350,,N,C,C,A,A,H,-,A,D,0,,,,,Y,,A,01,0,0,2,0,0,0,0,0,0,"- ","- ",36.753869999999999,-119.88019,FRESNO,UNINCORPORATED,,
7016763,2015,2017-01-14,9435,2015-07-19,1529,019610,,7,2,9,1000,0,3,5,,2,050,"AUBERRY RD","RT 168",5.00,N,N,A,-,Y,FRE,6,168,-,T,30.201,I,6,W,N,4,0,1,2,A,-,03,22350,,N,C,C,A,A,H,-,A,A,0,,,,,Y,,A,07,0,0,1,0,0,0,0,0,0,"- ","- ",37.042999999999999,-119.49894,FRESNO,UNINCORPORATED,-119.51417563,37.037410899999998
7016764,2015,2017-01-09,9435,2015-07-28,2325,019473,,2,3,7,1005,0,1,3,,2,181,"RT 180","1ST ST",30.00,E,N,A,-,Y,FRE,6,180,-,R,58.900,H,-,E,Y,4,0,2,2,A,-,03,22350,,N,C,C,A,A,C,-,C,D,1,,,,,Y,,A,01,0,0,2,0,0,0,0,0,0,"- ","- ",36.754579999999997,-119.77233,FRESNO,FRESNO,-119.77195444,36.754663110000003
7016767,2015,2017-01-12,9435,2015-07-17,1630,18934,,5,2,7,1005,0,1,3,,2,105,"RT 99","ASHLAN AV",10.00,N,N,A,-,Y,FRE,6,99,-,-,26.550,H,-,N,Y,3,0,1,2,A,-,07,21658,A,N,F,A,A,A,H,-,A,D,1,,,Y,,Y,,A,07,0,1,0,0,0,0,0,0,1,"- ","- ",36.793799999999997,-119.86561,FRESNO,FRESNO,-119.86523644,36.793609859999997
7016768,2015,2017-01-12,9435,2015-07-27,1740,18609,,1,2,9,1000,0,1,3,,2,106,"RT 99","NORTH AV",1500.00,S,N,A,-,Y,FRE,6,99,-,-,16.980,H,-,S,Y,3,0,2,2,C,-,18,,,N,D,C,A,A,H,-,A,D,1,,,,,Y,,-,"- ",0,1,1,0,0,0,0,0,0,"- ","- ",36.682810000000003,-119.74732,FRESNO,UNINCORPORATED,-119.75542586,36.689414419999999
7016771,2015,2017-01-23,9435,2015-07-14,0635,013780,,2,1,7,1005,0,1,3,,2,410,"RT 41","NEVADA AV",565.00,N,N,A,-,Y,FRE,6,41,-,R,24.050,H,-,N,Y,2,0,1,1,A,-,08,22107,,N,E,I,A,A,H,-,A,D,1,,,,,Y,,A,07,1,0,0,0,0,0,0,0,0,"- ","- ",,,FRESNO,FRESNO,-119.77617205,36.747628689999999
7016772,2015,2017-01-09,9435,2015-07-17,0813,013780,,5,1,7,1005,0,1,3,,2,182,"RT 180","WILLOW AV",50.00,W,N,A,-,Y,FRE,6,180,-,-,61.920,H,-,W,Y,3,0,1,1,A,-,08,22107,,N,E,I,A,A,H,-,A,D,0,,,,,Y,,A,01,0,1,0,0,0,0,0,0,0,"- ","- ",,,FRESNO,FRESNO,-119.71963141000001,36.753495610000002
7016776,2015,2015-08-14,9435,2015-07-07,1215,015773,,2,1,9,1000,0,3,5,,2,060,"CRAWFORD AV","MANNING AV",0.00,,Y,A,-,N,,,,,,,,,,Y,4,0,3,3,A,-,09,21802,A,N,D,C,A,A,H,-,A,A,0,,,,,Y,,A,01,0,0,3,0,0,0,0,0,0,"- ","- ",36.603670000000001,-119.37671,FRESNO,UNINCORPORATED,-119.37669988,36.60369
7016780,2015,2017-01-09,9435,2015-07-04,0330,015773,,6,3,9,1000,0,1,3,,1,183,"RT 180","RIO VISTA AV",528.00,E,N,B,-,Y,FRE,6,180,-,-,76.040,H,-,E,Y,4,0,1,1,A,-,08,22107,,M,E,I,A,A,H,-,D,D,0,,,,,Y,,A,01,0,0,1,0,0,0,0,0,0,"- ","- ",36.731819999999999,-119.47396000000001,FRESNO,UNINCORPORATED,-119.47579696,36.731937649999999
7016784,2015,2015-08-14,9435,2015-07-17,1609,16761,,5,2,9,1000,0,3,5,,2,025,"SHAW AV","MALVERN AV",730.00,E,N,A,-,N,,,,,,,,,,Y,4,0,1,1,A,-,08,22107,,N,E,I,A,A,H,-,A,D,0,,,,,Y,,A,01,0,0,1,0,0,0,0,0,0,"- ","- ",36.808109999999999,-119.54647,FRESNO,UNINCORPORATED,-119.54672874000001,36.808110110000001
7016788,2015,2017-01-12,9435,2015-07-17,1330,019926,,5,1,7,1005,0,1,3,,2,106,"RT 99","JENSEN AV",900.00,S,N,A,-,Y,FRE,6,99,-,-,18.380,H,-,N,Y,4,0,2,4,A,-,03,22350,,N,C,C,A,A,H,-,A,D,1,,,,,Y,,A,01,0,0,2,0,0,0,0,0,0,"- ","- ",,,FRESNO,FRESNO,-119.77178071,36.704704700000001
7016792,2015,2017-01-09,9435,2015-07-17,0815,012846,,5,1,7,1005,0,1,3,,2,182,"RT 180","PEACH AV",990.00,W,N,A,-,Y,FRE,6,180,-,R,61.710,H,-,W,Y,4,0,1,2,A,-,03,22350,,N,C,C,A,A,H,-,A,D,0,,,,,Y,,A,01,0,0,1,0,0,0,0,0,0,"- ","- ",,,FRESNO,FRESNO,-119.72165935,36.75355837
7016796,2015,2017-01-14,9435,2015-07-14,1255,015026,,2,1,5,1001,0,1,3,,1,168,"RT 168","BULLARD AV",833.00,W,N,A,-,Y,FRE,6,168,-,R,5.470,H,-,E,Y,3,0,1,1,A,-,08,22107,,N,E,I,A,A,H,-,A,D,1,,,,,Y,,A,01,0,1,0,0,0,0,0,0,0,"- ","- ",,,FRESNO,CLOVIS,-119.71905678,36.821339330000001
7016800,2015,2015-08-14,9435,2015-07-16,0015,018944,,4,3,9,1000,0,3,5,,2,034,"JENSEN AVBYP","PULLMAN ST",0.00,,Y,A,-,N,,,,,,,,,,N,4,0,1,2,A,-,11,21956,,F,G,B,D,A,H,-,D,D,0,Y,,,,Y,,N,60,0,0,1,0,1,0,0,0,0,"- ","- ",36.706020000000002,-119.76034,FRESNO,UNINCORPORATED,-119.76033031999999,36.706878000000003
7016939,2015,2017-01-27,9435,2015-07-13,0215,019789,,1,3,7,1005,0,1,3,,2,105,"RT 99","RT 180",15.00,S,N,A,-,Y,FRE,6,99,-,-,22.098,R,2,S,Y,3,0,1,1,A,-,01,23152,A,N,E,I,A,A,H,-,D,D,1,,,,,Y,Y,A,01,0,1,0,0,0,0,0,0,0,"- ","- ",36.739600000000003,-119.81583999999999,FRESNO,FRESNO,-119.81855804,36.74260838
7017473,2015,2017-01-09,9495,2015-07-29,1030,019111,,3,1,9,1000,0,1,3,,1,006,"RT 33","CALAVERAS AV",10.00,S,N,A,-,Y,FRE,6,33,-,-,11.330,H,-,S,Y,4,0,1,2,A,-,03,22350,,N,C,C,A,A,H,-,A,D,0,,,,Y,Y,,G,25,0,0,1,0,0,0,0,0,0,"- ","- ",36.082169999999998,-120.16973,FRESNO,UNINCORPORATED,-120.28294031999999,36.136912979999998
7017477,2015,2015-08-26,9495,2015-07-29,1340,019111,,3,1,9,1000,0,3,5,,2,052,"OAKLAND AV","BUTTE AV",3696.00,W,N,A,-,N,,,,,,,,,,Y,2,0,1,2,A,-,08,22107,,N,B,C,A,A,H,-,A,D,0,,,,Y,Y,,D,22,1,0,0,0,0,0,0,0,0,"- ","- ",36.20532,-120.10311,FRESNO,UNINCORPORATED,-120.17017342,36.342250360000001
7017541,2015,2015-08-17,9435,2015-05-30,1628,018912,,6,2,9,1000,0,3,5,,2,040,"KAMM AV","BETHEL AV",590.00,E,N,A,-,N,,,,,,,,,,Y,3,0,1,1,A,-,01,23152,A,N,F,A,A,A,H,-,A,D,0,,,,,Y,Y,A,07,0,1,0,0,0,0,0,0,0,"- ","- ",36.532539999999997,-119.57414,FRESNO,UNINCORPORATED,-119.57638,36.53246
7017747,2015,2015-08-17,9435,2015-06-27,1415,18914,,6,2,9,1000,0,3,5,,2,050,"HUNTINGTON LAKE RD","OLD HUNTINGTON RD",1584.00,N,N,A,-,N,,,,,,,,,,N,3,0,1,1,C,-,18,,,N,F,A,A,A,H,-,A,D,0,,Y,,,Y,,-,"- ",0,1,0,0,0,0,1,0,0,"- ","- ",37.253019999999999,-119.18416000000001,FRESNO,UNINCORPORATED,-119.19151659000001,37.249897189999999
7017798,2015,2017-01-09,9495,2015-07-31,2350,019755,,5,3,9,1000,0,1,3,,1,007,"RT 33","FRESNO/KINGS CO LINE",528.00,N,N,A,-,Y,FRE,6,33,-,-,1.000,H,-,N,Y,4,0,1,1,A,-,08,22107,,N,F,I,A,A,H,-,D,D,0,,,,,Y,,A,01,0,0,1,0,0,0,0,0,0,"- ","- ",35.957929999999998,-119.93631999999999,FRESNO,UNINCORPORATED,-120.17690340999999,36.031934440000001
7018271,2015,2017-01-12,9495,2015-07-27,2215,017312,,1,3,9,1000,0,1,1,,2,003,"RT 5","JAYNE AV",12144.00,S,N,A,-,Y,FRE,6,5,-,-,3.200,H,-,N,Y,3,0,1,1,A,-,08,22107,,N,E,I,A,A,H,-,D,D,1,,,,Y,Y,,G,25,0,1,0,0,0,0,0,0,0,"- ","- ",36.111089999999997,-120.13419,FRESNO,UNINCORPORATED,-120.13419765,36.111004680000001
7018893,2015,2017-01-09,9435,2015-07-31,0820,17489,,5,1,9,1000,0,1,3,,1,180,"RT 180","YUBA AV",10.00,E,N,A,-,Y,FRE,6,180,-,-,36.630,H,-,W,Y,3,0,2,2,A,-,03,22350,,N,C,C,A,A,H,-,A,D,0,,,,,Y,,A,07,0,1,1,0,0,0,0,0,0,"- ","- ",36.734690000000001,-120.16871999999999,FRESNO,UNINCORPORATED,-120.16853175,36.734658009999997
7020220,2015,2015-08-21,1015,2015-07-31,1551,N042,SELMA,5,5,3,1015,0,0,0,,0,0SE,BURNHAM,WRIGHT,190.00,W,N,A,-,N,,,,,,,,,,N,3,0,1,2,A,-,11,21954,A,N,G,B,E,A,H,-,A,D,0,Y,,,,Y,,N,60,0,1,0,0,1,0,0,0,0,"- ","- ",,,FRESNO,SELMA,-119.61582663999999,36.584809999999997
7020504,2015,2015-08-24,9495,2015-07-23,1705,019463,,4,2,9,1000,0,3,5,,2,053,"JAYNE AV","SISKIYOU AV",50.00,E,N,A,-,N,,,,,,,,,,N,4,0,1,2,A,-,03,22350,,N,C,C,A,A,H,-,A,D,0,,,,,Y,,D,22,0,0,1,0,0,0,0,0,0,"- ","- ",36.138190000000002,-120.08581,FRESNO,UNINCORPORATED,-120.08467075,36.138080109999997
7020508,2015,2017-01-12,9495,2015-07-23,0640,019205,,4,1,9,1000,0,1,1,,2,001,"RT 5","PANOCHE RD",661.00,S,N,A,-,Y,FRE,6,5,-,-,48.860,H,-,N,Y,3,0,1,3,A,-,03,22350,,N,C,C,A,A,H,-,A,D,1,,,,Y,Y,,G,25,0,1,0,0,0,0,0,0,0,"- ","- ",36.637450000000001,-120.62114,FRESNO,UNINCORPORATED,-120.62136630000001,36.637907550000001
7023934,2015,2017-01-12,9495,2015-07-26,1914,019647,,7,2,9,1000,0,1,1,,2,001,"RT 5","KAMM AV",17424.00,S,N,A,-,Y,FRE,6,5,-,-,35.060,H,-,S,Y,4,0,1,1,A,-,08,22107,,N,F,A,A,A,H,-,A,D,1,,,,,Y,,A,01,0,0,1,0,0,0,0,0,0,"- ","- ",36.4833,-120.43873000000001,FRESNO,UNINCORPORATED,-120.44897596,36.495031859999997
7023942,2015,2017-01-12,9495,2015-07-19,2018,019647,,7,2,9,1000,0,1,1,,2,001,"RT 5","KAMM AV",5808.00,N,N,A,-,Y,FRE,6,5,-,-,39.460,H,-,S,Y,3,0,1,1,A,-,08,22107,,N,F,I,A,A,H,-,D,D,1,,,,,Y,,A,01,0,1,0,0,0,0,0,0,0,"- ","- ",36.540999999999997,-120.50185999999999,FRESNO,UNINCORPORATED,-120.5026546,36.54166979
7026589,2015,2017-01-12,9461,2015-08-01,1443,19052,,6,2,9,1000,0,1,1,,2,305,"RT 5","PANOCHE RD",5280.00,N,N,A,-,Y,FRE,6,5,-,-,49.990,H,-,N,Y,3,0,1,1,A,-,08,22107,,N,E,I,A,A,H,-,A,D,1,,,,,Y,,A,01,0,1,0,0,0,0,0,0,0,"- ","- ",36.656109999999998,-120.63552,FRESNO,UNINCORPORATED,-120.63207774999999,36.651867459999998
7026672,2015,2015-09-09,1011,2015-08-01,2008,K032,PARLI,6,5,3,1011,0,0,0,,0,0PA,MANNING,"ACADEMY AV",0.00,,Y,A,-,N,,,,,,,,,,Y,4,0,3,3,A,-,12,21453,A,N,C,D,A,A,H,-,B,A,0,,,,,Y,Y,-,,0,0,3,0,0,0,0,0,0,"- ","- ",,,FRESNO,PARLIER,-119.55695987999999,36.605060029999997
7026997,2015,2015-08-26,1012,2015-07-24,0750,L059,REEDL,5,5,3,1012,0,0,0,,0,001,"K ST","13TH ST",100.00,N,N,A,-,N,,,,,,,,,,N,4,0,2,2,A,-,04,21703,,N,C,C,A,A,H,-,A,D,0,,,,,Y,,-,,0,0,2,0,0,0,0,0,0,"- ","- ",,,FRESNO,REEDLEY,-119.45324748,36.591661090000002
7030858,2015,2015-09-09,1008,2015-07-27,1006,J556,,1,5,2,1008,0,0,0,,0,0K1,"SIERRA ST","18TH AV",0.00,,Y,A,-,N,,,,,,,,,,N,4,0,1,2,D,-,00,,,N,C,C,A,A,H,-,A,A,0,,,,,Y,,-,"- ",0,0,1,0,0,0,0,0,0,"- ","- ",,,FRESNO,KINGSBURG,-119.54788988,36.517899999999997
7031838,2015,2015-09-19,1001,2015-08-23,0035,5484,,7,5,5,1001,0,0,0,,0,007,"SUNNYSIDE AV","TOLLHOUSE AV",14.00,N,N,A,-,N,,,,,,,,,,Y,4,0,1,2,A,-,01,23152,A,N,D,C,A,A,A,-,C,A,0,,,,,Y,Y,D,22,0,0,1,0,0,0,0,0,0,"- ","- ",,,FRESNO,CLOVIS,-119.69092000000001,36.82586843
7032241,2015,2017-01-14,1001,2015-08-13,2204,5484,,4,5,5,1001,0,0,0,,0,005,"HERNDON AV","RT 168 S",0.00,,Y,A,-,Y,FRE,6,168,-,R,6.689,R,4,E,Y,4,0,1,2,A,-,12,21453,A,N,F,C,A,A,H,-,C,A,0,,,,,Y,,A,01,0,0,1,0,0,0,0,0,0,"- ","- ",,,FRESNO,CLOVIS,-119.70471918,36.835015400000003
7032245,2015,2015-09-30,1001,2015-08-14,2041,5465,,5,5,5,1001,0,0,0,,0,005,"JEFFERSON AV","RUSSELL AV",37.00,W,N,A,-,N,,,,,,,,,,N,4,0,1,2,A,-,03,22350,,N,C,C,A,A,H,-,C,D,0,,,,,Y,,A,01,0,0,1,0,0,0,0,0,0,"- ","- ",36.817599999999999,-119.69497,FRESNO,CLOVIS,-119.69419631,36.817599999999999
7032249,2015,2015-09-10,1001,2015-08-15,1543,5465,,6,5,5,1001,0,0,0,,0,005,"CLOVIS AV",3RD,14.00,N,N,A,-,N,,,,,,,,,,Y,4,0,1,1,A,-,08,22107,,M,E,I,A,-,H,-,A,A,0,,,,,Y,,A,01,0,0,1,0,0,0,0,0,0,"- ","- ",36.826569999999997,-119.70064000000001,FRESNO,CLOVIS,-119.7006794,36.826618420000003
7032253,2015,2015-09-16,1001,2015-08-14,1757,5465,,5,5,5,1001,0,0,0,,0,005,"CLOVIS AV","5TH ST",60.00,S,N,A,-,N,,,,,,,,,,N,4,0,1,2,A,-,08,22107,,N,B,C,A,A,H,-,A,D,0,,,,,Y,,A,01,0,0,1,0,0,0,0,0,0,"- ","- ",36.823509999999999,-119.70041999999999,FRESNO,CLOVIS,-119.70067,36.823785319999999
7032261,2015,2015-09-10,1001,2015-08-18,0951,5104,,2,5,5,1001,0,0,0,,0,004,"VILLA AV","SHAW AV",150.00,N,N,A,-,N,,,,,,,,,,Y,4,0,2,2,A,-,08,22107,,N,B,C,A,A,H,-,A,D,0,,,,,Y,,A,01,0,0,2,0,0,0,0,0,0,"- ","- ",36.808399999999999,-119.71365,FRESNO,CLOVIS,-119.7136539,36.808991689999999
7032273,2015,2015-09-10,1001,2015-08-19,0910,5145,,3,5,5,1001,0,0,0,,0,001,"W GETTYSBURG AV","HELM AV",0.00,,Y,A,-,N,,,,,,,,,,Y,4,0,1,2,A,-,12,22450,A,N,A,C,A,A,H,-,A,A,0,,,,,Y,,A,01,0,0,1,0,0,0,0,0,0,"- ","- ",,,FRESNO,CLOVIS,-119.72269989999999,36.801220030000003
7032301,2015,2015-09-10,1012,2015-08-19,1848,L057,REEDL,3,5,3,1012,0,0,0,,0,001,"EAST AV","15TH AV",96.00,S,N,A,-,N,,,,,,,,,,N,3,0,1,2,A,-,04,21703,,N,C,C,A,A,H,-,A,D,0,,,,,Y,,-,,0,1,0,0,0,0,0,0,0,"- ","- ",,,FRESNO,REEDLEY,-119.44426358,36.593496590000001
7032435,2015,2015-09-02,9461,2015-07-30,2030,20008,,4,2,9,1000,0,3,5,,2,060,"BASS AV","N HELM CANAL RD",94.00,S,N,A,-,N,,,,,,,,,,Y,3,0,1,1,A,-,08,22107,,N,E,I,A,A,H,-,D,D,0,,,,,Y,,A,07,0,1,0,0,0,0,0,0,0,"- ","- ",36.785469999999997,-120.37351,FRESNO,UNINCORPORATED,-120.37372098,36.789172440000002
7034883,2015,2017-01-09,9461,2015-08-07,1520,017911,,5,2,9,1000,0,1,3,,1,603,"RT 33","BULLARD AV",0.00,,Y,A,-,Y,FRE,6,33,-,R,67.311,I,5,N,Y,4,0,1,2,A,-,09,21802,A,N,D,C,A,A,H,-,A,A,0,,,,,Y,,A,01,0,0,1,0,0,0,0,0,0,"- ","- ",36.821959999999997,-120.43664,FRESNO,UNINCORPORATED,-120.43679084,36.821807270000001
7034931,2015,2015-09-11,9461,2015-08-03,2128,16452,,1,2,9,1000,0,2,4,,1,615,"NEES AV","WASHOE AV",0.00,,Y,A,-,N,,,,,,,,,,Y,4,0,3,2,A,-,01,23152,A,N,A,C,A,A,H,-,D,D,0,,,,,Y,Y,A,01,0,0,3,0,0,0,0,0,0,"- ","- ",36.850929999999998,-120.46861,FRESNO,UNINCORPORATED,-120.46841989000001,36.851170009999997
7034971,2015,2017-01-12,9461,2015-07-25,2230,19838,,6,3,9,1000,0,1,1,,2,305,"RT 5","PANOCHE RD",10560.00,N,N,A,-,Y,FRE,6,5,-,-,50.990,H,-,N,Y,3,0,1,2,A,-,01,23152,A,N,D,C,A,A,H,-,D,D,1,,,,,Y,,A,07,0,1,0,0,0,0,0,0,0,"- ","- ",36.664360000000002,-120.64176999999999,FRESNO,UNINCORPORATED,-120.64158021999999,36.664237630000002
7035368,2015,2017-01-12,9435,2015-08-06,1230,17310,,4,1,9,1000,0,1,3,,2,107,"RT 99","2ND ST",1056.00,S,N,A,-,Y,FRE,6,99,-,R,5.120,H,-,N,Y,4,0,2,2,A,-,08,22107,,N,B,C,A,A,H,-,A,D,1,,,,,Y,,E,22,0,0,2,0,0,0,0,0,0,"- ","- ",36.564250000000001,-119.61461,FRESNO,UNINCORPORATED,-119.61317422,36.561746020000001
7035384,2015,2015-09-09,9435,2015-08-06,1808,019113,,4,2,9,1000,0,3,5,,2,034,"DEL REY AV","NORTH AV",0.00,,Y,A,-,N,,,,,,,,,,Y,3,0,2,2,A,-,09,21802,A,N,D,C,A,A,H,-,A,A,0,,,,,Y,,D,22,0,1,1,0,0,0,0,0,0,"- ","- ",36.692100000000003,-119.59251999999999,FRESNO,UNINCORPORATED,-119.59219994999999,36.69215002
7035403,2015,2015-08-26,9435,2015-07-23,2045,019327,,4,2,9,1000,0,3,5,,2,034,"FOWLER AV","BUTLER AV",20.00,S,N,A,-,N,,,,,,,,,,Y,3,0,1,1,A,-,01,23152,A,N,F,A,A,A,H,-,B,A,0,,,,,Y,Y,D,22,0,1,0,0,0,0,0,0,0,"- ","- ",36.729500000000002,-119.68201999999999,FRESNO,UNINCORPORATED,-119.68212880999999,36.729485109999999