CASE_ID,ACCIDENT_YEAR,PROC_DATE,JURIS,COLLISION_DATE,COLLISION_TIME,OFFICER_ID,REPORTING_DISTRICT,DAY_OF_WEEK,CHP_SHIFT,POPULATION,CNTY_CITY_LOC,SPECIAL_COND,BEAT_TYPE,CHP_BEAT_TYPE,CITY_DIVISION_LAPD,CHP_BEAT_CLASS,BEAT_NUMBER,PRIMARY_RD,SECONDARY_RD,DISTANCE,DIRECTION,INTERSECTION,WEATHER_1,WEATHER_2,STATE_HWY_IND,CALTRANS_COUNTY,CALTRANS_DISTRICT,STATE_ROUTE,ROUTE_SUFFIX,POSTMILE_PREFIX,POSTMILE,LOCATION_TYPE,RAMP_INTERSECTION,SIDE_OF_HWY,TOW_AWAY,COLLISION_SEVERITY,NUMBER_KILLED,NUMBER_INJURED,PARTY_COUNT,PRIMARY_COLL_FACTOR,PCF_CODE_OF_VIOL,PCF_VIOL_CATEGORY,PCF_VIOLATION,PCF_VIOL_SUBSECTION,HIT_AND_RUN,TYPE_OF_COLLISION,MVIW,PED_ACTION,ROAD_SURFACE,ROAD_COND_1,ROAD_COND_2,LIGHTING,CONTROL_DEVICE,CHP_ROAD_TYPE,PEDESTRIAN_ACCIDENT,BICYCLE_ACCIDENT,MOTORCYCLE_ACCIDENT,TRUCK_ACCIDENT,NOT_PRIVATE_PROPERTY,ALCOHOL_INVOLVED,STWD_VEHTYPE_AT_FAULT,CHP_VEHTYPE_AT_FAULT,COUNT_SEVERE_INJ,COUNT_VISIBLE_INJ,COUNT_COMPLAINT_PAIN,COUNT_PED_KILLED,COUNT_PED_INJURED,COUNT_BICYCLIST_KILLED,COUNT_BICYCLIST_INJURED,COUNT_MC_KILLED,COUNT_MC_INJURED,PRIMARY_RAMP,SECONDARY_RAMP,LATITUDE,LONGITUDE,COUNTY,CITY,POINT_X,POINT_Y
7143054,2014,2016-01-20,1005,2014-03-24,1738,P805,2159,1,5,7,1005,0,0,0,,0,00G,"EAST SHIELDS AV","NORTH MILLBROOK AV",0.00,,Y,A,-,N,,,,,,,,,,Y,4,0,1,2,A,-,08,22107,,N,A,C,A,A,H,-,A,A,0,,,,,Y,,A,01,0,0,1,0,0,0,0,0,0,"- ","- ",,,FRESNO,FRESNO,-119.76351993,36.779660079999999
7143055,2014,2016-01-20,1005,2014-03-21,0809,P1123,2956,5,5,7,1005,0,0,0,,0,00G,"EAST CHURCH AV","S RAILROAD AV",0.00,,Y,A,-,N,,,,,,,,,,N,4,0,2,2,A,-,12,21453,A,N,D,C,A,A,H,-,A,A,0,,,,,Y,,-,,0,0,2,0,0,0,0,0,0,"- ","- ",,,FRESNO,FRESNO,-119.77406992,36.714210029999997
7143056,2014,2016-01-21,1005,2014-03-28,1642,P1293,2655,5,5,7,1005,0,0,0,,0,00F,"BROADWAY ST","STANISLAUS ST",12.00,S,N,A,-,N,,,,,,,,,,N,4,0,1,2,A,-,01,21200,5,N,H,G,A,A,D,-,A,A,0,,Y,,,Y,Y,L,04,0,0,1,0,0,0,1,0,0,"- ","- ",,,FRESNO,FRESNO,-119.79657358,36.738134840000001
7143057,2014,2016-01-25,1005,2014-03-02,0904,P983,1649,7,5,7,1005,0,0,0,,0,00D,"WEST SHAW AV","N VALENTINE WY",0.00,,Y,A,-,N,,,,,,,,,,N,2,0,1,2,A,-,11,21950,B,N,G,B,B,A,H,-,A,A,0,Y,,,,Y,,A,01,1,0,0,0,1,0,0,0,0,"- ","- ",,,FRESNO,FRESNO,-119.85349998,36.808380110000002
7143058,2014,2016-01-20,1005,2014-03-19,1300,P978,2457,3,5,7,1005,0,0,0,,0,00C,"EAST OLIVE AV","N 1ST ST",0.00,,Y,A,-,N,,,,,,,,,,Y,4,0,1,2,A,-,"- ",,,N,D,C,A,A,-,-,-,A,0,,,Y,,Y,,A,01,0,0,1,0,0,0,0,0,1,"- ","- ",,,FRESNO,FRESNO,-119.77261996,36.757710039999999
7143059,2014,2016-01-20,1005,2014-03-19,2244,P1218,1959,3,5,7,1005,0,0,0,,0,00G,"N 10TH ST","E SAGINAW WY",66.00,S,N,A,-,N,,,,,,,,,,Y,4,0,1,2,A,-,01,23152,B,N,B,E,A,A,H,-,D,D,0,,,,,Y,Y,A,01,0,0,1,0,0,0,0,0,0,"- ","- ",,,FRESNO,FRESNO,-119.756722,36.78848885
7143060,2014,2016-01-21,1005,2014-03-28,0923,P959,2352,5,5,7,1005,0,0,0,,0,00B,"W OLIVE AV","N WEBER AV",0.00,,Y,A,-,N,,,,,,,,,,N,3,0,1,2,A,-,09,21802,A,N,D,G,A,A,H,-,A,A,0,,Y,,,Y,,A,01,0,1,0,0,0,0,1,0,0,"- ","- ",,,FRESNO,FRESNO,-119.82088994,36.757510019999998
7143061,2014,2016-01-20,1005,2014-03-04,1955,P1303,1156,2,5,7,1005,0,0,0,,0,00A,"N BLACKSTONE AV","E EL PASO AV",0.00,,Y,A,-,N,,,,,,,,,,N,4,0,2,3,A,-,11,21954,A,N,G,B,B,A,H,-,C,A,0,Y,,,,Y,,N,60,0,0,2,0,2,0,0,0,0,"- ","- ",,,FRESNO,FRESNO,-119.79053989000001,36.846220019999997
7143063,2014,2016-01-20,1005,2014-03-20,1150,P1066,2660,4,5,7,1005,0,0,0,,0,00C,"E TULARE ST","SOUTH CEDAR AV",0.00,,Y,A,-,N,,,,,,,,,,N,4,0,1,2,A,-,21,22106,,N,C,J,A,A,H,-,A,D,0,,,,,Y,,A,01,0,0,1,0,0,0,0,0,0,"- ","- ",,,FRESNO,FRESNO,-119.75450995999999,36.743160009999997
7143064,2014,2016-01-21,1005,2014-03-28,0230,P1320,1860,5,5,7,1005,0,0,0,,0,00E,"E GETTYSBURG AV","NORTH CEDAR AV",0.00,,Y,A,-,N,,,,,,,,,,Y,4,0,2,2,A,-,01,23152,B,N,D,C,A,A,H,-,C,A,0,,,,,Y,Y,A,01,0,0,2,0,0,0,0,0,0,"- ","- ",,,FRESNO,FRESNO,-119.75430986000001,36.801350079999999
7143065,2014,2016-01-20,1005,2014-03-04,1910,P1081,2558,2,5,7,1005,0,0,0,,0,00B,"N 1ST ST","E TULARE ST",0.00,,Y,A,-,N,,,,,,,,,,N,4,0,1,2,B,-,22,,,N,C,C,A,A,H,-,C,A,0,,,,,Y,,A,01,0,0,1,0,0,0,0,0,0,"- ","- ",,,FRESNO,FRESNO,-119.77255993,36.74317009
7143066,2014,2016-05-10,1005,2014-03-18,0824,P978,2557,2,5,7,1005,0,0,0,,0,00C,"E TULARE ST","RT 41",0.00,,Y,A,-,Y,FRE,6,41,-,R,23.587,R,4,N,Y,4,0,1,2,A,-,03,22350,,N,C,C,A,A,H,-,A,A,0,,,,,Y,,A,01,0,0,1,0,0,0,0,0,0,"- ","- ",,,FRESNO,FRESNO,-119.77750451999999,36.740811610000002
7143067,2014,2016-01-20,1005,2014-03-14,1455,P970,2655,5,5,7,1005,0,0,0,,0,00F,"E DIVISADERO ST","O ST",10.00,W,N,A,-,N,,,,,,,,,,N,4,0,2,2,A,-,"- ",,,N,B,C,A,A,H,-,A,D,0,,,,,Y,,-,,0,0,2,0,0,0,0,0,0,"- ","- ",,,FRESNO,FRESNO,-119.79135407,36.743291220000003
7143068,2014,2016-01-20,1005,2014-03-27,1914,P818,2059,4,5,7,1005,0,0,0,,0,00G,"EAST DAKOTA AV","NORTH MILLBROOK AV",0.00,,Y,A,-,N,,,,,,,,,,Y,4,0,4,2,A,-,03,22350,,N,D,C,A,A,H,-,B,A,0,,,,,Y,,A,08,0,0,4,0,0,0,0,0,0,"- ","- ",,,FRESNO,FRESNO,-119.76340990999999,36.786840099999999
7143069,2014,2016-01-20,1005,2014-03-30,2014,P1286,2854,7,5,7,1005,0,0,0,,0,00G,"POTTLE AV","E CALIFORNIA AV",0.00,,Y,A,-,N,,,,,,,,,,N,3,0,1,2,A,-,01,23152,B,F,A,C,A,A,H,-,C,A,0,,,,,Y,Y,A,01,0,1,0,0,0,0,0,0,0,"- ","- ",,,FRESNO,FRESNO,-119.79986991,36.721390100000001
7143070,2014,2016-01-20,1005,2014-03-21,2242,P1285,2661,5,5,7,1005,0,0,0,,0,00D,"SOUTH CHESTNUT AV","E LANE AV",21.00,N,N,A,-,N,,,,,,,,,,N,4,0,1,2,A,-,"- ",,,N,B,G,A,A,H,-,C,A,0,,Y,,,Y,,L,04,0,0,1,0,0,0,1,0,0,"- ","- ",,,FRESNO,FRESNO,-119.7365176,36.732367609999997
7143071,2014,2016-01-20,1005,2014-03-14,1801,P1119,2553,5,5,7,1005,0,0,0,,0,00A,"WEST BELMONT AV","W BELMONT CIR",114.00,W,N,A,-,N,,,,,,,,,,N,3,0,1,2,A,-,06,21754,,N,B,C,A,A,H,-,A,D,0,,,Y,,Y,,C,02,0,1,0,0,0,0,0,0,1,"- ","- ",,,FRESNO,FRESNO,-119.81602486,36.750500129999999
7143072,2014,2016-01-21,1005,2014-03-22,0924,P973,2657,6,5,7,1005,0,0,0,,0,00C,"FRESNO ST","R ST",0.00,,Y,A,-,N,,,,,,,,,,N,3,0,1,2,A,-,10,21950,A,N,G,B,B,A,H,-,A,A,0,Y,,,,Y,,A,01,0,1,0,0,1,0,0,0,0,"- ","- ",,,FRESNO,FRESNO,-119.78417985999999,36.741780040000002
7143073,2014,2016-01-19,1005,2014-03-30,1825,P1505,1851,7,5,7,1005,0,0,0,,0,00D,"WEST ASHLAN AV","N SEQUOIA DR",0.00,,N,A,-,N,,,,,,,,,,N,4,0,1,2,A,-,08,22100,B,N,D,C,A,A,H,-,B,D,0,,,,,Y,,A,01,0,0,1,0,0,0,0,0,0,"- ","- ",,,FRESNO,FRESNO,-119.83312997,36.793860100000003
7143074,2014,2016-01-21,1005,2014-03-21,2058,P1081,2763,5,5,7,1005,0,0,0,,0,00G,BUTLER,WINERY,0.00,,Y,A,-,N,,,,,,,,,,Y,4,0,2,2,A,-,01,23152,A,M,C,C,A,A,H,-,C,A,0,,,,,Y,Y,A,07,0,0,2,0,0,0,0,0,0,"- ","- ",,,FRESNO,FRESNO,-119.73192999,36.72865006
7143075,2014,2016-05-10,1005,2014-03-21,1557,P1123,1056,5,5,7,1005,0,0,0,,0,00A,"N FRIANT RD","RT 41",50.00,N,N,A,-,Y,FRE,6,41,-,R,31.730,H,-,S,Y,4,0,2,2,A,-,03,22350,,N,C,C,A,A,H,-,A,A,0,,,,,Y,,-,,0,0,2,0,0,0,0,0,0,"- ","- ",,,FRESNO,FRESNO,-119.78936234,36.854782370000002
7143076,2014,2016-01-20,1005,2014-03-27,1748,P1075,1857,4,5,7,1005,0,0,0,,0,00D,"N ANNA ST","E RICHERT AV",23.00,S,N,A,-,N,,,,,,,,,,N,4,0,1,2,A,-,"- ",,,N,-,G,A,A,H,-,A,D,0,,Y,,,Y,,L,04,0,0,1,0,0,0,1,0,0,"- ","- ",,,FRESNO,FRESNO,-119.78032116,36.796867689999999
7143077,2014,2016-01-20,1005,2014-03-18,1610,P179,2666,2,5,7,1005,0,0,0,,0,00A,"EAST KINGS CYN RD","S ARGYLE AV",0.00,,Y,A,-,N,,,,,,,,,,N,4,0,1,2,A,-,09,21804,A,M,D,G,A,A,H,-,A,A,0,,Y,,,Y,,L,04,0,0,1,0,0,0,1,0,0,"- ","- ",,,FRESNO,FRESNO,-119.69300991,36.736280059999999
7143078,2014,2016-01-21,1005,2014-03-24,1740,P1132,1157,1,5,7,1005,0,0,0,,0,00A,"E EL PASO AV","N ANGUS ST",0.00,,Y,A,-,N,,,,,,,,,,N,4,0,1,2,A,-,09,21804,A,N,D,C,A,A,H,-,A,D,0,,,,,Y,,A,01,0,0,1,0,0,0,0,0,0,"- ","- ",,,FRESNO,FRESNO,-119.77976997,36.848270050000004
7143079,2014,2016-01-20,1005,2014-03-21,1640,P1006,2460,5,5,7,1005,0,0,0,,0,00C,"NORTH CEDAR AV","EAST OLIVE AV",0.00,,Y,A,-,N,,,,,,,,,,Y,3,0,1,3,A,-,12,21453,A,N,D,C,A,A,H,-,A,A,0,,,,,Y,,A,01,0,1,0,0,0,0,0,0,0,"- ","- ",,,FRESNO,FRESNO,-119.75451993999999,36.757730109999997
7143080,2014,2016-01-21,1005,2014-03-25,0112,P1573,2553,2,5,7,1005,0,0,0,,0,00A,"NORTH FRUIT AV","WEST ASHLAN AV",0.00,,Y,A,-,N,,,,,,,,,,N,4,0,1,2,A,-,12,21453,A,N,D,C,A,A,H,-,C,A,0,,,,,Y,,A,01,0,0,1,0,0,0,0,0,0,"- ","- ",,,FRESNO,FRESNO,-119.81749992,36.793850030000002
7143081,2014,2016-01-20,1005,2014-03-05,1330,P876,SOUTH,3,5,7,1005,0,0,0,,0,,"EAST TULARE AV","S BARTON",0.00,,Y,A,-,N,,,,,,,,,,Y,4,0,1,2,A,-,12,21453,A,N,D,C,A,A,H,-,A,A,0,,,,,Y,,A,01,0,0,1,0,0,0,0,0,0,"- ","- ",,,FRESNO,FRESNO,-119.74997986,36.743160000000003
7143082,2014,2016-01-20,1005,2014-03-23,1900,P1601,2056,7,5,7,1005,0,0,0,,0,00F,"N DIANA ST","E GARLAND AV",0.00,,Y,A,-,N,,,,,,,,,,N,4,0,2,2,A,-,09,21803,A,N,D,C,A,A,H,-,B,D,0,,,,,Y,,A,01,0,0,2,0,0,0,0,0,0,"- ","- ",,,FRESNO,FRESNO,-119.78604987999999,36.784600099999999
7143083,2014,2016-01-20,1005,2014-03-21,1950,P1003,1356,5,5,7,1005,0,0,0,,0,00C,"BLACKSTONE AV","HERNDON AV",252.00,S,N,A,-,N,,,,,,,,,,N,4,0,1,2,A,-,11,21954,A,N,G,B,D,A,H,-,C,D,0,Y,,,,Y,Y,N,60,0,0,1,0,1,0,0,0,0,"- ","- ",,,FRESNO,FRESNO,-119.79037454,36.836688449999997
7143086,2014,2016-01-20,1005,2014-03-23,1507,P846,2252,7,5,7,1005,0,0,0,,0,00H,"\W CLINTON AV","N WEBER AV",0.00,,Y,A,-,N,,,,,,,,,,N,3,0,1,2,A,-,11,21954,A,N,D,G,A,A,-,-,A,A,0,,Y,,,Y,,L,04,0,1,0,0,0,0,1,0,0,"- ","- ",,,FRESNO,FRESNO,-119.834109,36.771984000000003
7143089,2014,2016-01-21,1005,2014-03-03,1640,P721,1657,1,5,7,1005,0,0,0,,0,00D,"SHAW AV","MARIPOSA AV",0.00,,Y,A,-,N,,,,,,,,,,Y,4,0,1,3,A,-,01,23152,A,N,D,C,A,A,H,-,A,A,0,,,,,Y,,A,01,0,0,1,0,0,0,0,0,0,"- ","- ",,,FRESNO,FRESNO,-119.77910996999999,36.808670100000001
7143091,2014,2016-01-20,1005,2014-03-21,1930,P1446,2059,5,5,7,1005,0,0,0,,0,00G,"EAST SHIELDS AV","NORTH CEDAR AV",0.00,,Y,A,-,N,,,,,,,,,,N,2,0,1,2,A,-,17,21207,5,N,H,A,A,A,H,-,C,A,0,,Y,,,Y,Y,L,04,1,0,0,0,0,0,1,0,0,"- ","- ",,,FRESNO,FRESNO,-119.75446999,36.779690000000002
7143092,2014,2016-01-21,1005,2014-03-31,1316,P874,1156,1,5,7,1005,0,0,0,,0,00A,"N BLACKSTONE AV","N BLACKSTONE AV 7400",0.00,,-,A,-,N,,,,,,,,,,N,4,0,1,2,B,-,22,,,N,G,B,D,A,H,-,A,D,0,Y,,,,Y,,A,01,0,0,1,0,1,0,0,0,0,"- ","- ",,,FRESNO,FRESNO,-119.79047208999999,36.844693990000003
7143094,2014,2016-01-20,1005,2014-03-23,0742,P168,1647,7,5,7,1005,0,0,0,,0,00A,"WEST SHAW AV","POLK ST",480.00,E,N,A,-,N,,,,,,,,,,N,4,0,1,3,A,-,03,22350,,N,C,C,A,A,H,-,A,A,0,,,,Y,Y,,F,26,0,0,1,0,0,0,0,0,0,"- ","- ",,,FRESNO,FRESNO,-119.88786136,36.808079999999997
7143096,2014,2016-01-21,1005,2014-03-30,0240,P1587,2362,7,5,7,1005,0,0,0,,0,00D,"N WINERY AV","EAST MCKINLEY AV",214.00,N,N,C,-,N,,,,,,,,,,N,2,0,1,2,A,-,11,21954,A,F,G,B,E,B,H,-,C,A,0,Y,,,,Y,,N,60,1,0,0,0,1,0,0,0,0,"- ","- ",,,FRESNO,FRESNO,-119.73177,36.765807389999999
7143097,2014,2016-01-20,1005,2014-03-23,1406,P594,0760,7,5,7,1005,0,0,0,,0,00A,"E BEHYMER AV","N WILLOW AV",0.00,,Y,A,-,N,,,,,,,,,,N,4,0,1,2,A,-,12,21453,A,N,A,C,A,A,G,-,A,A,0,,,,,Y,,A,01,0,0,1,0,0,0,0,0,0,"- ","- ",,,FRESNO,FRESNO,-119.72999991,36.881440040000001
7143099,2014,2016-01-20,1005,2014-03-11,0734,P179,2358,2,5,7,1005,0,0,0,,0,00B,"N 1ST ST","E HOME AV",0.00,,Y,A,-,N,,,,,,,,,,N,4,0,1,2,A,-,10,21950,A,N,G,B,B,A,H,-,A,D,0,Y,,,,Y,,A,07,0,0,1,0,1,0,0,0,0,"- ","- ",,,FRESNO,FRESNO,-119.77261992,36.763170029999998
7143100,2014,2016-01-20,1005,2014-04-04,1216,P835,SE266,5,5,7,1005,0,0,0,,0,00E,"S PEACH AV","EAST KINGS CYN RD",0.00,,Y,A,-,N,,,,,,,,,,Y,4,0,2,2,A,-,03,22350,,N,C,C,A,A,H,-,A,A,0,,,,,Y,,-,,0,0,2,0,0,0,0,0,0,"- ","- ",,,FRESNO,FRESNO,-119.71850987000001,36.735780030000001
7143101,2014,2016-01-20,1005,2014-03-12,1549,P948,1756,3,5,7,1005,0,0,0,,0,00D,"EAST SHAW AV","N FRESNO ST",150.00,W,N,A,-,N,,,,,,,,,,N,4,0,2,2,A,-,03,22350,,N,C,C,A,A,H,-,A,A,0,,,,,Y,,A,01,0,0,2,0,0,0,0,0,0,"- ","- ",,,FRESNO,FRESNO,-119.781892,36.808654310000001
7143102,2014,2016-01-20,1005,2014-03-23,0022,P774,2255,7,5,7,1005,0,0,0,,0,00H,"EAST MCKINLEY AV","NORTH PALM AV",0.00,,Y,A,-,N,,,,,,,,,,N,4,0,1,2,A,-,01,23140,A,F,C,C,A,-,H,-,C,-,0,,,,,Y,Y,A,08,0,0,1,0,0,0,0,0,0,"- ","- ",,,FRESNO,FRESNO,-119.80861987,36.764920080000003
7143103,2014,2016-01-20,1005,2014-03-11,0853,P959,2255,2,5,7,1005,0,0,0,,0,00H,"N MAROA AV","E CAMBRIDGE AV",0.00,,Y,A,-,N,,,,,,,,,,N,2,0,1,2,A,-,10,21950,A,N,B,B,B,A,H,-,A,D,0,Y,,,,Y,,A,01,1,0,0,0,1,0,0,0,0,"- ","- ",,,FRESNO,FRESNO,-119.79958992,36.769509999999997
7143104,2014,2016-01-20,1005,2014-03-30,0025,P1036,2250,7,5,7,1005,0,0,0,,0,00F,"NORTH MARKS AV","WEST CLINTON AV",0.00,S,N,B,C,N,,,,,,,,,,N,4,0,1,2,A,-,01,23152,A,M,C,C,A,B,H,-,C,D,0,,,,,Y,Y,A,01,0,0,1,0,0,0,0,0,0,"- ","- ",,,FRESNO,FRESNO,-119.8443999,36.771910069999997
7143105,2014,2016-01-20,1005,2014-03-10,1726,P866,1157,1,5,7,1005,0,0,0,,0,00A,"N FRESNO ST","EAST NEES AV",375.00,S,N,A,-,N,,,,,,,,,,Y,4,0,1,3,A,-,03,22350,,N,C,C,A,A,H,-,A,D,0,,,,,Y,,A,01,0,0,1,0,0,0,0,0,0,"- ","- ",,,FRESNO,FRESNO,-119.78385725,36.850970689999997
7143106,2014,2016-01-20,1005,2014-03-23,0744,P846,1254,7,5,7,1005,0,0,0,,0,00B,"HERNDON AV","N INGRAM",300.00,W,N,A,-,N,,,,,,,,,,N,4,0,1,2,A,-,11,21955,,N,G,B,D,A,H,-,A,D,0,Y,,,,Y,,N,60,0,0,1,0,1,0,0,0,0,"- ","- ",,,FRESNO,FRESNO,-119.8019,36.837389999999999
7143107,2014,2016-01-20,1005,2014-03-11,1737,P1039,1557,2,5,7,1005,0,0,0,,0,00C,"S 1ST",BULLARD,0.00,S,N,A,-,N,,,,,,,,,,N,4,0,1,2,C,-,18,,,N,D,G,A,A,H,-,A,D,0,,Y,,,Y,,-,"- ",0,0,1,0,0,0,1,0,0,"- ","- ",,,FRESNO,FRESNO,-119.77236994,36.822970060000003
7143108,2014,2016-01-20,1005,2014-03-27,0810,P948,2257,4,5,7,1005,0,0,0,,0,00G,"N 1ST ST","E WELDON AV",0.00,,Y,A,-,N,,,,,,,,,,N,4,0,1,2,A,-,05,21650,1,N,D,G,A,A,H,-,A,A,0,,Y,,,Y,,L,04,0,0,1,0,0,0,1,0,0,"- ","- ",,,FRESNO,FRESNO,-119.77263993,36.768640040000001
7143109,2014,2016-01-20,1005,2014-03-14,0824,P959,2762,5,5,7,1005,0,0,0,,0,00G,"E LANE AV","SOUTH CHESTNUT AV",450.00,E,N,A,-,N,,,,,,,,,,Y,4,0,2,2,A,-,09,21802,A,N,D,C,A,A,H,-,A,D,0,,,,,Y,,A,01,0,0,2,0,0,0,0,0,0,"- ","- ",,,FRESNO,FRESNO,-119.73498581,36.732294019999998
7143110,2014,2016-01-20,1005,2014-03-22,1801,P1409,2344,6,5,7,1005,0,0,0,,0,00A,"W OLSON AV","N CRYSTAL AV",38.00,W,N,A,-,N,,,,,,,,,,N,3,0,1,2,A,-,09,21804,A,N,D,C,A,A,H,-,A,D,0,,,,,Y,,A,01,0,1,0,0,0,0,0,0,0,"- ","- ",,,FRESNO,FRESNO,,
7143111,2014,2016-01-20,1005,2014-03-11,1835,P1323,3056,2,5,7,1005,0,0,0,,0,00H,"S HOLLY AV","EAST CHURCH AV",219.00,S,N,A,-,N,,,,,,,,,,Y,2,0,1,2,A,-,09,21804,A,F,G,B,D,A,H,-,A,D,0,Y,,,,Y,,N,60,1,0,0,0,1,0,0,0,0,"- ","- ",,,FRESNO,FRESNO,-119.78853835,36.713558859999999
7143112,2014,2016-01-20,1005,2014-03-27,0602,P1610,1659,4,5,7,1005,0,0,0,,0,00B,"NORTH CEDAR AV","E BULLDOG LN",4.00,N,N,A,-,N,,,,,,,,,,Y,4,0,1,2,A,-,11,21950,B,N,G,B,B,A,H,-,B,A,0,Y,,,,Y,,A,01,0,0,1,0,1,0,0,0,0,"- ","- ",,,FRESNO,FRESNO,-119.75427000000001,36.812280979999997
7143113,2014,2016-01-21,1005,2014-03-23,1211,P594,1062,7,5,7,1005,0,0,0,,0,00A,"N WILLOW AV","E NILES AV",279.00,S,N,A,-,N,,,,,,,,,,N,4,0,2,3,A,-,04,21703,,N,C,C,A,A,H,-,A,A,0,,,,,Y,,A,01,0,0,2,0,0,0,0,0,0,"- ","- ",,,FRESNO,FRESNO,-119.72988918999999,36.854404260000003
7143114,2014,2016-01-20,1005,2014-03-14,0550,P1394,1859,5,5,7,1005,0,0,0,,0,00E,"NORTH CEDAR AV","EAST ASHLAN AV",0.00,,Y,A,-,N,,,,,,,,,,Y,4,0,1,2,A,-,12,21453,A,N,D,C,A,A,H,-,B,A,0,,,,Y,Y,,F,26,0,0,1,0,0,0,0,0,0,"- ","- ",,,FRESNO,FRESNO,-119.75435994999999,36.794090079999997
7143116,2014,2016-01-20,1005,2014-03-26,1612,P880,1757,3,5,7,1005,0,0,0,,0,00D,"EAST SHAW AV","N ANGUS ST",9.00,W,N,B,-,N,,,,,,,,,,Y,4,0,1,3,A,-,03,22350,,N,C,C,A,B,H,-,A,A,0,,,,,Y,,A,01,0,0,1,0,0,0,0,0,0,"- ","- ",,,FRESNO,FRESNO,-119.7768397,36.808873679999998
7143118,2014,2016-01-20,1005,2014-03-13,1428,P967,1256,4,5,7,1005,0,0,0,,0,00C,"N BLACKSTONE AV","E BEECHWOOD AV",0.00,,Y,A,-,N,,,,,,,,,,Y,4,0,2,2,A,-,09,21801,A,N,D,C,A,A,H,-,A,D,0,,,,,Y,,A,01,0,0,2,0,0,0,0,0,0,"- ","- ",,,FRESNO,FRESNO,-119.79017991000001,36.838670039999997
7143119,2014,2016-01-20,1005,2014-03-30,1610,P718,2256,7,5,7,1005,0,0,0,,0,00F,"EAST CLINTON AV","N FRESNO ST",0.00,,Y,B,-,N,,,,,,,,,,Y,4,0,4,2,A,-,12,21453,A,N,D,C,A,A,H,-,A,A,0,,,,,Y,,A,01,0,0,4,0,0,0,0,0,0,"- ","- ",,,FRESNO,FRESNO,-119.78153998000001,36.7722701
7143120,2014,2016-01-21,1005,2014-03-12,0706,P179,3158,3,5,7,1005,0,0,0,,0,00H,"S RAILROAD AV","S ORANGE",0.00,,N,A,-,N,,,,,,,,,,N,4,0,1,3,C,-,18,,,N,G,B,F,A,G,-,A,D,0,Y,,,,Y,,-,"- ",0,0,1,0,1,0,0,0,0,"- ","- ",,,FRESNO,FRESNO,-119.76368991,36.704740049999998
7143121,2014,2016-01-21,1005,2014-03-20,0952,P967,1257,4,5,7,1005,0,0,0,,0,00C,"N FRESNO ST","N FRESNO ST 7300",0.00,,-,A,-,N,,,,,,,,,,N,4,0,1,3,A,-,03,22350,,N,G,B,F,A,H,-,A,D,0,Y,,,,Y,,D,22,0,0,1,0,1,0,0,0,0,"- ","- ",,,FRESNO,FRESNO,-119.78353411000001,36.843165689999999
7143122,2014,2016-01-20,1005,2014-04-15,1515,P776,,2,5,7,1005,0,0,0,,0,,"BLACKSTONE AV","BARSTOW AV",113.00,S,N,A,-,N,,,,,,,,,,,4,0,1,2,A,-,03,22350,,N,C,C,A,A,H,-,A,D,0,,,,,Y,,D,22,0,0,1,0,0,0,0,0,0,"- ","- ",,,FRESNO,FRESNO,-119.79052172999999,36.815419830000003
7143123,2014,2016-01-20,1005,2014-04-03,1240,P835,SE275,4,5,7,1005,0,0,0,,0,00F,"VENTURA AV","S 10TH ST",0.00,,-,A,-,N,,,,,,,,,,Y,3,0,3,2,A,-,09,21801,A,N,B,C,A,A,H,-,A,A,0,,,,,Y,,-,,0,1,2,0,0,0,0,0,0,"- ","- ",,,FRESNO,FRESNO,-119.75793993000001,36.735950070000001
7143124,2014,2016-01-20,1005,2014-05-26,1436,P179,2254,1,5,7,1005,0,0,0,,0,00H,"EAST CLINTON AV","N WISHON AV",0.00,,Y,A,-,N,,,,,,,,,,Y,4,0,2,3,A,-,12,21453,A,N,D,C,A,A,H,-,A,A,0,,,,,Y,,A,01,0,0,2,0,0,0,0,0,0,"- ","- ",,,FRESNO,FRESNO,-119.80106991,36.77218002
7143125,2014,2016-01-21,1005,2014-03-24,0947,P967,1461,1,5,7,1005,0,0,0,,0,00B,"E BULLARD AV","NORTH CHESTNUT AV",0.00,,Y,A,-,N,,,,,,,,,,Y,3,0,1,3,A,-,12,21453,A,N,D,C,A,A,D,-,A,A,0,,,,,Y,,A,07,0,1,0,0,0,0,0,0,0,"- ","- ",,,FRESNO,FRESNO,-119.73599999,36.823080040000001
7143126,2014,2016-01-20,1005,2014-04-08,1422,P876,SOUTE,2,5,7,1005,0,0,0,,0,,"KINGS CANYON RD","CHESTNUT AV",0.00,,N,A,-,N,,,,,,,,,,Y,4,0,4,2,A,-,09,21453,C,N,D,C,A,A,H,-,A,A,0,,,,,Y,,D,22,0,0,4,0,0,0,0,0,0,"- ","- ",,,FRESNO,FRESNO,-119.73646995,36.735870050000003
7143127,2014,2016-01-20,1005,2014-04-02,1624,P379,SW265,3,5,7,1005,0,0,0,,0,00E,"S TEILMAN AV","WHITES BRIDGE",528.00,N,N,A,-,N,,,,,,,,,,N,4,0,1,2,A,-,08,22107,,N,D,C,A,A,H,-,A,D,0,,,,,Y,,A,01,0,0,1,0,0,0,0,0,0,"- ","- ",,,FRESNO,FRESNO,-119.82198067,36.737289150000002
7143128,2014,2016-01-19,1005,2014-05-26,0215,P1579,2461,1,5,7,1005,0,0,0,,0,00D,"NORTH MAPLE AV","EAST BELMONT AV",0.00,,Y,A,-,N,,,,,,,,,,N,3,0,1,2,A,-,12,21453,A,M,G,B,B,A,H,-,C,A,0,Y,,,,Y,,-,,0,1,0,0,1,0,0,0,0,"- ","- ",,,FRESNO,FRESNO,-119.74541000000001,36.750530070000003
7143129,2014,2016-01-20,1005,2014-07-25,1735,P153,SE306,5,5,7,1005,0,0,0,,0,00H,"EAST CHURCH AV","S PEACH AV",0.00,,Y,A,-,N,,,,,,,,,,Y,4,0,1,2,A,-,12,22450,A,N,C,C,A,A,H,-,A,A,0,,,,,Y,,A,01,0,0,1,0,0,0,0,0,0,"- ","- ",,,FRESNO,FRESNO,-119.71852997000001,36.714900110000002
7143130,2014,2016-01-20,1005,2014-04-16,1357,P876,FRESN,3,5,7,1005,0,0,0,,0,,"CEDAR AV","CHURCH AV",0.00,,N,A,-,N,,,,,,,,,,Y,4,0,3,2,A,-,09,21801,A,N,D,C,A,A,H,-,A,A,0,,,,,Y,,A,01,0,0,3,0,0,0,0,0,0,"- ","- ",,,FRESNO,FRESNO,-119.75468993,36.714170000000003
7143131,2014,2016-01-20,1005,2014-03-24,1810,P1040,SW245,1,5,7,1005,0,0,0,,0,00C,"N FRESNO ST","E THOMAS AV",0.00,,Y,A,-,N,,,,,,,,,,N,4,0,1,2,A,-,09,21803,A,N,B,I,A,A,H,-,A,D,0,,,,,Y,,A,01,0,0,1,0,0,0,0,0,0,"- ","- ",,,FRESNO,FRESNO,-119.78148988,36.752500019999999