CASE_ID,ACCIDENT_YEAR,PROC_DATE,JURIS,COLLISION_DATE,COLLISION_TIME,OFFICER_ID,REPORTING_DISTRICT,DAY_OF_WEEK,CHP_SHIFT,POPULATION,CNTY_CITY_LOC,SPECIAL_COND,BEAT_TYPE,CHP_BEAT_TYPE,CITY_DIVISION_LAPD,CHP_BEAT_CLASS,BEAT_NUMBER,PRIMARY_RD,SECONDARY_RD,DISTANCE,DIRECTION,INTERSECTION,WEATHER_1,WEATHER_2,STATE_HWY_IND,CALTRANS_COUNTY,CALTRANS_DISTRICT,STATE_ROUTE,ROUTE_SUFFIX,POSTMILE_PREFIX,POSTMILE,LOCATION_TYPE,RAMP_INTERSECTION,SIDE_OF_HWY,TOW_AWAY,COLLISION_SEVERITY,NUMBER_KILLED,NUMBER_INJURED,PARTY_COUNT,PRIMARY_COLL_FACTOR,PCF_CODE_OF_VIOL,PCF_VIOL_CATEGORY,PCF_VIOLATION,PCF_VIOL_SUBSECTION,HIT_AND_RUN,TYPE_OF_COLLISION,MVIW,PED_ACTION,ROAD_SURFACE,ROAD_COND_1,ROAD_COND_2,LIGHTING,CONTROL_DEVICE,CHP_ROAD_TYPE,PEDESTRIAN_ACCIDENT,BICYCLE_ACCIDENT,MOTORCYCLE_ACCIDENT,TRUCK_ACCIDENT,NOT_PRIVATE_PROPERTY,ALCOHOL_INVOLVED,STWD_VEHTYPE_AT_FAULT,CHP_VEHTYPE_AT_FAULT,COUNT_SEVERE_INJ,COUNT_VISIBLE_INJ,COUNT_COMPLAINT_PAIN,COUNT_PED_KILLED,COUNT_PED_INJURED,COUNT_BICYCLIST_KILLED,COUNT_BICYCLIST_INJURED,COUNT_MC_KILLED,COUNT_MC_INJURED,PRIMARY_RAMP,SECONDARY_RAMP,LATITUDE,LONGITUDE,COUNTY,CITY,POINT_X,POINT_Y
7143203,2014,2016-01-20,1005,2014-05-20,0704,P776,1059,2,5,7,1005,0,0,0,,0,00A,"NEES AV","MILLBROOK AV",21.00,W,-,A,-,N,,,,,,,,,,,4,0,1,2,A,-,04,21703,,N,C,C,A,A,D,-,A,D,0,,,,,Y,,A,01,0,0,1,0,0,0,0,0,0,"- ","- ",,,FRESNO,FRESNO,-119.76583171999999,36.85192078
7143204,2014,2016-01-21,1005,2014-06-03,1224,P874,1845,2,5,7,1005,0,0,0,,0,02C,"ASHLAN AV",BABIGIAN,252.00,E,N,A,-,N,,,,,,,,,,,2,0,1,2,A,-,08,22107,,N,D,G,A,A,H,-,A,D,0,,Y,,,Y,,L,04,1,0,0,0,0,0,1,0,0,"- ","- ",,,FRESNO,FRESNO,-119.87456989,36.793786779999998
7143205,2014,2016-05-10,1005,2014-05-01,2155,P1391,1456,4,5,7,1005,0,0,0,,0,00C,"E BULLARD AV","RT 41",0.00,,Y,A,-,Y,FRE,6,41,-,R,29.320,R,4,N,Y,4,0,1,2,A,-,01,23153,A,N,D,C,A,A,H,-,C,A,0,,,,Y,Y,Y,A,01,0,0,1,0,0,0,0,0,0,"- ","- ",,,FRESNO,FRESNO,-119.78513432,36.821101159999998
7143206,2014,2016-01-20,1005,2014-05-30,2110,P1089,2458,5,5,7,1005,0,0,0,,0,00B,"EAST OLIVE AV","1ST ST",5.00,E,N,A,-,N,,,,,,,,,,N,4,0,1,2,A,-,12,21453,A,F,G,B,B,A,H,-,C,A,0,Y,,,,Y,,-,,0,0,1,0,1,0,0,0,0,"- ","- ",,,FRESNO,FRESNO,-119.77260294,36.757710000000003
7143207,2014,2016-01-20,1005,2014-05-28,1302,P776,1760,3,5,7,1005,0,0,0,,0,00E,"MAPLE AV","SAN GABRIEL AV",25.00,N,N,A,-,N,,,,,,,,,,Y,4,0,2,2,A,-,09,21802,B,F,D,C,A,A,H,-,A,D,0,,,,,Y,,A,01,0,0,2,0,0,0,0,0,0,"- ","- ",,,FRESNO,FRESNO,-119.74523076,36.804118619999997
7143208,2014,2016-01-21,1005,2014-06-02,1311,P874,1256,1,5,7,1005,0,0,0,,0,04C,"HERNDON AV","BLACKSTONE AV",526.00,E,N,A,-,N,,,,,,,,,,,4,0,1,2,A,-,03,22350,,N,C,C,A,A,H,-,A,A,0,,,,,Y,,A,01,0,0,1,0,0,0,0,0,0,"- ","- ",,,FRESNO,FRESNO,-119.79038,36.837380000000003
7143209,2014,2016-01-19,1005,2014-05-08,1421,P586,1950,4,5,7,1005,0,0,0,,0,00G,"W DAKOTA AV","N CHERYL AV",0.00,,Y,B,-,N,,,,,,,,,,N,4,0,2,3,A,-,03,22350,,N,C,C,A,A,H,-,A,D,0,,,,,Y,,A,01,0,0,2,0,0,0,0,0,0,"- ","- ",,,FRESNO,FRESNO,-119.84321991,36.786460099999999
7143211,2014,2016-01-20,1005,2014-05-07,1158,P624,2557,3,5,7,1005,0,0,0,,0,01C,"DIVISADERO ST","MARIPOSA ST",27.00,E,-,A,-,N,,,,,,,,,,Y,4,0,1,2,A,-,09,21801,A,N,B,C,A,A,H,-,A,A,0,,,,,Y,,A,07,0,0,1,0,0,0,0,0,0,"- ","- ",,,FRESNO,FRESNO,-119.77916791,36.743310000000001
7143212,2014,2016-01-21,1005,2014-06-23,1219,P959,NORTH,1,5,7,1005,0,0,0,,0,1255,"BLACKSTONE AV","HERNDON AV",117.00,N,N,A,-,N,,,,,,,,,,,4,0,1,3,A,-,06,21750,,N,B,C,A,A,H,-,A,D,0,,,,,Y,,D,22,0,0,1,0,0,0,0,0,0,"- ","- ",,,FRESNO,FRESNO,-119.79038,36.837701150000001
7143213,2014,2016-01-19,1005,2014-05-09,1239,P1109,1256,5,5,7,1005,0,0,0,,0,00C,"EAST HERNDON AV","N FRESNO ST",441.00,E,N,A,-,N,,,,,,,,,,Y,4,0,1,3,A,-,03,22350,,N,C,C,A,A,H,-,A,A,0,,,,,Y,,A,08,0,0,1,0,0,0,0,0,0,"- ","- ",,,FRESNO,FRESNO,-119.77978594,36.837492750000003
7143214,2014,2016-01-20,1005,2014-05-16,1239,P959,1952,5,5,7,1005,0,0,0,,0,00G,"NORTH WEST AV","WEST ASHLAN AV",45.00,N,N,A,-,N,,,,,,,,,,N,4,0,1,2,A,-,03,22350,,N,C,C,A,A,H,-,A,A,0,,,,,Y,,D,22,0,0,1,0,0,0,0,0,0,"- ","- ",,,FRESNO,FRESNO,-119.82641675000001,36.793993499999999
7143215,2014,2016-01-20,1005,2014-05-28,0752,P982,1159,3,5,7,1005,0,0,0,,0,00A,"ALLUVIAL AV","MILLBROOK AV",0.00,,-,A,-,N,,,,,,,,,,Y,3,0,1,2,A,-,09,21801,A,N,D,C,A,A,H,-,A,A,0,,,,,Y,,A,01,0,1,0,0,0,0,0,0,0,"- ","- ",,,FRESNO,FRESNO,-119.76576991,36.844700109999998
7143216,2014,2016-01-21,1005,2014-06-13,1314,P874,2258,5,5,7,1005,0,0,0,,0,04G,"1ST ST","WELDON AV",177.00,N,N,A,-,N,,,,,,,,,,Y,3,0,6,4,A,-,03,22350,,N,C,C,A,A,H,-,A,D,0,,,,,Y,,A,07,0,1,5,0,0,0,0,0,0,"- ","- ",,,FRESNO,FRESNO,-119.77264268,36.769125840000001
7143217,2014,2016-01-20,1005,2014-05-01,2045,P1130,1659,4,5,7,1005,0,0,0,,0,00B,"N 6TH ST","EAST SHAW AV",0.00,,Y,A,-,N,,,,,,,,,,N,3,0,1,2,A,-,11,21950,B,N,G,B,B,A,H,-,C,A,0,Y,,,,Y,,A,01,0,1,0,0,1,0,0,0,0,"- ","- ",,,FRESNO,FRESNO,-119.7632399,36.808280060000001
7143218,2014,2016-01-20,1005,2014-05-31,1754,P1425,1151,6,5,7,1005,0,0,0,,0,00B,"W ALLUVIAL AV","N CHANNING WY",0.00,,Y,A,-,N,,,,,,,,,,Y,4,0,1,2,A,-,08,22107,,N,D,C,A,A,H,-,A,D,0,,,,Y,Y,,A,01,0,0,1,0,0,0,0,0,0,"- ","- ",,,FRESNO,FRESNO,-119.82447992,36.844510069999998
7143219,2014,2016-01-21,1005,2014-06-25,2330,P1618,NW214,3,5,7,1005,0,0,0,,0,00F,"S GRANTLAND AV","W KEARNEY",0.00,,Y,A,-,N,,,,,,,,,,Y,3,0,1,1,A,-,01,23153,A,F,E,I,A,A,H,-,D,C,0,,,,,Y,Y,A,01,0,1,0,0,0,0,0,0,0,"- ","- ",,,FRESNO,FRESNO,-119.91653993,36.728020039999997
7143220,2014,2016-01-21,1005,2014-06-19,1017,P624,2244,4,5,7,1005,0,0,0,,0,00F,"POLK AV","FLORADORA AV",30.00,N,N,A,-,N,,,,,,,,,,Y,3,0,2,1,A,-,03,22350,,N,F,I,A,A,H,-,A,A,0,,,,,Y,,A,07,0,2,0,0,0,0,0,0,0,"- ","- ",,,FRESNO,FRESNO,-119.88928063,36.76096235
7143221,2014,2016-01-20,1005,2014-05-01,1645,P1421,3240,4,5,7,1005,0,0,0,,0,00H,"S CORNELIA AV","W NORTH AV",0.00,,Y,A,-,N,,,,,,,,,,Y,3,0,1,2,A,-,09,21802,A,N,D,C,A,A,H,-,A,D,0,,,,,Y,Y,D,22,0,1,0,0,0,0,0,0,0,"- ","- ",,,FRESNO,FRESNO,-119.88054988,36.69189008
7143222,2014,2016-01-20,1005,2014-05-26,1900,P1609,2147,1,5,7,1005,0,0,0,,0,00F,"WEST CLINTON AV","N BRAWLEY",0.00,,Y,A,-,N,,,,,,,,,,Y,4,0,1,2,A,-,03,22350,,N,C,C,A,A,H,-,B,A,0,,,,,Y,,A,01,0,0,1,0,0,0,0,0,0,"- ","- ",,,FRESNO,FRESNO,-119.86231997,36.771860009999997
7143223,2014,2016-01-21,1005,2014-06-20,2119,P1096,SW315,5,5,7,1005,0,0,0,,0,00H,"EAST JENSEN AV","S MARTIN LUTHER KING BL",0.00,,Y,A,-,N,,,,,,,,,,Y,3,0,5,2,A,-,09,21801,A,N,B,C,A,A,H,-,C,A,0,,,,,Y,,D,22,0,1,4,0,0,0,0,0,0,"- ","- ",,,FRESNO,FRESNO,-119.79981998,36.706880089999999
7143224,2014,2016-01-21,1005,2014-06-10,1304,P927,NW,2,5,7,1005,0,0,0,,0,2154,"SAN JOSE",MARTY,0.00,,N,A,-,N,,,,,,,,,,Y,4,0,1,2,A,-,09,21801,A,N,D,C,A,A,H,-,A,D,0,,,,,Y,,A,01,0,0,1,0,0,0,0,0,0,"- ","- ",,,FRESNO,FRESNO,-119.85808,36.811820019999999
7143225,2014,2016-01-20,1005,2014-05-07,0706,P179,2961,3,5,7,1005,0,0,0,,0,00H,"SOUTH CHESTNUT AV","E FLORENCE AV",0.00,,Y,A,-,N,,,,,,,,,,N,3,0,3,1,A,-,03,22350,,N,-,-,A,A,H,-,A,D,0,,,,,Y,,A,01,0,1,2,0,0,0,0,0,0,"- ","- ",,,FRESNO,FRESNO,-119.73661998999999,36.717780009999998
7143226,2014,2016-01-20,1005,2014-05-19,1904,P1604,1857,1,5,7,1005,0,0,0,,0,00D,"EAST ASHLAN AV","N AUGUSTA ST",0.00,,Y,A,-,N,,,,,,,,,,N,4,0,1,2,A,-,08,22107,,N,B,-,A,A,H,-,A,A,0,,,Y,,Y,,A,01,0,0,1,0,0,0,0,0,1,"- ","- ",,,FRESNO,FRESNO,-119.77913997,36.794110070000002
7143227,2014,2016-01-21,1005,2014-06-15,1230,P689,SE265,7,5,7,1005,0,0,0,,0,00D,"EAST BELMONT AV","N RECREATION AV",0.00,,Y,A,-,N,,,,,,,,,,N,4,0,1,2,A,-,09,21801,A,N,D,D,A,A,H,-,A,A,0,,,,,Y,,D,22,0,0,1,0,0,0,0,0,0,"- ","- ",,,FRESNO,FRESNO,-119.73864989,36.750520000000002
7143228,2014,2016-01-21,1005,2014-06-15,2322,P1298,SE,7,5,7,1005,0,0,0,,0,H3062,"EAST JENSEN AV","S WILLOW AV",24.00,E,N,A,-,N,,,,,,,,,,Y,2,0,1,3,A,-,03,22350,,F,G,B,B,A,H,-,C,A,0,Y,,,,Y,,D,22,1,0,0,0,1,0,0,0,0,"- ","- ",,,FRESNO,FRESNO,-119.72726831,36.707413690000003
7143230,2014,2016-01-20,1005,2014-05-20,0143,P938,2264,2,5,7,1005,0,0,0,,0,00H,"CLINTON AV","AIRPORT ENTRANCE",213.00,S,N,B,-,N,,,,,,,,,,Y,4,0,1,1,C,-,18,,,N,E,I,A,A,H,-,C,A,0,,,,,Y,,-,"- ",0,0,1,0,0,0,0,0,0,"- ","- ",,,FRESNO,FRESNO,-119.72244859,36.770461519999998
7143231,2014,2016-01-21,1005,2014-06-12,0956,P586,,4,5,7,1005,0,0,0,,0,,"HERNDON AV","BLACKSTONE AV",576.00,W,N,A,-,N,,,,,,,,,,Y,3,0,1,3,A,-,03,22350,,N,C,C,A,A,H,-,A,A,0,,,,,Y,,A,07,0,1,0,0,0,0,0,0,0,"- ","- ",,,FRESNO,FRESNO,-119.79234681,36.837358389999999
7143232,2014,2016-01-21,1005,2014-06-10,1150,P850,NW,2,5,7,1005,0,0,0,,0,"B 1345","NORTH BLACKSTONE","E MCGILL",75.00,S,N,A,-,N,,,,,,,,,,,4,0,1,2,A,-,09,21804,,N,D,G,A,A,H,-,A,D,0,,Y,,,Y,,D,22,0,0,1,0,0,0,1,0,0,"- ","- ",,,FRESNO,FRESNO,-119.79016006000001,36.835368420000002
7143233,2014,2016-01-20,1005,2014-05-01,1507,P1123,SW315,4,5,7,1005,0,0,0,,0,00H,"EAST JENSEN AV","SOUTH ELM AV",125.00,W,N,A,-,N,,,,,,,,,,N,4,0,1,2,A,-,03,22350,,N,C,C,A,A,H,-,A,D,0,,,,,Y,,-,,0,0,1,0,0,0,0,0,0,"- ","- ",,,FRESNO,FRESNO,-119.79130613,36.706802230000001
7143234,2014,2016-01-20,1005,2014-05-15,1840,P1006,2758,4,5,7,1005,0,0,0,,0,00F,"S HAZELWOOD BL","EAST BUTLER AV",150.00,N,N,A,-,N,,,,,,,,,,N,4,0,1,2,A,-,11,21954,A,N,G,B,D,A,H,-,A,A,0,Y,,,,Y,,N,60,0,0,1,0,1,0,0,0,0,"- ","- ",,,FRESNO,FRESNO,-119.7684316,36.728966669999998
7143235,2014,2016-01-21,1005,2014-06-25,1415,P1109,4G,3,5,7,1005,0,0,0,,0,2158,"CLINTON AV","1ST ST",150.00,E,N,A,-,N,,,,,,,,,,Y,4,0,4,2,A,-,09,21804,A,N,D,C,A,A,H,-,A,A,0,,,,,Y,,D,22,0,0,4,0,0,0,0,0,0,"- ","- ",,,FRESNO,FRESNO,-119.77211871999999,36.772269999999999
7143236,2014,2016-01-21,1005,2014-06-04,0907,P1109,SW,3,5,7,1005,0,0,0,,0,C2657,"DIVISADERO ST","MARIPOSA ST",45.00,E,N,A,-,N,,,,,,,,,,Y,4,0,1,2,A,-,09,21801,A,N,D,C,A,A,H,-,A,A,0,,,,,Y,,A,01,0,0,1,0,0,0,0,0,0,"- ","- ",,,FRESNO,FRESNO,-119.77910652,36.743310000000001
7143237,2014,2016-01-20,1005,2014-05-05,1601,P850,1649,1,5,7,1005,0,0,0,,0,00D,"WEST SHAW AV","N VALENTINE AV",0.00,,Y,B,-,N,,,,,,,,,,N,4,0,2,2,A,-,12,21453,A,N,D,C,A,A,H,-,A,A,0,,,,,Y,,D,22,0,0,2,0,0,0,0,0,0,"- ","- ",,,FRESNO,FRESNO,-119.85349998,36.808380110000002
7143238,2014,2016-01-20,1005,2014-05-15,2254,P1425,2560,4,5,7,1005,0,0,0,,0,00C,"EAST BELMONT AV","N BARTON AV",0.00,,Y,A,-,N,,,,,,,,,,Y,4,0,1,2,A,-,08,22107,,N,D,C,A,A,H,-,C,A,0,,,,,Y,,A,01,0,0,1,0,0,0,0,0,0,"- ","- ",,,FRESNO,FRESNO,-119.74993996000001,36.75054008
7143239,2014,2016-01-21,1005,2014-06-17,0058,P904,"SW B",2,5,7,1005,0,0,0,,0,2453,"BELMONT AV","H ST",180.00,W,N,A,-,N,,,,,,,,,,Y,2,0,1,2,A,-,11,21954,A,N,G,B,E,A,H,-,C,D,0,Y,,,,Y,,N,60,1,0,0,0,1,0,0,0,0,"- ","- ",,,FRESNO,FRESNO,-119.81312246,36.750410000000002
7143240,2014,2016-01-21,1005,2014-06-13,1018,P586,,5,5,7,1005,0,0,0,,0,,"NORTH FRUIT","N FRUIT 7030",0.00,,-,A,-,N,,,,,,,,,,Y,4,0,1,1,A,-,08,22107,,N,E,I,A,A,H,-,A,D,0,,,,,Y,,A,01,0,0,1,0,0,0,0,0,0,"- ","- ",,,FRESNO,FRESNO,-119.81732637,36.837812800000002
7143241,2014,2016-01-20,1005,2014-05-05,1903,P1119,2655,1,5,7,1005,0,0,0,,0,00F,"FULTON ST","AMADOR ST",36.00,N,N,A,B,N,,,,,,,,,,N,4,0,1,1,A,-,08,22107,,N,E,I,A,A,H,-,A,A,0,,,,,Y,,A,01,0,0,1,0,0,0,0,0,0,"- ","- ",,,FRESNO,FRESNO,-119.79894246000001,36.741923219999997
7143242,2014,2016-01-20,1005,2014-05-16,2213,P1321,1847,5,5,7,1005,0,0,0,,0,00C,"ASHLAN AV","W ASHLAN AV 4278",0.00,,-,A,-,N,,,,,,,,,,Y,4,0,1,2,A,-,03,22350,,N,C,C,A,A,H,-,C,D,0,,,,,Y,,A,07,0,0,1,0,0,0,0,0,0,"- ","- ",,,FRESNO,FRESNO,-119.86877739000001,36.793691780000003
7143243,2014,2016-01-21,1005,2014-06-09,2100,P1070,1660,1,5,7,1005,0,0,0,,0,04B,"SHAW AV","CHESTNUT AV",0.00,,N,A,-,N,,,,,,,,,,Y,4,0,5,2,A,-,12,21453,A,N,D,C,A,A,H,-,C,A,0,,,,,Y,,A,07,0,0,5,0,0,0,0,0,0,"- ","- ",,,FRESNO,FRESNO,-119.73628988,36.808619999999998
7143244,2014,2016-01-21,1005,2014-06-12,1616,P586,,4,5,7,1005,0,0,0,,0,,"SHIELDS AV","WISHON AV",60.00,W,N,A,-,N,,,,,,,,,,,4,0,1,2,A,-,03,22350,,N,C,C,A,A,H,-,A,A,0,,,,,Y,,A,01,0,0,1,0,0,0,0,0,0,"- ","- ",,,FRESNO,FRESNO,-119.80238473999999,36.779510000000002
7143246,2014,2016-01-20,1005,2014-05-17,0023,P1425,1951,6,5,7,1005,0,0,0,,0,00G,"N HUGHES AV","W GRIFFITH WY",0.00,,Y,A,-,N,,,,,,,,,,Y,4,0,1,2,A,-,03,22350,,N,D,C,A,A,H,-,C,D,0,,,,,Y,,A,01,0,0,1,0,0,0,0,0,0,"- ","- ",,,FRESNO,FRESNO,-119.83541995,36.790150099999998
7143247,2014,2016-01-21,1005,2014-06-20,1107,P874,2568,5,5,7,1005,0,0,0,,0,03A,"BELMONT AV","ARMSTRONG AV",0.00,,N,A,-,N,,,,,,,,,,Y,3,0,1,2,A,-,09,21802,A,N,D,C,A,A,H,-,A,A,0,,,,,Y,,A,01,0,1,0,0,0,0,0,0,0,"- ","- ",,,FRESNO,FRESNO,-119.67306996000001,36.750330050000002
7143248,2014,2016-01-21,1005,2014-06-25,1330,P774,NW,3,5,7,1005,0,0,0,,0,,"SHAW AV","WEST AV",386.00,E,N,A,-,N,,,,,,,,,,Y,4,0,2,4,A,-,03,22350,,N,C,C,A,A,H,-,A,D,0,,,,,Y,,-,,0,0,2,0,0,0,0,0,0,"- ","- ",,,FRESNO,FRESNO,-119.82519231000001,36.808410000000002
7143249,2014,2016-01-20,1005,2014-05-03,1750,P1382,3064,6,5,7,1005,0,0,0,,0,00H,"VILLA AV","GROVE AV",0.00,,Y,A,-,N,,,,,,,,,,N,4,0,2,2,A,-,12,22450,A,N,B,C,A,A,H,-,A,D,0,,,,,Y,,A,07,0,0,2,0,0,0,0,0,0,"- ","- ",,,FRESNO,FRESNO,-119.71342989,36.711360059999997
7143250,2014,2016-01-20,1005,2014-05-17,0450,P1589,251,6,5,7,1005,0,0,0,,0,00B,"HERDON AV","VAN NESS",425.00,E,N,A,-,N,,,,,,,,,,Y,4,0,2,2,A,-,03,22350,,N,C,C,A,A,H,-,C,A,0,,,,,Y,,A,01,0,0,2,0,0,0,0,0,0,"- ","- ",,,FRESNO,FRESNO,-119.83391863,36.83734553
7143251,2014,2016-01-21,1005,2014-06-02,1514,P874,1256,1,5,7,1005,0,0,0,,0,04C,"ALLUVIAL AV","1ST ST",173.00,W,N,A,-,N,,,,,,,,,,Y,4,0,2,2,A,-,09,21801,A,N,D,C,A,A,H,-,A,D,0,,,,,Y,,A,01,0,0,2,0,0,0,0,0,0,"- ","- ",,,FRESNO,FRESNO,-119.77539083000001,36.844680009999998
7143252,2014,2016-01-21,1005,2014-06-26,1405,P876,SOUTH,4,5,7,1005,0,0,0,,0,,"CEDAR AV","KINGS CANYON RD",12.00,S,N,A,-,N,,,,,,,,,,,4,0,1,2,A,-,10,21950,A,N,D,G,A,A,H,-,A,A,0,,Y,,,Y,,D,22,0,0,1,0,0,0,1,0,0,"- ","- ",,,FRESNO,FRESNO,-119.75451117999999,36.735767070000001
7143253,2014,2016-01-20,1005,2014-05-03,0125,P1590,0560,6,5,7,1005,0,0,0,,0,00A,"E COPPER AV","IRONWOOD DR",0.00,,Y,A,-,N,,,,,,,,,,Y,3,0,1,2,A,-,07,21658,A,N,B,C,A,A,H,-,C,D,0,,,Y,,Y,,A,01,0,1,0,0,0,0,0,0,1,"- ","- ",,,FRESNO,FRESNO,-119.75402991999999,36.895500050000003
7143254,2014,2016-01-20,1005,2014-05-19,1049,P927,2250,1,5,7,1005,0,0,0,,0,00F,"NORTH MARKS AV","WEST MCKINLEY AV",600.00,N,N,A,-,N,,,,,,,,,,N,3,0,1,1,A,-,09,21801,A,N,F,A,A,A,H,-,A,D,0,,,,,Y,,A,01,0,1,0,0,0,0,0,0,0,"- ","- ",,,FRESNO,FRESNO,-119.84435713000001,36.766336989999999
7143255,2014,2016-01-21,1005,2014-06-09,1144,P855,NE,1,5,7,1005,0,0,0,,0,,"EAST HERNDON","NORTH MAPLE",1067.00,E,N,A,-,N,,,,,,,,,,Y,4,0,1,2,A,-,03,22350,,N,C,C,A,A,H,-,A,D,0,,,,,Y,,A,01,0,0,1,0,0,0,0,0,0,"- ","- ",,,FRESNO,FRESNO,-119.74153637000001,36.837700069999997
7143256,2014,2016-01-21,1005,2014-06-25,1453,P776,,3,5,7,1005,0,0,0,,0,,"WEST AV","DAKOTA AV",33.00,N,N,A,-,N,,,,,,,,,,,4,0,1,2,A,-,03,22350,,N,C,C,A,A,H,-,A,A,0,,,,,Y,,A,01,0,0,1,0,0,0,0,0,0,"- ","- ",,,FRESNO,FRESNO,-119.82649805,36.786640570000003
7143257,2014,2016-01-20,1005,2014-05-04,0232,P1201,1345,7,5,7,1005,0,0,0,,0,00A,"POLK AV",ESCALON,3.00,N,N,A,-,N,,,,,,,,,,Y,3,0,1,1,A,-,00,12500,A,N,E,I,A,A,H,-,C,A,0,,,,,Y,,A,01,0,1,0,0,0,0,0,0,0,"- ","- ",,,FRESNO,FRESNO,-119.88960994999999,36.826258230000001
7143258,2014,2016-01-20,1005,2014-05-30,1539,P967,1746,5,5,7,1005,0,0,0,,0,00C,"WEST SHAW AV","GOLDEN STATE BL",0.00,,-,A,-,N,,,,,,,,,,,4,0,1,2,A,-,03,22350,,N,C,C,A,A,H,-,A,A,0,,,,,Y,,-,,0,0,1,0,0,0,0,0,0,"- ","- ",,,FRESNO,FRESNO,-119.87761998000001,36.808310069999997
7143259,2014,2016-01-21,1005,2014-06-27,0857,P967,NE,5,5,7,1005,0,0,0,,0,,"NORMAL AV","MAYFAIR DR S",174.00,N,N,A,-,N,,,,,,,,,,Y,3,0,1,2,A,-,03,22350,,N,B,E,A,A,H,-,A,D,0,,,,,Y,,-,,0,1,0,0,0,0,0,0,0,"- ","- ",,,FRESNO,FRESNO,-119.76942028000001,36.766440559999999
7143260,2014,2016-01-21,1005,2014-06-17,1422,P982,NE,2,5,7,1005,0,0,0,,0,2229,"CLINTON AV","CEDAR AV",0.00,E,N,A,-,N,,,,,,,,,,Y,4,0,1,2,A,-,03,22350,,N,C,-,A,A,H,-,A,A,0,,,,,Y,,A,01,0,0,1,0,0,0,0,0,0,"- ","- ",,,FRESNO,FRESNO,-119.75447996,36.77237006
7143261,2014,2016-01-20,1005,2014-05-04,1325,P710,2361,7,5,7,1005,0,0,0,,0,00D,"EAST OLIVE AV","N RECREATION AV",0.00,,Y,A,-,N,,,,,,,,,,Y,4,0,1,2,A,-,09,21801,A,N,D,C,A,A,H,-,A,A,0,,,,,Y,,A,01,0,0,1,0,0,0,0,0,0,"- ","- ",,,FRESNO,FRESNO,-119.73862998,36.757710060000001
7143262,2014,2016-01-20,1005,2014-05-16,1437,P967,1963,5,5,7,1005,0,0,0,,0,00H,"NORTH CHESTNUT AV","N ANN AV",96.00,N,N,A,-,N,,,,,,,,,,Y,4,0,1,2,A,-,08,22107,,N,C,C,A,A,H,-,A,D,0,,,Y,,Y,,A,01,0,0,1,0,0,0,0,0,1,"- ","- ",,,FRESNO,FRESNO,-119.72820818,36.791306849999998
7143263,2014,2016-01-21,1005,2014-06-18,1512,P776,2060,3,5,7,1005,0,0,0,,0,00H,"DAKOTA AV","MAPLE AV",248.00,W,N,A,-,N,,,,,,,,,,Y,3,0,2,2,A,-,09,21804,A,N,D,C,A,A,H,-,A,D,0,,,,,Y,,A,01,0,1,1,0,0,0,0,0,0,"- ","- ",,,FRESNO,FRESNO,-119.7461261,36.786825669999999
7143264,2014,2016-01-21,1005,2014-06-09,1500,P927,NW,1,5,7,1005,0,0,0,,0,2052,"SHIELDS AV","DELNO AV",0.00,,N,A,-,N,,,,,,,,,,,4,0,1,2,A,-,09,21801,A,N,D,C,A,A,H,-,A,D,0,,,,,Y,,A,01,0,0,1,0,0,0,0,0,0,"- ","- ",,,FRESNO,FRESNO,-119.81979997000001,36.779350110000003
7143265,2014,2016-01-20,1005,2014-05-31,0120,P1331,2860,6,5,7,1005,0,0,0,,0,00H,"S CHANCE AV","E HAMILTON AV",0.00,,Y,A,-,N,,,,,,,,,,Y,3,0,3,2,A,-,12,22450,A,N,B,C,A,A,H,-,C,A,0,,,,,Y,,A,01,0,2,1,0,0,0,0,0,0,"- ","- ",,,FRESNO,FRESNO,-119.7512399,36.724970040000002
7143266,2014,2016-01-20,1005,2014-05-16,1524,P586,2154,5,5,7,1005,0,0,0,,0,00H,"EAST SHIELDS AV","NORTH PALM AV",84.00,E,N,A,-,N,,,,,,,,,,N,3,0,2,3,A,-,03,22350,,N,C,C,A,A,H,-,A,D,0,,,,,Y,,A,01,0,1,1,0,0,0,0,0,0,"- ","- ",,,FRESNO,FRESNO,-119.80838338,36.779482450000003
7143267,2014,2016-01-21,1005,2014-06-05,0850,P850,NORTH,4,5,7,1005,0,0,0,,0,H2153,"FRUIT AV",SHIELDS,48.00,E,N,A,-,N,,,,,,,,,,Y,4,0,2,3,A,-,03,22350,,N,C,C,A,A,H,-,A,A,0,,,,,Y,,A,07,0,0,2,0,0,0,0,0,0,"- ","- ",,,FRESNO,FRESNO,-119.81757,36.77937
7143268,2014,2016-01-21,1005,2014-06-04,1345,P874,2155,3,5,7,1005,0,0,0,,0,02H,"BLACKSTONE AV","SHIELDS AV",28.00,S,N,A,-,N,,,,,,,,,,Y,4,0,2,2,A,-,03,22350,,N,C,C,A,A,H,-,A,A,0,,,,,Y,,D,22,0,0,2,0,0,0,0,0,0,"- ","- ",,,FRESNO,FRESNO,-119.79064,36.77967314
7143269,2014,2016-01-20,1005,2014-05-02,1700,P1452,1760,5,5,7,1005,0,0,0,,0,00E,"GETTYSBURG AV","ROWELL AV",210.00,E,N,A,-,N,,,,,,,,,,Y,4,0,1,5,A,-,"- ",,,N,A,C,A,A,H,-,A,D,0,,,,,Y,,A,01,0,0,1,0,0,0,0,0,0,"- ","- ",,,FRESNO,FRESNO,-119.75127323,36.801333190000001
7143270,2014,2016-01-26,1005,2014-05-16,1845,P1412,2451,5,5,7,1005,0,0,0,,0,00A,"N WARREN AV","W HARVEY AV",6.00,S,N,A,-,N,,,,,,,,,,N,4,0,1,2,A,-,"- ",,,N,B,B,E,A,H,-,A,D,0,Y,,,,Y,,A,08,0,0,1,0,1,0,0,0,0,"- ","- ",,,FRESNO,FRESNO,-119.82837065,36.753035349999998
7143271,2014,2016-01-21,1005,2014-06-06,1221,P959,SOUTH,5,5,7,1005,0,0,0,,0,,"TULARE AV",BARTON,100.00,W,N,A,-,N,,,,,,,,,,Y,3,0,1,2,A,-,03,22350,,N,C,E,A,A,H,-,A,D,0,,,,,Y,,A,01,0,1,0,0,0,0,0,0,0,"- ","- ",,,FRESNO,FRESNO,-119.75032091999999,36.743152010000003
7143272,2014,2016-05-10,1005,2014-06-20,1240,P208,2657,5,5,7,1005,0,0,0,,0,01C,"TULARE AV","RT 41",0.00,,N,A,-,Y,FRE,6,41,-,R,23.895,R,4,S,Y,4,0,1,2,A,-,09,21453,B,N,B,C,A,A,H,-,A,A,0,,,,,Y,,A,01,0,0,1,0,0,0,0,0,0,"- ",SF,,,FRESNO,FRESNO,-119.77672865,36.745248109999999
7143273,2014,2016-01-20,1005,2014-05-27,1651,P1367,1353,2,5,7,1005,0,0,0,,0,00B,"NORTH PALM AV","HERNDON AV",38.00,N,N,A,-,N,,,,,,,,,,N,4,0,1,2,A,-,"- ",,,N,C,C,A,A,H,-,A,A,0,,,,,Y,,-,,0,0,1,0,0,0,0,0,0,"- ","- ",,,FRESNO,FRESNO,-119.80841447,36.837244249999998