CASE_ID,ACCIDENT_YEAR,PROC_DATE,JURIS,COLLISION_DATE,COLLISION_TIME,OFFICER_ID,REPORTING_DISTRICT,DAY_OF_WEEK,CHP_SHIFT,POPULATION,CNTY_CITY_LOC,SPECIAL_COND,BEAT_TYPE,CHP_BEAT_TYPE,CITY_DIVISION_LAPD,CHP_BEAT_CLASS,BEAT_NUMBER,PRIMARY_RD,SECONDARY_RD,DISTANCE,DIRECTION,INTERSECTION,WEATHER_1,WEATHER_2,STATE_HWY_IND,CALTRANS_COUNTY,CALTRANS_DISTRICT,STATE_ROUTE,ROUTE_SUFFIX,POSTMILE_PREFIX,POSTMILE,LOCATION_TYPE,RAMP_INTERSECTION,SIDE_OF_HWY,TOW_AWAY,COLLISION_SEVERITY,NUMBER_KILLED,NUMBER_INJURED,PARTY_COUNT,PRIMARY_COLL_FACTOR,PCF_CODE_OF_VIOL,PCF_VIOL_CATEGORY,PCF_VIOLATION,PCF_VIOL_SUBSECTION,HIT_AND_RUN,TYPE_OF_COLLISION,MVIW,PED_ACTION,ROAD_SURFACE,ROAD_COND_1,ROAD_COND_2,LIGHTING,CONTROL_DEVICE,CHP_ROAD_TYPE,PEDESTRIAN_ACCIDENT,BICYCLE_ACCIDENT,MOTORCYCLE_ACCIDENT,TRUCK_ACCIDENT,NOT_PRIVATE_PROPERTY,ALCOHOL_INVOLVED,STWD_VEHTYPE_AT_FAULT,CHP_VEHTYPE_AT_FAULT,COUNT_SEVERE_INJ,COUNT_VISIBLE_INJ,COUNT_COMPLAINT_PAIN,COUNT_PED_KILLED,COUNT_PED_INJURED,COUNT_BICYCLIST_KILLED,COUNT_BICYCLIST_INJURED,COUNT_MC_KILLED,COUNT_MC_INJURED,PRIMARY_RAMP,SECONDARY_RAMP,LATITUDE,LONGITUDE,COUNTY,CITY,POINT_X,POINT_Y
7149396,2015,2016-01-06,1001,2015-10-15,0144,5447,,4,5,5,1001,0,0,0,,0,005,"5TH ST","DEWITT AV",0.00,,Y,A,-,N,,,,,,,,,,Y,3,0,1,1,A,-,03,22350,,N,E,I,A,A,H,-,C,D,0,,,Y,,Y,,C,02,0,1,0,0,0,0,0,0,1,"- ","- ",36.823929999999997,-119.70439,FRESNO,CLOVIS,-119.70438995000001,36.823930109999999
7151124,2014,2016-01-27,1009,2014-09-09,2053,R052,,2,5,2,1009,0,0,0,,0,0ME,DERRICK,"DERRICK 200",0.00,,N,A,-,Y,,,,,,,,,,N,3,0,1,2,D,-,00,,,F,-,G,A,A,H,-,D,D,0,,Y,,,Y,,-,"- ",0,1,0,0,0,0,1,0,0,"- ","- ",,,FRESNO,MENDOTA,,
7151144,2015,2016-10-26,1009,2015-11-14,1455,,,6,5,2,1009,0,0,0,,0,0ME,"OLLER ST","5TH ST",0.00,,Y,A,-,Y,FRE,6,180,-,-,23.830,I,5,E,N,3,0,1,2,A,-,10,21950,A,N,G,B,B,A,H,-,A,D,0,Y,,,,Y,,-,,0,1,0,0,1,0,0,0,0,"- ","- ",,,FRESNO,MENDOTA,-120.38236702,36.757104060000003
7151156,2015,2016-01-19,1009,2015-11-06,0642,R029,MENDO,5,5,2,1009,0,0,0,,0,0ME,"OLLER ST","BELMONT AV",408.00,N,N,A,-,N,,,,,,,,,,Y,4,0,1,2,A,-,08,22107,,N,C,C,A,A,H,-,B,D,0,,,,,Y,,-,,0,0,1,0,0,0,0,0,0,"- ","- ",,,FRESNO,MENDOTA,-120.37419319,36.750111990000001
7152643,2015,2016-01-26,1001,2015-12-31,1511,5650,,4,5,5,1001,0,0,0,,0,002,"W SWIFT AV","PEACH AV",0.00,,Y,A,-,N,,,,,,,,,,Y,4,0,3,2,A,-,03,22350,I,N,C,C,A,A,H,-,A,D,0,,,,,Y,,A,01,0,0,3,0,0,0,0,0,0,"- ","- ",36.795870000000001,-119.71791,FRESNO,CLOVIS,-119.71816991999999,36.79604003
7152647,2015,2016-01-26,1001,2015-12-28,2121,5650,,1,5,5,1001,0,0,0,,0,001,"PEACH AV","W GETTYSBURG AV",0.00,,Y,A,-,N,,,,,,,,,,Y,4,0,1,2,A,-,12,21453,A,N,D,C,A,A,H,-,C,A,0,,,,,Y,,A,01,0,0,1,0,0,0,0,0,0,"- ","- ",36.801200000000001,-119.71819000000001,FRESNO,CLOVIS,-119.71818995,36.801200100000003
7152651,2015,2016-01-26,1001,2015-12-24,1726,5465,,4,5,5,1001,0,0,0,,0,004,"MINNEWAWA AV","KEATS AV",180.00,S,N,C,-,N,,,,,,,,,,Y,4,0,1,2,A,-,08,22107,,N,A,C,A,B,H,-,C,D,0,,,,,Y,,A,01,0,0,1,0,0,0,0,0,0,"- ","- ",36.809849999999997,-119.70939,FRESNO,CLOVIS,-119.70910000000001,36.809796009999999
7152675,2015,2016-01-26,1001,2015-12-24,1958,5671,,4,5,5,1001,0,0,0,,0,005,"HARVARD AV","HOWARD AV",0.00,,Y,B,C,N,,,,,,,,,,N,3,0,1,2,A,-,03,22350,,F,G,B,E,B,H,-,-,D,0,Y,,,,Y,,A,01,0,1,0,0,1,0,0,0,0,"- ","- ",36.819969999999998,-119.7052,FRESNO,CLOVIS,-119.70548995,36.820080050000001
7152679,2015,2016-01-26,1001,2015-12-21,1704,5650,,1,5,5,1001,0,0,0,,0,002,"VILLA AV","WEST ASHLAN AV",0.00,,Y,B,-,N,,,,,,,,,,Y,4,0,2,2,A,-,09,21801,A,N,B,C,A,B,H,-,C,D,0,,,,,Y,,A,01,0,0,2,0,0,0,0,0,0,"- ","- ",36.794119999999999,-119.71817,FRESNO,CLOVIS,-119.71364998,36.794030059999997
7152703,2015,2016-02-01,1001,2015-12-26,1940,,,6,5,5,1001,0,0,0,,0,004,"WEST SHAW AV","S WILLOW AV",0.00,,Y,A,-,N,,,,,,,,,,N,4,0,1,2,A,-,08,22107,,N,B,C,A,A,H,-,C,A,0,,,Y,,Y,,A,01,0,0,1,0,0,0,0,0,1,"- ","- ",36.809359999999998,-119.72957,FRESNO,CLOVIS,-119.72731998,36.808570090000003
7153349,2016,2016-01-15,1001,2016-01-06,1530,5691,,3,5,5,1001,0,0,0,,0,006,"NORTH MINNEWAWA AV","WEST EL PASO",242.00,N,N,C,-,N,,,,,,,,,,Y,4,0,1,2,A,-,03,22350,,N,C,C,A,B,H,-,A,D,0,,,,,Y,,A,01,0,0,1,0,0,0,0,0,0,"- ","- ",,,FRESNO,CLOVIS,-119.71124,36.848014229999997
7153496,2015,2017-01-14,1009,2015-05-15,1813,R049,,5,5,2,1009,0,0,0,,0,0ME,"OLLER ST","BELMONT AV",439.00,N,N,A,-,Y,FRE,6,180,-,-,24.680,H,-,E,N,3,0,2,2,A,-,09,21804,A,M,-,-,A,A,H,-,A,D,0,,,,,Y,,-,,0,1,1,0,0,0,0,0,0,"- ","- ",,,FRESNO,MENDOTA,-120.37234761000001,36.74849184
7153666,2015,2016-01-19,1015,2015-12-24,0930,N084,SELMA,4,5,3,1015,0,0,0,,0,004,"NEBRASKA AV","MITCHELL AV",0.00,,Y,B,-,N,,,,,,,,,,N,4,0,3,2,A,-,12,22450,A,N,C,C,A,A,H,-,A,A,0,,,,,Y,,-,,0,0,3,0,0,0,0,0,0,"- ","- ",,,FRESNO,SELMA,-119.62425986,36.561660089999997
7154394,2015,2016-02-19,1001,2015-12-27,0619,5463,,7,5,5,1001,0,0,0,,0,001,"PEACH AV","SANTA ANA AV",0.00,,Y,E,-,N,,,,,,,,,,Y,4,0,2,2,A,-,09,21802,A,N,B,C,A,B,H,-,C,A,0,,,,,Y,,A,01,0,0,2,0,0,0,0,0,0,"- ","- ",36.804850000000002,-119.71843,FRESNO,CLOVIS,-119.71842995999999,36.804850010000003
7155451,2015,2017-02-03,1008,2015-12-26,1634,J168,,6,5,2,1008,0,0,0,,0,0KI,"SIERRA ST","SIMPSON ST",482.00,W,N,A,-,Y,FRE,6,99,-,-,0.720,R,4,N,Y,4,0,1,2,A,-,12,21453,A,N,C,C,A,A,H,-,A,A,0,,,,,Y,,-,,0,0,1,0,0,0,0,0,0,"- ","- ",,,FRESNO,KINGSBURG,-119.55663688999999,36.514184960000001
7155841,2014,2016-01-21,1005,2014-06-21,1000,P718,2352,6,5,7,1005,0,0,0,,0,00B,"WEST MCKINLEY AV","NORTH FRUIT AV",0.00,,Y,B,-,N,,,,,,,,,,N,3,0,1,2,A,-,11,21950,B,F,G,B,B,A,H,-,A,A,0,Y,,,,Y,,-,99,0,1,0,0,1,0,0,0,0,"- ","- ",,,FRESNO,FRESNO,-119.81761985999999,36.764800080000001
7155842,2014,2016-01-21,1005,2014-06-20,1802,P1346,1859,5,5,7,1005,0,0,0,,0,00E,"E GETTYSBURG AV","N NINTH ST",0.00,,Y,A,-,N,,,,,,,,,,Y,3,0,1,2,A,-,09,21801,A,N,B,C,A,A,H,-,A,D,0,,,,,Y,,A,01,0,1,0,0,0,0,0,0,0,"- ","- ",,,FRESNO,FRESNO,-119.75874992999999,36.801480060000003
7155845,2014,2016-01-22,1005,2014-06-10,0451,P1447,1456,2,5,7,1005,0,0,0,,0,00C,"E BULLARD AV","N BLACKSTONE AV",0.00,,Y,A,-,N,,,,,,,,,,Y,4,0,1,2,A,-,12,21453,A,N,D,C,A,A,H,-,C,A,0,,,,,Y,,B,01,0,0,1,0,0,0,0,0,0,"- ","- ",,,FRESNO,FRESNO,-119.79026987,36.82297002
7155846,2014,2016-01-21,1005,2014-06-11,2120,P1161,2955,3,5,7,1005,0,0,0,,0,00G,"E BELGRAVIA AV","S IVY AV",0.00,,Y,A,-,N,,,,,,,,,,N,4,0,1,2,A,-,11,21950,B,M,G,B,B,A,H,-,C,D,0,Y,,,,Y,Y,A,01,0,0,1,0,1,0,0,0,0,"- ","- ",,,FRESNO,FRESNO,-119.7930599,36.71599011
7155849,2014,2016-01-21,1005,2014-06-20,2230,P1042,1357,5,5,7,1005,0,0,0,,0,00C,"N FRESNO ST","E BULLARD AV",0.00,,Y,A,-,N,,,,,,,,,,N,4,0,1,2,A,-,12,21453,A,N,D,C,A,A,H,-,C,A,0,,,,,Y,,A,01,0,0,1,0,0,0,0,0,0,"- ","- ",,,FRESNO,FRESNO,-119.78140993,36.82304001
7155850,2014,2016-01-21,1005,2014-04-09,1012,P645,2661,3,5,7,1005,0,0,0,,0,00D,"E  KINGS CANYON RD",MAPLE,0.00,,N,A,-,N,,,,,,,,,,N,4,0,1,2,A,-,05,21650,,N,D,G,A,A,H,-,A,D,0,,Y,,,Y,,L,04,0,0,1,0,0,0,1,0,0,"- ","- ",,,FRESNO,FRESNO,-119.74547998,36.735970020000003
7155853,2014,2016-01-21,1005,2014-06-18,2150,P1361,2261,3,5,7,1005,0,0,0,,0,00H,"EAST MCKINLEY AV","NORTH MAPLE AV",0.00,,Y,A,-,N,,,,,,,,,,N,4,0,1,2,A,-,"- ",,,N,G,B,A,A,H,-,C,A,0,,Y,,,Y,,A,08,0,0,1,0,0,0,1,0,0,"- ","- ",,,FRESNO,FRESNO,-119.74541997999999,36.765160010000002
7155854,2014,2016-01-21,1005,2014-04-13,1417,P1603,2663,7,5,7,1005,0,0,0,,0,00E,"E KINGS CANYON RD","S ADLER AV",618.00,E,N,A,-,N,,,,,,,,,,Y,4,0,2,1,B,-,22,,,N,A,I,A,A,H,-,A,D,0,,,,,Y,,-,"- ",0,0,2,0,0,0,0,0,0,"- ","- ",,,FRESNO,FRESNO,-119.72566999999999,36.735660000000003
7155857,2014,2016-05-10,1005,2014-06-22,0200,P1394,1656,7,5,7,1005,0,0,0,,0,00D,"EAST SHAW AV","RT 41",0.00,,N,A,-,Y,FRE,6,41,-,R,28.615,R,4,N,N,4,0,1,2,D,-,00,,,N,C,C,A,A,H,-,C,A,0,,,Y,,Y,Y,-,"- ",0,0,1,0,0,0,0,0,1,"- ","- ",,,FRESNO,FRESNO,-119.78513697,36.810864109999997
7155858,2014,2016-01-21,1005,2014-04-11,1405,P179,2559,5,5,7,1005,0,0,0,,0,00B,"E TULARE ST","N SIXTH ST",0.00,,Y,A,-,N,,,,,,,,,,Y,4,0,2,2,D,-,00,,,N,D,C,A,A,H,-,A,A,0,,,,,Y,,-,"- ",0,0,2,0,0,0,0,0,0,"- ","- ",,,FRESNO,FRESNO,-119.76435997999999,36.743180080000002
7155861,2014,2016-01-21,1005,2014-06-21,2213,P1161,3256,6,5,7,1005,0,0,0,,0,00H,"EAST NORTH AV","S FRWY 41",0.00,,Y,A,-,N,,,,,,,,,,N,4,0,1,2,A,-,09,21453,C,N,D,C,A,A,H,-,C,A,0,,,,,Y,,A,01,0,0,1,0,0,0,0,0,0,"- ","- ",,,FRESNO,FRESNO,-119.78609994,36.692290040000003
7155862,2014,2016-01-21,1005,2014-04-11,1410,P959,1651,5,5,7,1005,0,0,0,,0,00D,CRYSTAL,FAIRMONT,45.00,N,N,A,-,N,,,,,,,,,,Y,4,0,1,2,D,-,00,,,M,A,C,A,A,H,-,A,D,0,,,,,Y,,-,"- ",0,0,1,0,0,0,0,0,0,"- ","- ",,,FRESNO,FRESNO,-119.83028,36.807091409999998
7155865,2014,2016-01-22,1005,2014-06-19,1632,P1486,2149,4,5,7,1005,0,0,0,,0,00F,"WEST CLINTON AV","W VASSAR AV",0.00,,Y,A,-,N,,,,,,,,,,Y,4,0,2,2,A,-,04,21703,,N,C,C,A,A,H,-,A,D,0,,,,,Y,,A,01,0,0,2,0,0,0,0,0,0,"- ","- ",,,FRESNO,FRESNO,-119.84182987,36.771920059999999
7155870,2014,2016-01-21,1005,2014-06-13,1603,P1251,1646,5,5,7,1005,0,0,0,,0,00A,"WEST SHAW AV","N BLYTHE AV",0.00,E,N,A,-,N,,,,,,,,,,Y,4,0,2,3,A,-,03,22350,,N,C,C,A,A,H,-,A,D,0,,,,,Y,,A,01,0,0,2,0,0,0,0,0,0,"- ","- ",,,FRESNO,FRESNO,-119.87167986999999,36.808340029999997
7155872,2014,2016-01-26,1005,2014-02-17,1844,P1308,2168,1,5,7,1005,0,0,0,,0,00A,"N TEMPERANCE AV","EAST DAKOTA AV",24.00,S,N,A,-,N,,,,,,,,,,Y,4,0,2,2,A,-,08,22107,,N,D,C,A,A,H,-,C,D,0,,,,,Y,,A,01,0,0,2,0,0,0,0,0,0,"- ","- ",,,FRESNO,FRESNO,-119.66409023,36.786544130000003
7155873,2014,2016-02-01,1005,2014-06-21,1620,P1370,1554,6,5,7,1005,0,0,0,,0,00B,"WEST BARSTOW AV","NORTH PALM AV",0.00,,Y,A,-,N,,,,,,,,,,Y,4,0,2,2,A,-,12,21453,A,N,D,I,A,A,H,-,A,A,0,,,,,Y,,A,01,0,0,2,0,0,0,0,0,0,"- ","- ",,,FRESNO,FRESNO,-119.80852994,36.815610120000002
7155874,2014,2016-01-21,1005,2014-06-13,1850,P721,1858,5,5,7,1005,0,0,0,,0,00E,"EAST ASHLAN AV","NORTH MILLBROOK AV",500.00,E,N,A,-,N,,,,,,,,,,Y,2,0,2,2,A,-,07,21658,A,N,B,C,A,A,H,-,A,D,0,,,Y,,Y,,A,01,1,0,1,0,0,0,0,0,2,"- ","- ",,,FRESNO,FRESNO,-119.76160353,36.794200009999997
7155878,2014,2016-01-21,1005,2014-06-11,1800,P1130,1361,3,5,7,1005,0,0,0,,0,00B,"EAST HERNDON AV","N WILLOW AV",700.00,W,N,A,-,N,,,,,,,,,,N,4,0,1,4,A,-,03,22350,,N,C,C,A,A,H,-,A,A,0,,,,,Y,,A,01,0,0,1,0,0,0,0,0,0,"- ","- ",,,FRESNO,FRESNO,-119.73207035999999,36.837685620000002
7155880,2014,2016-01-21,1005,2014-02-12,1643,P1409,3360,3,5,7,1005,0,0,0,,0,00H,"S PARKWAY DR","EAST NORTH AV",0.00,,Y,A,-,N,,,,,,,,,,N,4,0,1,2,A,-,09,21802,A,N,D,C,A,A,H,-,A,A,0,,,,,Y,,A,01,0,0,1,0,0,0,0,0,0,"- ","- ",,,FRESNO,FRESNO,-119.76059994000001,36.692380100000001
7155881,2014,2016-01-26,1005,2014-06-19,1835,P1446,2461,4,5,7,1005,0,0,0,,0,00D,"EAST OLIVE AV","NORTH MAPLE AV",0.00,,Y,A,-,N,,,,,,,,,,N,3,0,5,1,A,-,12,21453,A,N,D,C,A,A,H,-,A,A,0,,,,,Y,,B,01,0,2,3,0,0,0,0,0,0,"- ","- ",,,FRESNO,FRESNO,-119.74542996,36.757710000000003
7155882,2014,2016-01-21,1005,2014-06-12,0705,P759,3455,4,5,7,1005,0,0,0,,0,00H,"W NORTH AV","S CLARA AV",27.00,W,N,A,-,N,,,,,,,,,,N,4,0,1,2,A,-,09,21804,A,N,D,C,A,A,H,-,A,D,0,,,,,Y,,B,01,0,0,1,0,0,0,0,0,0,"- ","- ",,,FRESNO,FRESNO,-119.79545195999999,36.692292969999997
7155885,2014,2016-01-22,1005,2014-06-12,2134,P178,3054,4,5,7,1005,0,0,0,,0,00H,"EAST JENSEN AV","S WALNUT AV",36.00,E,N,A,-,N,,,,,,,,,,Y,4,0,1,2,A,-,08,22100,B,M,D,C,A,A,H,-,C,D,0,,,Y,,Y,,A,01,0,0,1,0,0,0,0,0,1,"- ","- ",,,FRESNO,FRESNO,-119.80872728,36.706841109999999
7155886,2014,2016-01-21,1005,2014-06-13,0632,P1249,2730,5,5,7,1005,0,0,0,,0,00G,"E KINGS CANYON RD","S BARTON AV",0.00,,Y,A,-,N,,,,,,,,,,N,3,0,1,2,A,-,11,21954,A,N,H,G,A,A,H,-,A,D,0,,Y,,,Y,,L,04,0,1,0,0,0,0,1,0,0,"- ","- ",,,FRESNO,FRESNO,-119.74998999,36.735940050000004
7155889,2014,2016-01-21,1005,2014-04-10,0408,P1002,2153,4,5,7,1005,0,0,0,,0,00H,"NORTH FRUIT AV","WEST CLINTON AV",0.00,,Y,A,-,N,,,,,,,,,,N,4,0,1,2,A,-,03,22350,,M,D,C,A,A,H,-,C,A,0,,,,,Y,,A,01,0,0,1,0,0,0,0,0,0,"- ","- ",,,FRESNO,FRESNO,-119.81760987,36.77206004
7155890,2014,2016-01-21,1005,2014-06-18,1800,P1258,2856,3,5,7,1005,0,0,0,,0,00G,"G ST","CALIFORNIA ST",27.00,E,N,A,-,N,,,,,,,,,,N,4,0,1,2,A,-,05,21650,,F,A,G,A,A,H,-,A,D,0,,Y,,,Y,,A,01,0,0,1,0,0,0,1,0,0,"- ","- ",,,FRESNO,FRESNO,-119.78370974000001,36.721923969999999
7155892,2014,2016-01-21,1005,2014-12-04,0222,P1249,2460,4,5,7,1005,0,0,0,,0,00C,"E WHITE AV","PLAZA DR EAST",0.00,,Y,B,-,N,,,,,,,,,,Y,3,0,1,1,A,-,03,22350,,M,E,I,A,A,H,-,C,D,0,,,,,Y,,A,01,0,1,0,0,0,0,0,0,0,"- ","- ",,,FRESNO,FRESNO,-119.75575997999999,36.751670019999999
7155894,2014,2016-01-21,1005,2014-06-14,1820,P1215,2463,6,5,7,1005,0,0,0,,0,00E,"N PEACH AV","EAST BELMONT AV",0.00,,Y,B,-,N,,,,,,,,,,Y,4,0,3,2,A,-,12,21453,A,N,D,C,A,A,H,-,A,A,0,,,,,Y,,A,01,0,0,3,0,0,0,0,0,0,"- ","- ",,,FRESNO,FRESNO,-119.71835995000001,36.75038009
7155896,2014,2016-01-21,1005,2014-04-24,2033,P1039,1660,4,5,7,1005,0,0,0,,0,00B,"NORTH CEDAR AV","EAST SHAW AV",0.00,,Y,A,-,N,,,,,,,,,,N,4,0,1,2,B,-,22,,,M,H,B,B,A,H,-,C,A,0,Y,,,,Y,,-,"- ",0,0,1,0,1,0,0,0,0,"- ","- ",,,FRESNO,FRESNO,-119.75426991,36.808720059999999
7155897,2014,2016-03-18,1005,2014-04-14,2356,P1447,1556,1,5,7,1005,0,0,0,,0,00C,"E BULLARD AV","FRESNO ST",0.00,,N,A,-,N,,,,,,,,,,N,4,0,2,2,A,-,12,21453,A,N,D,C,A,A,H,-,C,A,0,,,,,Y,,A,01,0,0,2,0,0,0,0,0,0,"- ","- ",,,FRESNO,FRESNO,-119.78140993,36.82304001
7155898,2014,2016-01-21,1005,2014-06-17,1407,P978,2354,2,5,7,1005,0,0,0,,0,00B,"EAST MCKINLEY AV","N WISHON AV",0.00,,Y,A,-,N,,,,,,,,,,Y,3,0,1,3,A,-,12,21453,A,N,D,C,A,A,H,-,A,A,0,,,,,Y,,A,01,0,1,0,0,0,0,0,0,0,"- ","- ",,,FRESNO,FRESNO,-119.80107986,36.764990040000001
7155900,2014,2016-01-21,1005,2014-03-09,0925,P936,1845,7,5,7,1005,0,0,0,,0,00C,"WEST ASHLAN AV",CORNELIA,0.00,,N,A,-,N,,,,,,,,,,Y,4,0,2,2,A,-,08,22107,,N,A,C,A,A,H,-,A,D,0,,,,,Y,,A,01,0,0,2,0,0,0,0,0,0,"- ","- ",,,FRESNO,FRESNO,-119.88041997000001,36.793520010000002
7155904,2014,2016-01-21,1005,2014-09-28,1240,P602,1456,7,5,7,1005,0,0,0,,0,00C,"E SIERRA AV","N CLARK ST",200.00,W,N,B,-,N,,,,,,,,,,N,4,0,1,2,A,-,09,21804,A,N,B,C,A,A,H,-,A,D,0,,,,,Y,,A,07,0,0,1,0,0,0,0,0,0,"- ","- ",,,FRESNO,FRESNO,-119.78635292,36.830129999999997
7155905,2014,2016-01-21,1005,2014-04-14,2005,P1285,2568,1,5,7,1005,0,0,0,,0,00A,"N TEMPERANCE AV","EAST SHIELDS AV",1584.00,S,N,A,-,N,,,,,,,,,,Y,4,0,1,2,A,-,01,23153,A,N,A,C,A,A,H,-,D,D,0,,,,,Y,Y,-,,0,0,1,0,0,0,0,0,0,"- ","- ",,,FRESNO,FRESNO,-119.6641,36.775103319999999
7155906,2014,2016-01-26,1005,2014-06-17,1731,P1114,2759,2,5,7,1005,0,0,0,,0,00F,"E VENTURA AV","S NINTH ST",0.00,,Y,A,-,N,,,,,,,,,,Y,4,0,1,2,A,-,03,22350,,F,D,C,A,A,H,-,A,D,0,,,,,Y,Y,A,01,0,0,1,0,0,0,0,0,0,"- ","- ",,,FRESNO,FRESNO,-119.76006995,36.735930009999997
7155908,2014,2016-01-26,1005,2014-09-09,0030,P1628,3154,2,5,7,1005,0,0,0,,0,00H,"EAST JENSEN AV","S MARTIN LUTHER KING BL",380.00,W,N,A,-,N,,,,,,,,,,N,2,0,1,2,A,-,09,21803,A,F,G,G,A,A,H,-,C,A,0,,Y,,,Y,,L,04,1,0,0,0,0,0,1,0,0,"- ","- ",,,FRESNO,FRESNO,-119.80111467,36.70691678
7155909,2014,2016-01-22,1005,2014-06-07,1725,P1346,0758,6,5,7,1005,0,0,0,,0,00A,"E LAKEVIEW DR","N FRIANT RD",0.00,,Y,A,-,N,,,,,,,,,,Y,4,0,1,1,A,-,03,22350,,N,E,I,A,A,H,-,A,A,0,,,,,Y,,A,01,0,0,1,0,0,0,0,0,0,"- ","- ",,,FRESNO,FRESNO,-119.77750999,36.884290110000002
7155912,2014,2016-01-21,1005,2014-09-08,1407,P927,NW,1,5,7,1005,0,0,0,,0,1848,"SHAW AV","MARTY AV",600.00,W,N,A,-,N,,,,,,,,,,Y,4,0,1,3,A,-,09,21801,A,N,D,C,A,A,H,-,-,D,0,,,,,Y,,A,01,0,0,1,0,0,0,0,0,0,"- ","- ",,,FRESNO,FRESNO,-119.86013826,36.808374610000001
7155914,2014,2016-01-22,1005,2014-06-16,1705,P1003,1848,1,5,7,1005,0,0,0,,0,00A,"WEST ASHLAN AV","N GOLDEN STATE BL",30.00,N,N,A,-,N,,,,,,,,,,N,4,0,4,2,A,-,03,22350,,N,C,C,A,A,H,-,A,A,0,,,,,Y,,A,01,0,0,4,0,0,0,0,0,0,"- ","- ",,,FRESNO,FRESNO,-119.86309,36.793689999999998
7155916,2014,2016-01-21,1005,2014-09-10,1325,P624,2355,3,5,7,1005,0,0,0,,0,00B,"BLACKSTONE AV","OLIVE AV",0.00,,N,A,-,N,,,,,,,,,,Y,4,0,1,2,A,-,08,22100,B,N,D,C,A,A,H,-,A,A,0,,,,,Y,,A,01,0,0,1,0,0,0,0,0,0,"- ","- ",,,FRESNO,FRESNO,-119.79058987000001,36.757720069999998
7155917,2014,2016-01-22,1005,2014-06-01,1620,P1605,2666,7,5,7,1005,0,0,0,,0,00A,"S CLOVIS","E KINGS CANYON",528.00,N,N,A,-,N,,,,,,,,,,N,3,0,1,2,A,-,09,21804,A,N,G,B,F,A,H,-,A,D,0,Y,,,,Y,,D,22,0,1,0,0,1,0,0,0,0,"- ","- ",,,FRESNO,FRESNO,-119.70018521,36.737319149999998
7155920,2014,2016-01-21,1005,2014-09-19,1323,P1123,NE,5,5,7,1005,0,0,0,,0,,"DAKOTA AV","ANGUS ST",0.00,E,N,A,-,N,,,,,,,,,,N,4,0,1,2,A,-,08,22107,,N,D,G,A,A,H,-,A,D,0,,,,,Y,,-,,0,0,1,0,0,0,0,0,0,"- ","- ",,,FRESNO,FRESNO,-119.77695998999999,36.786820069999997
7155921,2014,2016-01-22,1005,2014-03-16,1735,P1193,1951,7,5,7,1005,0,0,0,,0,00G,"W GRIFFITH WY","N WARREN AV",195.00,W,N,A,-,N,,,,,,,,,,N,4,0,1,2,C,-,18,,,N,G,B,E,A,H,-,A,D,0,Y,,,,Y,,-,"- ",0,0,1,0,1,0,0,0,0,"- ","- ",,,FRESNO,FRESNO,-119.82937542000001,36.790171010000002
7155922,2014,2016-01-22,1005,2014-06-06,1945,P1513,1547,5,5,7,1005,0,0,0,,0,00A,"N SALINAS AV","N FIGARDEN DR",0.00,,Y,A,-,N,,,,,,,,,,N,4,0,1,2,A,-,10,21950,A,N,G,B,B,A,H,-,B,D,0,Y,,,,Y,,A,01,0,0,1,0,1,0,0,0,0,"- ","- ",,,FRESNO,FRESNO,-119.87000997,36.820950000000003
7155923,2014,2016-01-28,1005,2014-10-06,1750,P1455,SE265,1,5,7,1005,0,0,0,,0,00F,"E VERRUE AV","S 9TH ST",0.00,,N,A,-,N,,,,,,,,,,N,3,0,1,2,C,-,18,,,N,G,B,D,A,H,-,A,D,0,Y,,,,Y,,-,"- ",0,1,0,0,1,0,0,0,0,"- ","- ",,,FRESNO,FRESNO,-119.75940993,36.742760070000003
7155927,2014,2016-01-25,1005,2014-10-08,1630,P1504,SE255,3,5,7,1005,0,0,0,,0,00B,"E TULARE ST","N 3RD ST",0.00,,Y,A,-,N,,,,,,,,,,N,4,0,1,2,A,-,08,22107,,N,D,C,A,A,H,-,A,D,0,,,,,Y,,A,01,0,0,1,0,0,0,0,0,0,"- ","- ",,,FRESNO,FRESNO,-119.76927989000001,36.74317001
7155928,2014,2016-01-25,1005,2014-04-12,2117,P1403,SW265,6,5,7,1005,0,0,0,,0,00C,"TULARE ST","R ST",7.00,W,N,A,-,N,,,,,,,,,,Y,4,0,3,2,A,-,08,22100,B,N,D,C,A,A,H,-,C,A,0,,,,,Y,,A,01,0,0,3,0,0,0,0,0,0,"- ","- ",,,FRESNO,FRESNO,-119.78191747,36.739676899999999
7155929,2014,2016-01-22,1005,2014-03-06,0904,P959,1250,4,5,7,1005,0,0,0,,0,00B,"WEST HERNDON AV","NORTH VAN NESS AV",0.00,,Y,B,-,N,,,,,,,,,,Y,4,0,1,2,A,-,12,21453,A,N,D,C,A,B,H,-,A,A,0,,,,,Y,,A,01,0,0,1,0,0,0,0,0,0,"- ","- ",,,FRESNO,FRESNO,-119.83536991,36.837340070000003
7155930,2014,2016-01-22,1005,2014-06-05,2050,P1006,2860,4,5,7,1005,0,0,0,,0,00H,"SOUTH MAPLE AV","EAST BUTLER AV",0.00,,Y,A,-,N,,,,,,,,,,N,4,0,3,2,A,-,08,22107,,N,A,C,A,A,H,-,C,A,0,,,,,Y,,A,07,0,0,3,0,0,0,0,0,0,"- ","- ",,,FRESNO,FRESNO,-119.74556995,36.728630019999997
7155931,2014,2016-01-25,1005,2014-09-14,0230,P880,NW184,7,5,7,1005,0,0,0,,0,00C,"N GOLDEN STATE BL","W SWIFT AV",165.00,S,N,A,-,N,,,,,,,,,,Y,4,0,1,1,A,-,01,23152,B,N,E,I,A,A,H,-,C,D,0,,,,,Y,Y,A,01,0,0,1,0,0,0,0,0,0,"- ","- ",,,FRESNO,FRESNO,-119.8632714,36.79504128
7155932,2014,2016-01-25,1005,2014-04-10,0753,P959,NW205,4,5,7,1005,0,0,0,,0,00H,"N WEBER AV","N HUGHES AV",0.00,,Y,A,-,N,,,,,,,,,,Y,4,0,1,3,A,-,03,22350,,N,C,C,A,A,H,-,A,A,0,,,,,Y,,A,01,0,0,1,0,0,0,0,0,0,"- ","- ",,,FRESNO,FRESNO,-119.83554986,36.773330020000003
7155933,2014,2016-01-22,1005,2014-03-14,0800,P1184,2557,5,5,7,1005,0,0,0,,0,00C,"E TULARE ST","N 1ST ST",200.00,W,N,A,-,N,,,,,,,,,,N,3,0,1,2,A,-,11,21954,A,N,G,B,D,A,H,-,C,A,0,Y,,,,Y,Y,N,60,0,1,0,0,1,0,0,0,0,"- ","- ",,,FRESNO,FRESNO,-119.77323527999999,36.743153820000003