CASE_ID,ACCIDENT_YEAR,PROC_DATE,JURIS,COLLISION_DATE,COLLISION_TIME,OFFICER_ID,REPORTING_DISTRICT,DAY_OF_WEEK,CHP_SHIFT,POPULATION,CNTY_CITY_LOC,SPECIAL_COND,BEAT_TYPE,CHP_BEAT_TYPE,CITY_DIVISION_LAPD,CHP_BEAT_CLASS,BEAT_NUMBER,PRIMARY_RD,SECONDARY_RD,DISTANCE,DIRECTION,INTERSECTION,WEATHER_1,WEATHER_2,STATE_HWY_IND,CALTRANS_COUNTY,CALTRANS_DISTRICT,STATE_ROUTE,ROUTE_SUFFIX,POSTMILE_PREFIX,POSTMILE,LOCATION_TYPE,RAMP_INTERSECTION,SIDE_OF_HWY,TOW_AWAY,COLLISION_SEVERITY,NUMBER_KILLED,NUMBER_INJURED,PARTY_COUNT,PRIMARY_COLL_FACTOR,PCF_CODE_OF_VIOL,PCF_VIOL_CATEGORY,PCF_VIOLATION,PCF_VIOL_SUBSECTION,HIT_AND_RUN,TYPE_OF_COLLISION,MVIW,PED_ACTION,ROAD_SURFACE,ROAD_COND_1,ROAD_COND_2,LIGHTING,CONTROL_DEVICE,CHP_ROAD_TYPE,PEDESTRIAN_ACCIDENT,BICYCLE_ACCIDENT,MOTORCYCLE_ACCIDENT,TRUCK_ACCIDENT,NOT_PRIVATE_PROPERTY,ALCOHOL_INVOLVED,STWD_VEHTYPE_AT_FAULT,CHP_VEHTYPE_AT_FAULT,COUNT_SEVERE_INJ,COUNT_VISIBLE_INJ,COUNT_COMPLAINT_PAIN,COUNT_PED_KILLED,COUNT_PED_INJURED,COUNT_BICYCLIST_KILLED,COUNT_BICYCLIST_INJURED,COUNT_MC_KILLED,COUNT_MC_INJURED,PRIMARY_RAMP,SECONDARY_RAMP,LATITUDE,LONGITUDE,COUNTY,CITY,POINT_X,POINT_Y
7168598,2015,2016-01-25,1005,2015-05-13,1958,P1581,2252,3,5,7,1005,0,0,0,,0,00H,"NORTH WEST AV","W NORMAL AV",353.00,E,N,A,-,N,,,,,,,,,,N,4,0,1,2,A,-,03,22350,,N,G,G,A,A,H,-,B,D,0,,Y,,,Y,,A,08,0,0,1,0,0,0,1,0,0,"- ","- ",,,FRESNO,FRESNO,-119.82679,36.767420000000001
7168599,2015,2016-01-25,1005,2015-05-16,0644,P1068,1849,6,5,7,1005,0,0,0,,0,00D,"W ASHCROFT AV","N HAZEL AV",0.00,,-,A,-,N,,,,,,,,,,N,4,0,1,1,B,-,22,,,N,E,I,A,A,H,-,A,D,0,,,,,Y,,A,01,0,0,1,0,0,0,0,0,0,"- ","- ",,,FRESNO,FRESNO,-119.84929996,36.799000030000002
7168600,2015,2016-01-25,1005,2015-05-14,1016,P876,SOUTH,4,5,7,1005,0,0,0,,0,,"HAMILTON AV","RECREATION AV",126.00,W,N,C,-,N,,,,,,,,,,Y,4,0,1,1,A,-,03,22350,,N,E,I,A,B,H,-,A,D,0,,,,,Y,,A,01,0,0,1,0,0,0,0,0,0,"- ","- ",,,FRESNO,FRESNO,-119.73973888,36.724983799999997
7168601,2015,2016-01-26,1005,2015-09-08,0859,P1082,SOUTH,2,5,7,1005,0,0,0,,0,2250,"MCKINLEY AV","RT 33",450.00,E,N,A,-,N,,,,,,,,,,Y,4,0,1,2,A,-,08,22107,,N,D,C,A,A,H,-,A,D,0,,,,,Y,,A,01,0,0,1,0,0,0,0,0,0,"- ",NF,,,FRESNO,FRESNO,,
7168602,2015,2016-01-26,1005,2015-09-23,1630,P1665,NW225,3,5,7,1005,0,0,0,,0,00H,"NORTH BLAKCSTONE AV","E VASSAR AV",0.00,,N,A,-,N,,,,,,,,,,N,3,0,1,2,C,-,18,,,N,G,B,E,A,H,-,A,A,0,Y,,,,Y,,-,"- ",0,1,0,0,1,0,0,0,0,"- ","- ",,,FRESNO,FRESNO,-119.7906699,36.771369999999997
7168603,2015,2016-01-26,1005,2015-09-22,1648,P874,2061,2,5,7,1005,0,0,0,,0,04H,"DAKOTA AV","MAPLE AV",212.00,W,N,A,-,N,,,,,,,,,,Y,4,0,1,4,A,-,03,22350,,N,C,C,A,A,H,-,A,A,0,,,,,Y,,D,22,0,0,1,0,0,0,0,0,0,"- ","- ",,,FRESNO,FRESNO,-119.74600328,36.786823400000003
7168604,2015,2016-01-26,1005,2015-09-04,1528,P876,FRESN,5,5,7,1005,0,0,0,,0,,"WEBER AV","DAKOTA AV",0.00,,N,A,-,N,,,,,,,,,,Y,3,0,1,3,A,-,03,22350,,N,C,C,A,A,H,-,A,A,0,,,,,Y,,A,01,0,1,0,0,0,0,0,0,0,"- ","- ",,,FRESNO,FRESNO,-119.84990995,36.786410009999997
7168605,2015,2016-01-26,1005,2015-09-13,0125,P1671,NW204,7,5,7,1005,0,0,0,,0,00F,"N PARKWAY DR","W DAKOTA AV",0.00,,Y,A,-,N,,,,,,,,,,Y,3,0,1,1,A,-,03,22350,,F,E,I,A,A,H,-,C,D,0,,,,,Y,Y,A,01,0,1,0,0,0,0,0,0,0,"- ","- ",,,FRESNO,FRESNO,-119.85504991000001,36.786420059999998
7168606,2015,2016-01-26,1005,2015-09-03,1815,P721,NE166,4,5,7,1005,0,0,0,,0,00B,"EAST SHAW AV","N RECREATION AV",0.00,,Y,A,-,N,,,,,,,,,,N,3,0,1,2,A,-,08,22107,,M,B,G,A,A,H,-,A,D,0,,Y,,,Y,,A,01,0,1,0,0,0,0,1,0,0,"- ","- ",,,FRESNO,FRESNO,-119.73861989,36.808480000000003
7168607,2015,2016-01-26,1005,2015-09-23,1344,P948,2161,3,5,7,1005,0,0,0,,0,04H,"MAPLE AV","SHEILDS AV",41.00,S,N,A,-,N,,,,,,,,,,Y,2,0,1,3,A,-,01,23152,B,N,B,C,A,A,H,-,A,A,0,,,,,Y,Y,D,22,1,0,0,0,0,0,0,0,0,"- ","- ",,,FRESNO,FRESNO,-119.74534,36.779517460000001
7168608,2015,2016-01-26,1005,2015-09-16,1746,P1082,SOUTH,3,5,7,1005,0,0,0,,0,2356,"FRESNO ST","MCKINLEY AV",146.00,S,N,A,-,N,,,,,,,,,,N,4,0,1,2,A,-,09,21804,A,N,B,G,A,A,H,-,A,A,0,,Y,,,Y,,L,04,0,0,1,0,0,0,1,0,0,"- ","- ",,,FRESNO,FRESNO,-119.78153057,36.76461931
7168609,2015,2016-01-26,1005,2015-09-22,1017,P1065,NE,2,5,7,1005,0,0,0,,0,00A,"NEES AV","9TH ST",101.00,W,N,A,-,N,,,,,,,,,,Y,4,0,1,3,A,-,03,22350,,N,C,C,A,A,H,-,A,D,0,,,,,Y,,A,08,0,0,1,0,0,0,0,0,0,"- ","- ",,,FRESNO,FRESNO,-119.76164496,36.85194809
7168610,2015,2016-01-26,1005,2015-09-28,1302,P982,,1,5,7,1005,0,0,0,,0,2158,"SHEILDS AV","1ST ST",0.00,,N,A,-,N,,,,,,,,,,Y,4,0,1,2,A,-,12,21453,A,N,D,C,A,A,H,-,A,A,0,,,,,Y,,A,08,0,0,1,0,0,0,0,0,0,"- ","- ",,,FRESNO,FRESNO,-119.77265997000001,36.7796801
7168611,2015,2016-01-26,1005,2015-09-09,1504,P1109,2H,3,5,7,1005,0,0,0,,0,2151,"CLINTON AV","WEBER AV",0.00,,N,A,-,N,,,,,,,,,,N,2,0,1,2,A,-,12,21453,A,N,D,G,A,A,H,-,A,A,0,,Y,,Y,Y,,L,04,1,0,0,0,0,0,1,0,0,"- ","- ",,,FRESNO,FRESNO,-119.83410997999999,36.771980079999999
7168612,2015,2016-01-26,1005,2015-09-02,1215,P776,1059,3,5,7,1005,0,0,0,,0,00A,"NEES AV","MILLBROOK AV",300.00,E,N,A,-,N,,,,,,,,,,N,4,0,2,2,A,-,04,21703,,F,C,C,A,A,D,-,A,A,0,,,,,Y,,A,01,0,0,2,0,0,0,0,0,0,"- ","- ",,,FRESNO,FRESNO,-119.76473697,36.851958940000003
7168613,2015,2016-01-26,1005,2015-09-05,1952,P1676,NW214,6,5,7,1005,0,0,0,,0,00F,"WEST CLINTON AV","N VALENTINE AVE",140.00,W,N,A,-,N,,,,,,,,,,Y,2,0,1,2,A,-,03,22350,,N,C,C,A,A,H,-,B,A,0,,,,,Y,,A,01,1,0,0,0,0,0,0,0,0,"- ","- ",,,FRESNO,FRESNO,-119.85379748,36.771901139999997
7168614,2015,2016-01-26,1005,2015-09-02,1745,P1193,NW184,3,5,7,1005,0,0,0,,0,00A,"WEST ASHLAN AV","N GOLDEN STATE BL",1.00,E,N,A,-,N,,,,,,,,,,N,4,0,1,2,B,-,22,,,N,C,C,A,A,H,-,A,D,0,,,,,Y,,A,01,0,0,1,0,0,0,0,0,0,"- ","- ",,,FRESNO,FRESNO,-119.86308658999999,36.793689809999996
7168615,2015,2016-01-26,1005,2015-09-29,1704,P1660,SW265,2,5,7,1005,0,0,0,,0,00F,"FRESNO ST","L ST",0.00,,Y,B,-,N,,,,,,,,,,N,3,0,1,2,A,-,09,21804,A,N,G,G,A,A,H,-,A,D,0,,Y,,,Y,,L,04,0,1,0,0,0,0,1,0,0,"- ","- ",,,FRESNO,FRESNO,-119.79033991999999,36.737410079999997
7168616,2015,2016-01-26,1005,2015-09-01,1136,P662,NW,2,5,7,1005,0,0,0,,0,,"VALENTINE AV","SHAW AV",0.00,,N,A,-,N,,,,,,,,,,Y,4,0,1,2,A,-,09,21801,A,N,D,C,A,A,H,-,A,A,0,,,,,Y,,A,01,0,0,1,0,0,0,0,0,0,"- ","- ",,,FRESNO,FRESNO,-119.85349998,36.808380110000002
7168617,2015,2016-01-26,1005,2015-09-28,0015,P1640,NW184,1,5,7,1005,0,0,0,,0,00C,"N CORNELIA AV","W DONNER AV",408.00,N,N,A,-,N,,,,,,,,,,N,4,0,1,2,A,-,08,22107,,F,G,-,E,A,H,-,C,D,0,Y,,,,Y,,-,,0,0,1,0,1,0,0,0,0,"- ","- ",,,FRESNO,FRESNO,-119.87990000000001,36.800020000000004
7168618,2015,2016-01-26,1005,2015-09-15,1102,P168,NW154,2,5,7,1005,0,0,0,,0,00C,"WEST BARSTOW AV","N CONTESA AV",513.00,E,N,A,-,N,,,,,,,,,,N,3,0,3,1,A,-,"- ",,,N,B,I,A,A,H,-,A,D,0,,,,,Y,,A,07,0,2,1,0,0,0,0,0,0,"- ","- ",,,FRESNO,FRESNO,-119.89907897000001,36.815361619999997
7168619,2015,2016-01-26,1005,2015-09-05,1902,P1636,NW214,6,5,7,1005,0,0,0,,0,00F,"WEST MCKINLEY AV","N BRAWLEY",0.00,,Y,A,-,N,,,,,,,,,,N,3,0,2,2,A,-,01,23152,A,N,D,I,A,A,H,-,C,A,0,,,,,Y,Y,-,,0,2,0,0,0,0,0,0,0,"- ","- ",,,FRESNO,FRESNO,-119.86223991,36.764590099999999
7168620,2015,2016-01-26,1005,2015-09-24,1539,P948,0962,4,5,7,1005,0,0,0,,0,04A,"WILLOW AV","TEAGUE AV",0.00,,N,A,-,N,,,,,,,,,,Y,3,0,1,2,A,-,12,21453,A,N,D,C,A,A,H,-,A,A,0,,,,,Y,,D,22,0,1,0,0,0,0,0,0,0,"- ","- ",,,FRESNO,FRESNO,-119.72990996,36.8594601
7168621,2015,2016-01-26,1005,2015-09-07,2100,P1681,NW174,1,5,7,1005,0,0,0,,0,00A,"WEST SHAW AV","N EL CAPITAN AV",0.00,,Y,A,-,N,,,,,,,,,,Y,4,0,2,2,A,-,03,22350,,N,D,C,A,A,H,-,C,A,0,,,,,Y,,A,01,0,0,2,0,0,0,0,0,0,"- ","- ",,,FRESNO,FRESNO,-119.86849995999999,36.808350060000002
7168622,2015,2016-01-26,1005,2015-09-08,2153,P1672,NW165,2,5,7,1005,0,0,0,,0,00D,"WEST SHAW AV","NORTH WEST AV",28.00,W,N,A,-,N,,,,,,,,,,N,3,0,1,2,C,-,18,,,N,E,B,E,A,H,-,C,A,0,Y,,,,Y,,-,"- ",0,1,0,0,1,0,0,0,0,"- ","- ",,,FRESNO,FRESNO,-119.82660558000001,36.808409320000003
7168623,2015,2016-01-26,1005,2015-09-14,1104,P959,2H,1,5,7,1005,0,0,0,,0,2252,"FRUIT AV","UNIVERSITY AV N",400.00,S,N,B,C,N,,,,,,,,,,Y,4,0,1,1,A,-,03,22350,,M,E,I,A,B,H,-,A,D,0,,,,,Y,,D,22,0,0,1,0,0,0,0,0,0,"- ","- ",,,FRESNO,FRESNO,-119.81765,36.766022149999998
7168624,2015,2016-01-26,1005,2015-09-21,1052,P850,SW,1,5,7,1005,0,0,0,,0,B2454,"BELMONT AV","PALM AV",0.00,,N,A,-,N,,,,,,,,,,Y,4,0,1,2,A,-,09,21801,A,N,A,C,A,A,H,-,A,A,0,,,,,Y,,A,01,0,0,1,0,0,0,0,0,0,"- ","- ",,,FRESNO,FRESNO,-119.80828988,36.750380020000001
7168625,2015,2016-01-26,1005,2015-09-14,1231,P776,,1,5,7,1005,0,0,0,,0,,"FRESNO ST","RIALTO AV",47.00,S,N,B,C,N,,,,,,,,,,N,3,0,1,2,A,-,04,21703,,N,C,-,A,B,H,-,A,D,0,,,,,Y,,A,01,0,1,0,0,0,0,0,0,0,"- ","- ",,,FRESNO,FRESNO,-119.78156147999999,36.802691000000003
7168626,2015,2016-01-26,1005,2015-09-24,1235,P911,NW134,4,5,7,1005,0,0,0,,0,00A,"MILBURN AV","ANTIOCH AV",33.00,S,N,A,-,N,,,,,,,,,,Y,2,0,1,1,A,-,05,21651,A,N,E,I,A,A,H,-,A,D,0,,,,,Y,,A,01,1,0,0,0,0,0,0,0,0,"- ","- ",,,FRESNO,FRESNO,-119.87915552,36.83879949
7168627,2015,2016-01-26,1005,2015-09-09,2232,P731,1843,3,5,7,1005,0,0,0,,0,02C,"GRANTLAND AV","ASHLAN AV",0.00,,N,A,-,N,,,,,,,,,,Y,2,0,1,2,A,-,09,21802,A,N,D,C,A,A,H,-,C,A,0,,,,,Y,,A,01,1,0,0,0,0,0,0,0,0,"- ","- ",,,FRESNO,FRESNO,-119.91648993,36.793510009999999
7168628,2015,2016-01-26,1005,2015-09-25,1103,P911,1346,5,5,7,1005,0,0,0,,0,00A,"BLYTHE AV","PALO ALTO AV",167.00,S,N,A,-,N,,,,,,,,,,Y,4,0,1,2,A,-,03,22350,,N,C,E,A,A,H,-,A,D,0,,,,,Y,,A,01,0,0,1,0,0,0,0,0,0,"- ","- ",,,FRESNO,FRESNO,-119.87150611,36.833041600000001
7168629,2015,2016-01-26,1005,2015-09-14,2006,P1174,SW285,1,5,7,1005,0,0,0,,0,00E,"FRESNO ST","POTTLE AV",0.00,,Y,C,-,N,,,,,,,,,,Y,4,0,1,2,B,-,22,,,F,-,C,A,B,H,-,C,-,0,,,,,Y,,A,01,0,0,1,0,0,0,0,0,0,"- ","- ",,,FRESNO,FRESNO,-119.80532992000001,36.726660109999997
7168630,2015,2016-01-26,1005,2015-09-22,1920,P1665,NW205,2,5,7,1005,0,0,0,,0,00E,"NORTH FRUIT AV","WEST SHIELDS AV",0.00,,Y,A,-,N,,,,,,,,,,N,3,0,1,2,A,-,11,21950,B,N,G,B,B,A,H,-,B,A,0,Y,,,,Y,,A,01,0,1,0,0,1,0,0,0,0,"- ","- ",,,FRESNO,FRESNO,-119.81756999,36.77937008
7168631,2015,2016-01-26,1005,2015-09-14,0947,P959,2D,1,5,7,1005,0,0,0,,0,1849,"ASHLAN AV","FELAND AV",600.00,W,N,B,C,N,,,,,,,,,,Y,3,0,1,1,A,-,03,22350,,N,E,I,A,B,H,-,A,D,0,,,,,Y,,D,22,0,1,0,0,0,0,0,0,0,"- ","- ",,,FRESNO,FRESNO,-119.85039784,36.793631769999998
7168632,2015,2016-01-26,1005,2015-09-20,1555,P721,NE175,7,5,7,1005,0,0,0,,0,00D,"EAST SHAW AV","N BLACKSTONE AV",0.00,,Y,A,-,N,,,,,,,,,,N,3,0,1,2,A,-,12,21453,A,N,D,C,A,A,H,-,A,A,0,,,Y,,Y,,C,02,0,1,0,0,0,0,0,0,1,"- ","- ",,,FRESNO,FRESNO,-119.79034993,36.808430039999998
7168633,2015,2016-01-26,1005,2015-09-17,1141,P874,,4,5,7,1005,0,0,0,,0,,"BLACKSTONE AV","BARSTOW AV",101.00,N,N,A,-,N,,,,,,,,,,N,4,0,1,2,A,-,03,22350,,N,C,C,A,A,H,-,A,D,0,,,,,Y,,A,07,0,0,1,0,0,0,0,0,0,"- ","- ",,,FRESNO,FRESNO,-119.79051771,36.816007229999997
7168634,2015,2016-01-26,1005,2015-09-09,1418,P911,1851,3,5,7,1005,0,0,0,,0,00D,"WEST AV","ASHLAN AV",75.00,N,N,A,-,N,,,,,,,,,,Y,4,0,1,4,A,-,03,22350,,N,C,C,A,A,H,-,A,D,0,,,,,Y,,A,01,0,0,1,0,0,0,0,0,0,"- ","- ",,,FRESNO,FRESNO,-119.82641458000001,36.794075829999997
7168635,2015,2016-01-26,1005,2015-09-17,1434,P876,SOUTH,4,5,7,1005,0,0,0,,0,,"PINE AV","FISHER ST",0.00,,N,A,-,N,,,,,,,,,,N,4,0,2,2,A,-,09,21800,B,N,A,C,A,A,H,-,A,D,0,,,,,Y,,D,22,0,0,2,0,0,0,0,0,0,"- ","- ",,,FRESNO,FRESNO,-119.77025997,36.76227007
7168636,2015,2016-01-26,1005,2015-09-09,1018,P1082,SOUTH,3,5,7,1005,0,0,0,,0,3158,"JENSEN AV","E AV",0.00,,N,A,-,N,,,,,,,,,,N,4,0,1,2,A,-,09,21801,A,N,B,C,A,A,H,-,A,A,0,,,,Y,Y,,A,01,0,0,1,0,0,0,0,0,0,"- ","- ",,,FRESNO,FRESNO,-119.77618986,36.706840059999998
7168638,2015,2016-01-26,1005,2015-09-03,1311,P967,NORHT,4,5,7,1005,0,0,0,,0,,"1ST ST","LOCUST AV",0.00,,N,A,-,N,,,,,,,,,,Y,4,0,1,2,A,-,09,21804,A,N,D,C,A,A,H,-,A,A,0,,,,,Y,,-,,0,0,1,0,0,0,0,0,0,"- ","- ",,,FRESNO,FRESNO,-119.77359998,36.840130049999999
7168639,2015,2016-01-26,1005,2015-09-19,1232,P904,NE156,6,5,7,1005,0,0,0,,0,00B,"NORTH CEDAR AV","E BULLARD AV",50.00,N,N,A,-,N,,,,,,,,,,Y,4,0,1,2,A,-,07,21658,A,F,B,C,A,A,H,-,A,A,0,,,,,Y,,A,08,0,0,1,0,0,0,0,0,0,"- ","- ",,,FRESNO,FRESNO,-119.75424004,36.823196250000002
7168640,2015,2016-01-26,1005,2015-09-19,1434,P598,NE215,6,5,7,1005,0,0,0,,0,00F,"EAST SHIELDS AV","RT 41",0.00,,N,A,-,N,,,,,,,,,,Y,3,0,1,2,B,-,22,,,N,D,C,A,A,H,-,A,A,0,,,,,Y,,A,01,0,1,0,0,0,0,0,0,0,"- ","- ",,,FRESNO,FRESNO,-119.78491996,36.779610050000002
7168641,2015,2016-01-26,1005,2015-06-26,1443,P1123,SOUTH,5,5,7,1005,0,0,0,,0,,"VENTURA ST","M ST",0.00,,-,A,-,N,,,,,,,,,,Y,4,0,3,2,A,-,09,21801,A,N,D,C,A,A,H,-,A,A,0,,,,,Y,,A,01,0,0,3,0,0,0,0,0,0,"- ","- ",,,FRESNO,FRESNO,-119.78277986000001,36.732170070000002
7168642,2015,2016-01-26,1005,2015-06-08,1438,P1082,SOUTH,1,5,7,1005,0,0,0,,0,2557,"TULARE AV","1ST AV",190.00,W,N,A,-,N,,,,,,,,,,Y,4,0,1,2,A,-,09,21801,B,N,B,C,A,A,H,-,A,D,0,,,,,Y,,A,01,0,0,1,0,0,0,0,0,0,"- ","- ",,,FRESNO,FRESNO,-119.77324768,36.755889629999999
7168643,2015,2016-01-26,1005,2015-06-16,1126,P978,SW,2,5,7,1005,0,0,0,,0,00C,"VENTURA ST","C ST",0.00,,Y,A,-,N,,,,,,,,,,Y,4,0,4,2,A,-,12,21453,A,N,D,C,A,A,H,-,A,A,0,,,,,Y,,A,07,0,0,4,0,0,0,0,0,0,"- ","- ",,,FRESNO,FRESNO,-119.79365993,36.724330010000003
7168644,2015,2016-01-26,1005,2015-06-28,1514,P844,3259,7,5,7,1005,0,0,0,,0,00H,"S GOLDEN STATE BL","S ORANGE AV",0.00,,Y,A,-,N,,,,,,,,,,Y,4,0,2,2,A,-,09,21804,A,N,D,C,A,A,H,-,A,A,0,,,,,Y,,A,07,0,0,2,0,0,0,0,0,0,"- ","- ",,,FRESNO,FRESNO,-119.76370996999999,36.702130070000003
7168645,2015,2016-01-27,1005,2015-06-02,1554,P662,NW,2,5,7,1005,0,0,0,,0,,"N INGRAM","N INGRAM 7065",0.00,,-,A,-,N,,,,,,,,,,N,4,0,1,2,A,-,21,22106,,N,G,B,F,A,H,-,A,A,0,Y,,,,Y,,A,01,0,0,1,0,1,0,0,0,0,"- ","- ",,,FRESNO,FRESNO,-119.80325818,36.84000022
7168646,2015,2016-01-26,1005,2015-06-01,1303,P1123,,1,5,7,1005,0,0,0,,0,,"BELMONT AV","WILSON AV",0.00,,-,A,-,N,,,,,,,,,,,4,0,1,3,A,-,03,22350,,N,C,C,A,A,H,-,A,A,0,,,,,Y,,-,,0,0,1,0,0,0,0,0,0,"- ","- ",,,FRESNO,FRESNO,-119.80629998000001,36.750390090000003
7168647,2015,2016-01-25,1005,2015-06-18,1318,P927,NW,4,5,7,1005,0,0,0,,0,2152,"CLINTON AV","CHANNING WY",300.00,E,N,A,-,N,,,,,,,,,,Y,4,0,1,2,A,-,08,22107,,N,B,E,A,A,H,-,A,D,0,,,,,Y,,A,01,0,0,1,0,0,0,0,0,0,"- ","- ",,,FRESNO,FRESNO,-119.82336639,36.772004529999997
7168648,2015,2016-01-27,1005,2015-06-05,1558,P776,1658,5,5,7,1005,0,0,0,,0,00E,"CEDAR AV","SHAW AV",250.00,N,N,A,-,N,,,,,,,,,,N,4,0,1,3,A,-,03,22350,,N,C,E,A,A,D,-,A,-,0,,,,,Y,,D,22,0,0,1,0,0,0,0,0,0,"- ","- ",,,FRESNO,FRESNO,-119.75427599,36.809406199999998
7168649,2015,2016-01-27,1005,2015-06-19,1241,P948,2162,5,5,7,1005,0,0,0,,0,04H,"SHIELDS AV","CHESTNUT AV",0.00,,-,A,-,N,,,,,,,,,,Y,4,0,2,2,A,-,12,21453,A,N,D,C,A,A,H,-,A,A,0,,,,,Y,,A,07,0,0,2,0,0,0,0,0,0,"- ","- ",,,FRESNO,FRESNO,-119.73638999000001,36.779559999999996
7168650,2015,2016-01-26,1005,2015-06-11,0635,P1662,1356,4,5,7,1005,0,0,0,,0,00C,"N BLACKSTONE AV","E SIERRA AV",10.00,N,N,A,-,N,,,,,,,,,,N,4,0,1,2,B,-,22,,,N,-,G,A,A,H,-,A,D,0,,Y,,,Y,,A,01,0,0,1,0,0,0,1,0,0,"- ","- ",,,FRESNO,FRESNO,-119.79020975,36.830167449999998
7168651,2015,2016-01-26,1005,2015-06-05,1625,P911,1255,5,5,7,1005,0,0,0,,0,00D,"NEES AV","POPLAR AV",78.00,W,N,A,-,N,,,,,,,,,,Y,4,0,3,2,A,-,03,22350,,N,E,I,A,A,H,-,A,D,0,,,,,Y,,A,01,0,0,3,0,0,0,0,0,0,"- ","- ",,,FRESNO,FRESNO,-119.79680642,36.851930000000003
7168652,2015,2016-10-10,1005,2015-06-16,1147,P876,SOUTH,2,5,7,1005,0,0,0,,0,,"CEDAR AV","RT 180",0.00,,Y,A,-,Y,FRE,6,180,-,R,60.272,R,4,W,Y,3,0,3,3,A,-,01,23153,B,N,D,C,A,A,H,-,A,A,0,,,,,Y,Y,D,22,0,1,2,0,0,0,0,0,0,"- ",WF,,,FRESNO,FRESNO,-119.74732312,36.755134060000003
7168653,2015,2016-01-26,1005,2015-06-13,1241,P925,1547,6,5,7,1005,0,0,0,,0,00A,"N GATES AV","N FIGARDEN DR",23.00,,N,A,-,N,,,,,,,,,,N,3,0,1,2,A,-,07,21658,A,N,C,G,A,A,H,-,A,A,0,,Y,,,Y,,A,01,0,1,0,0,0,0,1,0,0,"- ","- ",,,FRESNO,FRESNO,-119.86664992999999,36.818530070000001
7168654,2015,2016-01-28,1005,2015-06-23,2130,P1391,1659,2,5,7,1005,0,0,0,,0,00B,"EAST SHAW AV","N 6TH ST",0.00,,Y,A,-,N,,,,,,,,,,N,3,0,1,2,A,-,11,21950,B,F,G,B,B,A,H,-,C,A,0,Y,,,,Y,,-,99,0,1,0,0,1,0,0,0,0,"- ",NO,,,FRESNO,FRESNO,-119.7632399,36.808280060000001
7168655,2015,2016-01-26,1005,2015-06-22,1612,P1065,NW,1,5,7,1005,0,0,0,,0,,"KAVANAGH AV","ASHLAN AV",90.00,N,N,A,-,N,,,,,,,,,,N,3,0,1,2,A,-,09,21804,A,N,D,G,A,A,H,-,A,D,0,,Y,,,Y,,L,04,0,1,0,0,0,0,1,0,0,"- ","- ",,,FRESNO,FRESNO,-119.8378673,36.794036839999997
7168656,2015,2016-01-27,1005,2015-06-09,1102,P1082,SOUTH,2,5,7,1005,0,0,0,,0,2556,"DIVISADERO ST","P ST",0.00,,-,A,-,N,,,,,,,,,,Y,3,0,1,3,A,-,09,21801,A,N,D,C,A,A,H,-,A,A,0,,,,,Y,,A,01,0,1,0,0,0,0,0,0,0,"- ","- ",,,FRESNO,FRESNO,-119.78938993,36.743290109999997
7168657,2015,2016-01-27,1005,2015-06-08,1636,P982,NE,1,5,7,1005,0,0,0,,0,1659,CEDAR,"BULLDOG LN",0.00,,-,A,-,N,,,,,,,,,,Y,4,0,1,2,A,-,09,21800,D,N,D,C,A,A,H,-,A,B,0,,,,,Y,,A,01,0,0,1,0,0,0,0,0,0,"- ","- ",,,FRESNO,FRESNO,-119.75426987,36.812270030000001
7168658,2015,2016-01-26,1005,2015-06-29,1908,P807,1858,1,5,7,1005,0,0,0,,0,00E,"EAST ASHLAN AV","NORTH MILLBROOK AV",0.00,,Y,A,-,N,,,,,,,,,,N,4,0,1,2,A,-,01,23153,A,F,D,C,A,A,H,-,A,A,0,,,,,Y,Y,A,07,0,0,1,0,0,0,0,0,0,"- ","- ",,,FRESNO,FRESNO,-119.76331,36.794200070000002
7168659,2015,2016-01-26,1005,2015-06-08,0452,P1403,2763,1,5,7,1005,0,0,0,,0,00G,"S ADLER AV","EAST KINGS CYN RD",635.00,E,N,A,-,N,,,,,,,,,,N,4,0,1,2,A,-,01,23153,A,F,C,C,A,A,H,-,C,A,0,,,,,Y,Y,A,07,0,0,1,0,0,0,0,0,0,"- ","- ",,,FRESNO,FRESNO,-119.72573,36.734009999999998
7168660,2015,2016-01-26,1005,2015-06-17,1550,P624,2456,3,5,7,1005,0,0,0,,0,01C,"ABBY ST","TYLER AV",0.00,,-,A,-,N,,,,,,,,,,Y,4,0,2,4,A,-,07,21658,A,N,B,C,A,A,H,-,A,A,0,,,,,Y,,A,08,0,0,2,0,0,0,0,0,0,"- ","- ",,,FRESNO,FRESNO,-119.78923986,36.755430079999996
7168661,2015,2016-10-10,1005,2015-06-23,1736,P1575,SW,2,5,7,1005,0,0,0,,0,00D,"N FULTON AV","RT 180",0.00,,Y,A,-,Y,FRE,6,180,-,R,57.085,R,4,E,Y,4,0,1,2,A,-,08,22100,B,N,D,C,A,A,H,-,A,A,0,,,,,Y,,A,07,0,0,1,0,0,0,0,0,0,"- ",EF,,,FRESNO,FRESNO,-119.80297561,36.747054679999998
7168662,2015,2016-01-26,1005,2015-06-20,1800,P1651,2257,6,5,7,1005,0,0,0,,0,00G,"N ORCHARD ST","E YALE AV",60.00,W,N,A,-,N,,,,,,,,,,Y,4,0,1,3,A,-,03,22350,,M,E,J,A,A,H,-,A,D,0,,,,,Y,,A,07,0,0,1,0,0,0,0,0,0,"- ","- ",,,FRESNO,FRESNO,-119.77478000000001,36.770440000000001
7168663,2015,2016-01-27,1005,2015-06-04,2235,P1620,2554,4,5,7,1005,0,0,0,,0,00D,"N FULTON ST","EAST BELMONT AV",0.00,,Y,A,-,N,,,,,,,,,,N,4,0,3,3,A,-,12,21453,A,N,D,C,A,A,H,-,C,A,0,,,,,Y,,A,01,0,0,3,0,0,0,0,0,0,"- ","- ",,,FRESNO,FRESNO,-119.80035995999999,36.750430020000003
7168664,2015,2016-01-25,1005,2015-06-22,1626,P874,2064,1,5,7,1005,0,0,0,,0,04H,"AIRWAYS BL","LEYTE AV",317.00,E,N,A,-,N,,,,,,,,,,Y,3,0,1,1,A,-,01,23152,A,N,E,I,A,A,H,-,A,A,0,,,,,Y,,D,22,0,1,0,0,0,0,0,0,0,"- ","- ",,,FRESNO,FRESNO,-119.70973512,36.779556049999997
7168665,2015,2016-01-26,1005,2015-06-18,1411,P1082,SOUTH,4,5,7,1005,0,0,0,,0,2660,"HUNTINGTON AV","BARTON AV",0.00,,-,A,-,N,,,,,,,,,,Y,4,0,1,2,A,-,03,22350,,M,C,C,A,A,H,-,A,A,0,,,,,Y,,A,01,0,0,1,0,0,0,0,0,0,"- ","- ",,,FRESNO,FRESNO,-119.74997992999999,36.739460059999999
7168666,2015,2016-01-26,1005,2015-06-30,1421,P1123,SOUTH,2,5,7,1005,0,0,0,,0,,"NORMAL AV","MCKINLEY AV",0.00,,-,A,-,N,,,,,,,,,,,4,0,1,2,A,-,10,21950,A,N,G,B,B,A,H,-,A,A,0,Y,,,,Y,,D,22,0,0,1,0,1,0,0,0,0,"- ","- ",,,FRESNO,FRESNO,-119.76934996999999,36.765080079999997