CASE_ID,ACCIDENT_YEAR,PROC_DATE,JURIS,COLLISION_DATE,COLLISION_TIME,OFFICER_ID,REPORTING_DISTRICT,DAY_OF_WEEK,CHP_SHIFT,POPULATION,CNTY_CITY_LOC,SPECIAL_COND,BEAT_TYPE,CHP_BEAT_TYPE,CITY_DIVISION_LAPD,CHP_BEAT_CLASS,BEAT_NUMBER,PRIMARY_RD,SECONDARY_RD,DISTANCE,DIRECTION,INTERSECTION,WEATHER_1,WEATHER_2,STATE_HWY_IND,CALTRANS_COUNTY,CALTRANS_DISTRICT,STATE_ROUTE,ROUTE_SUFFIX,POSTMILE_PREFIX,POSTMILE,LOCATION_TYPE,RAMP_INTERSECTION,SIDE_OF_HWY,TOW_AWAY,COLLISION_SEVERITY,NUMBER_KILLED,NUMBER_INJURED,PARTY_COUNT,PRIMARY_COLL_FACTOR,PCF_CODE_OF_VIOL,PCF_VIOL_CATEGORY,PCF_VIOLATION,PCF_VIOL_SUBSECTION,HIT_AND_RUN,TYPE_OF_COLLISION,MVIW,PED_ACTION,ROAD_SURFACE,ROAD_COND_1,ROAD_COND_2,LIGHTING,CONTROL_DEVICE,CHP_ROAD_TYPE,PEDESTRIAN_ACCIDENT,BICYCLE_ACCIDENT,MOTORCYCLE_ACCIDENT,TRUCK_ACCIDENT,NOT_PRIVATE_PROPERTY,ALCOHOL_INVOLVED,STWD_VEHTYPE_AT_FAULT,CHP_VEHTYPE_AT_FAULT,COUNT_SEVERE_INJ,COUNT_VISIBLE_INJ,COUNT_COMPLAINT_PAIN,COUNT_PED_KILLED,COUNT_PED_INJURED,COUNT_BICYCLIST_KILLED,COUNT_BICYCLIST_INJURED,COUNT_MC_KILLED,COUNT_MC_INJURED,PRIMARY_RAMP,SECONDARY_RAMP,LATITUDE,LONGITUDE,COUNTY,CITY,POINT_X,POINT_Y
7168736,2015,2016-01-25,1005,2015-03-26,1318,P948,1259,4,5,7,1005,0,0,0,,0,04B,"CEDAR AV","11TH ST",0.00,,N,A,-,N,,,,,,,,,,Y,4,0,1,2,A,-,09,21801,A,N,D,C,A,A,H,-,A,A,0,,,,,Y,,A,01,0,0,1,0,0,0,0,0,0,"- ","- ",,,FRESNO,FRESNO,-119.75614988,36.840139999999998
7168737,2015,2016-01-26,1005,2015-03-14,0837,P759,SW285,6,5,7,1005,0,0,0,,0,00G,"FRESNO ST","B ST",0.00,,Y,A,-,N,,,,,,,,,,N,4,0,1,2,A,-,10,21950,A,N,G,B,B,A,H,-,A,A,0,Y,,,,Y,,A,07,0,0,1,0,1,0,0,0,0,"- ","- ",,,FRESNO,FRESNO,-119.80126987,36.729640019999998
7168738,2015,2016-01-26,1005,2015-03-12,1900,P1367,NW195,4,5,7,1005,0,0,0,,0,00G,"W DAKOTA AV","NORTH WEST AV",0.00,,Y,A,-,N,,,,,,,,,,N,4,0,1,2,A,-,09,21804,A,N,A,C,A,A,H,-,C,A,0,,,,,Y,,-,,0,0,1,0,0,0,0,0,0,"- ","- ",,,FRESNO,FRESNO,-119.82649986,36.786550009999999
7168739,2015,2016-01-25,1005,2015-03-10,2133,P963,NE105,2,5,7,1005,0,0,0,,0,00A,"EAST NEES AV","NORTH MILLBROOK AV",0.00,,Y,A,-,N,,,,,,,,,,Y,4,0,2,2,A,-,08,22107,,N,A,C,A,A,H,-,C,A,0,,,,,Y,,A,01,0,0,2,0,0,0,0,0,0,"- ","- ",,,FRESNO,FRESNO,-119.76575990000001,36.851920010000001
7168740,2015,2016-01-25,1005,2015-03-13,2135,P1601,NW205,5,5,7,1005,0,0,0,,0,00G,"NORTH FRUIT AV","WEST SHIELDS AV",50.00,W,N,A,-,N,,,,,,,,,,N,4,0,1,2,A,-,04,21703,,N,C,C,A,A,H,-,C,A,0,,,Y,,Y,,C,06,0,0,1,0,0,0,0,0,1,"- ","- ",,,FRESNO,FRESNO,-119.81757,36.77937
7168741,2015,2016-01-26,1005,2015-03-31,0246,P1394,NE165,2,5,7,1005,0,0,0,,0,00B,"N 9TH ST","EAST SHAW AV",45.00,W,N,A,-,N,,,,,,,,,,Y,4,0,1,2,A,-,01,23153,A,N,B,C,A,A,H,-,C,D,0,,,,,Y,Y,A,01,0,0,1,0,0,0,0,0,0,"- ","- ",,,FRESNO,FRESNO,-119.75875000000001,36.808529999999998
7168742,2015,2016-01-26,1005,2015-03-07,1805,P1609,NE205,6,5,7,1005,0,0,0,,0,00F,"EAST SHIELDS AV","N 1ST ST",321.00,W,N,A,-,N,,,,,,,,,,N,4,0,1,2,A,-,05,21650,,N,D,G,A,A,H,-,A,A,0,,Y,,,Y,,L,04,0,0,1,0,0,0,1,0,0,"- ","- ",,,FRESNO,FRESNO,-119.77375517999999,36.779695760000003
7168743,2015,2016-01-25,1005,2015-03-23,1506,P1123,SOUTH,1,5,7,1005,0,0,0,,0,,"TRINITY ST","TUOLUMNE ST",0.00,,N,A,-,N,,,,,,,,,,N,4,0,1,2,A,-,09,21802,A,N,D,C,A,A,H,-,A,A,0,,,,,Y,,-,,0,0,1,0,0,0,0,0,0,"- ","- ",,,FRESNO,FRESNO,-119.80862998000001,36.730770059999998
7168744,2015,2016-01-25,1005,2015-03-27,1427,P948,1956,5,5,7,1005,0,0,0,,0,04F,"EFFIE ST","GRIFFITH WY",0.00,,N,A,-,N,,,,,,,,,,N,4,0,1,2,A,-,09,21801,A,N,D,C,A,A,H,-,A,D,0,,,,,Y,,A,01,0,0,1,0,0,0,0,0,0,"- ","- ",,,FRESNO,FRESNO,-119.7882699,36.79044004
7168745,2015,2016-01-26,1005,2015-03-13,2304,P1452,NE125,5,5,7,1005,0,0,0,,0,00B,"NORTH CEDAR AV","E SPRUCE AV",132.00,S,N,A,-,N,,,,,,,,,,Y,4,0,1,1,A,-,01,23152,B,N,E,I,A,A,H,-,C,A,0,,,,,Y,Y,A,01,0,0,1,0,0,0,0,0,0,"- ","- ",,,FRESNO,FRESNO,-119.75668429,36.840759439999999
7168746,2015,2016-01-26,1005,2015-03-15,2025,P1641,NE135,7,5,7,1005,0,0,0,,0,00C,"E SIERRA AV","N FISHER ST",100.00,W,N,A,-,N,,,,,,,,,,N,4,0,1,3,A,-,01,23152,A,N,C,E,A,A,H,-,C,D,0,,,,,Y,Y,A,01,0,0,1,0,0,0,0,0,0,"- ","- ",,,FRESNO,FRESNO,-119.77064143,36.830226369999998
7168747,2015,2016-01-25,1005,2015-03-26,1529,P874,2158,4,5,7,1005,0,0,0,,0,04G,"SHEILDS AV","BOND ST",147.00,E,N,A,-,N,,,,,,,,,,Y,3,0,3,2,A,-,03,22350,,N,C,C,A,A,H,-,A,D,0,,,,,Y,,A,01,0,1,2,0,0,0,0,0,0,"- ","- ",,,FRESNO,FRESNO,-119.76753840000001,36.779742730000002
7168748,2015,2016-01-25,1005,2015-03-07,1338,P796,NW175,6,5,7,1005,0,0,0,,0,00D,"N WOODSON AV","W PICO AV",24.00,,N,A,-,N,,,,,,,,,,N,3,0,2,2,B,-,22,,,N,D,C,A,A,H,-,A,D,0,,,Y,,Y,,C,03,0,1,1,0,0,0,0,0,2,"- ","- ",,,FRESNO,FRESNO,-119.83629999999999,36.80172005
7168749,2015,2016-01-26,1005,2015-03-30,0826,P864,FRESN,1,5,7,1005,0,0,0,,0,2155,"CLINTON AV","GLENN AV",0.00,,N,A,-,N,,,,,,,,,,N,4,0,1,2,A,-,03,22350,,N,D,C,A,A,H,-,A,D,0,,,,,Y,,-,,0,0,1,0,0,0,0,0,0,"- ","- ",,,FRESNO,FRESNO,-119.79337999000001,36.772240060000001
7168750,2015,2016-01-26,1005,2015-03-01,0000,P1346,SW235,7,5,7,1005,0,0,0,,0,00B,"NORTH FRUIT AV","WEST MCKINLEY AV",0.00,,Y,A,-,N,,,,,,,,,,N,4,0,1,2,A,-,08,22107,,N,B,C,A,A,H,-,C,A,0,,,,,Y,,-,,0,0,1,0,0,0,0,0,0,"- ","- ",,,FRESNO,FRESNO,-119.81761985999999,36.764800080000001
7168751,2015,2016-01-25,1005,2015-03-05,0726,P874,1556,4,5,7,1005,0,0,0,,0,04C,"BLACKSTONE AV","BULLARD AV",0.00,,N,A,-,N,,,,,,,,,,Y,4,0,1,3,A,-,09,21453,C,N,D,C,A,A,H,-,A,A,0,,,,,Y,,A,07,0,0,1,0,0,0,0,0,0,"- ","- ",,,FRESNO,FRESNO,-119.79045988999999,36.822970009999999
7168752,2015,2016-01-25,1005,2015-03-10,0640,P689,SE266,2,5,7,1005,0,0,0,,0,00D,"SOUTH CHESTNUT AV","E BALCH AV",130.00,N,N,A,-,N,,,,,,,,,,N,2,0,1,2,A,-,11,21954,A,N,D,B,D,A,H,-,B,A,0,Y,,,,Y,,N,60,1,0,0,0,1,0,0,0,0,"- ","- ",,,FRESNO,FRESNO,-119.73643,36.739006830000001
7168753,2015,2016-01-26,1005,2015-03-11,0909,P982,NORTH,3,5,7,1005,0,0,0,,0,2261,CLINTON,MAPLE,0.00,,N,B,-,N,,,,,,,,,,Y,4,0,1,2,A,-,12,21453,A,N,D,C,A,A,H,-,A,A,0,,,,,Y,,A,01,0,0,1,0,0,0,0,0,0,"- ","- ",,,FRESNO,FRESNO,-119.74537986,36.772290089999998
7168754,2015,2016-01-26,1005,2015-03-01,1540,P1615,SW275,7,5,7,1005,0,0,0,,0,00E,"E STANILAUS ST","S PLUMAS AV",0.00,,Y,B,-,N,,,,,,,,,,Y,2,0,1,1,A,-,03,22350,,N,A,I,A,A,H,-,A,D,0,,,,,Y,,A,01,1,0,0,0,0,0,0,0,0,"- ","- ",,,FRESNO,FRESNO,-119.81152987999999,36.731790060000002
7168755,2015,2016-01-25,1005,2015-03-13,1405,P776,1459,5,5,7,1005,0,0,0,,0,00B,"CEDAR AV","BULLARD AV",312.00,S,N,A,-,N,,,,,,,,,,N,4,0,2,3,A,-,03,22350,,N,C,C,A,A,H,-,A,D,0,,,,,Y,,A,01,0,0,2,0,0,0,0,0,0,"- ","- ",,,FRESNO,FRESNO,-119.75426,36.822203610000003
7168756,2015,2016-01-25,1005,2015-03-20,2353,P1587,NW154,5,5,7,1005,0,0,0,,0,00A,"N FIGARDEN DR","WEST BULLARD AV",0.00,,Y,A,-,N,,,,,,,,,,Y,4,0,1,2,A,-,01,23152,B,N,C,C,A,A,H,-,C,A,0,,,,,Y,Y,A,01,0,0,1,0,0,0,0,0,0,"- ","- ",,,FRESNO,FRESNO,-119.87056997000001,36.822410050000002
7168757,2015,2016-01-26,1005,2015-03-04,1020,P911,1453,3,5,7,1005,0,0,0,,0,00B,"MESA AV","FRUIT AV",550.00,E,N,A,-,N,,,,,,,,,,N,3,0,1,2,A,-,11,21954,A,N,G,B,E,A,H,-,A,D,0,Y,,,,Y,,N,60,0,1,0,0,1,0,0,0,0,"- ","- ",,,FRESNO,FRESNO,-119.81545219,36.824647159999998
7168758,2015,2016-01-26,1005,2015-03-26,1225,P1082,SOUTH,4,5,7,1005,0,0,0,,0,2454,"FULTON ST","E THOMAS",9.00,N,N,A,-,N,,,,,,,,,,Y,4,0,1,2,A,-,03,22350,,M,C,C,A,A,H,-,A,D,0,,,,,Y,,D,22,0,0,1,0,0,0,0,0,0,"- ","- ",,,FRESNO,FRESNO,-119.80035967000001,36.752244699999999
7168759,2015,2016-01-25,1005,2015-03-25,1339,O959,,3,5,7,1005,0,0,0,,0,,"BLACKSTONE AV","VASSAR AV",0.00,,N,A,-,N,,,,,,,,,,N,4,0,1,2,A,-,17,21208,A,N,D,G,A,A,H,-,A,A,0,,Y,,,Y,,L,04,0,0,1,0,0,0,1,0,0,"- ","- ",,,FRESNO,FRESNO,-119.7906699,36.771369999999997
7168760,2015,2016-01-25,1005,2015-03-14,1009,P759,SW275,6,5,7,1005,0,0,0,,0,00G,"FRESNO ST","F ST",0.00,,Y,A,-,N,,,,,,,,,,Y,4,0,2,2,A,-,09,21801,A,N,A,C,A,A,H,-,A,A,0,,,,,Y,,A,01,0,0,2,0,0,0,0,0,0,"- ","- ",,,FRESNO,FRESNO,-119.79719985,36.732520100000002
7168761,2015,2016-01-27,1005,2015-07-29,1253,P982,,3,5,7,1005,0,0,0,,0,1157,"ALLUVIAL AV","FRESNO ST",165.00,E,N,A,-,N,,,,,,,,,,Y,4,0,1,2,A,-,09,21804,A,N,D,C,A,A,H,-,A,D,0,,,,,Y,,D,22,0,0,1,0,0,0,0,0,0,"- ","- ",,,FRESNO,FRESNO,-119.78330649,36.844670010000002
7168762,2015,2016-01-27,1005,2015-07-26,1116,P926,NW125,7,5,7,1005,0,0,0,,0,00B,"WEST HERNDON AV","NORTH WEST AV",0.00,,Y,A,-,N,,,,,,,,,,N,4,0,1,3,A,-,08,22107,,N,B,C,A,A,H,-,A,A,0,,,Y,,Y,,C,03,0,0,1,0,0,0,0,0,1,"- ","- ",,,FRESNO,FRESNO,-119.82645995,36.837360009999998
7168763,2015,2016-01-27,1005,2015-07-28,0951,P967,NORTH,2,5,7,1005,0,0,0,,0,,"HERNDON AV","6TH ST",24.00,W,N,A,-,N,,,,,,,,,,Y,4,0,2,3,A,-,03,22350,,N,C,-,A,A,H,-,A,A,0,,,,,Y,,-,,0,0,2,0,0,0,0,0,0,"- ","- ",,,FRESNO,FRESNO,-119.76591761,36.837478830000002
7168764,2015,2016-03-21,1005,2015-07-09,1700,P1573,SE266,4,5,7,1005,0,0,0,,0,00D,"EAST KINGS CYN AV","SOUTH CHESTNUT AV",0.00,,Y,A,-,N,,,,,,,,,,N,4,0,1,2,A,-,12,21453,A,N,D,G,A,A,H,-,A,A,0,,Y,Y,,Y,,C,02,0,0,1,0,0,0,1,0,0,"- ","- ",,,FRESNO,FRESNO,-119.73646995,36.735870050000003
7168765,2015,2016-01-27,1005,2015-07-22,1222,P850,NW,3,5,7,1005,0,0,0,,0,G2051,"HUGHES AV","SHIELDS AV",0.00,,Y,B,-,N,,,,,,,,,,,3,0,1,2,A,-,00,21451,,N,D,C,A,A,H,-,A,A,0,,,,,Y,,A,01,0,1,0,0,0,0,0,0,0,"- ","- ",,,FRESNO,FRESNO,-119.83577984999999,36.779070050000001
7168766,2015,2016-01-27,1005,2015-07-04,1356,P647,NE186,6,5,7,1005,0,0,0,,0,00E,"EAST ASHLAN AV","N BARTON AV",0.00,,Y,A,-,N,,,,,,,,,,Y,4,0,1,2,A,-,09,21801,A,N,A,C,A,A,H,-,A,A,0,,,,,Y,,A,01,0,0,1,0,0,0,0,0,0,"- ","- ",,,FRESNO,FRESNO,-119.74976999,36.794320079999999
7168767,2015,2016-01-27,1005,2015-07-01,0417,P963,NE105,3,5,7,1005,0,0,0,,0,00A,"EAST NEES AV","NORTH MILLBROOK AV",75.00,W,N,A,-,N,,,,,,,,,,N,3,0,1,2,A,-,11,21966,,N,B,B,E,A,H,-,C,D,0,Y,,,,Y,Y,N,60,0,1,0,0,1,0,0,0,0,"- ","- ",,,FRESNO,FRESNO,-119.76601614,36.851922770000002
7168768,2015,2016-01-27,1005,2015-07-01,1731,P1176,NW215,3,5,7,1005,0,0,0,,0,00H,"WEST CLINTON AV","N WEBER AV",686.00,W,N,B,-,N,,,,,,,,,,Y,3,0,1,2,A,-,04,21703,,N,C,C,A,A,H,-,A,A,0,,,Y,,Y,,A,01,0,1,0,0,0,0,0,0,1,"- ","- ",,,FRESNO,FRESNO,-119.83642791,36.771858389999998
7168769,2015,2016-01-27,1005,2015-07-22,1500,P874,1557,3,5,7,1005,0,0,0,,0,04C,"1ST ST","BARSTOW AV",157.00,N,N,A,-,N,,,,,,,,,,,4,0,1,2,A,-,03,22350,,N,C,C,A,A,H,-,A,A,0,,,,,Y,,D,22,0,0,1,0,0,0,0,0,0,"- ","- ",,,FRESNO,FRESNO,-119.77251,36.816382869999998
7168770,2015,2016-01-27,1005,2015-07-07,1535,P959,2D,2,5,7,1005,0,0,0,,0,1850,MARKS,ASHLAN,200.00,S,N,A,-,N,,,,,,,,,,,4,0,2,2,A,-,09,21804,A,N,D,C,A,A,H,-,A,D,0,,,,,Y,,A,08,0,0,2,0,0,0,0,0,0,"- ","- ",,,FRESNO,FRESNO,-119.84430999999999,36.793241000000002
7168771,2015,2016-01-27,1005,2015-07-28,1459,P959,,2,5,7,1005,0,0,0,,0,,"CLINTON AV","PALM AV",100.00,W,N,A,-,N,,,,,,,,,,,3,0,1,2,A,-,03,22350,,N,C,C,A,A,H,-,A,A,0,,,Y,,Y,,C,02,0,1,0,0,0,0,0,0,1,"- ","- ",,,FRESNO,FRESNO,-119.80899121,36.772100000000002
7168772,2015,2016-01-27,1005,2015-07-29,1154,P1110,SE,3,5,7,1005,0,0,0,,0,2361,"EAST MCKINLEY AV","NORTH CHESTNUT",573.00,E,N,A,-,N,,,,,,,,,,Y,3,0,1,2,A,-,08,22107,,N,E,J,A,A,H,-,A,A,0,,Y,,,Y,,L,04,0,1,0,0,0,0,0,0,0,"- ","- ",,,FRESNO,FRESNO,-119.73449518,36.765207959999998
7168773,2015,2016-01-27,1005,2015-07-17,1131,P1082,SOUTH,5,5,7,1005,0,0,0,,0,,"CEDAR AV","HOME AV",0.00,,Y,A,-,N,,,,,,,,,,,4,0,2,2,A,-,09,21802,A,N,D,C,A,A,H,-,A,A,0,,,,,Y,,D,22,0,0,2,0,0,0,0,0,0,"- ","- ",,,FRESNO,FRESNO,-119.75453997,36.7631801
7168774,2015,2016-01-27,1005,2015-07-28,0745,P874,1960,2,5,7,1005,0,0,0,,0,04H,"ASHLAN AV","CITY LIGHT POLE #21620",69.00,E,N,A,-,N,,,,,,,,,,Y,4,0,1,2,A,-,03,22350,,N,C,C,A,A,H,-,A,D,0,,,,,Y,,A,01,0,0,1,0,0,0,0,0,0,"- ","- ",,,FRESNO,FRESNO,,
7168775,2015,2016-03-21,1005,2015-07-10,1516,P1040,SW245,5,5,7,1005,0,0,0,,0,00C,"NORTH ABBY ST","E WHITE AV",0.00,,Y,A,-,N,,,,,,,,,,Y,3,0,1,3,A,-,12,21453,A,N,D,-,A,A,H,-,A,A,0,,,,,Y,,A,01,0,1,0,0,0,0,0,0,0,"- ","- ",,,FRESNO,FRESNO,-119.78934996,36.751090089999998
7168776,2015,2016-01-27,1005,2015-07-28,0555,P1201,NE096,2,5,7,1005,0,0,0,,0,00A,"NORTH CEDAR AV","E TEAGUE AV",0.00,,Y,A,-,N,,,,,,,,,,Y,3,0,1,2,A,-,08,22107,,N,A,C,A,A,H,-,B,A,0,,,,,Y,,A,01,0,1,0,0,0,0,0,0,0,"- ","- ",,,FRESNO,FRESNO,-119.75689992,36.859260059999997
7168777,2015,2016-04-21,1005,2015-07-27,1026,P1630,SW245,1,5,7,1005,0,0,0,,0,00C,"N FRESNO ST","E LEWIS AV",0.00,,Y,A,-,N,,,,,,,,,,Y,4,0,1,3,A,-,01,23152,A,N,C,C,A,A,H,-,C,A,0,,,,,Y,Y,A,01,0,0,1,0,0,0,0,0,0,"- ","- ",,,FRESNO,FRESNO,-119.78149993,36.754539999999999
7168778,2015,2016-01-27,1005,2015-07-18,0639,P866,NE205,6,5,7,1005,0,0,0,,0,00F,"N FRESNO ST","EAST SHIELDS AV",0.00,,Y,A,-,N,,,,,,,,,,Y,2,0,1,2,A,-,12,21453,A,N,A,C,A,A,H,-,A,A,0,,,Y,,Y,,A,01,1,0,0,0,0,0,0,0,1,"- ","- ",,,FRESNO,FRESNO,-119.78153987,36.779760090000003
7168779,2015,2016-01-27,1005,2015-07-31,1228,P1110,FRESN,5,5,7,1005,0,0,0,,0,2357,"EAST SHIELDS","N MCKELVY",0.00,,Y,A,-,N,,,,,,,,,,,4,0,2,2,A,-,09,21801,A,N,D,C,A,A,H,-,A,D,0,,,,,Y,,A,01,0,0,2,0,0,0,0,0,0,"- ","- ",,,FRESNO,FRESNO,-119.66797998,36.779360050000001
7168780,2015,2016-01-27,1005,2015-07-09,2030,P1300,NW144,4,5,7,1005,0,0,0,,0,00A,"W FIGARDEN DR","N BRAWLEY",0.00,,Y,A,-,N,,,,,,,,,,Y,4,0,1,3,A,-,01,23153,A,N,D,C,A,A,H,-,C,A,0,,,,,Y,Y,A,01,0,0,1,0,0,0,0,0,0,"- ","- ",,,FRESNO,FRESNO,-119.86257999,36.830000089999999
7168781,2015,2016-01-27,1005,2015-07-28,1728,P1657,SE246,2,5,7,1005,0,0,0,,0,00D,"EAST OLIVE AV","NORTH MAPLE AV",0.00,,Y,A,-,N,,,,,,,,,,Y,3,0,2,3,A,-,12,21453,A,N,D,C,A,A,-,-,A,A,0,,,,,Y,,D,22,0,2,0,0,0,0,0,0,0,"- ","- ",,,FRESNO,FRESNO,-119.74542996,36.757710000000003
7168782,2015,2016-01-27,1005,2015-07-13,1448,P662,NW,1,5,7,1005,0,0,0,,0,,"BULLARD AV","BLACKSTONE AV",0.00,,Y,A,-,N,,,,,,,,,,Y,4,0,1,2,A,-,03,22350,,N,C,C,A,A,H,-,A,A,0,,,,,Y,,A,01,0,0,1,0,0,0,0,0,0,"- ","- ",,,FRESNO,FRESNO,-119.79045988999999,36.822970009999999
7168783,2015,2016-01-27,1005,2015-07-05,2240,P1130,NE135,7,5,7,1005,0,0,0,,0,00B,"NORTH CEDAR AV","EAST HERNDON AV",0.00,,Y,A,-,N,,,,,,,,,,N,4,0,1,2,A,-,09,21453,C,N,D,C,A,A,H,-,C,A,0,,,,,Y,,A,01,0,0,1,0,0,0,0,0,0,"- ","- ",,,FRESNO,FRESNO,-119.75434988000001,36.837450050000001
7168784,2015,2016-01-27,1005,2015-07-26,0235,P1403,SE285,7,5,7,1005,0,0,0,,0,00F,"E HAMILTON AV","S 2ND ST",15.00,S,N,A,-,N,,,,,,,,,,N,4,0,1,1,A,-,01,23152,A,N,A,I,A,A,H,-,C,D,0,,,Y,,Y,Y,C,02,0,0,1,0,0,0,0,0,1,"- ","- ",,,FRESNO,FRESNO,-119.77052999999999,36.725110000000001
7168785,2015,2016-01-27,1005,2015-07-24,1452,P874,1859,5,5,7,1005,0,0,0,,0,04E,"GETTYSBURG AV","7TH ST",99.00,E,N,A,-,N,,,,,,,,,,Y,3,0,1,2,A,-,01,23152,A,N,B,C,A,A,H,-,A,D,0,,,,Y,Y,,D,22,0,1,0,0,0,0,0,0,0,"- ","- ",,,FRESNO,FRESNO,-119.76194209000001,36.801330960000001
7168786,2015,2016-01-27,1005,2015-07-11,1500,P168,NW194,6,5,7,1005,0,0,0,,0,00C,"N BLYTHE AV","W SAGINAW WY",0.00,,Y,A,-,N,,,,,,,,,,Y,3,0,1,1,A,-,03,22350,,N,H,I,A,A,-,-,A,D,0,,,,,Y,Y,A,01,0,1,0,0,0,0,0,0,0,"- ","- ",,,FRESNO,FRESNO,-119.87134986,36.788500089999999
7168787,2015,2016-01-27,1005,2015-07-29,1754,P1514,SE256,3,5,7,1005,0,0,0,,0,00C,"NORTH MAPLE AV","E NEVADA AV",300.00,N,N,A,-,N,,,,,,,,,,N,4,0,1,2,A,-,00,23107,,N,C,C,A,A,H,-,A,-,0,,,,,Y,,A,01,0,0,1,0,0,0,0,0,0,"- ","- ",,,FRESNO,FRESNO,-119.74542728,36.746743430000002
7168788,2015,2016-01-27,1005,2015-07-08,0744,P1082,SOUTH,3,5,7,1005,0,0,0,,0,3056,"CHURCH AV","HOLLY AV",0.00,,Y,A,-,N,,,,,,,,,,Y,4,0,2,2,A,-,12,22450,,N,D,C,A,A,H,-,A,A,0,,,,,Y,,A,01,0,0,2,0,0,0,0,0,0,"- ","- ",,,FRESNO,FRESNO,-119.7885399,36.714160010000001
7168789,2015,2016-04-21,1005,2015-07-16,0926,P662,SW,4,5,7,1005,0,0,0,,0,,"FRESNO ST","BROADWAY PLAZA",24.00,E,N,A,-,N,,,,,,,,,,,4,0,1,2,A,-,08,22107,,N,B,C,A,A,H,-,A,-,0,,,,,Y,,I,09,0,0,1,0,0,0,0,0,0,"- ","- ",,,FRESNO,FRESNO,-119.7932637,36.735173840000002
7168790,2015,2016-03-21,1005,2015-07-04,1200,P1646,NW185,6,5,7,1005,0,0,0,,0,00D,"NORTH WEST AV","WEST ASHLAN AV",45.00,E,N,A,-,N,,,,,,,,,,Y,4,0,1,2,A,-,04,21703,,N,C,C,A,A,H,-,A,A,0,,,,,Y,,A,01,0,0,1,0,0,0,0,0,0,"- ","- ",,,FRESNO,FRESNO,-119.82642,36.793869999999998
7168791,2015,2016-01-27,1005,2015-07-04,0145,P1534,NW184,6,5,7,1005,0,0,0,,0,00A,"WEST ASHLAN AV","N MARTY AV",0.00,,Y,A,-,N,,,,,,,,,,Y,3,0,1,2,A,-,12,21453,A,N,D,D,A,A,H,-,C,A,0,,,,,Y,Y,A,01,0,1,0,0,0,0,0,0,0,"- ","- ",,,FRESNO,FRESNO,-119.85726986,36.793260080000003
7168792,2015,2016-01-27,1005,2015-07-20,2032,P1648,NW164,1,5,7,1005,0,0,0,,0,00D,"WEST SHAW AV","N VALENTINE AVE",0.00,,Y,A,-,N,,,,,,,,,,Y,3,0,1,2,A,-,10,21950,A,N,G,B,B,A,H,-,B,A,0,Y,,,,Y,,A,01,0,1,0,0,1,0,0,0,0,"- ","- ",,,FRESNO,FRESNO,-119.85349998,36.808380110000002
7168793,2015,2016-01-27,1005,2015-07-19,0950,P1011,SE246,7,5,7,1005,0,0,0,,0,00E,"N PEACH AV","E FREEWAY 180",0.00,,Y,B,-,N,,,,,,,,,,Y,4,0,1,2,A,-,12,21453,A,N,D,C,A,A,H,-,A,A,0,,,,,Y,,A,01,0,0,1,0,0,0,0,0,0,"- ","- ",,,FRESNO,FRESNO,-119.71842989,36.753239999999998
7168794,2015,2016-01-27,1005,2015-07-28,1810,P1416,SE236,2,5,7,1005,0,0,0,,0,00D,"NORTH MAPLE AV","E FLORADORA AV",0.00,,Y,A,-,N,,,,,,,,,,Y,4,0,1,2,A,-,09,21801,A,N,D,C,A,A,H,-,A,D,0,,,,,Y,,A,01,0,0,1,0,0,0,0,0,0,"- ","- ",,,FRESNO,FRESNO,-119.74543991,36.761410089999998
7168795,2015,2016-01-27,1005,2015-07-06,1206,P1082,SOUTH,1,5,7,1005,0,0,0,,0,2657,"P ST","MERCED ST",130.00,S,N,A,-,N,,,,,,,,,,,4,0,1,2,A,-,08,22107,,N,B,C,A,A,H,-,A,D,0,,,,,Y,,A,01,0,0,1,0,0,0,0,0,0,"- ","- ",,,FRESNO,FRESNO,-119.78700925,36.741007799999998
7168796,2015,2016-01-27,1005,2015-07-24,1354,P1109,1B,5,5,7,1005,0,0,0,,0,2353,"PALM AV","FLORADORA AV",0.00,,Y,A,-,N,,,,,,,,,,Y,3,0,1,2,A,-,09,21801,A,N,D,C,A,A,H,-,A,A,0,,,Y,,Y,,A,01,0,1,0,0,0,0,0,0,1,"- ","- ",,,FRESNO,FRESNO,-119.80860998999999,36.761250109999999
7168797,2015,2016-01-27,1005,2015-07-06,1411,P959,3C,1,5,7,1005,0,0,0,,0,2560,"TULARE AV",BARTON,300.00,W,N,A,-,N,,,,,,,,,,Y,4,0,1,2,A,-,09,21804,A,N,D,C,A,A,H,-,A,D,0,,,,,Y,,A,07,0,0,1,0,0,0,0,0,0,"- ","- ",,,FRESNO,FRESNO,-119.75100276000001,36.743136030000002
7168798,2015,2016-01-27,1005,2015-07-03,2125,P1626,NE195,5,5,7,1005,0,0,0,,0,00F,"EAST ASHLAN AV","N FRWY 41",0.00,,Y,A,-,N,,,,,,,,,,N,3,0,1,2,A,-,07,21658,A,N,B,C,A,A,H,-,C,A,0,,,Y,,Y,,C,02,0,1,0,0,0,0,0,0,1,"- ","- ",,,FRESNO,FRESNO,-119.78472996000001,36.794160060000003
7168799,2015,2016-06-22,1005,2015-07-06,2014,P1114,SE326,1,5,7,1005,0,0,0,,0,00F,"S GOLDEN STATE  BL","S RAILROAD AV",0.00,,Y,A,-,N,,,,,,,,,,Y,3,0,1,1,A,-,01,23152,A,N,F,J,A,A,A,-,D,D,0,,,,,Y,Y,-,,0,1,0,0,0,0,0,0,0,"- ","- ",,,FRESNO,FRESNO,-119.75507997,36.696840090000002
7168800,2015,2016-06-22,1005,2015-07-11,2106,P1308,NW125,6,5,7,1005,0,0,0,,0,00B,"NORTH MARKS AV","WEST HERNDON AV",0.00,,N,A,-,N,,,,,,,,,,Y,4,0,1,3,A,-,12,21453,A,N,D,C,A,A,H,-,C,A,0,,,,,Y,,A,01,0,0,1,0,0,0,0,0,0,"- ","- ",,,FRESNO,FRESNO,-119.84750988,36.837370020000002
7168809,2015,2016-02-19,1005,2015-10-12,1710,P1682,1850,1,5,7,1005,0,0,0,,0,00D,"WEST ASHLAN AV","N HUGHES AV",0.00,,Y,A,-,N,,,,,,,,,,Y,3,0,1,2,A,-,03,22350,,N,D,C,A,A,H,-,A,A,0,,,Y,,Y,Y,C,02,0,1,0,0,0,0,0,0,1,"- ","- ",,,FRESNO,FRESNO,-119.83537986,36.793840039999999
7168845,2015,2016-02-04,1005,2015-09-06,1151,P1173,SW285,7,5,7,1005,0,0,0,,0,00G,"FRESNO ST","POTTLE AV",0.00,,Y,A,-,N,,,,,,,,,,Y,4,0,1,2,A,-,09,21801,A,N,A,C,A,A,A,H,A,A,0,,,,,Y,,A,01,0,0,1,0,0,0,0,0,0,"- ","- ",,,FRESNO,FRESNO,-119.80532992000001,36.726660109999997