CASE_ID,ACCIDENT_YEAR,PROC_DATE,JURIS,COLLISION_DATE,COLLISION_TIME,OFFICER_ID,REPORTING_DISTRICT,DAY_OF_WEEK,CHP_SHIFT,POPULATION,CNTY_CITY_LOC,SPECIAL_COND,BEAT_TYPE,CHP_BEAT_TYPE,CITY_DIVISION_LAPD,CHP_BEAT_CLASS,BEAT_NUMBER,PRIMARY_RD,SECONDARY_RD,DISTANCE,DIRECTION,INTERSECTION,WEATHER_1,WEATHER_2,STATE_HWY_IND,CALTRANS_COUNTY,CALTRANS_DISTRICT,STATE_ROUTE,ROUTE_SUFFIX,POSTMILE_PREFIX,POSTMILE,LOCATION_TYPE,RAMP_INTERSECTION,SIDE_OF_HWY,TOW_AWAY,COLLISION_SEVERITY,NUMBER_KILLED,NUMBER_INJURED,PARTY_COUNT,PRIMARY_COLL_FACTOR,PCF_CODE_OF_VIOL,PCF_VIOL_CATEGORY,PCF_VIOLATION,PCF_VIOL_SUBSECTION,HIT_AND_RUN,TYPE_OF_COLLISION,MVIW,PED_ACTION,ROAD_SURFACE,ROAD_COND_1,ROAD_COND_2,LIGHTING,CONTROL_DEVICE,CHP_ROAD_TYPE,PEDESTRIAN_ACCIDENT,BICYCLE_ACCIDENT,MOTORCYCLE_ACCIDENT,TRUCK_ACCIDENT,NOT_PRIVATE_PROPERTY,ALCOHOL_INVOLVED,STWD_VEHTYPE_AT_FAULT,CHP_VEHTYPE_AT_FAULT,COUNT_SEVERE_INJ,COUNT_VISIBLE_INJ,COUNT_COMPLAINT_PAIN,COUNT_PED_KILLED,COUNT_PED_INJURED,COUNT_BICYCLIST_KILLED,COUNT_BICYCLIST_INJURED,COUNT_MC_KILLED,COUNT_MC_INJURED,PRIMARY_RAMP,SECONDARY_RAMP,LATITUDE,LONGITUDE,COUNTY,CITY,POINT_X,POINT_Y
7196830,2016,2016-03-03,1015,2016-02-22,1412,N262,SELMA,1,5,3,1015,0,0,0,,0,004,2ND,"2ND 1331",0.00,,-,A,-,N,,,,,,,,,,N,3,0,1,1,A,-,08,22107,,N,E,I,A,A,H,-,A,D,0,,,,,Y,,-,,0,1,0,0,0,0,0,0,0,"- ","- ",,,FRESNO,SELMA,-119.77093399,36.729276239999997
7199468,2015,2017-03-28,1005,2015-11-26,1957,P731,2559,4,5,7,1005,0,0,0,,0,03B,"TULARE AV","10TH ST",0.00,,Y,A,-,N,,,,,,,,,,N,1,1,0,2,A,-,11,21954,A,N,G,B,C,A,H,-,C,D,0,Y,,,,Y,Y,N,60,0,0,0,1,0,0,0,0,0,"- ","- ",,,FRESNO,FRESNO,-119.75782996,36.743160070000002
7199563,2015,2016-08-26,9435,2015-01-04,1437,018860,,7,2,9,1000,0,1,3,,1,412,"RT 41","MOUNTAIN VIEW AV",12.00,N,N,A,-,Y,FRE,6,41,-,R,10.120,H,-,S,Y,3,0,3,2,A,-,03,22350,,N,C,C,A,A,H,-,A,D,0,,,,,Y,,A,01,0,1,2,0,0,0,0,0,0,"- ","- ",36.54965,-119.78400000000001,FRESNO,UNINCORPORATED,-119.78609314000001,36.547505870000002
7199664,2016,2016-05-25,1005,2016-04-06,0623,572,1360,3,5,7,1005,0,0,0,,0,002,"EAST/WEST FSU AG RDWY","BULLARD AV",1295.00,N,N,A,-,N,,,,,,,,,,Y,1,1,0,1,A,-,01,23152,B,N,E,I,A,A,H,-,D,D,0,,,Y,,Y,Y,C,02,0,0,0,0,0,0,0,1,0,"- ","- ",,,FRESNO,FRESNO,,
7199720,2015,2016-06-23,1001,2015-12-22,0549,5145,,2,5,5,1001,0,0,0,,0,006,"WEST HERNDON AV","N VILLA AVE N",0.00,,Y,C,-,N,,,,,,,,,,Y,1,1,0,1,D,-,00,,,N,E,I,A,B,H,-,C,A,0,,,,,Y,,-,"- ",0,0,0,0,0,0,0,0,0,"- ","- ",,,FRESNO,CLOVIS,-119.71371994,36.837640059999998
7201307,2016,2016-03-11,1001,2016-03-03,0739,5104,,4,5,5,1001,0,0,0,,0,003,"ASHLAN AV","FOWLER AV",180.00,E,N,A,-,N,,,,,,,,,,N,4,0,1,2,A,-,05,21650,1,N,D,G,A,A,H,-,A,D,0,,Y,,,Y,,L,04,0,0,1,0,0,0,1,0,0,"- ","- ",36.794060000000002,-119.68226,FRESNO,CLOVIS,-119.68226,36.794029999999999
7201339,2016,2016-03-11,1001,2016-03-02,1721,5465,,3,5,5,1001,0,0,0,,0,006,"N HOMSY AV","ATHENS AV",0.00,,Y,A,-,N,,,,,,,,,,Y,4,0,1,2,A,-,09,21801,A,N,D,C,A,A,H,-,A,D,0,,,,,Y,,A,07,0,0,1,0,0,0,0,0,0,"- ","- ",36.845359999999999,-119.71603,FRESNO,CLOVIS,-119.71602991,36.84536009
7201343,2016,2016-03-11,1001,2016-03-01,1304,5145,,2,5,5,1001,0,0,0,,0,005,"CLOVIS AV","8TH ST",159.00,N,N,A,-,N,,,,,,,,,,Y,4,0,1,2,A,-,03,22350,1,N,C,C,A,A,H,-,A,D,0,,,,,Y,,A,08,0,0,1,0,0,0,0,0,0,"- ","- ",,,FRESNO,CLOVIS,-119.70068576,36.821146400000003
7202507,2014,2016-05-06,1002,2014-03-23,0320,E1401,,7,5,3,1002,0,0,0,,0,0CO,"EAST POLK","HACHMAN ST",180.00,W,N,A,-,N,,,,,,,,,,Y,4,0,1,3,A,-,08,22107,,N,C,C,A,A,H,-,C,D,0,,,,,Y,,-,,0,0,1,0,0,0,0,0,0,"- ","- ",,,FRESNO,COALINGA,-120.35179137999999,36.136575020000002
7202881,2016,2016-03-21,1005,2016-02-19,1533,P1065,NE,5,5,7,1005,0,0,0,,0,,"CHESTNUT AV","BULLARD AV",1210.00,S,N,A,-,N,,,,,,,,,,N,4,0,1,2,A,-,03,22350,,N,C,C,A,A,H,-,A,D,0,,,,,Y,,A,01,0,0,1,0,0,0,0,0,0,"- ","- ",,,FRESNO,FRESNO,-119.73609184,36.819759599999998
7202882,2016,2016-03-21,1005,2016-02-18,1238,P874,1159,4,5,7,1005,0,0,0,,0,04B,"ALLUVIAL AV","SPALDING AV",0.00,,Y,B,-,N,,,,,,,,,,Y,4,0,2,2,A,-,09,21802,A,N,D,C,A,A,H,-,A,A,0,,,,,Y,,D,22,0,0,2,0,0,0,0,0,0,"- ","- ",,,FRESNO,FRESNO,-119.76111988,36.844729999999998
7202883,2016,2016-03-21,1005,2016-02-11,1525,P874,2256,4,5,7,1005,0,0,0,,0,04F,"BLACKSTONE AV","UNIVERSITY AV",0.00,,Y,A,-,N,,,,,,,,,,Y,3,0,3,3,A,-,09,21802,A,N,D,C,A,A,H,-,A,A,0,,,,,Y,,A,01,0,2,1,0,0,0,0,0,0,"- ","- ",,,FRESNO,FRESNO,-119.79065996,36.766820090000003
7202884,2016,2017-02-04,1005,2016-02-28,1707,P1409,SW235,7,5,7,1005,0,0,0,,0,00A,"W OLIVE AV","RT 99",0.00,,Y,A,-,Y,FRE,6,99,-,-,23.447,R,1,S,N,3,0,1,2,A,-,11,21950,B,M,G,B,B,A,H,-,B,A,0,Y,,,,Y,,A,01,0,1,0,0,1,0,0,0,0,"- ","- ",,,FRESNO,FRESNO,-119.83100904,36.759318159999999
7202885,2016,2016-08-29,1005,2016-02-27,1624,P1402,NORTH,6,5,7,1005,0,0,0,,0,,"ALLUVIAL AV","RT 41",68.00,W,N,A,-,N,,,,,,,,,,Y,4,0,1,2,A,-,09,21804,A,N,D,C,A,A,H,-,A,D,0,,,,,Y,,A,01,0,0,1,0,0,0,0,0,0,"- ","- ",,,FRESNO,FRESNO,-119.78534224000001,36.84469
7202886,2016,2016-03-21,1005,2016-02-17,1800,P1298,SE,3,5,7,1005,0,0,0,,0,B2559,"TULARE AV","CEDAR AV",180.00,E,N,A,-,N,,,,,,,,,,Y,2,0,4,2,A,-,01,23152,B,N,C,C,A,A,H,-,C,A,0,,,,,Y,Y,A,01,1,0,3,0,0,0,0,0,0,"- ","- ",,,FRESNO,FRESNO,-119.75389613999999,36.743153929999998
7202887,2016,2016-03-21,1005,2016-02-11,0724,P967,NORTH,4,5,7,1005,0,0,0,,0,,"SHIELDS AV","FRESNO ST",150.00,W,N,B,-,N,,,,,,,,,,Y,4,0,1,5,A,-,03,22350,,N,C,C,A,A,H,-,A,A,0,,,,,Y,,-,,0,0,1,0,0,0,0,0,0,"- ","- ",,,FRESNO,FRESNO,-119.78205185,36.779760000000003
7202888,2016,2016-03-22,1005,2016-02-27,1928,P866,WE305,6,5,7,1005,0,0,0,,0,00H,"EAST CHURCH AV","SOUTH ELM AV",25.00,E,N,A,-,N,,,,,,,,,,N,4,0,2,2,A,-,08,22107,,N,D,C,A,A,H,-,C,A,0,,,,,Y,,A,01,0,0,2,0,0,0,0,0,0,"- ","- ",,,FRESNO,FRESNO,-119.79075476,36.714179999999999
7202889,2016,2016-03-21,1005,2016-02-20,1821,P1298,NW,6,5,7,1005,0,0,0,,0,A1648,"MARTY AV","SHAW AV",0.00,,Y,A,-,N,,,,,,,,,,Y,2,0,1,2,A,-,09,21801,A,N,A,C,A,A,H,-,C,A,0,,,,,Y,,D,22,1,0,0,0,0,0,0,0,0,"- ","- ",,,FRESNO,FRESNO,-119.8580899,36.808370109999998
7202890,2016,2016-03-21,1005,2016-02-28,2006,P1571,NORTH,7,5,7,1005,0,0,0,,0,00A,"HERNDON AV","MILBURN AV",0.00,,Y,A,-,N,,,,,,,,,,N,4,0,2,2,A,-,09,21453,C,N,D,C,A,A,H,-,C,A,0,,,,,Y,,A,01,0,0,2,0,0,0,0,0,0,"- ","- ",,,FRESNO,FRESNO,-119.87908992,36.837150000000001
7202891,2016,2016-03-21,1005,2016-02-11,1607,P1298,"SE C",4,5,7,1005,0,0,0,,0,2359,"CEDAR AV","FLORADORA AV",0.00,,Y,A,-,N,,,,,,,,,,Y,3,0,1,1,A,-,01,23152,E,M,E,I,A,A,H,-,A,D,0,,,,,Y,,A,01,0,1,0,0,0,0,0,0,0,"- ","- ",,,FRESNO,FRESNO,-119.75450999,36.761430019999999
7202892,2016,2016-03-22,1005,2016-02-26,1455,P868,SW265,5,5,7,1005,0,0,0,,0,00F,"TUOLUMNE ST","VAN NESS AV",42.00,N,N,A,-,N,,,,,,,,,,N,4,0,1,4,A,-,03,22350,,M,C,C,A,A,H,-,A,A,0,,,,,Y,,A,01,0,0,1,0,0,0,0,0,0,"- ","- ",,,FRESNO,FRESNO,-119.79337390000001,36.738677449999997
7202893,2016,2016-03-21,1005,2016-02-19,2130,P1065,,5,5,7,1005,0,0,0,,0,,"THORNE AV","STANISLAUS ST",0.00,,Y,A,-,N,,,,,,,,,,N,4,0,1,2,A,-,12,22450,A,M,D,G,A,A,H,-,C,A,0,,Y,,,Y,,A,01,0,0,1,0,0,0,1,0,0,"- ","- ",,,FRESNO,FRESNO,-119.81295999,36.73179004
7202894,2016,2016-03-21,1005,2016-02-18,0832,P586,2251,4,5,7,1005,0,0,0,,0,02H,"WEBER AV","YALE AV",120.00,N,N,B,-,N,,,,,,,,,,Y,3,0,1,2,A,-,08,22103,,N,D,C,A,B,H,-,A,D,0,,,,,Y,,A,01,0,1,0,0,0,0,0,0,0,"- ","- ",,,FRESNO,FRESNO,-119.83329999999999,36.770499399999999
7202895,2016,2016-03-21,1005,2016-02-11,1312,P850,SW,4,5,7,1005,0,0,0,,0,E2754,"STANISLAUS ST","E ST",0.00,,Y,A,-,N,,,,,,,,,,N,3,0,1,2,A,-,10,21950,A,N,G,B,B,A,H,-,A,A,0,Y,,,,Y,,D,22,0,1,0,0,1,0,0,0,0,"- ","- ",,,FRESNO,FRESNO,-119.80142993,36.734720019999997
7202896,2016,2016-03-21,1005,2016-02-28,0637,P1712,NE226,7,5,7,1005,0,0,0,,0,00H,"E UNIVERSITY AV","NORTH CHESTNUT AV",183.00,E,N,A,-,N,,,,,,,,,,Y,3,0,1,3,A,-,05,21650,,F,B,E,A,A,H,-,B,D,0,,,,,Y,,A,01,0,1,0,0,0,0,0,0,0,"- ","- ",,,FRESNO,FRESNO,-119.7358162,36.767176020000001
7202897,2016,2016-03-21,1005,2016-02-13,1805,P1571,NORTH,6,5,7,1005,0,0,0,,0,00H,"VAN NESS AV","SHIELDS AV",0.00,,Y,A,-,N,,,,,,,,,,N,3,0,1,2,A,-,11,21456,B,N,G,B,B,A,H,-,B,A,0,Y,,,,Y,,N,60,0,1,0,0,1,0,0,0,0,"- ","- ",,,FRESNO,FRESNO,-119.80418993000001,36.77940005
7202898,2016,2016-03-21,1005,2016-02-18,1243,P1066,SW,4,5,7,1005,0,0,0,,0,,"KEARNEY BL","PICKFORD AV",0.00,,Y,B,-,N,,,,,,,,,,Y,4,0,3,2,A,-,09,21802,A,N,D,C,A,A,H,-,A,A,0,,,,,Y,,A,01,0,0,3,0,0,0,0,0,0,"- ","- ",,,FRESNO,FRESNO,-119.80576997,36.728660079999997
7202899,2016,2016-03-21,1005,2016-02-16,1352,P864,FRESN,2,5,7,1005,0,0,0,,0,1446,"FIGARDEN DR","SAMPLE AV",0.00,,Y,A,-,N,,,,,,,,,,N,4,0,1,1,A,-,03,22350,,N,E,I,A,A,H,-,A,D,0,,,,,Y,,A,01,0,0,1,0,0,0,0,0,0,"- ","- ",,,FRESNO,FRESNO,-119.85479997,36.828280040000003
7202900,2016,2016-03-22,1005,2016-02-26,1704,P1674,SW235,5,5,7,1005,0,0,0,,0,00C,"NORTH ABBY ST","N ABBY ST 1200 BLK",0.00,,-,A,-,N,,,,,,,,,,N,4,0,1,2,A,-,08,22107,,N,B,C,A,A,H,-,B,D,0,,,,,Y,,-,"- ",0,0,1,0,0,0,0,0,0,"- ","- ",,,FRESNO,FRESNO,,
7202901,2016,2016-03-21,1005,2016-02-12,1146,P776,1156,5,5,7,1005,0,0,0,,0,00A,"BLACKSTONE AV","NEES AV",610.00,S,N,A,-,N,,,,,,,,,,N,4,0,1,2,A,-,09,21801,A,N,-,C,A,A,H,-,A,D,0,,,,,Y,,A,01,0,0,1,0,0,0,0,0,0,"- ","- ",,,FRESNO,FRESNO,-119.79107999999999,36.851939999999999
7202902,2016,2016-08-26,1005,2016-02-19,1512,P1131,,5,5,7,1005,0,0,0,,0,,"MAPLE AV","CHURCH AV",0.00,,Y,A,-,N,,,,,,,,,,Y,4,0,1,2,A,-,09,21801,A,N,D,C,A,A,H,-,A,A,0,,,,,Y,,D,22,0,0,1,0,0,0,0,0,0,"- ","- ",,,FRESNO,FRESNO,-119.74562994999999,36.714160079999999
7202903,2016,2016-03-21,1005,2016-02-11,1658,P1094,SOUTH,4,5,7,1005,0,0,0,,0,00H,"CLOVIS AV","CHURCH AV",0.00,,Y,A,-,N,,,,,,,,,,N,4,0,1,2,A,-,03,22350,,N,C,C,A,A,H,-,A,A,0,,,,,Y,,A,01,0,0,1,0,0,0,0,0,0,"- ","- ",,,FRESNO,FRESNO,-119.70004989,36.714870009999999
7202904,2016,2016-03-22,1005,2016-02-26,1513,P1714,NW155,5,5,7,1005,0,0,0,,0,00B,"N MAROA AV","WEST BULLARD AV",0.00,,Y,A,-,N,,,,,,,,,,N,4,0,1,2,A,-,"- ",,,F,G,B,B,A,H,-,A,A,0,Y,,,,Y,,N,60,0,0,1,0,1,0,0,0,0,"- ","- ",,,FRESNO,FRESNO,-119.79933989,36.822890049999998
7202905,2016,2016-03-21,1005,2016-02-22,0730,P948,2856,1,5,7,1005,0,0,0,,0,01G,"E ST","LOS ANGELES ST",0.00,,Y,A,-,N,,,,,,,,,,Y,4,0,1,2,A,-,09,21800,A,N,D,C,A,A,H,-,A,D,0,,,,,Y,,A,01,0,0,1,0,0,0,0,0,0,"- ","- ",,,FRESNO,FRESNO,-119.7872899,36.72182007
7202906,2016,2016-03-21,1005,2016-02-25,1425,P1065,NE,4,5,7,1005,0,0,0,,0,,"1ST ST","SIERRA AV",80.00,N,N,A,-,N,,,,,,,,,,N,4,0,1,3,A,-,03,22350,,N,C,C,A,A,H,-,A,A,0,,,,,Y,,A,01,0,0,1,0,0,0,0,0,0,"- ","- ",,,FRESNO,FRESNO,-119.77234715,36.830429580000001
7202907,2016,2016-03-21,1005,2016-02-16,1517,P982,NORTH,2,5,7,1005,0,0,0,,0,1062,"WILLOW AV","TEAGUE AV",909.00,S,N,A,-,N,,,,,,,,,,N,4,0,1,2,A,-,01,23152,E,M,B,C,A,A,H,-,A,D,0,,,,,Y,,D,22,0,0,1,0,0,0,0,0,0,"- ","- ",,,FRESNO,FRESNO,-119.72987999999999,36.85696514
7202908,2016,2016-03-22,1005,2016-02-05,1306,P1110,SE,5,5,7,1005,0,0,0,,0,3064,"NORTH CLOVIS","EAST SHIELDS",0.00,,Y,A,-,N,,,,,,,,,,N,4,0,2,3,A,-,12,21457,A,N,D,C,A,A,H,-,A,A,0,,,,,Y,,A,01,0,0,2,0,0,0,0,0,0,"- ","- ",,,FRESNO,FRESNO,-119.70011995,36.779490099999997
7202909,2016,2016-03-21,1005,2016-02-15,1025,P662,NW,1,5,7,1005,0,0,0,,0,,"BLACKSTONE AV","SHIELDS AV",0.00,,Y,A,-,N,,,,,,,,,,Y,3,0,2,2,A,-,09,21800,A,N,A,C,A,A,H,-,A,A,0,,,,,Y,,J,41,0,1,1,0,0,0,0,0,0,"- ","- ",,,FRESNO,FRESNO,-119.79063994000001,36.779750040000003
7202910,2016,2016-03-21,1005,2016-02-24,1457,P978,SW,3,5,7,1005,0,0,0,,0,00B,"WEBER AV","THOMAS AV",0.00,,Y,A,-,N,,,,,,,,,,Y,3,0,5,3,A,-,04,21703,,N,C,C,A,A,H,-,A,A,0,,,,,Y,,A,01,0,1,4,0,0,0,0,0,0,"- ","- ",,,FRESNO,FRESNO,-119.81501986000001,36.752140099999998
7202911,2016,2016-03-21,1005,2016-02-11,1145,P662,NW,4,5,7,1005,0,0,0,,0,,"PALM AV","SIERRA AV",100.00,N,N,A,-,N,,,,,,,,,,Y,4,0,1,2,A,-,03,22350,,N,B,C,A,A,H,-,A,A,0,,,,,Y,,A,01,0,0,1,0,0,0,0,0,0,"- ","- ",,,FRESNO,FRESNO,-119.80841669,36.830354479999997
7202912,2016,2017-02-06,1005,2016-02-04,1917,P1514,,4,5,7,1005,0,0,0,,0,,"EAST SHIELDS AV",168,36.00,E,N,A,-,Y,FRE,6,168,-,R,1.823,R,4,E,N,4,0,1,2,A,-,03,22350,,N,B,G,A,A,H,-,C,A,0,,Y,,,Y,,A,01,0,0,1,0,0,0,1,0,0,"- ",EF,,,FRESNO,FRESNO,-119.74911349,36.77681201
7202913,2016,2016-03-21,1005,2016-02-16,0707,P662,NW,2,5,7,1005,0,0,0,,0,,"MAROA AV","WELDON AV",0.00,,Y,A,-,N,,,,,,,,,,N,4,0,2,2,A,-,08,22100,B,N,D,C,A,A,H,-,A,A,0,,,,,Y,,A,01,0,0,2,0,0,0,0,0,0,"- ","- ",,,FRESNO,FRESNO,-119.79959997,36.768580010000001
7202914,2016,2016-03-21,1005,2016-02-25,1501,P948,1501,4,5,7,1005,0,0,0,,0,01F,"DIVISADERO ST","FULTON ST",0.00,,Y,A,-,N,,,,,,,,,,N,3,0,1,2,A,-,05,21650,1,N,D,G,A,A,H,-,A,A,0,,Y,,,Y,,L,04,0,1,0,0,0,0,1,0,0,"- ","- ",,,FRESNO,FRESNO,-119.80032989999999,36.743620040000003
7202915,2016,2016-03-21,1005,2016-02-16,1820,P1259,SOUTH,2,5,7,1005,0,0,0,,0,00E,"CLOVIS AV","LAMONA AV",0.00,,Y,A,-,N,,,,,,,,,,Y,4,0,3,4,A,-,08,22107,,N,B,C,A,A,H,-,C,D,0,,,,,Y,,A,01,0,0,3,0,0,0,0,0,0,"- ","- ",,,FRESNO,FRESNO,-119.70054989,36.760700040000003
7202916,2016,2016-08-26,1005,2016-02-05,1356,P1131,,5,5,7,1005,0,0,0,,0,,"CLOVIS AV","POLE # 400083",45.00,S,N,A,-,N,,,,,,,,,,N,3,0,1,2,A,-,08,22107,,N,B,C,A,A,H,-,A,D,0,,,,,Y,,D,22,0,1,0,0,0,0,0,0,0,"- ","- ",,,FRESNO,FRESNO,,
7202917,2016,2016-03-21,1005,2016-02-15,2332,P1070,2050,1,5,7,1005,0,0,0,,0,05G,"WEBER AV","HUGHES AV",0.00,,Y,A,-,N,,,,,,,,,,Y,2,0,8,2,A,-,01,23152,B,N,A,C,A,A,H,-,C,A,0,,,,,Y,Y,A,07,3,5,0,0,0,0,0,0,0,"- ","- ",,,FRESNO,FRESNO,-119.83554986,36.773330020000003
7202918,2016,2016-03-21,1005,2016-02-24,1419,P776,2256,3,5,7,1005,0,0,0,,0,00F,"BLACKSTONE AV","UNIVERSITY AV",0.00,,Y,A,-,N,,,,,,,,,,Y,4,0,1,3,A,-,09,21801,A,N,D,C,A,A,H,-,A,A,0,,,,,Y,,A,01,0,0,1,0,0,0,0,0,0,"- ","- ",,,FRESNO,FRESNO,-119.79065996,36.766820090000003
7202919,2016,2016-03-21,1005,2016-02-16,1613,P850,NW,2,5,7,1005,0,0,0,,0,E1655,"SHAW AV","GLENN AV",20.00,W,N,B,-,N,,,,,,,,,,Y,4,0,1,3,A,-,01,23153,B,N,C,C,A,A,H,-,A,A,0,,,,,Y,Y,A,07,0,0,1,0,0,0,0,0,0,"- ","- ",,,FRESNO,FRESNO,-119.79274827,36.808599700000002
7202920,2016,2016-03-21,1005,2016-02-05,1003,P1123,NORTH,5,5,7,1005,0,0,0,,0,,"BLACKSTONE AV",SIERRA,0.00,,Y,A,-,N,,,,,,,,,,Y,3,0,1,2,A,-,12,21453,A,N,D,C,A,A,H,-,A,A,0,,,,,Y,,-,,0,1,0,0,0,0,0,0,0,"- ","- ",,,FRESNO,FRESNO,-119.79041997,36.830140040000003
7202921,2014,2016-03-17,1005,2014-10-20,0929,P586,,1,5,7,1005,0,0,0,,0,,"GOLDEN STATE BL",ASHLAN,0.00,,-,A,-,N,,,,,,,,,,Y,4,0,1,2,A,-,09,21801,A,N,A,C,A,A,H,-,A,D,0,,,,,Y,,A,01,0,0,1,0,0,0,0,0,0,"- ","- ",,,FRESNO,FRESNO,-119.86308995,36.793690040000001
7202922,2014,2016-03-17,1005,2014-10-01,1441,P1123,,3,5,7,1005,0,0,0,,0,,PARKWAY,WOODSON,0.00,,Y,A,-,N,,,,,,,,,,,4,0,1,2,A,-,09,21801,A,N,B,G,A,A,H,-,A,A,0,,Y,,,Y,,L,04,0,0,1,0,0,0,1,0,0,"- ","- ",,,FRESNO,FRESNO,-119.83664999,36.767170020000002
7202926,2014,2016-03-17,1005,2014-10-24,1308,P948,4F,5,5,7,1005,0,0,0,,0,2256,"UNIVERSITY AV","BLACKSTONE AV",60.00,W,N,A,-,N,,,,,,,,,,,4,0,1,2,A,-,03,22350,,N,C,C,A,A,H,-,A,D,0,,,,,Y,,-,"- ",0,0,1,0,0,0,0,0,0,"- ","- ",,,FRESNO,FRESNO,-119.79086467,36.766816949999999
7202930,2014,2016-03-17,1005,2014-10-31,1506,P1066,NE,5,5,7,1005,0,0,0,,0,,"ASHLAN AV","BARTON AV",0.00,,Y,A,-,N,,,,,,,,,,Y,4,0,1,2,A,-,12,21453,A,N,D,C,A,A,H,-,A,A,0,,,,,Y,,-,"- ",0,0,1,0,0,0,0,0,0,"- ","- ",,,FRESNO,FRESNO,-119.74976999,36.794320079999999
7202932,2014,2016-03-17,1005,2014-04-02,1736,P1370,1254,3,5,7,1005,0,0,0,,0,00B,"WEST HERNDON AV","N INGRAM AV",282.00,W,N,A,-,N,,,,,,,,,,Y,4,0,1,2,A,-,03,22350,,N,C,C,A,A,H,-,D,D,0,,,,,Y,,A,01,0,0,1,0,0,0,0,0,0,"- ","- ",,,FRESNO,FRESNO,-119.8019,36.837389999999999
7202933,2014,2016-03-21,1005,2014-04-15,1442,P911,1745,2,5,7,1005,0,0,0,,0,00C,"POLK AV","FAIRMONT AV",12.00,W,-,A,-,N,,,,,,,,,,,4,0,1,2,A,-,10,21950,A,M,-,B,D,A,H,-,A,A,0,Y,,,,Y,,A,01,0,0,1,0,1,0,0,0,0,"- ","- ",,,FRESNO,FRESNO,-119.88949,36.806789999999999
7202934,2014,2016-05-19,1005,2014-10-29,0921,P978,,3,5,7,1005,0,0,0,,0,,"TULARE AV",POTTLE,0.00,,-,A,-,N,,,,,,,,,,Y,4,0,3,2,A,-,09,21802,,N,D,C,A,A,H,-,A,A,0,,,,,Y,,A,01,0,0,3,0,0,0,0,0,0,"- ","- ",,,FRESNO,FRESNO,-119.80315996,36.72464008
7202936,2014,2016-03-17,1005,2014-09-13,0804,P916,2654,6,5,7,1005,0,0,0,,0,00E,"B ST","SAN JOAQUIN ST",0.00,,Y,A,-,N,,,,,,,,,,N,4,0,1,2,A,-,11,21954,A,F,G,B,D,-,H,-,C,-,0,Y,,,,Y,Y,N,60,0,0,1,0,1,0,0,0,0,"- ","- ",,,FRESNO,FRESNO,-119.80665988,36.734500099999998
7202937,2014,2016-03-21,1005,2014-04-24,1058,P776,0762,4,5,7,1005,0,0,0,,0,00A,"BEHYMER AV","WINERY AV",0.00,,Y,A,-,N,,,,,,,,,,,4,0,2,2,A,-,09,21801,,N,D,C,A,A,H,-,A,D,0,,,,,Y,,A,01,0,0,2,0,0,0,0,0,0,"- ","- ",,,FRESNO,FRESNO,-119.73480997999999,36.881280019999998
7202938,2014,2016-03-21,1005,2014-01-22,1059,P776,2158,3,5,7,1005,0,0,0,,0,00G,"SHIELDS AVE","1ST ST",0.00,,Y,A,-,N,,,,,,,,,,Y,3,0,3,3,A,-,"- ",,,N,C,-,A,A,H,-,A,A,0,,,,,Y,,A,01,0,1,2,0,0,0,0,0,0,"- ","- ",,,FRESNO,FRESNO,-119.77265997000001,36.7796801
7202939,2014,2016-03-17,1005,2014-10-04,0809,P927,SE,6,5,7,1005,0,0,0,,0,2560,"TULARE AV","CEDAR AV",231.00,E,N,A,-,N,,,,,,,,,,Y,4,0,1,2,A,-,00,20001,,F,D,C,A,A,H,-,A,D,0,,,,,Y,,-,"- ",0,0,1,0,0,0,0,0,0,"- ","- ",,,FRESNO,FRESNO,-119.75372222,36.743151699999999
7202941,2014,2016-03-21,1005,2014-07-14,1250,P774,,1,5,7,1005,0,0,0,,0,,"WEBER AV","SHIELDS AV",180.00,N,-,A,-,N,,,,,,,,,,Y,4,0,1,2,A,-,08,22107,,N,B,E,A,A,H,-,A,D,0,,,,Y,Y,,A,01,0,0,1,0,0,0,0,0,0,"- ","- ",,,FRESNO,FRESNO,-119.84236645999999,36.779563150000001
7202942,2014,2016-03-21,1005,2014-01-20,0655,P776,1256,1,5,7,1005,0,0,0,,0,00C,"HERNDON AV","FRESNO ST",200.00,W,-,A,-,N,,,,,,,,,,,4,0,1,2,A,-,21,22106,,N,C,C,A,-,H,-,A,A,0,,,,,Y,,A,01,0,0,1,0,0,0,0,0,0,"- ","- ",,,FRESNO,FRESNO,-119.78197298000001,36.83755
7202943,2014,2016-03-17,1005,2014-10-14,0838,P978,,2,5,7,1005,0,0,0,,0,,"ABBY ST","WHITE AV",0.00,,-,A,-,N,,,,,,,,,,,4,0,1,2,A,-,04,21703,,N,C,C,A,A,H,-,A,A,0,,,,,Y,,-,"- ",0,0,1,0,0,0,0,0,0,"- ","- ",,,FRESNO,FRESNO,-119.78934996,36.751090089999998
7202945,2014,2016-03-21,1005,2014-07-11,1548,P774,,5,5,7,1005,0,0,0,,0,,"CLINTON AV","CHANNING WY",90.00,W,-,A,-,N,,,,,,,,,,Y,4,0,2,2,A,-,03,22350,,N,C,C,A,A,H,-,A,D,0,,,,,Y,,A,01,0,0,2,0,0,0,0,0,0,"- ","- ",,,FRESNO,FRESNO,-119.82469700999999,36.771994390000003
7202946,2014,2016-03-21,1005,2014-01-27,1416,P876,,1,5,7,1005,0,0,0,,0,0SE,"MCKINLEY AV","WINERY AV",0.00,,Y,A,-,N,,,,,,,,,,Y,3,0,1,2,A,-,09,21801,A,N,D,-,A,A,H,-,A,A,0,,,,,Y,,A,01,0,1,0,0,0,0,0,0,0,"- ","- ",,,FRESNO,FRESNO,-119.73176993,36.765220079999999
7202947,2014,2016-03-17,1005,2014-06-24,1314,P876,,2,5,7,1005,0,0,0,,0,,"MAPLE AV","KINGS CANYON RD",59.00,S,N,A,-,N,,,,,,,,,,,3,0,1,2,A,-,03,22350,,N,C,C,A,A,H,-,A,D,0,,,Y,,Y,,C,03,0,1,0,0,0,0,0,0,1,"- ","- ",,,FRESNO,FRESNO,-119.74548,36.735808050000003
7202949,2014,2016-03-17,1005,2014-07-07,1118,P774,1C,1,5,7,1005,0,0,0,,0,2456,"OLIVE AV","ABBY ST",250.00,E,N,A,-,N,,,,,,,,,,,4,0,1,2,A,-,05,21650,,N,D,G,A,A,H,-,A,D,0,,Y,,,Y,,L,04,0,0,1,0,0,0,1,0,0,"- ","- ",,,FRESNO,FRESNO,-119.78837821,36.757255929999999
7202950,2014,2016-03-21,1005,2014-05-29,1627,P1123,1H,4,5,7,1005,0,0,0,,0,3259,"GOLDEN STATE BL","ORANGE AV",0.00,,-,A,-,N,,,,,,,,,,,4,0,2,2,A,-,09,21802,,N,D,C,A,A,H,-,A,A,0,,,,,Y,,-,,0,0,2,0,0,0,0,0,0,"- ","- ",,,FRESNO,FRESNO,-119.76370996999999,36.702130070000003