CASE_ID,ACCIDENT_YEAR,PROC_DATE,JURIS,COLLISION_DATE,COLLISION_TIME,OFFICER_ID,REPORTING_DISTRICT,DAY_OF_WEEK,CHP_SHIFT,POPULATION,CNTY_CITY_LOC,SPECIAL_COND,BEAT_TYPE,CHP_BEAT_TYPE,CITY_DIVISION_LAPD,CHP_BEAT_CLASS,BEAT_NUMBER,PRIMARY_RD,SECONDARY_RD,DISTANCE,DIRECTION,INTERSECTION,WEATHER_1,WEATHER_2,STATE_HWY_IND,CALTRANS_COUNTY,CALTRANS_DISTRICT,STATE_ROUTE,ROUTE_SUFFIX,POSTMILE_PREFIX,POSTMILE,LOCATION_TYPE,RAMP_INTERSECTION,SIDE_OF_HWY,TOW_AWAY,COLLISION_SEVERITY,NUMBER_KILLED,NUMBER_INJURED,PARTY_COUNT,PRIMARY_COLL_FACTOR,PCF_CODE_OF_VIOL,PCF_VIOL_CATEGORY,PCF_VIOLATION,PCF_VIOL_SUBSECTION,HIT_AND_RUN,TYPE_OF_COLLISION,MVIW,PED_ACTION,ROAD_SURFACE,ROAD_COND_1,ROAD_COND_2,LIGHTING,CONTROL_DEVICE,CHP_ROAD_TYPE,PEDESTRIAN_ACCIDENT,BICYCLE_ACCIDENT,MOTORCYCLE_ACCIDENT,TRUCK_ACCIDENT,NOT_PRIVATE_PROPERTY,ALCOHOL_INVOLVED,STWD_VEHTYPE_AT_FAULT,CHP_VEHTYPE_AT_FAULT,COUNT_SEVERE_INJ,COUNT_VISIBLE_INJ,COUNT_COMPLAINT_PAIN,COUNT_PED_KILLED,COUNT_PED_INJURED,COUNT_BICYCLIST_KILLED,COUNT_BICYCLIST_INJURED,COUNT_MC_KILLED,COUNT_MC_INJURED,PRIMARY_RAMP,SECONDARY_RAMP,LATITUDE,LONGITUDE,COUNTY,CITY,POINT_X,POINT_Y
81159169,2020,2020-01-06,1005,2020-01-03,1716,P1005,FRESN,5,5,7,1005,0,0,0,,0,00C,"FIRST ST","SIERRA AVE",0.00,,Y,A,-,N,,,,,,,,,,Y,4,0,1,2,-,-,"- ",,,N,D,C,A,A,H,-,C,A,0,,,,,Y,,-,"- ",0,0,1,0,0,0,0,0,0,"- ","- ",36.829509735107422,-119.77239990234375,FRESNO,FRESNO,-119.77234649658203,36.830211639404297
81159356,2019,2020-01-06,1005,2019-11-08,2200,P1865,SOUTH,5,5,7,1005,0,0,0,,0,,"VENTURA ST","F ST",0.00,,Y,A,-,N,,,,,,,,,,N,4,0,1,2,A,-,11,21954,A,N,G,B,D,A,H,-,C,D,0,Y,,,,Y,,N,60,0,0,1,0,1,0,0,0,0,"- ","- ",36.725948333740234,-119.79193115234375,FRESNO,FRESNO,-119.79061126708984,36.726520538330078
81159529,2019,2020-01-06,1005,2019-12-22,2112,P1702,CENTR,7,5,7,1005,0,0,0,,0,ADAM,"CLINTON AVE","WEBER AVE",0.00,,Y,A,-,N,,,,,,,,,,Y,4,0,1,3,A,-,12,21453,A,F,D,C,A,B,H,-,C,A,0,,,,,Y,,A,01,0,0,1,0,0,0,0,0,0,"- ","- ",36.771991729736328,-119.83408355712891,FRESNO,FRESNO,-119.8341064453125,36.771980285644531
81160482,2019,2020-01-07,1005,2019-11-13,1741,P935,NE,3,5,7,1005,0,0,0,,0,,"BULLARD AVE","CHESTNUT AVE",528.00,E,N,A,-,N,,,,,,,,,,Y,4,0,1,4,A,-,03,22350,,N,C,C,A,A,H,-,C,A,0,,,,,Y,,A,01,0,0,1,0,0,0,0,0,0,"- ","- ",36.823001861572266,-119.73606872558594,FRESNO,FRESNO,-119.73421478271484,36.823009490966797
81160484,2019,2020-01-07,1005,2019-12-24,1215,P1322,,2,5,7,1005,0,0,0,,0,,"KINGS CANYON RD","WILLOW AVE",750.00,W,N,B,-,N,,,,,,,,,,N,4,0,1,3,A,-,03,22350,,N,C,C,A,A,H,-,A,D,0,,,,,Y,,A,01,0,0,1,0,0,0,0,0,0,"- ","- ",36.734928131103516,-119.7286376953125,FRESNO,FRESNO,-119.72995758056641,36.735992431640625
81161244,2019,2020-01-08,1005,2019-12-15,0635,P1337,SOUTH,7,5,7,1005,0,0,0,,0,00G,"CHERRY AVE","EDGAR AVE",0.00,,Y,B,-,N,,,,,,,,,,N,3,0,1,2,A,-,10,21950,A,N,G,B,B,A,H,-,C,D,0,Y,,,,Y,,D,23,0,1,0,0,1,0,0,0,0,"- ","- ",36.696548461914062,-119.78177642822266,FRESNO,FRESNO,-119.78175354003906,36.696578979492188
81162068,2019,2020-01-09,1005,2019-11-18,1715,P1763,SOUTH,1,5,7,1005,0,0,0,,0,00D,"FRESNO ST","R ST",0.00,,Y,A,-,N,,,,,,,,,,Y,4,0,1,3,A,-,09,21801,A,N,A,C,A,A,H,-,A,A,0,,,,,Y,,M,97,0,0,1,0,0,0,0,0,0,"- ","- ",36.741058349609375,-119.78534698486328,FRESNO,FRESNO,-119.7841796875,36.741779327392578
81162075,2020,2020-01-09,1005,2020-01-02,1410,P1298,CE,4,5,7,1005,0,0,0,,0,"C / 21","TEILMAN AVE","CLINTON AVE",0.00,,Y,A,-,N,,,,,,,,,,Y,4,0,1,2,A,-,09,21802,A,N,D,C,A,A,H,-,A,A,0,,,,,Y,,A,01,0,0,1,0,0,0,0,0,0,"- ","- ",36.771659851074219,-119.82295227050781,FRESNO,FRESNO,-119.82212829589844,36.772010803222656
81162079,2020,2020-01-09,1005,2020-01-03,1302,P1094,NORTH,5,5,7,1005,0,0,0,,0,00A,"FRIANT RD","SHEPHERD AVE",0.00,,Y,A,-,Y,,,,,,,,,,Y,4,0,1,2,A,-,12,21453,A,N,D,C,A,A,H,-,A,A,0,,,,,Y,,A,01,0,0,1,0,0,0,0,0,0,"- ","- ",36.865650177001953,-119.77932739257812,FRESNO,FRESNO,-119.77964019775391,36.866291046142578
81162082,2020,2020-01-09,1005,2020-01-06,1231,P1066,SE,1,5,7,1005,0,0,0,,0,,"CLOVIS AVE","JENSEN AVE",0.00,,Y,A,-,N,,,,,,,,,,Y,4,0,2,2,A,-,12,21453,A,N,A,C,A,A,H,-,A,A,0,,,,,Y,,A,01,0,0,2,0,0,0,0,0,0,"- ","- ",36.707489013671875,-119.69999694824219,FRESNO,FRESNO,-119.70011138916016,36.707538604736328
81162083,2020,2020-01-09,1005,2020-01-06,1346,P1066,SE,1,5,7,1005,0,0,0,,0,,"KINGS CANYON RD","FOWLER AVE",0.00,,Y,A,-,N,,,,,,,,,,Y,4,0,1,3,A,-,03,22350,,N,C,C,A,A,H,-,A,A,0,,,,,Y,,A,01,0,0,1,0,0,0,0,0,0,"- ","- ",36.735630035400391,-119.68332672119141,FRESNO,FRESNO,-119.68218994140625,36.7369384765625
81162086,2020,2020-01-09,1005,2020-01-07,1239,P1066,SE,2,5,7,1005,0,0,0,,0,,"OLIVE AVE","MILLBROOK AVE",0.00,,Y,B,-,N,,,,,,,,,,Y,4,0,2,3,A,-,03,22350,,N,C,C,A,A,H,-,A,A,0,,,,,Y,Y,A,01,0,0,2,0,0,0,0,0,0,"- ","- ",36.756938934326172,-119.76448822021484,FRESNO,FRESNO,-119.76348114013672,36.757740020751953
81162777,2020,2020-01-10,1005,2020-01-08,1045,P1117,NE,3,5,7,1005,0,0,0,,0,00E,"CEDAR AVE","FIR AVE",0.00,,Y,B,F,N,,,,,,,,,,Y,4,0,1,2,A,-,09,21801,A,N,D,C,A,B,H,-,A,D,0,,,,,Y,,A,01,0,0,1,0,0,0,0,0,0,"- ","- ",36.838169097900391,-119.75440979003906,FRESNO,FRESNO,-119.75428771972656,36.839000701904297
81162779,2020,2020-01-10,1005,2020-01-08,1421,P876,SOUTH,3,5,7,1005,0,0,0,,0,,"CLOVIS AVE","MONTECITO AVE",0.00,,Y,B,-,N,,,,,,,,,,Y,4,0,2,2,A,-,09,21804,A,N,D,C,A,B,H,-,A,A,0,,,,,Y,,A,01,0,0,2,0,0,0,0,0,0,"- ","- ",36.733879089355469,-119.69994354248047,FRESNO,FRESNO,-119.70014953613281,36.733890533447266
81163704,2019,2020-01-13,1005,2019-12-22,1107,P1002,NORTH,7,5,7,1005,0,0,0,,0,,"MAPLE AVE",MAPLE,0.00,,Y,B,C,N,,,,,,,,,,N,4,0,1,2,A,-,09,21801,A,M,C,C,A,B,H,-,A,A,0,,,,,Y,,A,01,0,0,1,0,0,0,0,0,0,"- ","- ",,,FRESNO,FRESNO,-119.69103240966797,36.784648895263672
81163707,2020,2020-01-13,1005,2020-01-10,2029,P1957,NE,5,5,7,1005,0,0,0,,0,00B,"E HERNDON AVE","N FRESNO ST",0.00,,Y,A,-,N,,,,,,,,,,Y,4,0,1,2,A,-,12,21453,A,N,D,C,A,A,H,-,C,A,0,,,,Y,Y,,F,26,0,0,1,0,0,0,0,0,0,"- ","- ",36.837539672851562,-119.78109741210938,FRESNO,FRESNO,-119.78128814697266,36.837551116943359
81163708,2020,2020-01-13,1005,2020-01-11,0100,P1986,SW,6,5,7,1005,0,0,0,,0,00C,"VALENCIA AVE","S CHANNING AVE",155.00,W,N,A,-,N,,,,,,,,,,Y,3,0,1,2,A,-,01,23152,A,N,C,E,A,A,H,-,C,D,0,,,,,Y,Y,A,01,0,1,0,0,0,0,0,0,0,"- ","- ",,,FRESNO,FRESNO,-119.82495880126953,36.723075866699219
81164694,2019,2020-01-14,1005,2019-12-20,1957,P1780,CENTR,5,5,7,1005,0,0,0,,0,,"N VAGEDES AVE","W CLINTON AVE",0.00,,Y,A,-,N,,,,,,,,,,Y,3,0,5,3,A,-,03,22350,,N,C,C,A,A,H,-,C,D,0,,,,,Y,,A,01,0,3,2,0,0,0,0,0,0,"- ","- ",,,FRESNO,FRESNO,-119.81646728515625,36.772071838378906
81164697,2020,2020-01-14,1005,2020-01-04,0853,P1945,NORTH,6,5,7,1005,0,0,0,,0,00F,"PARKWAY DR","BRAWLEY AVE",0.00,,Y,A,-,N,,,,,,,,,,Y,4,0,1,3,A,-,03,22350,,N,C,C,A,A,H,-,A,A,0,,,,,Y,,A,07,0,0,1,0,0,0,0,0,0,"- ","- ",36.791130065917969,-119.86219787597656,FRESNO,FRESNO,-119.86231994628906,36.791160583496094
81164698,2020,2020-01-14,1005,2020-01-05,1230,P1866,NORTH,7,5,7,1005,0,0,0,,0,00B,"HERNDON AVE","PALM AVE",210.00,W,N,B,-,N,,,,,,,,,,N,4,0,1,2,-,-,"- ",,,N,B,C,A,A,H,-,A,D,0,,,,,Y,,-,"- ",0,0,1,0,0,0,0,0,0,"- ","- ",36.837089538574219,-119.80838012695312,FRESNO,FRESNO,-119.80912780761719,36.837139129638672
81164699,2020,2020-01-14,1005,2020-01-05,2215,P1829,NW,7,5,7,1005,0,0,0,,0,00D,"BRAWLEY AVE","SAN JOSE AVE",400.00,N,N,E,-,N,,,,,,,,,,Y,4,0,2,2,A,-,09,21801,A,N,D,C,A,A,H,-,C,D,0,,,Y,,Y,,A,01,0,0,2,0,0,0,0,0,2,"- ","- ",36.811721801757812,-119.86296081542969,FRESNO,FRESNO,-119.86270141601562,36.812896728515625
81165598,2020,2020-01-15,1005,2020-01-06,1735,P1640,CENTR,1,5,7,1005,0,0,0,,0,00B,"BLACKSTONE AVE","FEDORA AVE",6.00,S,N,A,-,N,,,,,,,,,,N,4,0,1,2,A,-,11,21954,A,N,G,B,D,A,H,-,C,A,0,Y,,,,Y,,N,60,0,0,1,0,1,0,0,0,0,"- ","- ",36.784000396728516,-119.79039764404297,FRESNO,FRESNO,-119.79064178466797,36.784072875976562
81166418,2020,2020-01-16,1005,2020-01-14,1248,P1994,NE,2,5,7,1005,0,0,0,,0,00C,"HERNDON AVE","FIRST ST",18.00,E,N,B,-,N,,,,,,,,,,Y,3,0,3,3,A,-,05,21651,B,N,A,C,A,A,H,-,A,A,0,,,,,Y,,A,01,0,1,2,0,0,0,0,0,0,"- ","- ",36.837318420410156,-119.77210235595703,FRESNO,FRESNO,-119.77230072021484,36.837200164794922
81167242,2019,2020-01-17,1005,2019-12-28,2140,P1974,SOUTH,6,5,7,1005,0,0,0,,0,00B,"N VAHE AVE","E FEDORA AVE",36.00,N,N,A,-,N,,,,,,,,,,N,3,0,2,4,-,-,"- ",,,F,B,C,E,A,H,-,C,D,0,Y,,,,Y,,-,"- ",0,1,1,0,2,0,0,0,0,"- ","- ",,,FRESNO,FRESNO,-119.66330718994141,36.7840576171875
81167988,2020,2020-01-20,1005,2020-01-10,0710,P1673,NORTH,5,5,7,1005,0,0,0,,0,00C,"FIRST ST","BARSTOW AVE",5.00,N,N,B,-,N,,,,,,,,,,Y,4,0,1,1,-,-,"- ",,,N,E,I,A,A,H,-,A,A,0,,,,,Y,,-,"- ",0,0,1,0,0,0,0,0,0,"- ","- ",36.815799713134766,-119.77236938476562,FRESNO,FRESNO,-119.77254486083984,36.815971374511719
81168101,2020,2020-01-20,1005,2020-01-13,1458,P1005,NORTH,1,5,7,1005,0,0,0,,0,ADAM,"HERNDON AVE","POLK AVE",0.00,,Y,A,-,N,,,,,,,,,,Y,3,0,1,3,A,-,12,21453,A,N,D,C,A,A,H,-,A,A,0,,,,,Y,,A,01,0,1,0,0,0,0,0,0,0,"- ","- ",36.836971282958984,-119.88954162597656,FRESNO,FRESNO,-119.88948059082031,36.836898803710938
81168621,2019,2020-01-21,1005,2019-11-27,1224,P1748,,3,5,7,1005,0,0,0,,0,,"CEDAR AVE","BUTLER AVE",0.00,,Y,B,-,N,,,,,,,,,,Y,4,0,3,2,A,-,03,22350,,N,D,C,A,A,H,-,A,A,0,,,,,Y,,D,72,0,0,3,0,0,0,0,0,0,"- ","- ",36.728618621826172,-119.75457000732422,FRESNO,FRESNO,-119.75466156005859,36.728610992431641
81168625,2020,2020-01-21,1005,2020-01-07,1734,P1176,NORTH,2,5,7,1005,0,0,0,,0,,"BLACKSTONE AVE","SWIFT AVE",18.00,S,N,A,-,N,,,,,,,,,,Y,4,0,1,3,A,-,03,22350,,N,C,C,A,A,H,-,C,D,0,,,,,Y,,A,07,0,0,1,0,0,0,0,0,0,"- ","- ",36.795841217041016,-119.79051208496094,FRESNO,FRESNO,-119.79061126708984,36.795871734619141
81169788,2019,2020-01-22,1005,2019-10-26,2054,P1672,SOUTH,6,5,7,1005,0,0,0,,0,00F,"SOUTH ELM AV","E VINE AV",48.00,S,N,A,-,N,,,,,,,,,,Y,3,0,1,1,A,-,03,22350,,F,F,I,A,A,H,-,C,C,0,,,,,Y,,A,01,0,1,0,0,0,0,0,0,0,"- ","- ",,,FRESNO,FRESNO,-119.79067993164062,36.703098297119141
81169792,2019,2020-01-22,1005,2019-12-31,1330,P765,SW,2,5,7,1005,0,0,0,,0,00G,"JENSEN AVE","41 (1)",0.00,,Y,A,-,Y,,,,,,,,,,N,4,0,1,2,A,-,12,21453,A,N,D,C,A,A,H,-,A,A,0,,,,,Y,,A,01,0,0,1,0,0,0,0,0,0,"- ","- ",36.706871032714844,-119.78266143798828,FRESNO,FRESNO,-119.78508758544922,36.706809997558594
81169794,2020,2020-01-22,1005,2020-01-07,2243,P1996,NORTH,2,5,7,1005,0,0,0,,0,,"PEACH AVE","ASHLAN AVE",62.00,S,N,A,-,N,,,,,,,,,,Y,4,0,1,2,A,-,01,23152,B,N,D,C,A,A,H,-,C,A,0,,,,,Y,Y,A,07,0,0,1,0,0,0,0,0,0,"- ","- ",36.794029235839844,-119.71807861328125,FRESNO,FRESNO,-119.71816253662109,36.793819427490234
81169799,2020,2020-01-22,1005,2020-01-18,0104,P1985,CE,6,5,7,1005,0,0,0,,0,00G,"BELMONT AVE","CLARK ST (W)",45.00,W,N,A,-,N,,,,,,,,,,N,3,0,2,3,A,-,01,23153,B,N,C,E,A,A,H,-,C,D,0,,,,,Y,Y,A,01,0,1,1,0,0,0,0,0,0,"- ","- ",36.750370025634766,-119.78585815429688,FRESNO,FRESNO,-119.78618621826172,36.750320434570312
81169802,2020,2020-01-22,1005,2020-01-21,1119,P1298,SE,2,5,7,1005,0,0,0,,0,"A / 21","CEDAR AVE","MCKINLEY AVE",15.00,N,N,A,-,N,,,,,,,,,,Y,4,0,2,2,A,-,03,22350,,N,C,C,A,A,H,-,A,A,0,,,,,Y,,A,01,0,0,2,0,0,0,0,0,0,"- ","- ",36.765110015869141,-119.75457763671875,FRESNO,FRESNO,-119.75453948974609,36.765220642089844
8117055,2016,2016-09-07,1015,2016-08-29,1109,N262,SELMA,1,5,3,1015,0,0,0,,0,004,"GOLDEN STATE BL","PARK ST",0.00,,Y,A,-,N,,,,,,,,,,N,4,0,2,2,A,-,09,21802,A,N,C,C,A,A,H,-,A,D,0,,,,,Y,,-,,0,0,2,0,0,0,0,0,0,"- ","- ",,,FRESNO,SELMA,-119.60656994,36.56129009
81170867,2019,2020-01-23,1005,2019-11-25,2230,P1672,SOUTH,1,5,7,1005,0,0,0,,0,"SW D","FRESNO ST","M ST",0.00,,Y,A,-,N,,,,,,,,,,N,4,0,2,2,A,-,12,21453,A,N,D,C,A,A,H,-,C,A,0,,,,,Y,,I,11,0,0,2,0,0,0,0,0,0,"- ","- ",36.736091613769531,-119.78707122802734,FRESNO,FRESNO,-119.78936004638672,36.738140106201172
81170870,2020,2020-01-23,1005,2020-01-18,1749,P742,2360,6,5,7,1005,0,0,0,,0,03A,"NORTH CEDAR","E FLORADORA",20.00,S,N,A,-,N,,,,,,,,,,N,4,0,2,2,A,-,04,21703,,N,C,C,A,A,H,-,C,D,0,,,,,Y,,D,22,0,0,2,0,0,0,0,0,0,"- ","- ",,,FRESNO,FRESNO,-119.75450897216797,36.761375427246094
81170873,2020,2020-01-23,1005,2020-01-22,1008,P1298,NW,3,5,7,1005,0,0,0,,0,2045,"FORESTIERE AVE","ROBINSON AVE",7.00,N,N,A,-,N,,,,,,,,,,N,4,0,1,2,A,-,09,21800,B,N,B,C,A,A,H,-,A,D,0,,,,,Y,,A,01,0,0,1,0,0,0,0,0,0,"- ","- ",36.785610198974609,-119.88368225097656,FRESNO,FRESNO,-119.88303375244141,36.785568237304688
81174765,2020,2020-01-28,1005,2020-01-03,0533,P1320,,5,5,7,1005,0,0,0,,0,,"HARRISON AVE","THOMAS AVE",50.00,S,N,A,-,Y,,,,,,,,,,N,3,0,1,2,-,-,"- ",,,F,G,B,E,A,H,-,C,D,0,Y,,,,Y,Y,-,"- ",0,1,0,0,1,0,0,0,0,"- ","- ",36.752128601074219,-119.810791015625,FRESNO,FRESNO,-119.81082153320312,36.752052307128906
81174766,2020,2020-01-28,1005,2020-01-14,1945,P1700,,2,5,7,1005,0,0,0,,0,,"WEST AVE","EMERSON AVE",0.00,,Y,A,-,N,,,,,,,,,,N,3,0,1,2,A,-,09,21801,A,N,A,C,A,A,H,-,C,A,0,,,,,Y,,A,01,0,1,0,0,0,0,0,0,0,"- ","- ",36.796489715576172,-119.82646942138672,FRESNO,FRESNO,-119.82676696777344,36.796489715576172
81174767,2020,2020-01-28,1005,2020-01-15,1249,P1673,,3,5,7,1005,0,0,0,,0,,"HERNDON AVE","41 HWY (1)",0.00,,Y,A,-,N,,,,,,,,,,N,4,0,1,2,A,-,12,21453,A,N,D,C,A,A,H,-,A,A,0,,,,,Y,,A,01,0,0,1,0,0,0,0,0,0,"- ","- ",36.837329864501953,-119.78439331054688,FRESNO,FRESNO,-119.78517913818359,36.837551116943359
81174771,2020,2020-01-28,1005,2020-01-22,1126,P1117,SW,3,5,7,1005,0,0,0,,0,00G,"CHERRY AVE","ANNADALE AVE",645.00,N,N,A,-,N,,,,,,,,,,Y,3,0,1,2,A,-,03,22350,,N,C,C,A,A,H,-,A,D,0,,,Y,,Y,,C,02,0,1,0,0,0,0,0,0,1,"- ","- ",36.699581146240234,-119.78175354003906,FRESNO,FRESNO,-119.78173828125,36.701339721679688
81174772,2020,2020-01-28,1005,2020-01-22,1650,P1986,SE,3,5,7,1005,0,0,0,,0,00G,"CLOVIS AVE","E HUNTINGTON AVE",155.00,S,N,B,-,N,,,,,,,,,,Y,3,0,1,3,A,-,03,22350,,N,C,C,A,A,H,-,A,D,0,,,,,Y,,A,01,0,1,0,0,0,0,0,0,0,"- ","- ",36.73876953125,-119.70130920410156,FRESNO,FRESNO,-119.7001953125,36.739475250244141
81176516,2020,2020-01-30,1005,2020-01-21,1200,P586,0858,2,5,7,1005,0,0,0,,0,04A,"FRIANT RD","SHEPHERD AVE",0.00,,Y,A,-,N,,,,,,,,,,Y,4,0,1,3,A,-,12,21453,A,N,D,C,A,A,H,-,A,A,0,,,,,Y,,A,01,0,0,1,0,0,0,0,0,0,"- ","- ",36.865650177001953,-119.77932739257812,FRESNO,FRESNO,-119.77964019775391,36.866291046142578
81176518,2020,2020-01-30,1005,2020-01-23,0740,P1066,SE,4,5,7,1005,0,0,0,,0,,"5130 E KINGS CANYON RD",HELM,0.00,,Y,B,-,N,,,,,,,,,,N,4,0,1,2,B,-,22,,,N,G,B,E,B,H,-,A,D,0,Y,,,,Y,,A,01,0,0,1,0,1,0,0,0,0,"- ","- ",,,FRESNO,FRESNO,,
81177306,2020,2020-01-31,1005,2020-01-11,1654,P1957,NE,6,5,7,1005,0,0,0,,0,00A,"WILLOW AVE","INTERNATIONAL AVE",15.00,N,N,A,-,N,,,,,,,,,,N,4,0,1,2,C,-,18,,,N,C,C,A,A,H,-,A,A,0,,,,,Y,,-,"- ",0,0,1,0,0,0,0,0,0,"- ","- ",36.887710571289062,-119.72942352294922,FRESNO,FRESNO,-119.73003387451172,36.888881683349609
81177307,2020,2020-01-31,1005,2020-01-25,1400,P1884,NORTH,6,5,7,1005,0,0,0,,0,00G,"CLINTON AVE","MILLBROOK AVE",0.00,,Y,A,-,N,,,,,,,,,,Y,4,0,1,2,A,-,03,22350,,N,A,C,A,A,H,-,A,A,0,,,,,Y,,A,01,0,0,1,0,0,0,0,0,0,"- ","- ",36.772369384765625,-119.76299285888672,FRESNO,FRESNO,-119.76296997070312,36.772300720214844
81178035,2019,2020-02-03,1005,2019-09-15,1732,P1963,CENTR,7,5,7,1005,0,0,0,,0,00A,"WEST AVE","ROBINSON AVE",0.00,,Y,A,-,N,,,,,,,,,,Y,3,0,2,2,A,-,08,22102,,N,D,C,A,A,H,-,A,D,0,,,,,Y,Y,A,01,0,1,1,0,0,0,0,0,0,"- ","- ",36.785758972167969,-119.82643890380859,FRESNO,FRESNO,-119.82650756835938,36.785678863525391
81178038,2020,2020-02-03,1005,2020-01-13,0817,P995,NORTH,1,5,7,1005,0,0,0,,0,,"FIRST ST","SHIELDS AVE",0.00,,Y,A,-,N,,,,,,,,,,N,4,0,2,2,A,-,12,21453,A,N,B,C,A,A,H,-,A,A,0,,,,,Y,,A,01,0,0,2,0,0,0,0,0,0,"- ","- ",36.778850555419922,-119.77330017089844,FRESNO,FRESNO,-119.77265930175781,36.779678344726562
81178043,2020,2020-02-03,1005,2020-01-28,0758,P1094,NORTH,2,5,7,1005,0,0,0,,0,00G,"ASHLAN AVE","WINERY AVE",0.00,,Y,A,-,N,,,,,,,,,,Y,4,0,1,2,A,-,12,21453,A,N,D,C,A,A,H,-,A,A,0,,,,,Y,,A,01,0,0,1,0,0,0,0,0,0,"- ","- ",36.793239593505859,-119.73222351074219,FRESNO,FRESNO,-119.73166656494141,36.794158935546875
81178044,2020,2020-02-03,1005,2020-01-30,1337,P1264,2,4,5,7,1005,0,0,0,,0,00E,"FRUIT AVE","DENNETT AVE",0.00,,Y,A,-,N,,,,,,,,,,N,2,0,1,2,A,-,00,21956,B,N,G,B,E,A,H,-,A,A,0,Y,,,,Y,,N,60,1,0,0,0,1,0,0,0,0,"- ","- ",36.755710601806641,-119.81755065917969,FRESNO,FRESNO,-119.81761169433594,36.755729675292969
81179232,2020,2020-02-04,1005,2020-02-02,1551,P1664,SE,7,5,7,1005,0,0,0,,0,00E,"CEDAR AVE","LIBERTY AVE",75.00,N,N,A,-,Y,,,,,,,,,,Y,3,0,2,2,A,-,04,21703,,N,C,C,A,A,H,-,A,D,0,,,,,Y,,A,01,0,2,0,0,0,0,0,0,0,"- ","- ",36.730438232421875,-119.75454711914062,FRESNO,FRESNO,-119.75481414794922,36.730617523193359
81179233,2020,2020-02-04,1005,2020-01-18,1600,P1988,2E,6,5,7,1005,0,0,0,,0,02E,"MCKINLEY AVE","WEST AVE",132.00,E,N,B,-,N,,,,,,,,,,N,4,0,1,2,-,-,"- ",,,F,H,G,A,A,H,-,A,D,0,,Y,,,Y,,-,"- ",0,0,1,0,0,0,1,0,0,"- ","- ",36.764690399169922,-119.82678985595703,FRESNO,FRESNO,-119.82637023925781,36.764720916748047
81179238,2020,2020-02-04,1005,2020-02-01,1531,P1632,SE,6,5,7,1005,0,0,0,,0,00C,"E OLIVE AVE","N FISHER ST",500.00,E,N,A,-,N,,,,,,,,,,N,3,0,2,2,A,-,08,22107,,N,D,D,A,A,H,-,A,D,0,,,,,Y,,B,01,0,1,1,0,0,0,0,0,0,"- ","- ",,,FRESNO,FRESNO,-119.76853179931641,36.757705688476562
81181161,2020,2020-02-06,1005,2020-01-11,1921,P1763,NORTH,6,5,7,1005,0,0,0,,0,,"N BLACKSTONE AVE","E ASHLAN AVE",86.00,N,N,A,-,N,,,,,,,,,,Y,4,0,2,3,A,-,08,22107,,N,C,C,E,A,H,-,C,A,0,Y,,,,Y,Y,D,72,0,0,2,0,1,0,0,0,0,"- ","- ",,,FRESNO,FRESNO,-119.79062652587891,36.794334411621094
81181164,2020,2020-02-06,1005,2020-01-27,1420,P1574,SOUTH,1,5,7,1005,0,0,0,,0,,"HAZELWOOD BLVD","FIRST ST",0.00,,Y,A,-,N,,,,,,,,,,N,4,0,1,2,A,-,09,21802,A,N,D,C,A,A,H,-,A,A,0,,,,,Y,,A,01,0,0,1,0,0,0,0,0,0,"- ","- ",36.733108520507812,-119.77249908447266,FRESNO,FRESNO,-119.77256011962891,36.733081817626953
81181165,2020,2020-02-06,1005,2020-01-30,1337,P864,FRESN,4,5,7,1005,0,0,0,,0,2257,"WELDON AVE","ORCHARD ST",271.00,W,N,A,-,N,,,,,,,,,,N,3,0,1,2,A,-,10,21952,,N,G,B,F,A,H,-,A,D,0,Y,,,,Y,Y,A,08,0,1,0,0,1,0,0,0,0,"- ","- ",36.768779754638672,-119.77481079101562,FRESNO,FRESNO,-119.77569580078125,36.768638610839844
81181166,2020,2020-02-06,1005,2020-01-31,0805,P1094,NORTH,5,5,7,1005,0,0,0,,0,00E,"ASHLAN AVE","BLACKSTONE AVE",0.00,,Y,A,-,N,,,,,,,,,,Y,4,0,2,3,A,-,12,21453,A,N,D,C,A,A,H,-,A,A,0,,,,,Y,,-,99,0,0,2,0,0,0,0,0,0,"- ","- ",36.794029235839844,-119.79054260253906,FRESNO,FRESNO,-119.79062652587891,36.794101715087891
81181167,2020,2020-02-06,1005,2020-01-31,1319,P1066,SE,5,5,7,1005,0,0,0,,0,,"VENTURA ST","FIRST ST",0.00,,Y,A,-,N,,,,,,,,,,Y,4,0,1,2,A,-,03,22350,,N,E,I,A,A,H,-,A,D,0,,,,,Y,,A,01,0,0,1,0,0,0,0,0,0,"- ","- ",36.735179901123047,-119.77381896972656,FRESNO,FRESNO,-119.77253723144531,36.735969543457031
81181170,2020,2020-02-06,1005,2020-02-04,1105,P1298,CE,2,5,7,1005,0,0,0,,0,2255,"CLINTON AVE","MAROA AVE",0.00,,Y,A,-,N,,,,,,,,,,Y,3,0,3,2,A,-,12,21453,A,N,D,C,A,A,H,-,A,A,0,,,,,Y,,A,01,0,1,2,0,0,0,0,0,0,"- ","- ",36.771690368652344,-119.80036926269531,FRESNO,FRESNO,-119.79959106445312,36.772201538085938
81182041,2020,2020-02-07,1005,2020-01-08,0802,P1771,3,3,5,7,1005,0,0,0,,0,00D,"FILLMORE AVE","RECREATION AVE (S)",0.00,,Y,B,-,N,,,,,,,,,,N,4,0,1,2,A,-,12,22450,A,N,D,C,A,A,H,-,A,A,0,,,,,Y,,A,01,0,0,1,0,0,0,0,0,0,"- ","- ",36.740440368652344,-119.73979187011719,FRESNO,FRESNO,-119.73860168457031,36.741588592529297