CASE_ID,ACCIDENT_YEAR,PROC_DATE,JURIS,COLLISION_DATE,COLLISION_TIME,OFFICER_ID,REPORTING_DISTRICT,DAY_OF_WEEK,CHP_SHIFT,POPULATION,CNTY_CITY_LOC,SPECIAL_COND,BEAT_TYPE,CHP_BEAT_TYPE,CITY_DIVISION_LAPD,CHP_BEAT_CLASS,BEAT_NUMBER,PRIMARY_RD,SECONDARY_RD,DISTANCE,DIRECTION,INTERSECTION,WEATHER_1,WEATHER_2,STATE_HWY_IND,CALTRANS_COUNTY,CALTRANS_DISTRICT,STATE_ROUTE,ROUTE_SUFFIX,POSTMILE_PREFIX,POSTMILE,LOCATION_TYPE,RAMP_INTERSECTION,SIDE_OF_HWY,TOW_AWAY,COLLISION_SEVERITY,NUMBER_KILLED,NUMBER_INJURED,PARTY_COUNT,PRIMARY_COLL_FACTOR,PCF_CODE_OF_VIOL,PCF_VIOL_CATEGORY,PCF_VIOLATION,PCF_VIOL_SUBSECTION,HIT_AND_RUN,TYPE_OF_COLLISION,MVIW,PED_ACTION,ROAD_SURFACE,ROAD_COND_1,ROAD_COND_2,LIGHTING,CONTROL_DEVICE,CHP_ROAD_TYPE,PEDESTRIAN_ACCIDENT,BICYCLE_ACCIDENT,MOTORCYCLE_ACCIDENT,TRUCK_ACCIDENT,NOT_PRIVATE_PROPERTY,ALCOHOL_INVOLVED,STWD_VEHTYPE_AT_FAULT,CHP_VEHTYPE_AT_FAULT,COUNT_SEVERE_INJ,COUNT_VISIBLE_INJ,COUNT_COMPLAINT_PAIN,COUNT_PED_KILLED,COUNT_PED_INJURED,COUNT_BICYCLIST_KILLED,COUNT_BICYCLIST_INJURED,COUNT_MC_KILLED,COUNT_MC_INJURED,PRIMARY_RAMP,SECONDARY_RAMP,LATITUDE,LONGITUDE,COUNTY,CITY,POINT_X,POINT_Y
8128940,2016,2017-02-18,1002,2016-05-09,0830,E1420,COALI,1,5,3,1002,0,0,0,,0,0CO,"WEST ELM AV","LUCILLE AV",268.00,N,N,A,-,Y,FRE,6,198,-,-,21.790,H,-,E,N,3,0,1,1,A,-,08,22107,,N,A,I,A,A,H,-,A,D,0,,,,,Y,,-,,0,1,0,0,0,0,0,0,0,"- ","- ",,,FRESNO,COALINGA,-120.36997641000001,36.129594079999997
81289953,2020,2020-08-21,1005,2020-08-19,1059,P874,1B,3,5,7,1005,0,0,0,,0,2557,"BELMONT AVE","ORCHARD ST",0.00,,Y,A,-,N,,,,,,,,,,Y,4,0,3,2,A,-,09,21802,A,N,D,C,A,A,H,-,A,A,0,,,,,Y,,A,01,0,0,3,0,0,0,0,0,0,"- ","- ",36.749748229980469,-119.77581024169922,FRESNO,FRESNO,-119.77487182617188,36.750461578369141
81290633,2020,2020-08-24,1005,2020-08-19,0913,P1306,NORTH,3,5,7,1005,0,0,0,,0,,"HERNDON AVE","MILBURN AVE",0.00,,Y,A,-,N,,,,,,,,,,Y,3,0,1,2,A,-,12,21453,A,N,D,C,A,A,H,-,A,A,0,,,,,Y,,A,01,0,1,0,0,0,0,0,0,0,"- ","- ",36.837131500244141,-119.87906646728516,FRESNO,FRESNO,-119.87908935546875,36.837150573730469
81290635,2020,2020-08-24,1005,2020-08-20,1513,P876,,4,5,7,1005,0,0,0,,0,,"MCKINLEY AVE","THESTA ST",36.00,E,N,A,-,N,,,,,,,,,,Y,4,0,1,3,A,-,03,22350,,N,C,C,A,A,H,-,B,A,0,,,,,Y,,A,01,0,0,1,0,0,0,0,0,0,"- ","- ",36.764991760253906,-119.78389739990234,FRESNO,FRESNO,-119.78366851806641,36.765018463134766
81290877,2020,2020-08-24,1005,2020-08-22,0900,P2012,NW,6,5,7,1005,0,0,0,,0,00G,"ASHLAN AVE","FELAND AVE",759.00,W,N,A,-,Y,,,,,,,,,,N,3,0,1,1,C,-,18,,,N,G,J,A,A,H,-,A,A,0,,,,,Y,,-,"- ",0,1,0,0,0,0,0,0,0,"- ","- ",36.793720245361328,-119.84828186035156,FRESNO,FRESNO,-119.85093688964844,36.793628692626953
81292548,2020,2020-08-26,1005,2020-08-04,1457,P1213,,2,5,7,1005,0,0,0,,0,,"ASHLAN AVE","ORCHARD ST",42.00,E,N,A,-,N,,,,,,,,,,Y,3,0,1,3,A,-,05,21650,A,N,A,C,A,A,H,-,A,A,0,,,,,Y,,A,01,0,1,0,0,0,0,0,0,0,"- ","- ",36.794139862060547,-119.77468872070312,FRESNO,FRESNO,-119.77444458007812,36.794120788574219
81292551,2020,2020-08-26,1005,2020-08-15,0213,P1821,CE,6,5,7,1005,0,0,0,,0,00A,"CLINTON AVE","WEBER AVE",0.00,,Y,A,-,N,,,,,,,,,,N,4,0,1,2,A,-,03,22350,,N,D,C,A,A,H,-,C,A,0,,,,,Y,,A,01,0,0,1,0,0,0,0,0,0,"- ","- ",36.771991729736328,-119.83408355712891,FRESNO,FRESNO,-119.8341064453125,36.771980285644531
81292556,2020,2020-08-26,1005,2020-08-17,1212,P1387,NW,1,5,7,1005,0,0,0,,0,00A,"VALENTINE AVE","HERNDON AVE",0.00,,Y,A,-,N,,,,,,,,,,Y,4,0,1,1,A,-,03,22350,,N,E,I,A,A,H,-,A,A,0,,,,,Y,,A,01,0,0,1,0,0,0,0,0,0,"- ","- ",36.837200164794922,-119.85331726074219,FRESNO,FRESNO,-119.85340118408203,36.837200164794922
81292558,2020,2020-08-26,1005,2020-08-18,0941,P1402,NORTH,2,5,7,1005,0,0,0,,0,00A,"RICE RD","FRIANT RD",111.00,W,N,A,-,N,,,,,,,,,,Y,3,0,1,1,A,-,03,22350,,N,E,I,A,A,H,-,A,D,0,,,Y,,Y,,C,02,0,1,0,0,0,0,0,0,1,"- ","- ",36.884479522705078,-119.77754974365234,FRESNO,FRESNO,-119.77802276611328,36.88446044921875
81292560,2020,2020-08-26,1005,2020-08-19,0956,P1402,CENTR,3,5,7,1005,0,0,0,,0,00B,"FIRST ST","HAMPTON WAY",0.00,,Y,A,-,N,,,,,,,,,,Y,4,0,1,2,A,-,09,21801,A,N,D,C,A,A,H,-,A,A,0,,,,,Y,,A,01,0,0,1,0,0,0,0,0,0,"- ","- ",36.792690277099609,-119.77227020263672,FRESNO,FRESNO,-119.77243041992188,36.792640686035156
81292562,2020,2020-08-26,1005,2020-08-20,1318,P1298,NE,4,5,7,1005,0,0,0,,0,"A  /  ","PERRIN AVE","STONERIDGE LN",83.00,S,N,B,-,N,,,,,,,,,,Y,2,0,1,1,A,-,08,22107,,N,E,I,A,A,H,-,A,D,0,,,,,Y,,A,01,1,0,0,0,0,0,0,0,0,"- ","- ",36.869991302490234,-119.76693725585938,FRESNO,FRESNO,-119.76707458496094,36.869831085205078
8129283,2016,2016-10-03,1013,2016-05-23,1515,M046,M160,1,5,3,1013,0,0,0,,0,001,"BETHEL AV","JENSEN AV",127.00,S,N,A,-,N,,,,,,,,,,N,4,0,1,2,A,-,12,22450,,N,C,C,A,A,H,-,A,D,0,,,,,Y,Y,A,01,0,0,1,0,0,0,0,0,0,"- ","- ",,,FRESNO,SANGER,-119.57428106,36.706421550000002
8129291,2016,2016-10-03,1013,2016-05-25,1310,M046,M350,3,5,3,1013,0,0,0,,0,003,"ACADEMY AV","NORTH AV",0.00,,Y,A,-,N,,,,,,,,,,Y,4,0,1,2,A,-,03,22350,,N,D,C,A,A,-,-,A,A,0,,,,,Y,Y,A,01,0,0,1,0,0,0,0,0,0,"- ","- ",,,FRESNO,SANGER,-119.55411995999999,36.692180039999997
8129331,2016,2016-10-03,1013,2016-06-30,0813,M046,M390,4,5,3,1013,0,0,0,,0,003,"NORTH AV","ACADEMY AV",0.00,,Y,A,-,N,,,,,,,,,,N,3,0,2,2,A,-,17,21451,A,N,D,C,A,A,H,-,A,A,0,,,,,Y,Y,D,22,0,1,1,0,0,0,0,0,0,"- ","- ",,,FRESNO,SANGER,-119.55411995999999,36.692180039999997
81293327,2020,2020-08-27,1005,2020-06-20,1911,P1108,CENTR,6,5,7,1005,0,0,0,,0,00C,"VASSAR AVE","WISHON AVE",420.00,W,N,A,-,N,,,,,,,,,,Y,3,0,1,3,B,-,22,,,N,H,A,A,A,H,-,A,D,0,,,,,Y,Y,A,07,0,1,0,0,0,0,0,0,0,"- ","- ",36.771308898925781,-119.80098724365234,FRESNO,FRESNO,-119.80250549316406,36.771286010742188
81293329,2020,2020-08-27,1005,2020-07-13,1724,P1168,FRESN,1,5,7,1005,0,0,0,,0,00D,"TULARE AVE","WILLOW AVE",0.00,,Y,A,-,Y,,,,,,,,,,Y,4,0,1,2,A,-,01,23153,A,F,D,C,A,A,H,-,A,A,0,,,,,Y,Y,A,01,0,0,1,0,0,0,0,0,0,"- ","- ",,,FRESNO,FRESNO,-119.72736358642578,36.743171691894531
81293330,2020,2020-08-27,1005,2020-07-19,0212,P1994,NW,7,5,7,1005,0,0,0,,0,00D,"BRAWLEY AVE","WEBER AVE",0.00,,Y,A,-,N,,,,,,,,,,Y,3,0,1,1,A,-,01,23152,A,N,E,I,A,A,H,-,D,D,0,,,,,Y,Y,A,01,0,1,0,0,0,0,0,0,0,"- ","- ",36.795150756835938,-119.86238861083984,FRESNO,FRESNO,-119.86225128173828,36.795028686523438
81293332,2020,2020-08-27,1005,2020-08-13,2257,P1957,NE,4,5,7,1005,0,0,0,,0,00C,"BLACKSTONE AVE","SIERRA AVE",0.00,,Y,A,-,N,,,,,,,,,,Y,4,0,1,2,A,-,01,23152,A,N,D,C,A,A,H,-,C,A,0,,,,,Y,Y,A,01,0,0,1,0,0,0,0,0,0,"- ","- ",36.830089569091797,-119.79013061523438,FRESNO,FRESNO,-119.79042053222656,36.83013916015625
81293333,2020,2020-08-27,1005,2020-08-25,2045,P1640,,2,5,7,1005,0,0,0,,0,,"PALM AVE","SHIELDS AVE",0.00,,Y,A,-,N,,,,,,,,,,Y,2,0,1,2,A,-,03,22350,,N,C,C,A,A,H,-,C,A,0,,,,,Y,Y,A,01,1,0,0,0,0,0,0,0,0,"- ","- ",36.779399871826172,-119.80863952636719,FRESNO,FRESNO,-119.80867004394531,36.77947998046875
81293334,2020,2020-08-27,1005,2020-08-26,1857,P2014,SOUTH,3,5,7,1005,0,0,0,,0,00C,"BELMONT AVE","SECOND ST (E)",1.00,E,N,A,-,N,,,,,,,,,,N,2,0,1,2,A,-,11,21954,A,N,G,B,D,A,H,-,A,D,0,Y,,,,Y,,N,60,1,0,0,0,1,0,0,0,0,"- ","- ",36.75054931640625,-119.77091979980469,FRESNO,FRESNO,-119.77133941650391,36.750518798828125
81295055,2020,2020-08-28,1005,2020-08-27,0816,P1066,SE,4,5,7,1005,0,0,0,,0,,"BELMONT AVE","ARMSTRONG AVE",0.00,,Y,A,-,N,,,,,,,,,,Y,4,0,1,2,A,-,09,21801,A,N,D,C,A,A,H,-,A,A,0,,,,,Y,,A,07,0,0,1,0,0,0,0,0,0,"- ","- ",36.749019622802734,-119.67408752441406,FRESNO,FRESNO,-119.67307281494141,36.750331878662109
81295575,2020,2020-08-31,1005,2020-08-18,2050,P1770,SOUTH,2,5,7,1005,0,0,0,,0,00E,"MAPLE AVE","CHURCH AVE",29.00,S,N,A,-,N,,,,,,,,,,N,3,0,1,2,A,-,11,21954,A,N,G,B,E,A,H,-,C,A,0,Y,,,,Y,Y,N,60,0,1,0,0,1,0,0,0,0,"- ","- ",36.713279724121094,-119.74712371826172,FRESNO,FRESNO,-119.74562835693359,36.714080810546875
81295756,2020,2020-08-31,1005,2020-08-26,1828,P1813,NORTH,3,5,7,1005,0,0,0,,0,00B,"MAPLE AVE","RICHMOND AVE",99.00,S,N,A,-,N,,,,,,,,,,N,2,0,1,2,A,-,08,22107,,N,D,D,A,A,H,-,A,A,0,,,Y,,Y,,-,35,1,0,0,0,0,0,0,0,1,"- ","- ",36.857940673828125,-119.74783325195312,FRESNO,FRESNO,-119.74777984619141,36.857639312744141
81295757,2020,2020-08-31,1005,2020-08-29,1354,P710,2759,6,5,7,1005,0,0,0,,0,00E,"VENTURA ST","CEDAR AVE",0.00,,Y,A,-,N,,,,,,,,,,N,4,0,1,2,A,-,03,22350,,M,C,C,A,A,H,-,A,A,0,,,,,Y,,A,07,0,0,1,0,0,0,0,0,0,"- ","- ",36.735889434814453,-119.75446319580078,FRESNO,FRESNO,-119.75459289550781,36.735939025878906
81296545,2020,2020-09-01,1005,2020-06-23,1835,P1976,SOUTW,2,5,7,1005,0,0,0,,0,00D,"3030 TULARE ST.","ORCHARD AV",90.00,E,N,A,-,N,,,,,,,,,,N,2,0,1,2,B,-,22,,,N,E,I,A,A,H,-,A,D,0,,,Y,,Y,,D,22,1,0,0,0,0,0,0,0,0,"- ","- ",,,FRESNO,FRESNO,-119.77440643310547,36.743217468261719
81296546,2020,2020-09-01,1005,2020-08-07,0700,P2004,SOUTH,5,5,7,1005,0,0,0,,0,00E,"E JENSEN AVE","S MAPLE AVE",0.00,,Y,A,-,N,,,,,,,,,,Y,4,0,1,2,A,-,03,22350,,N,D,C,A,A,H,-,A,A,0,,,,,Y,,A,01,0,0,1,0,0,0,0,0,0,"- ","- ",,,FRESNO,FRESNO,-119.74562072753906,36.706901550292969
81296549,2020,2020-09-01,1005,2020-08-26,1150,P1402,CE,3,5,7,1005,0,0,0,,0,00C,"SHIELDS AVE","HUGHES AVE",0.00,,Y,A,-,N,,,,,,,,,,Y,3,0,2,3,A,-,03,22350,,N,E,I,A,A,H,-,A,A,0,,,,,Y,,A,01,0,1,1,0,0,0,0,0,0,"- ","- ",36.779178619384766,-119.83554840087891,FRESNO,FRESNO,-119.83577728271484,36.779071807861328
81296551,2020,2020-09-01,1005,2020-08-28,1332,P1066,SE,5,5,7,1005,0,0,0,,0,,"CHESTNUT AVE","BURNS AVE",0.00,,Y,A,-,N,,,,,,,,,,Y,4,0,2,2,A,-,09,21801,A,N,D,C,A,A,H,-,A,A,0,,,,,Y,,A,01,0,0,2,0,0,0,0,0,0,"- ","- ",36.711429595947266,-119.73805236816406,FRESNO,FRESNO,-119.73665618896484,36.712329864501953
81296552,2020,2020-09-01,1005,2020-08-28,1518,P1387,NE,5,5,7,1005,0,0,0,,0,00D,"HERNDON AVE","CEDAR AVE",1520.00,E,N,A,-,N,,,,,,,,,,Y,3,0,1,2,A,-,07,21658,A,F,B,C,A,A,H,-,A,D,0,,,,,Y,Y,A,07,0,1,0,0,0,0,0,0,0,"- ","- ",36.837429046630859,-119.75409698486328,FRESNO,FRESNO,-119.74916839599609,36.837581634521484
81296553,2020,2020-09-01,1005,2020-08-28,1607,P1620,,5,5,7,1005,0,0,0,,0,00C,BROADWAY,"STANISLAUS ST",0.00,,Y,A,-,Y,,,,,,,,,,Y,4,0,1,2,A,-,12,21453,A,M,D,C,A,A,H,-,A,A,0,,,,,Y,Y,A,01,0,0,1,0,0,0,0,0,0,"- ","- ",36.738201141357422,-119.79662322998047,FRESNO,FRESNO,-119.79660034179688,36.7381591796875
81297306,2020,2020-09-02,1005,2020-08-26,1626,P876,SOUTH,3,5,7,1005,0,0,0,,0,,"CLINTON AVE","SUNNYSIDE AVE",0.00,,Y,A,-,N,,,,,,,,,,Y,4,0,1,2,A,-,09,21804,A,N,D,C,A,A,H,-,A,A,0,,,,,Y,,A,01,0,0,1,0,0,0,0,0,0,"- ","- ",36.772109985351562,-119.69191741943359,FRESNO,FRESNO,-119.69199371337891,36.772129058837891
81297307,2020,2020-09-02,1005,2020-08-27,1503,P876,CENTR,4,5,7,1005,0,0,0,,0,,"CLINTON AVE","ANGUS ST",0.00,,Y,A,-,N,,,,,,,,,,Y,4,0,2,3,A,-,09,21804,A,N,D,C,A,A,H,-,A,A,0,,,,,Y,,A,01,0,0,2,0,0,0,0,0,0,"- ","- ",36.772209167480469,-119.77709197998047,FRESNO,FRESNO,-119.77703857421875,36.772289276123047
81297309,2020,2020-09-02,1005,2020-08-30,2100,P1005,NW,7,5,7,1005,0,0,0,,0,00E,"SHAW AVE","PALM AVE",420.00,E,N,A,-,N,,,,,,,,,,Y,4,0,2,3,A,-,09,21804,A,N,C,C,A,A,H,-,C,A,0,,,,,Y,,A,01,0,0,2,0,0,0,0,0,0,"- ","- ",,,FRESNO,FRESNO,-119.80710601806641,36.808509826660156
81298096,2020,2020-09-03,1005,2020-08-06,1824,P1748,N/E,4,5,7,1005,0,0,0,,0,00A,"FRIANT RD","SHEPHERD AVE",0.00,,Y,A,-,N,,,,,,,,,,Y,3,0,2,2,A,-,12,21453,A,N,D,C,A,A,H,-,A,A,0,,,,,Y,,A,01,0,2,0,0,0,0,0,0,0,"- ","- ",36.865650177001953,-119.77932739257812,FRESNO,FRESNO,-119.77964019775391,36.866291046142578
81298103,2020,2020-09-03,1005,2020-08-23,0652,P1486,NE,7,5,7,1005,0,0,0,,0,00F,"SHAW AVE","168 FWY (1)",220.00,W,N,-,-,N,,,,,,,,,,Y,4,0,1,1,-,-,"- ",,,N,E,I,A,A,H,-,A,A,0,,,,,Y,Y,-,"- ",0,0,1,0,0,0,0,0,0,"- ","- ",36.808551788330078,-119.73226928710938,FRESNO,FRESNO,-119.73429107666016,36.807994842529297
81298107,2020,2020-09-03,1005,2020-08-28,1647,P1947,NORTH,5,5,7,1005,0,0,0,,0,00D,"W SHAW AVE","N BLYTHE AVE",0.00,,Y,A,-,N,,,,,,,,,,N,4,0,1,2,A,-,12,21453,A,N,D,C,A,A,H,-,A,A,0,,,,,Y,Y,A,01,0,0,1,0,0,0,0,0,0,"- ","- ",,,FRESNO,FRESNO,-119.87168121337891,36.808338165283203
81298108,2020,2020-09-03,1005,2020-08-29,1050,P772,SW,6,5,7,1005,0,0,0,,0,00A,"N PARKWAY DR","W WHITE AVE",0.00,,Y,A,-,N,,,,,,,,,,Y,3,0,1,2,A,-,08,22107,,N,D,C,A,A,H,-,A,D,0,,,,,Y,,-,99,0,1,0,0,0,0,0,0,0,"- ","- ",,,FRESNO,FRESNO,-119.82663726806641,36.751289367675781
81298111,2020,2020-09-03,1005,2020-09-01,0608,P401,FRESN,2,5,7,1005,0,0,0,,0,04E,"3161 E RIALTO","N FIRST ST",300.00,E,N,A,-,N,,,,,,,,,,Y,4,0,1,3,A,-,01,23152,G,N,A,E,A,A,H,-,C,D,0,,,,,Y,Y,A,01,0,0,1,0,0,0,0,0,0,"- ","- ",,,FRESNO,FRESNO,-119.77139282226562,36.803520202636719
81298827,2020,2020-09-04,1005,2020-08-25,0040,P1724,SOUTH,2,5,7,1005,0,0,0,,0,00B,"VAN NESS AVE","NEVADA AVE",0.00,,Y,A,-,N,,,,,,,,,,N,4,0,1,2,A,-,09,21802,A,N,D,C,A,A,H,-,C,A,0,,,,,Y,,A,01,0,0,1,0,0,0,0,0,0,"- ","- ",36.745891571044922,-119.79879760742188,FRESNO,FRESNO,-119.79889678955078,36.745800018310547
81298830,2020,2020-09-04,1005,2020-09-01,1315,P1620,SW,2,5,7,1005,0,0,0,,0,00B,"BELMONT AVE","FULTON ST",0.00,,Y,A,-,Y,,,,,,,,,,N,4,0,1,2,A,-,10,21950,A,N,G,B,D,A,H,-,A,A,0,Y,,,,Y,,A,01,0,0,1,0,1,0,0,0,0,"- ","- ",36.750389099121094,-119.80048370361328,FRESNO,FRESNO,-119.80036163330078,36.750431060791016
81299770,2020,2020-09-07,1005,2020-09-04,0600,P1891,SOUTH,5,5,7,1005,0,0,0,,0,00C,"CEDAR AVE","THOMAS AVE",225.00,N,N,A,-,N,,,,,,,,,,Y,3,0,1,2,-,-,"- ",,,N,D,C,A,A,H,-,A,A,0,,,,,Y,,-,"- ",0,1,0,0,0,0,0,0,0,"- ","- ",36.753181457519531,-119.75447845458984,FRESNO,FRESNO,-119.75453186035156,36.753803253173828
81299771,2020,2020-09-07,1005,2020-09-05,1806,P1653,SOUTH,6,5,7,1005,0,0,0,,0,00F,"1350 E ANNADALE AV","OF THE EAST CURB EDGE OF TUPMAN",60.00,E,N,A,-,N,,,,,,,,,,N,3,0,1,2,A,-,00,23103,B,F,G,B,F,A,H,-,A,D,0,Y,,,,Y,,-,99,0,1,0,0,1,0,0,0,0,"- ","- ",,,FRESNO,FRESNO,,
81299956,2020,2020-09-08,1005,2020-08-22,1645,P1916,SE,6,5,7,1005,0,0,0,,0,00G,"KINGS CANYON RD","BURGAN AVE",40.00,S,N,A,-,N,,,,,,,,,,Y,4,0,1,3,A,-,09,21801,A,N,B,C,A,A,H,-,A,A,0,,,,,Y,,A,01,0,0,1,0,0,0,0,0,0,"- ","- ",36.735610961914062,-119.6788330078125,FRESNO,FRESNO,-119.67758941650391,36.737018585205078
81299957,2020,2020-09-08,1005,2020-08-29,1354,P878,NW,6,5,7,1005,0,0,0,,0,00D,"N GATES","W SAN JOSE",0.00,,Y,A,-,N,,,,,,,,,,Y,3,0,1,2,A,-,09,21802,A,N,D,C,A,A,H,-,A,A,0,,,,,Y,,I,11,0,1,0,0,0,0,0,0,0,"- ","- ",,,FRESNO,FRESNO,-119.87201690673828,36.813159942626953
81301024,2020,2020-09-09,1005,2020-08-16,2018,P1972,NW,7,5,7,1005,0,0,0,,0,00F,"DAKOTA AVE","SELLAND AVE",294.00,E,N,A,-,N,,,,,,,,,,Y,2,0,1,1,A,-,01,23152,A,N,E,I,A,A,H,-,C,D,0,,,,,Y,Y,A,01,1,0,0,0,0,0,0,0,0,"- ","- ",36.786491394042969,-119.85650634765625,FRESNO,FRESNO,-119.85550689697266,36.786415100097656
81301030,2020,2020-09-09,1005,2020-09-02,1116,P586,1255,3,5,7,1005,0,0,0,,0,05B,"BLACKSTONE AVE","HERNDON AVE",100.00,N,N,A,-,N,,,,,,,,,,Y,4,0,1,2,A,-,01,23152,B,N,A,C,A,A,H,-,A,A,0,,,,,Y,Y,A,01,0,0,1,0,0,0,0,0,0,"- ","- ",36.836658477783203,-119.79032897949219,FRESNO,FRESNO,-119.79038238525391,36.837654113769531
81301032,2020,2020-09-09,1005,2020-09-03,1617,P1940,NW,4,5,7,1005,0,0,0,,0,00A,"HERNDON AVE","VAN NESS BLVD",760.00,W,N,A,-,N,,,,,,,,,,Y,2,0,2,3,A,-,01,23152,G,F,C,C,A,A,H,-,A,D,0,,,,,Y,Y,A,01,1,0,1,0,0,0,0,0,0,"- ","- ",36.836990356445312,-119.83544921875,FRESNO,FRESNO,-119.83796691894531,36.837329864501953
81301916,2020,2020-09-10,1005,2020-06-15,2243,P1759,CENTR,1,5,7,1005,0,0,0,,0,00B,"BLACKSTONE AVE","SAGINAW WAY",0.00,,Y,A,-,N,,,,,,,,,,N,3,0,1,2,A,-,11,21954,A,N,G,B,E,A,H,-,C,D,0,Y,,,,Y,,N,60,0,1,0,0,1,0,0,0,0,"- ","- ",36.788570404052734,-119.79061126708984,FRESNO,FRESNO,-119.79064178466797,36.788639068603516
81301919,2020,2020-09-10,1005,2020-08-13,0850,P1771,NE,4,5,7,1005,0,0,0,,0,00B,"BLACKSTONE AVE","HERNDON AVE",579.00,S,N,B,-,N,,,,,,,,,,N,2,0,4,6,A,-,01,23152,A,N,A,C,A,A,H,-,A,A,0,,,,,Y,,A,07,2,0,2,0,0,0,0,0,0,"- ","- ",36.837188720703125,-119.79029083251953,FRESNO,FRESNO,-119.79038238525391,36.835792541503906
81301922,2020,2020-09-10,1005,2020-09-03,1033,P1940,NORTH,4,5,7,1005,0,0,0,,0,BAKER,"INGRAM AVE",INGRAM,24.00,E,N,A,-,N,,,,,,,,,,N,4,0,1,2,A,-,03,22350,,F,C,C,A,A,H,-,A,A,0,,,,,Y,,-,99,0,0,1,0,0,0,0,0,0,"- ","- ",,,FRESNO,FRESNO,-119.80182647705078,36.851921081542969
81301926,2020,2020-09-10,1005,2020-09-08,0300,P876,CENTR,2,5,7,1005,0,0,0,,0,,"SANTA ANA AVE","GEARHART ST",158.00,W,N,A,-,N,,,,,,,,,,N,3,0,1,1,A,-,03,22350,,N,F,I,A,A,H,-,D,A,0,,,Y,,Y,,C,02,0,1,0,0,0,0,0,0,1,"- ","- ",36.804538726806641,-119.76210784912109,FRESNO,FRESNO,-119.76262664794922,36.804580688476562
81301927,2020,2020-09-10,1005,2020-09-08,1106,P967,5,2,5,7,1005,0,0,0,,0,,BARSTOW,GARFIELD,0.00,,Y,A,-,N,,,,,,,,,,Y,4,0,1,2,A,-,09,21804,A,N,D,C,A,A,H,-,A,A,0,,,,,Y,,A,01,0,0,1,0,0,0,0,0,0,"- ","- ",,,FRESNO,FRESNO,-119.92555236816406,36.815059661865234
81301928,2020,2020-09-10,1005,2020-09-08,1237,P874,2G,2,5,7,1005,0,0,0,,0,2356,"ABBY ST","TYLER AVE",69.00,S,N,A,-,N,,,,,,,,,,Y,3,0,1,2,A,-,07,21658,A,N,B,C,A,A,H,-,A,D,0,,,,,Y,,A,01,0,1,0,0,0,0,0,0,0,"- ","- ",36.754871368408203,-119.79026031494141,FRESNO,FRESNO,-119.78923797607422,36.755241394042969
81301929,2020,2020-09-10,1005,2020-09-09,0838,P586,1554,3,5,7,1005,0,0,0,,0,05E,"PALM AVE","BROWNING AVE",0.00,,Y,A,-,N,,,,,,,,,,Y,3,0,1,2,A,-,12,21453,A,F,D,C,A,A,H,-,A,A,0,,,,,Y,,D,22,0,1,0,0,0,0,0,0,0,"- ","- ",36.819190979003906,-119.80843353271484,FRESNO,FRESNO,-119.80844116210938,36.819229125976562
81301930,2020,2020-09-10,1005,2020-09-07,1933,P2014,,1,5,7,1005,0,0,0,,0,,"MCKINLEY AVE","SIERRA VISTA AVE",133.00,W,N,A,-,N,,,,,,,,,,Y,3,0,1,1,D,-,00,,,N,H,A,A,A,H,-,C,D,0,,,Y,,Y,,-,"- ",0,1,0,0,0,0,0,0,1,"- ","- ",36.765209197998047,-119.74098968505859,FRESNO,FRESNO,-119.74132537841797,36.765228271484375
81302621,2020,2020-09-11,1005,2020-09-03,1430,P1795,SOUTH,4,5,7,1005,0,0,0,,0,00C,"FIRST ST","HUNTINGTON BLVD (N)",0.00,,Y,A,-,Y,,,,,,,,,,Y,4,0,1,2,A,-,09,21801,A,N,A,C,A,A,H,-,A,A,0,,,,,Y,,A,01,0,0,1,0,0,0,0,0,0,"- ","- ",36.739391326904297,-119.77245330810547,FRESNO,FRESNO,-119.77245330810547,36.739288330078125
81302622,2020,2020-09-11,1005,2020-09-03,1936,P1831,CENTR,4,5,7,1005,0,0,0,,0,00G,"OLIVE AVE","WEBSTER AVE (1)",63.00,W,N,A,-,N,,,,,,,,,,Y,3,0,1,1,D,-,00,,,M,H,A,A,A,H,-,B,D,0,,,Y,,Y,,-,"- ",0,1,0,0,0,0,0,0,1,"- ","- ",36.756610870361328,-119.78823089599609,FRESNO,FRESNO,-119.78975677490234,36.757476806640625
81302624,2020,2020-09-11,1005,2020-09-05,2242,P864,FRESN,6,5,7,1005,0,0,0,,0,3162,"JENSEN AVE","CHESTNUT AVE",0.00,,Y,A,-,N,,,,,,,,,,Y,4,0,1,2,B,-,22,,,N,D,C,A,A,H,-,C,A,0,,,,,Y,,J,48,0,0,1,0,0,0,0,0,0,"- ","- ",36.706958770751953,-119.73648071289062,FRESNO,FRESNO,-119.73652648925781,36.70703125
81303361,2020,2020-09-14,1005,2020-08-28,2119,P1577,SOUTH,5,5,7,1005,0,0,0,,0,00G,"MAPLE AVE","ALTA AVE",39.00,W,N,A,-,N,,,,,,,,,,Y,4,0,1,2,A,-,08,22107,,N,B,C,A,A,H,-,C,D,0,,,,,Y,Y,A,01,0,0,1,0,0,0,0,0,0,"- ","- ",36.733100891113281,-119.74542236328125,FRESNO,FRESNO,-119.74546813964844,36.733139038085938
81303364,2020,2020-09-14,1005,2020-09-08,1054,P1620,SW,2,5,7,1005,0,0,0,,0,00G,"JENSEN AVE","41 (1)",0.00,,Y,A,-,Y,,,,,,,,,,Y,4,0,1,2,A,-,12,21453,A,N,D,C,A,A,H,-,A,A,0,,,,Y,Y,,F,55,0,0,1,0,0,0,0,0,0,"- ","- ",36.706871032714844,-119.78266143798828,FRESNO,FRESNO,-119.78508758544922,36.706809997558594
81303366,2020,2020-09-14,1005,2020-09-11,1051,P1066,SE,5,5,7,1005,0,0,0,,0,,"TULARE ST","WILLOW AVE",0.00,,Y,B,-,N,,,,,,,,,,Y,3,0,2,2,A,-,09,21801,A,N,A,C,A,A,H,-,A,A,0,,,,,Y,,A,01,0,1,1,0,0,0,0,0,0,"- ","- ",36.743240356445312,-119.72743225097656,FRESNO,FRESNO,-119.72736358642578,36.743171691894531