CASE_ID,ACCIDENT_YEAR,PROC_DATE,JURIS,COLLISION_DATE,COLLISION_TIME,OFFICER_ID,REPORTING_DISTRICT,DAY_OF_WEEK,CHP_SHIFT,POPULATION,CNTY_CITY_LOC,SPECIAL_COND,BEAT_TYPE,CHP_BEAT_TYPE,CITY_DIVISION_LAPD,CHP_BEAT_CLASS,BEAT_NUMBER,PRIMARY_RD,SECONDARY_RD,DISTANCE,DIRECTION,INTERSECTION,WEATHER_1,WEATHER_2,STATE_HWY_IND,CALTRANS_COUNTY,CALTRANS_DISTRICT,STATE_ROUTE,ROUTE_SUFFIX,POSTMILE_PREFIX,POSTMILE,LOCATION_TYPE,RAMP_INTERSECTION,SIDE_OF_HWY,TOW_AWAY,COLLISION_SEVERITY,NUMBER_KILLED,NUMBER_INJURED,PARTY_COUNT,PRIMARY_COLL_FACTOR,PCF_CODE_OF_VIOL,PCF_VIOL_CATEGORY,PCF_VIOLATION,PCF_VIOL_SUBSECTION,HIT_AND_RUN,TYPE_OF_COLLISION,MVIW,PED_ACTION,ROAD_SURFACE,ROAD_COND_1,ROAD_COND_2,LIGHTING,CONTROL_DEVICE,CHP_ROAD_TYPE,PEDESTRIAN_ACCIDENT,BICYCLE_ACCIDENT,MOTORCYCLE_ACCIDENT,TRUCK_ACCIDENT,NOT_PRIVATE_PROPERTY,ALCOHOL_INVOLVED,STWD_VEHTYPE_AT_FAULT,CHP_VEHTYPE_AT_FAULT,COUNT_SEVERE_INJ,COUNT_VISIBLE_INJ,COUNT_COMPLAINT_PAIN,COUNT_PED_KILLED,COUNT_PED_INJURED,COUNT_BICYCLIST_KILLED,COUNT_BICYCLIST_INJURED,COUNT_MC_KILLED,COUNT_MC_INJURED,PRIMARY_RAMP,SECONDARY_RAMP,LATITUDE,LONGITUDE,COUNTY,CITY,POINT_X,POINT_Y
81409568,2021,2021-02-17,1005,2021-02-15,1305,P876,SOUTH,1,5,7,1005,0,0,0,,0,,"STANISLAUS ST","N ST",0.00,,Y,A,-,N,,,,,,,,,,Y,4,0,4,2,A,-,09,21802,A,N,D,C,A,A,H,-,A,A,0,,,,,Y,,A,01,0,0,4,0,0,0,0,0,0,"- ","- ",36.741798400878906,-119.79148101806641,FRESNO,FRESNO,-119.79152679443359,36.741806030273438
8140975,2016,2016-10-11,1012,2016-09-22,1314,L114,REEDL,4,5,3,1012,0,0,0,,0,001,"MANNING AV","LAMP POST #197",33.00,S,N,A,-,N,,,,,,,,,,N,4,0,1,1,A,-,08,22107,,N,H,I,A,A,H,-,A,D,0,,,,,Y,,-,,0,0,1,0,0,0,0,0,0,"- ","- ",,,FRESNO,REEDLEY,,
8141052,2016,2016-11-14,1012,2016-09-15,1323,L055,REDLE,4,5,3,1012,0,0,0,,0,001,"I ST","13TH ST",0.00,,Y,A,-,N,,,,,,,,,,N,4,0,2,2,A,-,09,21801,A,N,C,C,A,A,H,-,A,A,0,,,,,Y,,-,,0,0,2,0,0,0,0,0,0,"- ","- ",,,FRESNO,REEDLEY,-119.45103998,36.592870060000003
81410530,2021,2021-02-18,1005,2021-01-24,1946,P1808,CE,7,5,7,1005,0,0,0,,0,00B,"FOUNTAIN WAY","MAROA AVE",294.00,E,N,A,-,N,,,,,,,,,,Y,3,0,3,2,A,-,01,23152,B,M,C,C,A,A,H,-,B,D,0,,,,,Y,Y,D,22,0,2,1,0,0,0,0,0,0,"- ","- ",36.781238555908203,-119.799560546875,FRESNO,FRESNO,-119.79856872558594,36.781269073486328
81410534,2021,2021-02-18,1005,2021-01-30,1514,P915,NORTH,6,5,7,1005,0,0,0,,0,00G,"GETTYSBURG AVE","MILLBROOK AVE",0.00,,Y,A,-,N,,,,,,,,,,Y,4,0,2,2,A,-,09,21801,A,N,A,C,A,A,H,-,A,A,0,,,,,Y,,A,01,0,0,2,0,0,0,0,0,0,"- ","- ",36.801311492919922,-119.76329040527344,FRESNO,FRESNO,-119.76346588134766,36.801189422607422
81410540,2021,2021-02-18,1005,2021-02-09,1207,P1110,NE,2,5,7,1005,0,0,0,,0,0858,"FRIANT RD","SHEPHERD AVE",0.00,,Y,A,-,N,,,,,,,,,,Y,4,0,1,2,A,-,12,21453,A,N,D,C,A,A,H,-,A,A,0,,,,,Y,,A,01,0,0,1,0,0,0,0,0,0,"- ","- ",36.866218566894531,-119.77957153320312,FRESNO,FRESNO,-119.77964019775391,36.866287231445312
81410545,2021,2021-02-18,1005,2021-02-11,1334,P1601,3,4,5,7,1005,0,0,0,,0,,"BUTLER AVE","GEARHART ST",6.00,E,N,A,-,N,,,,,,,,,,N,3,0,1,2,A,-,05,21650,1,N,D,G,A,A,H,-,A,A,0,,Y,,,Y,,L,04,0,1,0,0,0,0,1,0,0,"- ","- ",36.728691101074219,-119.76471710205078,FRESNO,FRESNO,-119.76474761962891,36.728649139404297
81410548,2021,2021-02-18,1005,2021-02-12,0800,P864,FRESN,5,5,7,1005,0,0,0,,0,2250,"CLINTON AVE","MARKS AVE",71.00,E,N,A,-,N,,,,,,,,,,N,3,0,1,3,A,-,03,22350,,N,D,C,A,A,H,-,A,A,0,,,,,Y,,A,01,0,1,0,0,0,0,0,0,0,"- ","- ",36.771881103515625,-119.84430694580078,FRESNO,FRESNO,-119.84415435791016,36.77191162109375
81410549,2021,2021-02-18,1005,2021-02-12,0958,P1117,NE,5,5,7,1005,0,0,0,,0,00C,"FIRST ST","BULLARD AVE",170.00,N,N,A,-,N,,,,,,,,,,N,4,0,1,2,A,-,03,22350,,N,C,C,A,A,H,-,A,D,0,,,,,Y,,A,01,0,0,1,0,0,0,0,0,0,"- ","- ",36.823070526123047,-119.77227020263672,FRESNO,FRESNO,-119.77236175537109,36.823436737060547
81410552,2021,2021-02-18,1005,2021-02-16,1310,P1264,2,2,5,7,1005,0,0,0,,0,00D,"BLACKSTONE AVE","WELDON AVE",0.00,,Y,A,-,N,,,,,,,,,,Y,4,0,1,2,A,-,12,21453,A,N,D,C,A,A,H,-,A,A,0,,,,,Y,,A,01,0,0,1,0,0,0,0,0,0,"- ","- ",36.768669128417969,-119.79064178466797,FRESNO,FRESNO,-119.7906494140625,36.768688201904297
8141068,2016,2016-10-10,1012,2016-09-12,1837,L069,REDLE,1,5,3,1012,0,0,0,,0,001,"I ST","7TH ST",65.00,S,N,A,-,N,,,,,,,,,,N,3,0,1,2,A,-,09,21804,A,N,C,G,A,A,H,-,A,D,0,,Y,,,Y,Y,L,04,0,1,0,0,0,0,1,0,0,"- ","- ",,,FRESNO,REEDLEY,-119.45716507,36.598745229999999
8141107,2016,2016-10-10,1012,2016-09-26,0753,L008,REEDL,1,5,3,1012,0,0,0,,0,0RE,"10TH ST","G ST",13.00,W,N,A,-,N,,,,,,,,,,N,2,0,1,2,A,-,11,21950,B,N,G,G,A,A,H,-,A,A,0,,Y,,,Y,,-,"- ",1,0,0,0,0,0,1,0,0,"- ","- ",,,FRESNO,REEDLEY,-119.45192461000001,36.597317779999997
81412020,2021,2021-02-22,1005,2021-01-24,1800,P1936,SOUTH,7,5,7,1005,0,0,0,,0,00F,"CHESTNUT AVE","CHURCH AVE",30.00,S,N,C,-,N,,,,,,,,,,Y,4,0,2,3,A,-,03,22350,,N,C,C,A,B,H,-,D,A,0,,,,Y,Y,Y,A,01,0,0,2,0,0,0,0,0,0,"- ","- ",36.714149475097656,-119.73651123046875,FRESNO,FRESNO,-119.73664093017578,36.714096069335938
81412032,2021,2021-02-22,1005,2021-02-17,0926,P876,,3,5,7,1005,0,0,0,,0,,"ABBY ST","WHITE AVE",0.00,,Y,A,-,N,,,,,,,,,,Y,4,0,1,2,A,-,12,21453,A,N,D,C,A,A,H,-,A,A,0,,,,,Y,,A,01,0,0,1,0,0,0,0,0,0,"- ","- ",36.750530242919922,-119.79039764404297,FRESNO,FRESNO,-119.78935241699219,36.751087188720703
81412122,2021,2021-02-22,1005,2021-02-19,1312,P1264,2,5,5,7,1005,0,0,0,,0,00C,"PALM AVE","BROWN AVE",30.00,S,N,A,-,N,,,,,,,,,,Y,3,0,1,1,A,-,05,21650,,N,E,I,A,A,H,-,A,D,0,,,,,Y,,A,01,0,1,0,0,0,0,0,0,0,"- ","- ",36.774421691894531,-119.80940246582031,FRESNO,FRESNO,-119.80864715576172,36.774776458740234
8141274,2016,2016-11-14,1001,2016-09-17,1853,5668,,6,5,5,1001,0,0,0,,0,002,"SHAW AV","STANFORD AV",605.00,W,N,A,-,N,,,,,,,,,,Y,4,0,1,2,A,-,01,23152,A,N,D,C,A,A,H,-,A,D,0,,,,,Y,Y,A,01,0,0,1,0,0,0,0,0,0,"- ","- ",36.808520000000001,-119.68206000000001,FRESNO,CLOVIS,-119.68857509,36.80867044
8141307,2016,2016-10-11,1001,2016-09-22,1053,5145,,4,5,5,1001,0,0,0,,0,001,"W GETTYSBURG AV","HELM AV",0.00,,Y,A,-,N,,,,,,,,,,Y,4,0,1,2,A,-,12,22450,A,N,D,C,A,A,H,-,A,A,0,,,,,Y,,A,01,0,0,1,0,0,0,0,0,0,"- ","- ",,,FRESNO,CLOVIS,-119.72269989999999,36.801220030000003
8141311,2016,2016-10-11,1001,2016-09-30,1145,5277,,5,5,5,1001,0,0,0,,0,007,"SHEPHERD AV","TEMPERANCE AV",0.00,,Y,A,-,N,,,,,,,,,,Y,3,0,3,2,A,-,09,21801,A,N,D,C,A,A,H,-,A,D,0,,,,,Y,,A,01,0,2,1,0,0,0,0,0,0,"- ","- ",,,FRESNO,CLOVIS,-119.66601989,36.866410109999997
81413200,2021,2021-02-23,1005,2021-01-30,1702,P1769,CENTR,6,5,7,1005,0,0,0,,0,00D,"BLACKSTONE AVE","CORNELL AVE",15.00,N,N,A,-,N,,,,,,,,,,N,4,0,1,2,-,-,"- ",,,N,D,C,A,A,H,-,A,D,0,,,,,Y,,-,"- ",0,0,1,0,0,0,0,0,0,"- ","- ",36.777740478515625,-119.79052734375,FRESNO,FRESNO,-119.7906494140625,36.777759552001953
8141342,2016,2016-12-08,1008,2016-09-19,1810,J708,KINGS,1,5,2,1008,0,0,0,,0,0KI,"18TH AV","WINTER ST",9.00,S,N,A,-,N,,,,,,,,,,N,3,0,1,2,A,-,08,22107,,N,C,E,A,A,H,-,A,D,0,,,,,Y,,-,,0,1,0,0,0,0,0,0,0,"- ","- ",,,FRESNO,KINGSBURG,-119.54788000000001,36.521875299999998
8141346,2016,2016-10-11,1008,2016-09-19,1520,J168,KINGS,1,5,2,1008,0,0,0,,0,0KI,"SIERRA ST","SIMPSON ST",0.00,,Y,A,-,N,,,,,,,,,,N,4,0,1,2,A,-,04,21703,,N,C,C,A,A,H,-,A,A,0,,,,,Y,,-,,0,0,1,0,0,0,0,0,0,"- ","- ",,,FRESNO,KINGSBURG,-119.55899992000001,36.517890039999997
8141350,2016,2016-10-11,1008,2016-09-16,0754,J264,,5,5,2,1008,0,0,0,,0,0KI,"UNION ST","16TH AV",0.00,,Y,A,-,N,,,,,,,,,,Y,4,0,1,2,A,-,09,21800,A,N,C,C,A,B,H,-,A,D,0,,,,,Y,,-,,0,0,1,0,0,0,0,0,0,"- ","- ",,,FRESNO,KINGSBURG,-119.55006997,36.520020090000003
8141354,2016,2016-10-11,1008,2016-09-29,1424,J264,KINGS,4,5,2,1008,0,0,0,,0,0KI,"S BETHEL AV","E MOUNTAIN VIEW AV",500.00,S,N,A,-,N,,,,,,,,,,Y,4,0,2,3,A,-,03,22350,,N,C,C,A,-,H,-,A,A,0,,,,,Y,,I,10,0,0,2,0,0,0,0,0,0,"- ","- ",,,FRESNO,KINGSBURG,-119.57515574999999,36.545507749999999
81414049,2021,2021-02-24,1005,2021-01-01,0650,P1913,CE,5,5,7,1005,0,0,0,,0,00F,"OLIVE AVE","VAN NESS AVE",15.00,E,N,A,-,N,,,,,,,,,,Y,2,0,1,2,A,-,01,23152,A,N,C,C,A,A,H,-,A,A,0,,,,,Y,Y,A,01,1,0,0,0,0,0,0,0,0,"- ","- ",36.757671356201172,-119.79891967773438,FRESNO,FRESNO,-119.79883575439453,36.757678985595703
81414052,2021,2021-02-24,1005,2021-02-03,1540,P1754,NORTH,3,5,7,1005,0,0,0,,0,00F,"DEWEY AVE","GARLAND AVE",0.00,,Y,A,-,Y,,,,,,,,,,Y,4,0,1,2,A,-,11,21954,A,M,G,B,E,A,E,G,A,D,0,Y,,,,Y,,N,60,0,0,1,0,1,0,0,0,0,"- ","- ",36.784908294677734,-119.85726165771484,FRESNO,FRESNO,-119.85723876953125,36.784816741943359
81414059,2021,2021-02-24,1005,2021-02-12,1456,P1601,3,5,5,7,1005,0,0,0,,0,,"CEDAR AVE","ILLINOIS AVE",43.00,S,N,A,-,N,,,,,,,,,,Y,3,0,2,2,A,-,09,21801,A,N,D,C,A,A,H,-,A,A,0,,,,,Y,,A,01,0,1,1,0,0,0,0,0,0,"- ","- ",36.745079040527344,-119.75450897216797,FRESNO,FRESNO,-119.75449371337891,36.744911193847656
81414067,2021,2021-02-24,1005,2021-02-19,1549,P1094,NORTH,5,5,7,1005,0,0,0,,0,00F,"CLINTON AVE","99 HWY",0.00,,Y,A,-,N,,,,,,,,,,Y,4,0,1,3,A,-,03,22350,,N,C,C,A,A,H,-,A,A,0,,,,,Y,,A,01,0,0,1,0,0,0,0,0,0,"- ","- ",36.771949768066406,-119.83786773681641,FRESNO,FRESNO,-119.837868,36.771949999999997
81414070,2021,2021-02-24,1005,2021-02-23,1905,P2022,SE,2,5,7,1005,0,0,0,,0,,"WILLOW AVE","KINGS CANYON RD",0.00,,Y,A,-,N,,,,,,,,,,N,3,0,1,2,A,-,11,21954,A,N,G,B,D,A,H,-,C,D,0,Y,,,,Y,Y,N,60,0,1,0,0,1,0,0,0,0,"- ","- ",36.735988616943359,-119.72754669189453,FRESNO,FRESNO,-119.72740173339844,36.735958099365234
81414855,2021,2021-02-25,1005,2021-02-05,1739,P1911,NORTH,5,5,7,1005,0,0,0,,0,00A,"SANTA FE AVE","BLYTHE AVE",0.00,,Y,A,-,Y,,,,,,,,,,Y,4,0,1,2,A,-,09,21800,A,N,D,C,A,A,H,-,B,A,0,,,,,Y,,A,01,0,0,1,0,0,0,0,0,0,"- ","- ",,,FRESNO,FRESNO,-119.87239837646484,36.828655242919922
81414856,2021,2021-02-25,1005,2021-02-12,1412,P586,2657,5,5,7,1005,0,0,0,,0,01D,"R ST","TULARE ST",15.00,N,N,A,-,N,,,,,,,,,,N,4,0,1,2,A,-,21,22106,,N,C,C,A,A,H,-,A,A,0,,,,,Y,,A,01,0,0,1,0,0,0,0,0,0,"- ","- ",36.739669799804688,-119.78192901611328,FRESNO,FRESNO,-119.78193664550781,36.739719390869141
81414857,2021,2021-02-25,1005,2021-02-17,1037,P864,FRESN,3,5,7,1005,0,0,0,,0,1445,"BULLARD AVE","TRACY AVE",0.00,,Y,A,-,N,,,,,,,,,,N,3,0,1,2,A,-,21,22106,,N,G,B,E,A,H,-,A,A,0,Y,,,,Y,,D,22,0,1,0,0,1,0,0,0,0,"- ","- ",36.822170257568359,-119.87272644042969,FRESNO,FRESNO,-119.87272644042969,36.822212219238281
81414859,2021,2021-02-25,1005,2021-02-21,1521,P1264,3,7,5,7,1005,0,0,0,,0,00G,"CLOVIS AVE","CHURCH AVE",0.00,,Y,A,-,N,,,,,,,,,,Y,4,0,3,3,A,-,12,21453,A,N,D,C,A,A,H,-,A,A,0,,,,,Y,,D,22,0,0,3,0,0,0,0,0,0,"- ","- ",36.713741302490234,-119.70137023925781,FRESNO,FRESNO,-119.70005035400391,36.714870452880859
8141612,2016,2016-10-12,1001,2016-10-01,1528,5509,,6,5,5,1001,0,0,0,,0,005,"CLOVIS AV","4TH ST",0.00,,Y,A,-,N,,,,,,,,,,N,4,0,1,3,A,-,03,22350,,N,C,C,A,A,H,-,A,A,0,,,,,Y,,A,01,0,0,1,0,0,0,0,0,0,"- ","- ",36.82526,-119.70063,FRESNO,CLOVIS,-119.70066991,36.825260010000001
81417434,2020,2021-03-01,1005,2020-12-27,0746,P1856,CE,7,5,7,1005,0,0,0,,0,00D,"FRESNO ST","MICHIGAN AVE",54.00,N,N,B,-,N,,,,,,,,,,Y,2,0,3,3,A,-,07,21658,A,N,C,E,A,A,H,-,A,D,0,,,,,Y,,-,"- ",3,0,0,0,0,0,0,0,0,"- ","- ",,,FRESNO,FRESNO,-119.78153228759766,36.776947021484375
81417435,2021,2021-03-01,1005,2021-01-15,0555,P1590,SOUTH,5,5,7,1005,0,0,0,,0,00E,"NORTH AVE","MAPLE AVE",587.00,W,N,A,-,N,,,,,,,,,,Y,4,0,1,3,A,-,03,22350,,F,C,C,A,A,H,-,D,D,0,,,,,Y,,A,01,0,0,1,0,0,0,0,0,0,"- ","- ",36.692420959472656,-119.74552154541016,FRESNO,FRESNO,-119.74765014648438,36.692440032958984
81417436,2021,2021-03-01,1005,2021-01-20,2030,P2020,NW,3,5,7,1005,0,0,0,,0,00F,"CLINTON AVE","MILBURN AVE",18.00,E,N,A,-,N,,,,,,,,,,Y,2,0,1,2,A,-,17,21100,3,N,D,C,A,A,H,-,B,D,0,,,Y,,Y,,A,01,1,0,0,0,0,0,0,0,0,"- ","- ",36.771701812744141,-119.87580871582031,FRESNO,FRESNO,-119.87571716308594,36.77178955078125
81417441,2021,2021-03-01,1005,2021-02-08,1753,P2019,SE,1,5,7,1005,0,0,0,,0,00C,"N SIXTH ST","E ILLINOIS AVE",12.00,N,N,A,-,N,,,,,,,,,,N,4,0,1,2,A,-,09,21802,A,F,D,G,A,A,H,-,B,A,0,,Y,,,Y,,D,22,0,0,1,0,0,0,1,0,0,"- ","- ",,,FRESNO,FRESNO,-119.76435089111328,36.745021820068359
81417444,2021,2021-03-01,1005,2021-02-12,2016,P1853,NORTH,5,5,7,1005,0,0,0,,0,00E,"BLACKSTONE AVE","ASHLAN AVE",0.00,,Y,A,-,Y,,,,,,,,,,Y,3,0,1,2,A,-,08,22107,,N,-,C,A,A,H,-,C,A,0,,,,,Y,,A,01,0,1,0,0,0,0,0,0,0,"- ","- ",36.794029235839844,-119.79054260253906,FRESNO,FRESNO,-119.79062652587891,36.794097900390625
81417446,2021,2021-03-01,1005,2021-02-15,1446,P1117,NE,1,5,7,1005,0,0,0,,0,,"659 E NEES AVE",NEES,296.00,S,N,A,-,Y,,,,,,,,,,Y,3,0,2,3,C,-,18,,,N,G,B,F,A,H,-,A,D,0,Y,,,,Y,,-,"- ",0,1,1,0,1,0,0,0,0,"- ","- ",,,FRESNO,FRESNO,-119.79094696044922,36.851772308349609
81417449,2021,2021-03-01,1005,2021-02-19,0025,P2023,NORTH,5,5,7,1005,0,0,0,,0,00G,"CEDAR AVE","HAMPTON WAY",0.00,,Y,A,-,N,,,,,,,,,,Y,2,0,1,2,A,-,11,21956,A,N,G,B,D,A,H,-,C,D,0,Y,,,,Y,,N,60,1,0,0,0,1,0,0,0,0,"- ","- ",36.792251586914062,-119.75422668457031,FRESNO,FRESNO,-119.75450134277344,36.792331695556641
81417453,2021,2021-03-01,1005,2021-02-21,2157,P1868,SOUTH,7,5,7,1005,0,0,0,,0,00A,"MARKS AVE","OLIVE AVE",924.00,S,N,A,-,N,,,,,,,,,,N,4,0,1,2,A,-,09,21804,A,N,D,C,A,A,H,-,C,D,0,,,Y,,Y,,A,01,0,0,1,0,0,0,0,0,1,"- ","- ",36.757369995117188,-119.84439849853516,FRESNO,FRESNO,-119.84431457519531,36.754894256591797
81417454,2021,2021-03-01,1005,2021-02-23,1546,P876,SOUTH,2,5,7,1005,0,0,0,,0,,"BELMONT AVE","FIRST ST",48.00,W,N,A,-,N,,,,,,,,,,Y,3,0,1,2,A,-,03,22350,,M,B,C,A,A,H,-,A,A,0,,,Y,,Y,,C,02,0,1,0,0,0,0,0,0,1,"- ","- ",36.749748229980469,-119.77356719970703,FRESNO,FRESNO,-119.77274322509766,36.750354766845703
81417458,2021,2021-03-01,1005,2021-02-24,1607,P876,CENTR,3,5,7,1005,0,0,0,,0,,"FRESNO ST","PRINCETON AVE",0.00,,Y,A,-,N,,,,,,,,,,N,3,0,1,2,A,-,10,21950,A,N,G,B,B,A,H,-,A,A,0,Y,,,,Y,,A,01,0,1,0,0,1,0,0,0,0,"- ","- ",36.775848388671875,-119.78154754638672,FRESNO,FRESNO,-119.78153228759766,36.775897979736328
81419450,2021,2021-03-03,1005,2021-01-30,0621,P2018,NE,6,5,7,1005,0,0,0,,0,00G,"FIRST ST","SHIELDS AVE",0.00,,Y,A,-,N,,,,,,,,,,Y,4,0,2,3,A,-,12,21453,A,N,A,C,A,A,H,-,A,A,0,,,,,Y,,A,01,0,0,2,0,0,0,0,0,0,"- ","- ",36.779598236083984,-119.77262878417969,FRESNO,FRESNO,-119.77265930175781,36.779563903808594
81419455,2021,2021-03-03,1005,2021-02-13,1440,P1179,CENTR,6,5,7,1005,0,0,0,,0,00C,"MCKINLEY AVE","TEILMAN AVE",0.00,,Y,A,-,Y,,,,,,,,,,Y,4,0,1,2,A,-,08,22107,,N,D,C,A,A,H,-,A,D,0,,,,,Y,,A,01,0,0,1,0,0,0,0,0,0,"- ","- ",36.764701843261719,-119.82225036621094,FRESNO,FRESNO,-119.82218933105469,36.764747619628906
81419461,2021,2021-03-03,1005,2021-02-24,0839,P864,FRESN,3,5,7,1005,0,0,0,,0,1950,"MARKS AVE","ASHLAN AVE",67.00,S,N,A,-,N,,,,,,,,,,Y,4,0,1,2,A,-,09,21804,A,N,D,C,A,A,H,-,A,D,0,,,,,Y,,A,01,0,0,1,0,0,0,0,0,0,"- ","- ",36.793491363525391,-119.84485626220703,FRESNO,FRESNO,-119.84430694580078,36.793464660644531
81419468,2021,2021-03-03,1005,2021-02-24,1338,P1601,4,3,5,7,1005,0,0,0,,0,,"SHIELDS AVE","FIRST ST",35.00,W,N,A,-,N,,,,,,,,,,N,4,0,1,2,A,-,03,22350,,N,C,C,A,A,H,-,A,A,0,,,,,Y,,A,01,0,0,1,0,0,0,0,0,0,"- ","- ",36.779598236083984,-119.77262878417969,FRESNO,FRESNO,-119.77278137207031,36.779560089111328
81419471,2021,2021-03-03,1005,2021-02-27,1815,P1005,NORTH,6,5,7,1005,0,0,0,,0,,"BRAWLEY AVE","PALO ALTO AVE",0.00,,Y,A,-,N,,,,,,,,,,Y,4,0,2,2,A,-,09,21802,A,N,D,C,A,A,H,-,C,A,0,,,,,Y,,A,01,0,0,2,0,0,0,0,0,0,"- ","- ",36.833461761474609,-119.86255645751953,FRESNO,FRESNO,-119.86248016357422,36.833526611328125
81421078,2021,2021-03-05,1005,2021-02-19,1333,P1298,SW,5,5,7,1005,0,0,0,,0,"D / 26","STANISLAUS ST","VAN NESS AVE",0.00,,Y,A,-,N,,,,,,,,,,Y,4,0,2,2,A,-,12,21453,A,N,D,C,A,A,H,-,A,A,0,,,,,Y,,A,01,0,0,2,0,0,0,0,0,0,"- ","- ",36.739028930664062,-119.79580688476562,FRESNO,FRESNO,-119.79457855224609,36.739593505859375
81421080,2021,2021-03-05,1005,2021-02-21,1321,P1391,NORTH,7,5,7,1005,0,0,0,,0,00A,"N FRIANT RD","E SHEPHERD AVE",0.00,,Y,A,-,N,,,,,,,,,,N,4,0,2,3,A,-,12,21453,A,N,D,C,A,A,H,-,A,A,0,,,,,Y,,A,01,0,0,2,0,0,0,0,0,0,"- ","- ",,,FRESNO,FRESNO,-119.77964019775391,36.866287231445312
81421743,2021,2021-03-08,1005,2021-02-25,2301,P2023,NORTH,4,5,7,1005,0,0,0,,0,00G,"BARTON AVE","SWIFT AVE",0.00,,Y,A,-,N,,,,,,,,,,N,3,0,1,2,A,-,00,23103,,N,B,E,A,A,H,-,C,D,0,,,,,Y,,A,01,0,1,0,0,0,0,0,0,0,"- ","- ",36.795978546142578,-119.74980163574219,FRESNO,FRESNO,-119.74976348876953,36.7958984375
81421745,2021,2021-03-08,1005,2021-03-04,1440,P1387,NE,4,5,7,1005,0,0,0,,0,00G,"CEDAR AVE","DAKOTA AVE",45.00,N,N,A,-,N,,,,,,,,,,Y,4,0,2,2,A,-,01,23152,A,N,C,C,A,A,H,-,A,A,0,,,,,Y,Y,A,01,0,0,2,0,0,0,0,0,0,"- ","- ",36.786811828613281,-119.75431060791016,FRESNO,FRESNO,-119.75441741943359,36.787002563476562
81421862,2021,2021-03-08,1005,2021-02-11,1916,P1780,NORTH,4,5,7,1005,0,0,0,,0,00E,"W BULLARD AVE","MARKS AVE",0.00,,Y,A,-,N,,,,,,,,,,Y,4,0,1,4,A,-,01,23152,F,N,B,C,A,A,H,-,C,A,0,,,,,Y,,A,01,0,0,1,0,0,0,0,0,0,"- ","- ",36.822708129882812,-119.84433746337891,FRESNO,FRESNO,-119.844482421875,36.822673797607422
81421863,2021,2021-03-08,1005,2021-02-24,1245,P1110,NE,3,5,7,1005,0,0,0,,0,1760,"SHAW AVE","MAPLE AVE",0.00,,Y,A,-,N,,,,,,,,,,Y,3,0,1,2,A,-,03,22350,,N,C,C,A,A,H,-,A,A,0,,,Y,,Y,,C,02,0,1,0,0,0,0,0,0,1,"- ","- ",36.808650970458984,-119.74517059326172,FRESNO,FRESNO,-119.74523162841797,36.808498382568359
81421864,2021,2021-03-08,1005,2021-03-04,1813,P1829,NW,4,5,7,1005,0,0,0,,0,00G,"ASHLAN AVE","VALENTINE AVE",0.00,,Y,A,-,N,,,,,,,,,,Y,4,0,1,2,A,-,12,21453,A,N,D,C,A,A,H,-,C,A,0,,,,,Y,,A,01,0,0,1,0,0,0,0,0,0,"- ","- ",36.793750762939453,-119.85321044921875,FRESNO,FRESNO,-119.85334014892578,36.79376220703125
8142324,2016,2017-02-06,1001,2016-09-23,1958,5601,,5,5,5,1001,0,0,0,,0,006,"SHEPHERD AV",MINNEWAWA,0.00,,Y,A,-,N,,,,,,,,,,Y,4,0,2,2,A,-,12,22450,A,N,D,C,A,-,H,-,C,A,0,,,,,Y,,A,01,0,0,2,0,0,0,0,0,0,"- ","- ",36.866619999999998,-119.7111,FRESNO,CLOVIS,-119.71119998,36.866580020000001
81424807,2021,2021-03-11,1005,2021-01-25,2017,P1184,NW,1,5,7,1005,0,0,0,,0,00B,"PALM AVE","PINEDALE AVE (N)",200.00,N,N,A,-,Y,,,,,,,,,,Y,2,0,1,2,A,-,01,23152,A,N,A,C,A,A,H,-,C,D,0,,,,,Y,Y,A,01,1,0,0,0,0,0,0,0,0,"- ","- ",36.846088409423828,-119.80844116210938,FRESNO,FRESNO,-119.80870819091797,36.844337463378906
81424813,2021,2021-03-11,1005,2021-01-30,1500,P1936,CENTE,6,5,7,1005,0,0,0,,0,FRANK,"PALM AVE","BELMONT AVE",8.00,S,N,A,-,N,,,,,,,,,,N,4,0,1,2,A,-,04,21703,,N,C,C,A,A,H,-,A,A,0,,,,,Y,Y,A,01,0,0,1,0,0,0,0,0,0,"- ","- ",36.750289916992188,-119.80828857421875,FRESNO,FRESNO,-119.80828857421875,36.750358581542969
81424827,2021,2021-03-11,1005,2021-02-16,1621,P1298,NE,2,5,7,1005,0,0,0,,0,"B / 19","ASHLAN AVE","SHERMAN ST",0.00,,Y,A,-,N,,,,,,,,,,Y,2,0,1,2,A,-,03,22350,,N,D,C,A,A,H,-,A,D,0,,,Y,,Y,,C,02,1,0,0,0,0,0,0,0,1,"- ","- ",,,FRESNO,FRESNO,-119.77358245849609,36.793952941894531
81424839,2021,2021-03-11,1005,2021-03-01,2256,P1629,NORTH,1,5,7,1005,0,0,0,,0,00E,"PALM AVE","MORRIS AVE",75.00,N,N,A,-,N,,,,,,,,,,Y,3,0,1,2,A,-,03,22350,,N,A,C,A,A,H,-,C,D,0,,,,,Y,Y,A,01,0,1,0,0,0,0,0,0,0,"- ","- ",36.821880340576172,-119.80838012695312,FRESNO,FRESNO,-119.80841064453125,36.822116851806641
81424848,2021,2021-03-11,1005,2021-03-02,1543,P1601,3,2,5,7,1005,0,0,0,,0,,"CLOVIS AVE","KINGS CANYON RD",474.00,S,N,A,-,N,,,,,,,,,,Y,4,0,1,2,A,-,03,22350,,N,D,C,A,A,H,-,A,A,0,,,,,Y,,A,01,0,0,1,0,0,0,0,0,0,"- ","- ",36.735740661621094,-119.70005035400391,FRESNO,FRESNO,-119.69992828369141,36.734600067138672