CASE_ID,ACCIDENT_YEAR,PROC_DATE,JURIS,COLLISION_DATE,COLLISION_TIME,OFFICER_ID,REPORTING_DISTRICT,DAY_OF_WEEK,CHP_SHIFT,POPULATION,CNTY_CITY_LOC,SPECIAL_COND,BEAT_TYPE,CHP_BEAT_TYPE,CITY_DIVISION_LAPD,CHP_BEAT_CLASS,BEAT_NUMBER,PRIMARY_RD,SECONDARY_RD,DISTANCE,DIRECTION,INTERSECTION,WEATHER_1,WEATHER_2,STATE_HWY_IND,CALTRANS_COUNTY,CALTRANS_DISTRICT,STATE_ROUTE,ROUTE_SUFFIX,POSTMILE_PREFIX,POSTMILE,LOCATION_TYPE,RAMP_INTERSECTION,SIDE_OF_HWY,TOW_AWAY,COLLISION_SEVERITY,NUMBER_KILLED,NUMBER_INJURED,PARTY_COUNT,PRIMARY_COLL_FACTOR,PCF_CODE_OF_VIOL,PCF_VIOL_CATEGORY,PCF_VIOLATION,PCF_VIOL_SUBSECTION,HIT_AND_RUN,TYPE_OF_COLLISION,MVIW,PED_ACTION,ROAD_SURFACE,ROAD_COND_1,ROAD_COND_2,LIGHTING,CONTROL_DEVICE,CHP_ROAD_TYPE,PEDESTRIAN_ACCIDENT,BICYCLE_ACCIDENT,MOTORCYCLE_ACCIDENT,TRUCK_ACCIDENT,NOT_PRIVATE_PROPERTY,ALCOHOL_INVOLVED,STWD_VEHTYPE_AT_FAULT,CHP_VEHTYPE_AT_FAULT,COUNT_SEVERE_INJ,COUNT_VISIBLE_INJ,COUNT_COMPLAINT_PAIN,COUNT_PED_KILLED,COUNT_PED_INJURED,COUNT_BICYCLIST_KILLED,COUNT_BICYCLIST_INJURED,COUNT_MC_KILLED,COUNT_MC_INJURED,PRIMARY_RAMP,SECONDARY_RAMP,LATITUDE,LONGITUDE,COUNTY,CITY,POINT_X,POINT_Y
81445747,2021,2021-04-08,1005,2021-03-02,1018,P795,FRESN,2,5,7,1005,0,0,0,,0,00C,"E ST","STANISLAUS ST",0.00,,Y,A,-,N,,,,,,,,,,Y,4,0,1,2,A,-,08,22107,,N,D,D,A,A,H,-,A,A,0,,,,,Y,,A,01,0,0,1,0,0,0,0,0,0,"- ","- ",36.734821319580078,-119.80145263671875,FRESNO,FRESNO,-119.80142974853516,36.734722137451172
81445753,2021,2021-04-08,1005,2021-03-26,0518,P1965,SOUTH,5,5,7,1005,0,0,0,,0,00A,"OLIVE AVE","MAPLE AVE",56.00,E,N,A,-,N,,,,,,,,,,N,3,0,1,2,A,-,11,21955,,N,G,B,E,A,H,-,C,A,0,Y,,,,Y,,N,60,0,1,0,0,1,0,0,0,0,"- ","- ",36.757709503173828,-119.74533081054688,FRESNO,FRESNO,-119.7452392578125,36.757709503173828
81445755,2021,2021-04-08,1005,2021-03-28,0235,P1605,SOUTH,7,5,7,1005,0,0,0,,0,00C,"STANISLAUS ST","B ST",0.00,,Y,A,-,N,,,,,,,,,,Y,4,0,1,2,A,-,17,21657,,N,D,C,A,A,H,-,C,A,0,,,,,Y,,A,07,0,0,1,0,0,0,0,0,0,"- ","- ",36.732490539550781,-119.80442047119141,FRESNO,FRESNO,-119.80448913574219,36.732517242431641
81445760,2021,2021-04-08,1005,2021-04-07,1142,P1094,NORTH,3,5,7,1005,0,0,0,,0,00G,"RIALTO AVE","WEST AVE",0.00,,Y,A,-,N,,,,,,,,,,Y,4,0,1,1,A,-,03,22350,,N,E,I,A,A,H,-,A,D,0,,,,,Y,,A,01,0,0,1,0,0,0,0,0,0,"- ","- ",36.802871704101562,-119.82639312744141,FRESNO,FRESNO,-119.82661437988281,36.802852630615234
81446733,2021,2021-04-09,1005,2021-03-18,1740,P1130,NE,4,5,7,1005,0,0,0,,0,00E,"FAIRMONT AVE","FIRST ST",60.00,E,N,A,-,N,,,,,,,,,,N,4,0,1,1,D,-,00,,,N,E,I,A,A,H,-,A,D,0,,,,,Y,,-,"- ",0,0,1,0,0,0,0,0,0,"- ","- ",36.806751251220703,-119.77227783203125,FRESNO,FRESNO,-119.77202606201172,36.806720733642578
81446736,2021,2021-04-09,1005,2021-04-01,1411,P1387,NW,4,5,7,1005,0,0,0,,0,00F,"CLINTON AVE","CAROL AVE",500.00,E,N,A,-,N,,,,,,,,,,Y,3,0,1,2,A,-,09,21802,A,N,D,C,A,A,H,-,A,D,0,,,,,Y,,A,01,0,1,0,0,0,0,0,0,0,"- ","- ",36.771728515625,-119.85153198242188,FRESNO,FRESNO,-119.84901428222656,36.771896362304688
81446739,2021,2021-04-09,1005,2021-04-05,2040,P1957,SW,1,5,7,1005,0,0,0,,0,00F,"JENSEN AVE","MARTIN LUTHER KING JR BLVD",0.00,,Y,A,-,N,,,,,,,,,,Y,4,0,1,2,A,-,17,21451,A,N,A,C,A,A,H,-,C,A,0,,,,,Y,,A,01,0,0,1,0,0,0,0,0,0,"- ","- ",36.706260681152344,-119.80139923095703,FRESNO,FRESNO,-119.79981994628906,36.706741333007812
81446740,2021,2021-04-09,1005,2021-04-06,1024,P1620,SW,2,5,7,1005,0,0,0,,0,00G,"EAST AVE","NORTH AVE",0.00,,Y,A,-,Y,,,,,,,,,,Y,4,0,1,2,A,-,12,21453,A,N,D,C,A,A,H,-,A,A,0,,,,,Y,,A,01,0,0,1,0,0,0,0,0,0,"- ","- ",36.691650390625,-119.77445983886719,FRESNO,FRESNO,-119.77271270751953,36.692306518554688
81446742,2021,2021-04-09,1005,2021-04-07,1424,P1298,CE,3,5,7,1005,0,0,0,,0,"C / 21","CLINTON AVE","WEST AVE",218.00,W,N,A,-,N,,,,,,,,,,Y,3,0,1,3,A,-,03,22350,,F,C,C,A,A,H,-,A,A,0,,,,,Y,,A,01,0,1,0,0,0,0,0,0,0,"- ","- ",36.771980285644531,-119.82662963867188,FRESNO,FRESNO,-119.82747650146484,36.771961212158203
81447582,2021,2021-04-12,1005,2021-04-03,0151,P1796,NORTH,6,5,7,1005,0,0,0,,0,00A,"MILBURN AVE","PALO ALTO AVE",0.00,,Y,A,-,N,,,,,,,,,,N,4,0,1,1,A,-,03,22350,,N,E,I,A,A,H,-,C,D,0,,,,,Y,,A,01,0,0,1,0,0,0,0,0,0,"- ","- ",36.833480834960938,-119.87860870361328,FRESNO,FRESNO,-119.87874603271484,36.833419799804688
81447667,2021,2021-04-12,1005,2021-04-09,0213,P2025,NORTH,5,5,7,1005,0,0,0,,0,00D,"WILLOW AVE","ESCALON AVE",240.00,N,N,A,-,Y,,,,,,,,,,Y,4,0,1,1,A,-,03,22350,,N,E,J,A,A,H,-,C,A,0,,,,,Y,Y,A,01,0,0,1,0,0,0,0,0,0,"- ","- ",36.826328277587891,-119.72940826416016,FRESNO,FRESNO,-119.72935485839844,36.826919555664062
81448892,2021,2021-04-13,1005,2021-03-02,1352,P1514,NORTH,2,5,7,1005,0,0,0,,0,00C,"E HERNDON AVE","N FIRST ST",300.00,E,N,A,-,N,,,,,,,,,,Y,4,0,1,4,A,-,03,22350,,N,C,C,A,A,H,-,A,A,0,,,,,Y,Y,A,01,0,0,1,0,0,0,0,0,0,"- ","- ",,,FRESNO,FRESNO,-119.77213287353516,36.836189270019531
81448893,2021,2021-04-13,1005,2021-04-01,1619,P1738,SOUTH,4,5,7,1005,0,0,0,,0,00B,"BELMONT AVE","CALAVERAS ST",4.00,E,N,A,-,N,,,,,,,,,,N,3,0,1,2,A,-,05,21650,1,N,A,G,A,A,H,-,A,A,0,,Y,,,Y,,L,04,0,1,0,0,0,0,1,0,0,"- ","- ",36.750438690185547,-119.791748046875,FRESNO,FRESNO,-119.79190826416016,36.750431060791016
81448894,2021,2021-04-13,1005,2021-04-07,0718,P1117,NE,3,5,7,1005,0,0,0,,0,00B,"HERNDON AVE","FRESNO ST",0.00,,Y,A,-,N,,,,,,,,,,Y,3,0,2,2,A,-,12,21453,A,N,A,C,A,A,H,-,A,A,0,,,,,Y,,A,01,0,1,1,0,0,0,0,0,0,"- ","- ",36.836811065673828,-119.78130340576172,FRESNO,FRESNO,-119.78128814697266,36.837379455566406
81448895,2021,2021-04-13,1005,2021-04-07,1529,P876,SOUTH,3,5,7,1005,0,0,0,,0,,"OLIVE AVE","CEDAR AVE",140.00,E,N,A,-,N,,,,,,,,,,Y,3,0,1,2,A,-,09,21804,A,N,H,J,A,A,H,-,A,A,0,,,Y,,Y,,D,22,0,1,0,0,0,0,0,0,1,"- ","- ",36.757709503173828,-119.75446319580078,FRESNO,FRESNO,-119.75404357910156,36.757728576660156
81448897,2021,2021-04-13,1005,2021-04-07,2033,P1738,SOUTH,3,5,7,1005,0,0,0,,0,00D,"PEACH AVE","TULARE ST",32.00,N,N,A,-,N,,,,,,,,,,Y,4,0,1,2,A,-,08,22107,,N,D,C,A,A,H,-,C,A,0,,,,,Y,,A,01,0,0,1,0,0,0,0,0,0,"- ","- ",36.743171691894531,-119.71835327148438,FRESNO,FRESNO,-119.71842193603516,36.743217468261719
81448898,2021,2021-04-13,1005,2021-04-07,2222,P1684,SOUTH,3,5,7,1005,0,0,0,,0,00E,"FRESNO ST","99 HWY (W)",0.00,,Y,A,-,N,,,,,,,,,,Y,4,0,1,3,A,-,12,21453,A,N,D,C,A,A,H,-,C,A,0,,,,,Y,,A,01,0,0,1,0,0,0,0,0,0,"- ","- ",36.730888366699219,-119.79949951171875,FRESNO,FRESNO,-119.81245422363281,36.721359252929688
81448899,2021,2021-04-13,1005,2021-04-08,0915,P1117,NE,4,5,7,1005,0,0,0,,0,00B,"HERNDON AVE","FIRST ST",1400.00,W,N,A,-,N,,,,,,,,,,Y,4,0,1,2,A,-,03,22350,,N,C,C,A,A,H,-,A,A,0,,,,,Y,,D,22,0,0,1,0,0,0,0,0,0,"- ","- ",36.836578369140625,-119.77230834960938,FRESNO,FRESNO,-119.77236175537109,36.836189270019531
81448901,2021,2021-04-13,1005,2021-04-09,0834,P864,FRESN,5,5,7,1005,0,0,0,,0,1645,"SHAW AVE","BARCUS AVE",0.00,,Y,A,-,N,,,,,,,,,,Y,4,0,1,2,A,-,09,21804,A,F,D,C,A,A,H,-,A,D,0,,,,,Y,,A,01,0,0,1,0,0,0,0,0,0,"- ","- ",36.808189392089844,-119.88542175292969,FRESNO,FRESNO,-119.88498687744141,36.808109283447266
81448902,2021,2021-04-13,1005,2021-04-10,2204,P1738,SOUTH,6,5,7,1005,0,0,0,,0,00E,"JENSEN BYP","CEDAR AVE",0.00,,Y,A,-,N,,,,,,,,,,Y,4,0,2,2,A,-,01,23152,A,N,D,C,A,A,H,-,C,A,0,,,,,Y,Y,A,01,0,0,2,0,0,0,0,0,0,"- ","- ",36.707038879394531,-119.75473785400391,FRESNO,FRESNO,-119.75447845458984,36.705780029296875
81448903,2021,2021-04-13,1005,2021-04-10,2228,P1757,NORTH,6,5,7,1005,0,0,0,,0,00B,"BEECHWOOD AVE","SUGAR PINE AVE (1)",240.00,W,N,A,-,N,,,,,,,,,,N,4,0,1,1,A,-,03,22350,,N,H,A,A,A,H,-,A,D,0,,,Y,,Y,,C,02,0,0,1,0,0,0,0,0,1,"- ","- ",36.838279724121094,-119.79109954833984,FRESNO,FRESNO,-119.79187774658203,36.838329315185547
81449880,2021,2021-04-14,1005,2021-03-16,0716,P995,,2,5,7,1005,0,0,0,,0,,"CEDAR AVE","BULLARD AVE",0.00,,Y,A,-,N,,,,,,,,,,N,4,0,1,2,A,-,05,21650,1,N,D,G,A,A,H,-,A,A,0,,Y,,,Y,,L,04,0,0,1,0,0,0,1,0,0,"- ","- ",36.822299957275391,-119.75438690185547,FRESNO,FRESNO,-119.75425720214844,36.82305908203125
81449883,2021,2021-04-14,1005,2021-03-29,1850,P829,NORTH,1,5,7,1005,0,0,0,,0,00G,"SHIELDS AVE",MILLBROOK,0.00,,Y,A,-,Y,,,,,,,,,,Y,4,0,2,3,A,-,12,21453,A,M,D,D,A,A,H,-,A,A,0,,,,,Y,Y,A,01,0,0,2,0,0,0,0,0,0,"- ","- ",,,FRESNO,FRESNO,-119.76351928710938,36.779518127441406
81449887,2021,2021-04-14,1005,2021-04-09,1354,P874,2E,5,5,7,1005,0,0,0,,0,2352,"MCKINLEY AVE","CARRUTH AVE",8.00,E,N,A,-,N,,,,,,,,,,Y,4,0,1,2,A,-,03,22350,,N,C,C,A,A,H,-,A,D,0,,,,,Y,,A,01,0,0,1,0,0,0,0,0,0,"- ","- ",36.764720916748047,-119.81890869140625,FRESNO,FRESNO,-119.8187255859375,36.764789581298828
81449892,2021,2021-04-14,1005,2021-04-12,0930,P1574,,1,5,7,1005,0,0,0,,0,,"SHAW AVE","41 HWY (1)",0.00,,Y,A,-,N,,,,,,,,,,Y,4,0,1,1,A,-,03,22350,,N,E,I,A,A,H,-,A,A,0,,,,,Y,,A,01,0,0,1,0,0,0,0,0,0,"- ","- ",36.807891845703125,-119.78421020507812,FRESNO,FRESNO,-119.78541564941406,36.808433532714844
81449894,2021,2021-04-14,1005,2021-04-12,1256,P864,FRESN,1,5,7,1005,0,0,0,,0,2059,"4176 E DAKOTA (PRIVATE PARKING LOT)","CEDAR AVE",275.00,W,N,A,-,N,,,,,,,,,,N,4,0,1,2,B,-,22,,,F,G,B,F,A,H,-,A,D,0,Y,,,,Y,,A,07,0,0,1,0,1,0,0,0,0,"- ","- ",,,FRESNO,FRESNO,-119.75535583496094,36.786869049072266
81449895,2021,2021-04-14,1005,2021-04-12,1538,P874,1G,1,5,7,1005,0,0,0,,0,3257,"NORTH AVE","EAST AVE",0.00,,Y,A,-,N,,,,,,,,,,Y,4,0,1,2,A,-,12,21453,A,N,D,C,A,A,H,-,A,A,0,,,,,Y,,A,01,0,0,1,0,0,0,0,0,0,"- ","- ",36.6922607421875,-119.77281188964844,FRESNO,FRESNO,-119.77271270751953,36.692306518554688
81450863,2021,2021-04-15,1005,2021-02-14,2132,P880,NORTH,7,5,7,1005,0,0,0,,0,00B,"NEES AVE","FIRST ST",600.00,W,N,B,-,N,,,,,,,,,,Y,4,0,1,1,A,-,08,22107,,N,E,I,A,A,H,-,C,D,0,,,,,Y,,-,"- ",0,0,1,0,0,0,0,0,0,"- ","- ",36.851940155029297,-119.77452850341797,FRESNO,FRESNO,-119.77671813964844,36.851879119873047
81450867,2021,2021-04-15,1005,2021-04-09,0106,P1684,SOUTH,5,5,7,1005,0,0,0,,0,00C,"BELMONT AVE","CEDAR AVE",0.00,,Y,A,-,N,,,,,,,,,,Y,2,0,3,2,A,-,01,23152,F,N,D,C,A,A,H,-,C,A,0,,,,,Y,,A,01,1,2,0,0,0,0,0,0,0,"- ","- ",36.749660491943359,-119.75550842285156,FRESNO,FRESNO,-119.75453186035156,36.750419616699219
81450869,2021,2021-04-15,1005,2021-04-13,1437,P1264,1,2,5,7,1005,0,0,0,,0,00B,"FULTON ST","NEVADA AVE",0.00,,Y,A,-,N,,,,,,,,,,Y,4,0,1,2,A,-,08,22100,B,N,D,C,A,A,H,-,A,D,0,,,,,Y,,A,01,0,0,1,0,0,0,0,0,0,"- ","- ",36.74530029296875,-119.80146789550781,FRESNO,FRESNO,-119.80034637451172,36.745803833007812
81451625,2021,2021-04-16,1005,2021-03-15,0810,P1225,SE,1,5,7,1005,0,0,0,,0,C-2559,"E TUARE ST","S NINTH ST",130.00,W,N,B,-,Y,,,,,,,,,,Y,4,0,1,3,A,-,03,22350,,N,C,C,A,B,H,-,A,D,0,,,,,Y,,A,01,0,0,1,0,0,0,0,0,0,"- ","- ",,,FRESNO,FRESNO,-119.75984191894531,36.743160247802734
81451626,2021,2021-04-16,1005,2021-03-26,1644,P1700,,5,5,7,1005,0,0,0,,0,,"CLINTON AVE","CAROL AVE",312.00,W,N,A,-,N,,,,,,,,,,N,4,0,2,2,A,-,03,22350,,N,C,C,A,A,H,-,A,D,0,,,,,Y,,A,01,0,0,2,0,0,0,0,0,0,"- ","- ",36.771728515625,-119.85153198242188,FRESNO,FRESNO,-119.85178375244141,36.771888732910156
81451627,2021,2021-04-16,1005,2021-04-01,2136,P1748,S/E,4,5,7,1005,0,0,0,,0,,"KINGS CANYON RD","PEACH AVE",250.00,E,N,A,-,Y,,,,,,,,,,N,2,0,1,2,A,-,11,21954,A,N,G,B,D,A,H,-,C,A,0,Y,,,,Y,,N,60,1,0,0,0,1,0,0,0,0,"- ","- ",36.734859466552734,-119.71961212158203,FRESNO,FRESNO,-119.71765899658203,36.735774993896484
81451634,2021,2021-04-16,1005,2021-04-12,1632,P1117,NE,1,5,7,1005,0,0,0,,0,00C,"BLACKSTONE AVE","BULLARD AVE",140.00,S,N,A,-,N,,,,,,,,,,N,4,0,1,2,A,-,05,21650,1,N,D,G,A,A,H,-,A,D,0,,Y,,,Y,,L,04,0,0,1,0,0,0,1,0,0,"- ","- ",36.822860717773438,-119.79026031494141,FRESNO,FRESNO,-119.79046630859375,36.822456359863281
81451635,2021,2021-04-16,1005,2021-04-13,1412,P1094,NORTH,2,5,7,1005,0,0,0,,0,00B,"SIERRA AVE","SAN PABLO AVE",0.00,,Y,A,-,N,,,,,,,,,,N,4,0,1,2,A,-,08,22107,,N,D,G,A,A,H,-,A,D,0,,Y,,,Y,,L,04,0,0,1,0,0,0,1,0,0,"- ","- ",36.829559326171875,-119.79386138916016,FRESNO,FRESNO,-119.79367065429688,36.830131530761719
81452579,2021,2021-04-19,1005,2021-03-06,1729,P1931,FRESN,6,5,7,1005,0,0,0,,0,00F,"SAMSON AVE","MARTIN LUTHER KING JR BLVD (S)",500.00,E,N,A,-,N,,,,,,,,,,N,3,0,1,2,A,-,08,22107,,N,C,G,A,A,H,-,A,D,0,,Y,,,Y,,A,01,0,1,0,0,0,0,1,0,0,"- ","- ",36.693561553955078,-119.79982757568359,FRESNO,FRESNO,-119.798095703125,36.693622589111328
81452618,2021,2021-04-19,1005,2021-04-11,1431,P1055,CENTR,7,5,7,1005,0,0,0,,0,00C,"SHIELDS AVE",FRUIT,0.00,,Y,A,-,N,,,,,,,,,,Y,4,0,1,2,A,-,01,23152,A,N,D,C,A,A,H,-,A,A,0,,,,,Y,Y,A,01,0,0,1,0,0,0,0,0,0,"- ","- ",,,FRESNO,FRESNO,-119.81757354736328,36.779373168945312
81452620,2021,2021-04-19,1005,2021-04-18,1936,P1931,SW,7,5,7,1005,0,0,0,,0,00C,"KEARNEY BLVD","TRINITY ST",0.00,,Y,A,-,N,,,,,,,,,,Y,3,0,1,2,A,-,12,22450,A,F,D,C,A,A,H,-,A,A,0,,,,,Y,Y,-,99,0,1,0,0,0,0,0,0,0,"- ","- ",36.728191375732422,-119.81002807617188,FRESNO,FRESNO,-119.80867004394531,36.728485107421875
81453752,2021,2021-04-20,1005,2021-04-10,1726,P1748,SE,6,5,7,1005,0,0,0,,0,,"BELMONT AVE","CEDAR AVE",168.00,E,N,A,-,N,,,,,,,,,,Y,4,0,1,2,A,-,03,22350,,N,B,E,A,A,H,-,A,A,0,,,,,Y,,A,01,0,0,1,0,0,0,0,0,0,"- ","- ",36.749660491943359,-119.75550842285156,FRESNO,FRESNO,-119.75395965576172,36.750423431396484
81453755,2021,2021-04-20,1005,2021-04-15,1846,P1748,SE,4,5,7,1005,0,0,0,,0,,"IOWA AVE","CHESTNUT AVE",36.00,W,N,A,-,N,,,,,,,,,,N,4,0,1,3,A,-,03,22350,,N,A,E,A,A,H,-,A,D,0,,,,,Y,,A,01,0,0,1,0,0,0,0,0,0,"- ","- ",36.744029998779297,-119.7364501953125,FRESNO,FRESNO,-119.73663330078125,36.744068145751953
81453758,2021,2021-04-20,1005,2021-04-18,1724,P1771,SW,7,5,7,1005,0,0,0,,0,00E,"SANTA CLARA ST","G ST",6.00,W,N,A,-,N,,,,,,,,,,N,2,0,1,2,A,-,00,23103,A,F,G,B,F,A,H,-,A,D,0,Y,,,,Y,,-,35,1,0,0,0,1,0,0,0,0,"- ","- ",36.726348876953125,-119.7884521484375,FRESNO,FRESNO,-119.78849792480469,36.726230621337891
81454778,2021,2021-04-21,1005,2021-03-23,0942,P1003,CE,2,5,7,1005,0,0,0,,0,00B,"BLACKSTONE AVE","SAGINAW WAY",300.00,S,N,A,-,N,,,,,,,,,,N,4,0,1,2,-,-,"- ",,,N,B,C,A,A,H,-,A,D,0,,,,,Y,,-,"- ",0,0,1,0,0,0,0,0,0,"- ","- ",36.788040161132812,-119.79116058349609,FRESNO,FRESNO,-119.79064178466797,36.787815093994141
81454780,2021,2021-04-21,1005,2021-04-13,2008,P1771,SW,2,5,7,1005,0,0,0,,0,00C,"FRESNO ST","G ST",0.00,,Y,A,-,N,,,,,,,,,,Y,4,0,1,2,A,-,12,21453,A,N,D,C,A,A,H,-,C,A,0,,,,,Y,,A,01,0,0,1,0,0,0,0,0,0,"- ","- ",,,FRESNO,FRESNO,-119.79618835449219,36.733230590820312
81456766,2021,2021-04-23,1005,2021-03-19,0600,P1982,CENTR,5,5,7,1005,0,0,0,,0,00A,"WEBER AVE","MARKS AVE",0.00,,Y,A,-,N,,,,,,,,,,Y,4,0,1,2,A,-,08,22107,,N,D,C,A,A,H,-,B,A,0,,,,,Y,,A,07,0,0,1,0,0,0,0,0,0,"- ","- ",36.781410217285156,-119.84442901611328,FRESNO,FRESNO,-119.84436798095703,36.781387329101562
81456769,2021,2021-04-23,1005,2021-04-09,0050,P1227,CENTR,5,5,7,1005,0,0,0,,0,00E,"THORNE AVE","OLIVE AVE",37.00,S,N,A,-,N,,,,,,,,,,N,3,0,1,2,A,-,03,22350,,F,G,B,F,A,H,-,C,D,0,Y,,,,Y,Y,A,07,0,1,0,0,1,0,0,0,0,"- ","- ",36.757530212402344,-119.81301879882812,FRESNO,FRESNO,-119.8131103515625,36.757476806640625
81456771,2021,2021-04-23,1005,2021-04-20,0800,P874,2C,2,5,7,1005,0,0,0,,0,2151,"HUGHES AVE","BROWN AVE",376.00,N,N,A,-,N,,,,,,,,,,Y,3,0,1,2,A,-,21,22106,,N,D,C,A,A,H,-,A,D,0,,,Y,,Y,,A,08,0,1,0,0,0,0,0,0,1,"- ","- ",36.774551391601562,-119.83545684814453,FRESNO,FRESNO,-119.83547210693359,36.775520324707031
81456772,2021,2021-04-23,1005,2021-04-20,1448,P876,CENTR,2,5,7,1005,0,0,0,,0,,"DAKOTA AVE","BLACKSTONE AVE",103.00,E,N,A,-,N,,,,,,,,,,Y,3,0,1,2,A,-,09,21801,A,N,D,C,A,A,H,-,A,A,0,,,Y,,Y,,A,01,0,1,0,0,0,0,0,0,1,"- ","- ",36.786739349365234,-119.79042816162109,FRESNO,FRESNO,-119.79029083251953,36.786758422851562
81456775,2021,2021-04-23,1005,2021-04-22,0919,P874,2F,4,5,7,1005,0,0,0,,0,2355,"MCKINLEY AVE","GLENN AVE",0.00,,Y,A,-,N,,,,,,,,,,N,4,0,1,2,A,-,09,21802,A,N,D,C,A,A,H,-,A,A,0,,,,,Y,,D,22,0,0,1,0,0,0,0,0,0,"- ","- ",36.764949798583984,-119.79337310791016,FRESNO,FRESNO,-119.79337310791016,36.765010833740234
81457643,2021,2021-04-26,1005,2021-04-15,1936,P1744,SW,4,5,7,1005,0,0,0,,0,00E,"FRESNO ST","99 HWY (E)",0.00,,Y,A,-,N,,,,,,,,,,N,4,0,1,2,D,-,00,,,N,D,C,A,A,H,-,B,A,0,,,,,Y,,-,"- ",0,0,1,0,0,0,0,0,0,"- ","- ",36.731300354003906,-119.7989501953125,FRESNO,FRESNO,-119.81245422363281,36.721359252929688
81457646,2021,2021-04-26,1005,2021-04-22,1833,P1700,,4,5,7,1005,0,0,0,,0,,"BULLARD AVE","VAN NESS BLVD",267.00,E,N,A,-,N,,,,,,,,,,N,3,0,3,3,A,-,01,23153,A,N,C,C,A,A,H,-,A,D,0,,,,,Y,Y,A,01,0,2,1,0,0,0,0,0,0,"- ","- ",36.82244873046875,-119.83563232421875,FRESNO,FRESNO,-119.83446502685547,36.822742462158203
81458886,2021,2021-04-27,1005,2021-03-01,1820,P1754,NORTH,1,5,7,1005,0,0,0,,0,00C,"GOLDEN STATE BLVD","SWIFT AVE",0.00,,Y,A,-,Y,,,,,,,,,,N,4,0,1,2,D,-,00,,,N,B,C,A,A,H,-,C,A,0,,,Y,,Y,Y,-,"- ",0,0,1,0,0,0,0,0,0,"- ","- ",36.795341491699219,-119.86351013183594,FRESNO,FRESNO,-119.86373138427734,36.795230865478516
81458897,2021,2021-04-27,1005,2021-04-06,1805,P1752,SE,2,5,7,1005,0,0,0,,0,00E,"BUTLER AVE","TENTH ST (E)",42.00,W,N,A,-,N,,,,,,,,,,N,4,0,1,3,A,-,03,22350,,N,C,C,A,A,H,-,A,D,0,,,,,Y,,-,"- ",0,0,1,0,0,0,0,0,0,"- ","- ",36.728618621826172,-119.75691223144531,FRESNO,FRESNO,-119.75816345214844,36.728618621826172
81459937,2021,2021-04-28,1005,2021-03-23,1806,P1604,CE,2,5,7,1005,0,0,0,,0,00C,FRUIT/CLINTON,FRUIT,57.00,W,N,A,-,N,,,,,,,,,,N,4,0,1,2,A,-,05,21650,1,N,H,G,A,A,H,-,A,D,0,,Y,,,Y,,L,04,0,0,1,0,0,0,1,0,0,"- ","- ",36.772178649902344,-119.81794738769531,FRESNO,FRESNO,-119.81793975830078,36.772056579589844
81459941,2021,2021-04-28,1005,2021-04-04,1540,P1765,SE,7,5,7,1005,0,0,0,,0,00B,"CLOVIS AVE","MCKINLEY AVE",0.00,,Y,A,-,N,,,,,,,,,,N,3,0,2,2,A,-,01,23152,B,N,C,C,A,A,H,-,A,A,0,,,,,Y,Y,A,01,0,1,1,0,0,0,0,0,0,"- ","- ",36.765350341796875,-119.70023345947266,FRESNO,FRESNO,-119.70032501220703,36.765277862548828
81459943,2021,2021-04-28,1005,2021-04-12,0210,P1713,SOUTH,1,5,7,1005,0,0,0,,0,00B,"MCKENZIE AVE","ABBY ST",7.00,W,N,A,-,N,,,,,,,,,,Y,4,0,1,2,A,-,09,21804,A,F,D,C,A,A,H,-,C,A,0,,,,,Y,,A,07,0,0,1,0,0,0,0,0,0,"- ","- ",36.746868133544922,-119.78928375244141,FRESNO,FRESNO,-119.78942108154297,36.746841430664062
81459945,2021,2021-04-28,1005,2021-04-14,1433,P1306,NORTH,3,5,7,1005,0,0,0,,0,,"VALENTINE AVE","CROWN DR",18.00,N,N,A,-,N,,,,,,,,,,Y,4,0,3,2,A,-,03,22350,,N,A,C,A,A,H,-,A,D,0,,,,,Y,,D,22,0,0,3,0,0,0,0,0,0,"- ","- ",36.780239105224609,-119.85336303710938,FRESNO,FRESNO,-119.85336303710938,36.780361175537109
81459946,2021,2021-04-28,1005,2021-04-16,1149,P1110,NE,5,5,7,1005,0,0,0,,0,1559,"BARSTOW AVE","FOURTH ST",0.00,,Y,A,-,N,,,,,,,,,,Y,4,0,1,2,A,-,09,21801,A,N,D,C,A,A,H,-,A,A,0,,,,,Y,,A,01,0,0,1,0,0,0,0,0,0,"- ","- ",36.815799713134766,-119.76537322998047,FRESNO,FRESNO,-119.76544189453125,36.815742492675781
81459949,2021,2021-04-28,1005,2021-04-21,1430,P1117,NE,3,5,7,1005,0,0,0,,0,00G,"SHIELDS AVE","CEDAR AVE",55.00,E,N,A,-,N,,,,,,,,,,Y,4,0,1,1,A,-,08,22107,,N,E,I,A,A,H,-,A,A,0,,,,,Y,,D,22,0,0,1,0,0,0,0,0,0,"- ","- ",36.779628753662109,-119.75428771972656,FRESNO,FRESNO,-119.75428009033203,36.779560089111328
81459951,2021,2021-04-28,1005,2021-04-23,1242,P1601,2,5,5,7,1005,0,0,0,,0,2454,"FULTON ST","BREMER AVE",139.00,S,N,A,-,N,,,,,,,,,,N,3,0,1,2,A,-,03,22350,,N,B,G,A,A,H,-,A,D,0,,Y,,,Y,,D,22,0,1,0,0,0,0,1,0,0,"- ","- ",36.752941131591797,-119.80045318603516,FRESNO,FRESNO,-119.80036163330078,36.752578735351562