CASE_ID,ACCIDENT_YEAR,PROC_DATE,JURIS,COLLISION_DATE,COLLISION_TIME,OFFICER_ID,REPORTING_DISTRICT,DAY_OF_WEEK,CHP_SHIFT,POPULATION,CNTY_CITY_LOC,SPECIAL_COND,BEAT_TYPE,CHP_BEAT_TYPE,CITY_DIVISION_LAPD,CHP_BEAT_CLASS,BEAT_NUMBER,PRIMARY_RD,SECONDARY_RD,DISTANCE,DIRECTION,INTERSECTION,WEATHER_1,WEATHER_2,STATE_HWY_IND,CALTRANS_COUNTY,CALTRANS_DISTRICT,STATE_ROUTE,ROUTE_SUFFIX,POSTMILE_PREFIX,POSTMILE,LOCATION_TYPE,RAMP_INTERSECTION,SIDE_OF_HWY,TOW_AWAY,COLLISION_SEVERITY,NUMBER_KILLED,NUMBER_INJURED,PARTY_COUNT,PRIMARY_COLL_FACTOR,PCF_CODE_OF_VIOL,PCF_VIOL_CATEGORY,PCF_VIOLATION,PCF_VIOL_SUBSECTION,HIT_AND_RUN,TYPE_OF_COLLISION,MVIW,PED_ACTION,ROAD_SURFACE,ROAD_COND_1,ROAD_COND_2,LIGHTING,CONTROL_DEVICE,CHP_ROAD_TYPE,PEDESTRIAN_ACCIDENT,BICYCLE_ACCIDENT,MOTORCYCLE_ACCIDENT,TRUCK_ACCIDENT,NOT_PRIVATE_PROPERTY,ALCOHOL_INVOLVED,STWD_VEHTYPE_AT_FAULT,CHP_VEHTYPE_AT_FAULT,COUNT_SEVERE_INJ,COUNT_VISIBLE_INJ,COUNT_COMPLAINT_PAIN,COUNT_PED_KILLED,COUNT_PED_INJURED,COUNT_BICYCLIST_KILLED,COUNT_BICYCLIST_INJURED,COUNT_MC_KILLED,COUNT_MC_INJURED,PRIMARY_RAMP,SECONDARY_RAMP,LATITUDE,LONGITUDE,COUNTY,CITY,POINT_X,POINT_Y
81522796,2021,2021-07-19,1005,2021-06-24,2006,P1738,CENTR,4,5,7,1005,0,0,0,,0,00D,"CLARK ST","NORMAL AVE",0.00,,Y,A,-,N,,,,,,,,,,Y,3,0,2,2,A,-,03,22350,,F,C,C,A,A,H,-,A,D,0,,,Y,,Y,,A,01,0,2,0,0,0,0,0,0,0,"- ","- ",36.767730712890625,-119.7861328125,FRESNO,FRESNO,-119.78604888916016,36.767753601074219
81522797,2021,2021-07-19,1005,2021-06-25,1734,P1738,SOUTH,5,5,7,1005,0,0,0,,0,00D,"TULARE ST","U ST",0.00,,Y,A,-,N,,,,,,,,,,Y,4,0,2,2,A,-,09,21801,A,N,A,C,A,A,H,-,A,A,0,,,,,Y,,A,07,0,0,2,0,0,0,0,0,0,"- ","- ",36.741828918457031,-119.77883148193359,FRESNO,FRESNO,-119.77884674072266,36.741878509521484
81522799,2021,2021-07-19,1005,2021-06-30,2352,P1734,CENTR,3,5,7,1005,0,0,0,,0,,"MCKINLEY AVE","PALM AVE",0.00,,Y,A,-,N,,,,,,,,,,Y,4,0,1,2,A,-,09,21800,A,N,D,C,A,A,H,-,C,A,0,,,,,Y,,A,01,0,0,1,0,0,0,0,0,0,"- ","- ",36.764938354492188,-119.80860900878906,FRESNO,FRESNO,-119.80862426757812,36.764919281005859
81522801,2021,2021-07-19,1005,2021-07-01,0429,P1973,NORTH,4,5,7,1005,0,0,0,,0,00B,"FRIANT RD","AUDUBON DR",0.00,,Y,A,-,N,,,,,,,,,,N,2,0,1,2,A,-,03,22350,,F,D,C,A,A,H,-,C,A,0,,,,,Y,,A,01,1,0,0,0,0,0,0,0,0,"- ","- ",36.860549926757812,-119.78270721435547,FRESNO,FRESNO,-119.78292083740234,36.860481262207031
81522803,2021,2021-07-19,1005,2021-07-03,1630,P1757,NORTH,6,5,7,1005,0,0,0,,0,00G,"WOODSON AVE","PICO AVE",350.00,N,N,A,-,N,,,,,,,,,,N,3,0,1,2,A,-,11,21950,B,N,G,B,D,A,H,-,A,D,0,Y,,,,Y,,N,60,0,1,0,0,1,0,0,0,0,"- ","- ",36.801799774169922,-119.83631134033203,FRESNO,FRESNO,-119.8363037109375,36.802680969238281
81522805,2021,2021-07-19,1005,2021-07-03,1658,P1757,NORTH,6,5,7,1005,0,0,0,,0,00F,"CLINTON AVE","99 HWY",0.00,,Y,A,-,N,,,,,,,,,,N,3,0,2,2,A,-,12,21453,A,N,D,C,A,A,H,-,A,A,0,,,,,Y,,A,01,0,2,0,0,0,0,0,0,0,"- ","- ",36.771621704101562,-119.83869171142578,FRESNO,FRESNO,-119.83869199999999,36.771622000000001
81522947,2021,2021-07-19,1005,2021-05-21,1734,P1734,,5,5,7,1005,0,0,0,,0,,"ANGUS ST","PINE AVE",0.00,,Y,A,-,N,,,,,,,,,,N,3,0,1,3,A,-,03,22350,,F,G,B,E,A,H,-,A,D,0,Y,,,,Y,,-,99,0,1,0,0,1,0,0,0,0,"- ","- ",36.761589050292969,-119.77794647216797,FRESNO,FRESNO,-119.77702331542969,36.762271881103516
81522950,2021,2021-07-19,1005,2021-06-12,0018,P1738,CENTR,6,5,7,1005,0,0,0,,0,00C,"CLINTON AVE","WEST AVE",0.00,,Y,A,-,N,,,,,,,,,,Y,4,0,1,2,D,-,00,,,N,D,C,A,A,H,-,C,A,0,,,,,Y,,-,"- ",0,0,1,0,0,0,0,0,0,"- ","- ",36.771980285644531,-119.82662963867188,FRESNO,FRESNO,-119.82672882080078,36.771957397460938
81522954,2021,2021-07-19,1005,2021-07-07,1816,P1684,SOUTH,3,5,7,1005,0,0,0,,0,00D,"H ST","MONO ST",0.00,,Y,A,-,N,,,,,,,,,,Y,4,0,1,2,A,-,01,23153,A,N,D,G,A,A,H,-,A,A,0,,Y,,,Y,Y,A,01,0,0,1,0,0,0,1,0,0,"- ","- ",36.729499816894531,-119.78897857666016,FRESNO,FRESNO,-119.78890991210938,36.729469299316406
81522955,2021,2021-07-19,1005,2021-07-13,1949,P1757,NORTH,2,5,7,1005,0,0,0,,0,00D,"HERNDON AVE","CEDAR AVE",0.00,,Y,A,-,N,,,,,,,,,,N,4,0,3,3,A,-,12,21453,A,N,A,C,A,A,H,-,B,A,0,,,,,Y,,A,01,0,0,3,0,0,0,0,0,0,"- ","- ",36.837429046630859,-119.75409698486328,FRESNO,FRESNO,-119.75434875488281,36.837268829345703
81524027,2021,2021-07-20,1005,2021-07-16,0634,P1117,NE,5,5,7,1005,0,0,0,,0,00G,"ASHLAN AVE","WILLOW AVE",0.00,,Y,A,-,N,,,,,,,,,,Y,4,0,1,3,A,-,07,21658,A,N,A,C,A,A,H,-,A,A,0,,,,,Y,,A,01,0,0,1,0,0,0,0,0,0,"- ","- ",36.794101715087891,-119.7274169921875,FRESNO,FRESNO,-119.72746276855469,36.794197082519531
81524040,2021,2021-07-20,1005,2021-07-15,1515,P1601,3,4,5,7,1005,0,0,0,,0,,"WILLOW AVE","MCKENZIE AVE (N)",100.00,S,N,A,-,N,,,,,,,,,,Y,4,0,1,3,A,-,07,21658,A,N,C,E,A,A,H,-,A,D,0,,,,,Y,,A,01,0,0,1,0,0,0,0,0,0,"- ","- ",36.747001647949219,-119.7274169921875,FRESNO,FRESNO,-119.72734069824219,36.746517181396484
81524043,2021,2021-07-20,1005,2021-07-19,1405,P874,1B,1,5,7,1005,0,0,0,,0,2556,"BLACKSTONE AVE","GRANT AVE",208.00,N,N,A,-,N,,,,,,,,,,Y,4,0,1,2,A,-,08,22107,,N,B,C,A,A,H,-,A,D,0,,,,,Y,,A,01,0,0,1,0,0,0,0,0,0,"- ","- ",36.748058319091797,-119.79164886474609,FRESNO,FRESNO,-119.79054260253906,36.749202728271484
81525025,2021,2021-07-21,1005,2021-07-18,1059,P795,FRESN,7,5,7,1005,0,0,0,,0,00D,"H ST","MONO ST",0.00,,Y,A,-,N,,,,,,,,,,Y,4,0,2,2,A,-,09,21802,A,N,D,D,A,A,H,-,A,A,0,,,,,Y,,A,01,0,0,2,0,0,0,0,0,0,"- ","- ",36.729499816894531,-119.78897857666016,FRESNO,FRESNO,-119.78890991210938,36.729469299316406
81525058,2021,2021-07-21,1005,2021-07-15,1545,P1601,2,4,5,7,1005,0,0,0,,0,,"DAKOTA AVE","RICEWOOD AVE",0.00,,Y,A,-,N,,,,,,,,,,N,4,0,1,2,A,-,08,22107,,N,D,G,A,A,H,-,A,A,0,,Y,,,Y,,A,07,0,0,1,0,0,0,1,0,0,"- ","- ",36.786449432373047,-119.8414306640625,FRESNO,FRESNO,-119.84146881103516,36.786483764648438
81526096,2021,2021-07-22,1005,2021-06-08,2104,P1940,CE,2,5,7,1005,0,0,0,,0,00B,"FRESNO ST","ASHLAN AVE",131.00,S,N,A,-,N,,,,,,,,,,N,4,0,1,1,A,-,07,21658,A,N,E,I,A,A,H,-,C,D,0,,,,,Y,,A,01,0,0,1,0,0,0,0,0,0,"- ","- ",36.793968200683594,-119.78144073486328,FRESNO,FRESNO,-119.78140258789062,36.793750762939453
81526103,2021,2021-07-22,1005,2021-07-20,0449,P1703,NE,2,5,7,1005,0,0,0,,0,00B,"FIRST ST","HERNDON AVE",0.00,,Y,A,-,N,,,,,,,,,,N,4,0,1,2,D,-,00,,,N,D,C,A,A,H,-,C,A,0,,,,,Y,,-,"- ",0,0,1,0,0,0,0,0,0,"- ","- ",36.837318420410156,-119.77210235595703,FRESNO,FRESNO,-119.77236175537109,36.836189270019531
81527118,2021,2021-07-23,1005,2021-07-07,1329,P1110,NE,3,5,7,1005,0,0,0,,0,1256,"ABBY ST","BEECHWOOD AVE",177.00,N,N,A,-,N,,,,,,,,,,N,4,0,1,2,A,-,09,21804,A,N,D,C,A,A,H,-,A,D,0,,,,,Y,,A,01,0,0,1,0,0,0,0,0,0,"- ","- ",36.838630676269531,-119.78987121582031,FRESNO,FRESNO,-119.78971099853516,36.839149475097656
81527120,2021,2021-07-23,1005,2021-07-09,1245,P1110,NE,5,5,7,1005,0,0,0,,0,1159,"MILLBROOK AVE","PINEDALE AVE",54.00,N,N,A,-,N,,,,,,,,,,Y,4,0,1,2,A,-,09,21801,A,N,A,C,A,A,H,-,A,D,0,,,,,Y,,A,01,0,0,1,0,0,0,0,0,0,"- ","- ",36.843540191650391,-119.76583099365234,FRESNO,FRESNO,-119.76576232910156,36.843757629394531
81527123,2021,2021-07-23,1005,2021-07-13,1257,P1110,NE,2,5,7,1005,0,0,0,,0,1259,"HERNDON AVE","MILLBROOK AVE",0.00,,Y,A,-,N,,,,,,,,,,Y,3,0,1,2,A,-,12,21453,A,N,D,C,A,A,H,-,A,A,0,,,,,Y,,A,01,0,1,0,0,0,0,0,0,0,"- ","- ",36.837409973144531,-119.76309967041016,FRESNO,FRESNO,-119.76331329345703,36.83843994140625
81527125,2021,2021-07-23,1005,2021-07-13,1401,P1387,,2,5,7,1005,0,0,0,,0,,"PALM AVE","OLIVE AVE",0.00,,Y,A,-,N,,,,,,,,,,Y,4,0,1,2,A,-,12,21453,A,N,D,C,A,A,H,-,A,A,0,,,,,Y,,A,01,0,0,1,0,0,0,0,0,0,"- ","- ",36.757678985595703,-119.80867004394531,FRESNO,FRESNO,-119.80860900878906,36.75762939453125
81527126,2021,2021-07-23,1005,2021-07-14,0746,P864,NW,3,5,7,1005,0,0,0,,0,1646,"SHAW AVE","BLYTHE AVE",0.00,,Y,A,-,N,,,,,,,,,,Y,3,0,2,2,A,-,12,21453,A,N,A,C,A,A,H,-,A,A,0,,,,,Y,,A,01,0,1,1,0,0,0,0,0,0,"- ","- ",36.808139801025391,-119.87210083007812,FRESNO,FRESNO,-119.87168121337891,36.808174133300781
81527127,2021,2021-07-23,1005,2021-07-14,0839,P1402,NORTH,3,5,7,1005,0,0,0,,0,00A,"CEDAR AVE",GOSHEN,62.00,S,N,A,-,N,,,,,,,,,,Y,4,0,1,2,A,-,03,22350,,N,E,I,A,A,H,-,A,D,0,,,,,Y,,A,01,0,0,1,0,0,0,0,0,0,"- ","- ",,,FRESNO,FRESNO,-119.75698852539062,36.849925994873047
81527131,2021,2021-07-23,1005,2021-07-19,1220,P1574,NORTH,1,5,7,1005,0,0,0,,0,,"FIGARDEN DR","BULLARD AVE (E)",848.00,N,N,A,-,N,,,,,,,,,,Y,3,0,1,2,A,-,09,21801,A,N,D,C,A,A,H,-,A,D,0,,,,,Y,,A,01,0,1,0,0,0,0,0,0,0,"- ","- ",36.822639465332031,-119.84906768798828,FRESNO,FRESNO,-119.87052917480469,36.824733734130859
81527133,2021,2021-07-23,1005,2021-07-21,0950,P1574,CENTR,3,5,7,1005,0,0,0,,0,,"BLACKSTONE AVE","CORNELL AVE",0.00,,Y,A,-,N,,,,,,,,,,N,3,0,1,2,A,-,11,21954,A,N,G,B,D,A,H,-,A,D,0,Y,,,,Y,,N,60,0,1,0,0,1,0,0,0,0,"- ","- ",36.777740478515625,-119.79052734375,FRESNO,FRESNO,-119.7906494140625,36.777717590332031
81528082,2021,2021-07-26,1005,2021-03-07,0023,P1975,NORTH,7,5,7,1005,0,0,0,,0,00F,"CEDAR AVE","SANTA ANA AVE",5.00,N,N,A,-,Y,,,,,,,,,,Y,4,0,1,1,A,-,00,23103,,N,A,I,A,A,H,-,C,D,0,,,,,Y,,-,"- ",0,0,1,0,0,0,0,0,0,"- ","- ",36.804908752441406,-119.75421142578125,FRESNO,FRESNO,-119.75428009033203,36.80499267578125
81528092,2021,2021-07-26,1005,2021-07-02,1600,P1879,CE,5,5,7,1005,0,0,0,,0,00C,"SHIELDS AVE","VAN NESS BLVD",0.00,,Y,A,-,N,,,,,,,,,,Y,4,0,1,3,A,-,12,21453,A,N,D,E,A,A,H,-,A,A,0,,,,Y,Y,,F,26,0,0,1,0,0,0,0,0,0,"- ","- ",36.779399871826172,-119.80412292480469,FRESNO,FRESNO,-119.80419158935547,36.779399871826172
81528103,2021,2021-07-26,1005,2021-07-17,1505,P829,CE,6,5,7,1005,0,0,0,,0,00B,"BLACKSTONE AVE","CORNELL AVE",0.00,,Y,A,-,N,,,,,,,,,,Y,4,0,1,2,A,-,09,21803,A,N,D,C,A,A,H,-,A,D,0,,,,,Y,,A,01,0,0,1,0,0,0,0,0,0,"- ","- ",36.777740478515625,-119.79052734375,FRESNO,FRESNO,-119.7906494140625,36.777717590332031
81528104,2021,2021-07-26,1005,2021-07-18,1831,P1757,NORTH,7,5,7,1005,0,0,0,,0,00B,"CEDAR AVE","TEAGUE AVE",110.00,N,N,A,-,N,,,,,,,,,,N,4,0,1,1,A,-,08,22107,,N,E,I,A,A,H,-,A,A,0,,,,,Y,,A,01,0,0,1,0,0,0,0,0,0,"- ","- ",36.859378814697266,-119.75682067871094,FRESNO,FRESNO,-119.75689697265625,36.859561920166016
81528110,2021,2021-07-26,1005,2021-07-22,1417,P1298,SW,4,5,7,1005,0,0,0,,0,"E / 28","VENTURA ST","B ST",75.00,E,N,A,-,N,,,,,,,,,,N,4,0,1,2,A,-,03,22350,,N,C,C,A,A,H,-,A,A,0,,,,,Y,,A,01,0,0,1,0,0,0,0,0,0,"- ","- ",36.723011016845703,-119.79606628417969,FRESNO,FRESNO,-119.79454040527344,36.723785400390625
81528255,2021,2021-07-26,1005,2021-06-26,0812,P2039,NORTH,6,5,7,1005,0,0,0,,0,E-1756,"EAST SHAW AV","N FRESNO ST",78.00,W,N,A,-,N,,,,,,,,,,Y,4,0,1,2,D,-,00,,,N,B,C,A,A,H,-,A,D,0,,,,,Y,,-,"- ",0,0,1,0,0,0,0,0,0,"- ","- ",,,FRESNO,FRESNO,-119.78164672851562,36.808456420898438
81529321,2021,2021-07-27,1005,2021-07-23,1342,P1110,NE,5,5,7,1005,0,0,0,,0,1556,"BLACKSTONE AVE","AUTO CENTER DR",366.00,S,N,A,-,N,,,,,,,,,,Y,3,0,2,2,A,-,01,23153,A,N,C,C,A,A,H,-,A,A,0,,,,,Y,Y,A,01,0,1,1,0,0,0,0,0,0,"- ","- ",36.818740844726562,-119.79071044921875,FRESNO,FRESNO,-119.79049682617188,36.818344116210938
81529322,2021,2021-07-27,1005,2021-07-24,2107,P2040,NORTH,6,5,7,1005,0,0,0,,0,00E,"PALM AVE","BROWNING AVE",187.00,N,N,A,-,N,,,,,,,,,,Y,3,0,1,2,A,-,07,21658,A,F,G,B,A,A,H,-,C,D,0,,,,,Y,,-,99,0,1,0,0,0,0,0,0,0,"- ","- ",36.818771362304688,-119.80864715576172,FRESNO,FRESNO,-119.80844116210938,36.819744110107422
81529323,2021,2021-07-27,1005,2021-07-26,0802,P1094,NORTH,1,5,7,1005,0,0,0,,0,00B,"NEES AVE","CHESTNUT AVE",0.00,,Y,A,-,N,,,,,,,,,,Y,4,0,1,2,A,-,03,22350,,N,C,C,A,A,H,-,A,A,0,,,,,Y,,A,01,0,0,1,0,0,0,0,0,0,"- ","- ",36.852169036865234,-119.7386474609375,FRESNO,FRESNO,-119.73880767822266,36.852039337158203
81530267,2021,2021-07-28,1005,2021-07-05,0150,P1754,NORTH,1,5,7,1005,0,0,0,,0,,"BLYTHE AVE","CLINTON AVE",0.00,,Y,A,-,N,,,,,,,,,,Y,4,0,1,1,A,-,08,22107,,N,E,I,A,A,H,-,C,A,0,,,Y,,Y,,C,02,0,0,1,0,0,0,0,0,1,"- ","- ",36.771869659423828,-119.87139892578125,FRESNO,FRESNO,-119.87134552001953,36.771812438964844
81530270,2021,2021-07-28,1005,2021-07-12,0940,P1322,SOUTH,1,5,7,1005,0,0,0,,0,00A,"MCKINLEY AVE","MILLBROOK AVE",638.00,W,N,A,-,N,,,,,,,,,,Y,4,0,1,3,A,-,07,21658,A,N,C,E,A,A,H,-,A,D,0,,,,,Y,,A,01,0,0,1,0,0,0,0,0,0,"- ","- ",36.765060424804688,-119.76342010498047,FRESNO,FRESNO,-119.76570892333984,36.764957427978516
81530279,2021,2021-07-28,1005,2021-07-21,0741,P1306,CENTR,3,5,7,1005,0,0,0,,0,,"MCKINLEY AVE","FRESNO ST",25.00,E,N,A,-,N,,,,,,,,,,N,4,0,1,2,A,-,03,22350,,N,C,C,A,A,H,-,A,A,0,,,,,Y,,A,01,0,0,1,0,0,0,0,0,0,"- ","- ",36.764968872070312,-119.78164672851562,FRESNO,FRESNO,-119.78145599365234,36.765033721923828
81531278,2021,2021-07-29,1005,2021-06-19,2318,P1744,NW,6,5,7,1005,0,0,0,,0,00B,"HERNDON AVE","WEST AVE",0.00,,Y,A,-,N,,,,,,,,,,N,4,0,1,2,A,-,09,21800,D,N,A,C,A,A,H,-,E,B,0,,,,,Y,,A,01,0,0,1,0,0,0,0,0,0,"- ","- ",36.836940765380859,-119.82640838623047,FRESNO,FRESNO,-119.82646179199219,36.837142944335938
8153291,2016,2016-10-31,1001,2016-07-20,2155,5465,,3,5,5,1001,0,0,0,,0,,"WILLOW AV","HOLLAND AV",0.00,,Y,A,-,N,,,,,,,,,,Y,2,0,2,3,A,-,11,21954,A,N,G,B,D,A,H,-,C,D,0,Y,,,,Y,,N,60,1,1,0,0,2,0,0,0,0,"- ","- ",36.797629999999998,-119.72744,FRESNO,CLOVIS,-119.72746993,36.797630099999999
81533274,2021,2021-07-30,1005,2021-06-04,0136,P1821,SW,5,5,7,1005,0,0,0,,0,00F,"ELM AVE","CHURCH AVE",500.00,S,N,A,-,N,,,,,,,,,,N,2,0,1,2,A,-,03,22350,,N,C,C,A,A,H,-,C,D,0,,,,,Y,Y,A,01,1,0,0,0,0,0,0,0,0,"- ","- ",36.714260101318359,-119.79087066650391,FRESNO,FRESNO,-119.79086303710938,36.712806701660156
81533282,2021,2021-07-30,1005,2021-07-21,1443,P1110,NE,3,5,7,1005,0,0,0,,0,1059,"MILLBROOK AVE","NEES AVE",0.00,,Y,A,-,N,,,,,,,,,,Y,3,0,1,2,A,-,09,21801,A,N,A,C,A,A,H,-,A,A,0,,,,,Y,,A,01,0,1,0,0,0,0,0,0,0,"- ","- ",36.851089477539062,-119.76567840576172,FRESNO,FRESNO,-119.76575469970703,36.851814270019531
81534195,2021,2021-08-02,1005,2021-05-28,0636,P1031,SW,5,5,7,1005,0,0,0,,0,00E,"MONO ST","G ST",0.00,,Y,A,-,N,,,,,,,,,,Y,4,0,2,2,A,-,12,22450,A,N,D,C,A,A,H,-,A,A,0,,,,,Y,,A,01,0,0,2,0,0,0,0,0,0,"- ","- ",36.728271484375,-119.79071807861328,FRESNO,FRESNO,-119.79064178466797,36.728218078613281
81535366,2021,2021-08-03,1005,2021-07-19,1107,P1117,NW,1,5,7,1005,0,0,0,,0,00G,"SHAW AVE","FRUIT AVE",0.00,,Y,A,-,N,,,,,,,,,,Y,3,0,2,2,A,-,01,23153,F,N,D,C,A,A,H,-,A,A,0,,,,,Y,Y,A,01,0,1,1,0,0,0,0,0,0,"- ","- ",36.807918548583984,-119.81781768798828,FRESNO,FRESNO,-119.81742858886719,36.808254241943359
8153626,2016,2016-10-26,1015,2016-09-27,1820,N094,SPD,2,5,3,1015,0,0,0,,0,003,"ROSE AV","DOCKERY AV",116.00,W,N,A,-,N,,,,,,,,,,N,4,0,1,2,A,-,11,21954,A,N,G,B,D,A,H,-,B,D,0,Y,,,,Y,,N,60,0,0,1,0,1,0,0,0,0,"- ","- ",,,FRESNO,SELMA,-119.60222469999999,36.56883199
81536278,2021,2021-08-04,1005,2021-07-29,0712,P1601,1,4,5,7,1005,0,0,0,,0,,"NORTH AVE","ORANGE AVE",791.00,W,N,A,-,N,,,,,,,,,,N,4,0,1,2,A,-,03,22350,,N,C,C,A,A,H,-,A,D,0,,,,,Y,,A,01,0,0,1,0,0,0,0,0,0,"- ","- ",36.692249298095703,-119.76386260986328,FRESNO,FRESNO,-119.76640319824219,36.692348480224609
81536280,2021,2021-08-04,1005,2021-07-30,1043,P1117,NE,5,5,7,1005,0,0,0,,0,00E,"SHAW AVE","FRESNO ST",240.00,W,N,A,-,N,,,,,,,,,,Y,4,0,1,3,A,-,09,21804,A,N,D,C,A,A,H,-,A,A,0,,,,,Y,,A,01,0,0,1,0,0,0,0,0,0,"- ","- ",36.807910919189453,-119.78179168701172,FRESNO,FRESNO,-119.78219604492188,36.808452606201172
81536281,2021,2021-08-04,1005,2021-07-30,1346,P874,2A,5,5,7,1005,0,0,0,,0,2050,"HUGHES AVE","BROWN AVE",187.00,N,N,A,-,N,,,,,,,,,,Y,3,0,1,2,A,-,09,21801,A,N,D,C,A,A,H,-,A,D,0,,,,,Y,,A,01,0,1,0,0,0,0,0,0,0,"- ","- ",36.774551391601562,-119.83545684814453,FRESNO,FRESNO,-119.83547973632812,36.775001525878906
81536286,2021,2021-08-04,1005,2021-08-02,0755,P1574,,1,5,7,1005,0,0,0,,0,,"HAZELWOOD BLVD","BRALY AVE",90.00,S,N,A,-,N,,,,,,,,,,Y,3,0,1,2,A,-,03,22350,,N,B,E,A,A,H,-,A,D,0,,,,,Y,,A,01,0,1,0,0,0,0,0,0,0,"- ","- ",36.723960876464844,-119.76806640625,FRESNO,FRESNO,-119.76808929443359,36.723773956298828
81537094,2021,2021-08-05,1005,2021-06-26,1537,P1827,SOUTH,6,5,7,1005,0,0,0,,0,00A,"CLINTON AVE","MAPLE AVE",0.00,,Y,A,-,N,,,,,,,,,,Y,4,0,1,2,A,-,09,21801,A,N,D,D,A,A,H,-,A,A,0,,,,,Y,,A,01,0,0,1,0,0,0,0,0,0,"- ","- ",36.772319793701172,-119.74543762207031,FRESNO,FRESNO,-119.74537658691406,36.772289276123047
81537104,2021,2021-08-05,1005,2021-07-17,2225,P1734,CENTR,6,5,7,1005,0,0,0,,0,00C,"MCKINLEY AVE","CHANNING WAY",246.00,W,N,A,-,N,,,,,,,,,,Y,2,0,1,2,A,-,01,23153,F,N,D,G,A,A,H,-,C,A,0,,Y,,,Y,,A,01,1,0,0,0,0,0,1,0,0,"- ","- ",36.764358520507812,-119.82485198974609,FRESNO,FRESNO,-119.82479858398438,36.764724731445312
81537106,2021,2021-08-05,1005,2021-07-17,2333,P1748,S/E,6,5,7,1005,0,0,0,,0,,"ELEVENTH ST","CALWA AVE",150.00,N,N,A,-,N,,,,,,,,,,N,3,0,1,2,A,-,11,21954,A,N,G,B,D,A,H,-,C,D,0,Y,,,,Y,,N,60,0,1,0,0,1,0,0,0,0,"- ","- ",36.705001831054688,-119.75604248046875,FRESNO,FRESNO,-119.75595855712891,36.705272674560547
81537107,2021,2021-08-05,1005,2021-07-22,2245,P1514,CENTR,4,5,7,1005,0,0,0,,0,00B,"EAST SHIELDS","N FIRST AV",100.00,W,N,A,-,N,,,,,,,,,,Y,3,0,1,1,A,-,03,22350,,N,E,I,A,A,H,-,C,A,0,,,,,Y,,A,01,0,1,0,0,0,0,0,0,0,"- ","- ",,,FRESNO,FRESNO,-119.77300262451172,36.779560089111328
81537108,2021,2021-08-05,1005,2021-07-23,2239,P1689,SOUTH,5,5,7,1005,0,0,0,,0,00B,"CLOVIS AVE","OLIVE AVE",289.00,N,N,A,-,N,,,,,,,,,,Y,3,0,1,2,A,-,01,23152,B,N,C,C,A,A,H,-,C,D,0,,,,,Y,Y,A,01,0,1,0,0,0,0,0,0,0,"- ","- ",36.756290435791016,-119.70137023925781,FRESNO,FRESNO,-119.70052337646484,36.758274078369141
81537109,2021,2021-08-05,1005,2021-07-24,1936,P1625,SE,6,5,7,1005,0,0,0,,0,00C,"MADISON AVE","THIRD ST",30.00,N,N,A,-,N,,,,,,,,,,Y,3,0,1,2,A,-,12,22450,,F,D,C,A,A,H,-,A,A,0,,,,,Y,Y,A,01,0,1,0,0,0,0,0,0,0,"- ","- ",36.748821258544922,-119.77031707763672,FRESNO,FRESNO,-119.76921844482422,36.749549865722656
81537116,2021,2021-08-05,1005,2021-07-30,1914,P1213,CENTR,5,5,7,1005,0,0,0,,0,,"CLINTON AVE","BLACKSTONE AVE",338.00,W,N,A,-,N,,,,,,,,,,Y,4,0,1,2,A,-,09,21804,A,N,D,C,A,A,H,-,A,D,0,,,,,Y,,A,01,0,0,1,0,0,0,0,0,0,"- ","- ",36.772289276123047,-119.79058074951172,FRESNO,FRESNO,-119.79180908203125,36.772251129150391
81538303,2021,2021-08-06,1005,2021-07-01,2311,P1734,,4,5,7,1005,0,0,0,,0,,"ASHLAN AVE","CHESTNUT AVE (E)",220.00,W,N,A,-,N,,,,,,,,,,Y,4,0,1,3,A,-,03,22350,,N,C,C,A,A,H,-,C,A,0,,,,,Y,,A,01,0,0,1,0,0,0,0,0,0,"- ","- ",36.794101715087891,-119.7274169921875,FRESNO,FRESNO,-119.73696136474609,36.794315338134766
81538305,2021,2021-08-06,1005,2021-07-02,2238,P1734,,5,5,7,1005,0,0,0,,0,,"CLINTON AVE","VAGEDES AVE",33.00,W,N,A,-,N,,,,,,,,,,N,2,0,1,2,A,-,05,21202,A,F,D,G,A,A,H,-,C,A,0,,Y,,,Y,,L,04,1,0,0,0,0,0,1,0,0,"- ","- ",36.771991729736328,-119.81648254394531,FRESNO,FRESNO,-119.81658172607422,36.772068023681641
81538310,2021,2021-08-06,1005,2021-07-22,2140,P1213,SOUTH,4,5,7,1005,0,0,0,,0,,"CHURCH AVE","MAPLE AVE",24.00,W,N,A,-,N,,,,,,,,,,Y,4,0,1,1,A,-,01,23152,A,N,E,I,A,A,H,-,C,A,0,,,,,Y,Y,D,22,0,0,1,0,0,0,0,0,0,"- ","- ",36.714210510253906,-119.74562072753906,FRESNO,FRESNO,-119.74571228027344,36.714160919189453
81538318,2021,2021-08-06,1005,2021-08-03,1050,P1574,SOUTH,2,5,7,1005,0,0,0,,0,,"NEVADA AVE","NINTH ST",0.00,,Y,A,-,N,,,,,,,,,,N,4,0,1,2,A,-,12,22450,,N,D,C,A,A,H,-,A,A,0,,,,,Y,,D,22,0,0,1,0,0,0,0,0,0,"- ","- ",36.745151519775391,-119.76011657714844,FRESNO,FRESNO,-119.75900268554688,36.745937347412109