CASE_ID,ACCIDENT_YEAR,PROC_DATE,JURIS,COLLISION_DATE,COLLISION_TIME,OFFICER_ID,REPORTING_DISTRICT,DAY_OF_WEEK,CHP_SHIFT,POPULATION,CNTY_CITY_LOC,SPECIAL_COND,BEAT_TYPE,CHP_BEAT_TYPE,CITY_DIVISION_LAPD,CHP_BEAT_CLASS,BEAT_NUMBER,PRIMARY_RD,SECONDARY_RD,DISTANCE,DIRECTION,INTERSECTION,WEATHER_1,WEATHER_2,STATE_HWY_IND,CALTRANS_COUNTY,CALTRANS_DISTRICT,STATE_ROUTE,ROUTE_SUFFIX,POSTMILE_PREFIX,POSTMILE,LOCATION_TYPE,RAMP_INTERSECTION,SIDE_OF_HWY,TOW_AWAY,COLLISION_SEVERITY,NUMBER_KILLED,NUMBER_INJURED,PARTY_COUNT,PRIMARY_COLL_FACTOR,PCF_CODE_OF_VIOL,PCF_VIOL_CATEGORY,PCF_VIOLATION,PCF_VIOL_SUBSECTION,HIT_AND_RUN,TYPE_OF_COLLISION,MVIW,PED_ACTION,ROAD_SURFACE,ROAD_COND_1,ROAD_COND_2,LIGHTING,CONTROL_DEVICE,CHP_ROAD_TYPE,PEDESTRIAN_ACCIDENT,BICYCLE_ACCIDENT,MOTORCYCLE_ACCIDENT,TRUCK_ACCIDENT,NOT_PRIVATE_PROPERTY,ALCOHOL_INVOLVED,STWD_VEHTYPE_AT_FAULT,CHP_VEHTYPE_AT_FAULT,COUNT_SEVERE_INJ,COUNT_VISIBLE_INJ,COUNT_COMPLAINT_PAIN,COUNT_PED_KILLED,COUNT_PED_INJURED,COUNT_BICYCLIST_KILLED,COUNT_BICYCLIST_INJURED,COUNT_MC_KILLED,COUNT_MC_INJURED,PRIMARY_RAMP,SECONDARY_RAMP,LATITUDE,LONGITUDE,COUNTY,CITY,POINT_X,POINT_Y
81640463,2021,2021-12-02,1005,2021-11-30,2210,P1891,SOUTH,2,5,7,1005,0,0,0,,0,00C,"BELMONT AVE","NINTH ST",230.00,E,N,A,-,N,,,,,,,,,,Y,3,0,2,1,A,-,03,22350,,N,E,I,A,A,H,-,C,D,0,,,,,Y,,A,01,0,2,0,0,0,0,0,0,0,"- ","- ",36.75048828125,-119.75901031494141,FRESNO,FRESNO,-119.7581787109375,36.750419616699219
81641670,2021,2021-12-03,1005,2021-06-25,1440,P1903,CENTR,5,5,7,1005,0,0,0,,0,00D,"E VASSAR AVE","BLACKSTONE AVE",63.00,W,N,-,-,N,,,,,,,,,,N,4,0,2,2,A,-,03,22350,,F,C,D,A,A,H,-,A,A,0,,,,,Y,,A,08,0,0,2,0,0,0,0,0,0,"- ","- ",,,FRESNO,FRESNO,-119.79088592529297,36.771366119384766
81641688,2021,2021-12-03,1005,2021-11-13,1325,P689,NW,6,5,7,1005,0,0,0,,0,00B,"N PALM AVE","W LOCUST AVE",0.00,,Y,B,-,N,,,,,,,,,,Y,4,0,2,2,A,-,12,21453,A,N,D,C,A,A,H,-,A,A,0,,,,,Y,,A,01,0,0,2,0,0,0,0,0,0,"- ","- ",,,FRESNO,FRESNO,-119.8082275390625,36.840652465820312
81641689,2021,2021-12-03,1005,2021-11-15,0753,P1628,SOUTH,1,5,7,1005,0,0,0,,0,FRANK,"E JENSEN AVE","MINNEWAWA AVE",0.00,S,Y,E,-,N,,,,,,,,,,Y,3,0,4,2,A,-,09,21801,A,N,B,C,A,D,H,-,A,D,0,,,,,Y,,A,01,0,4,0,0,0,0,0,0,0,"- ","- ",,,FRESNO,FRESNO,-119.70923614501953,36.707599639892578
8164261,2016,2017-03-03,1007,2016-09-29,2234,1062,KERMA,4,5,2,1007,0,0,0,,0,0KE,"MADERA AV","COMMERCE AV",617.00,S,N,A,-,Y,FRE,6,145,-,-,33.820,H,-,N,N,2,0,1,2,A,-,01,23152,A,N,C,E,A,A,H,-,C,A,0,,,,,Y,Y,-,,1,0,0,0,0,0,0,0,0,"- ","- ",,,FRESNO,KERMAN,-120.06040323000001,36.715851309999998
8164277,2016,2016-11-08,1015,2016-10-29,0323,N072,,6,5,3,1015,0,0,0,,0,001,"HIGHLAND AV","GOLDEN STATE BL",0.00,,Y,A,-,N,,,,,,,,,,N,4,0,1,1,A,-,01,23152,B,N,A,I,A,A,H,-,C,A,0,,,,,Y,Y,-,,0,0,1,0,0,0,0,0,0,"- ","- ",,,FRESNO,SELMA,-119.62864999,36.581370030000002
81642866,2021,2021-12-06,1005,2021-12-02,0748,P1601,3,4,5,7,1005,0,0,0,,0,,"OLIVE AVE","NINTH ST",0.00,,Y,A,-,N,,,,,,,,,,N,3,0,1,2,A,-,10,21950,A,N,G,B,B,A,H,-,A,A,0,Y,,,,Y,,A,07,0,1,0,0,1,0,0,0,0,"- ","- ",,,FRESNO,FRESNO,-119.75898742675781,36.757717132568359
81642868,2021,2021-12-06,1005,2021-12-02,1454,P2063,,4,5,7,1005,0,0,0,,0,00B,"WEST AVE","SIERRA AVE",15.00,N,N,A,-,N,,,,,,,,,,N,4,0,1,2,A,-,08,22107,,N,G,B,B,A,H,-,A,A,0,Y,,,,Y,,A,01,0,0,1,0,1,0,0,0,0,"- ","- ",36.829639434814453,-119.82650756835938,FRESNO,FRESNO,-119.82646942138672,36.830009460449219
81642869,2021,2021-12-06,1005,2021-12-02,1513,P1117,NE,4,5,7,1005,0,0,0,,0,00A,"FORT WASHINGTON RD","MILLBROOK AVE",206.00,N,N,A,-,N,,,,,,,,,,Y,3,0,1,1,A,-,07,21658,A,N,E,I,A,A,H,-,A,D,0,,,,,Y,,A,01,0,1,0,0,0,0,0,0,0,"- ","- ",36.884040832519531,-119.76627349853516,FRESNO,FRESNO,-119.76632690429688,36.884048461914062
81643091,2021,2021-12-06,1005,2021-11-15,1726,P2039,NORTH,1,5,7,1005,0,0,0,,0,00C,"ISLAND WATERPARK DR","BARSTOW AVE",649.00,S,N,A,-,N,,,,,,,,,,Y,3,0,1,2,A,-,05,21460,B,N,B,C,A,A,H,-,C,D,0,,,,,Y,,A,01,0,1,0,0,0,0,0,0,0,"- ","- ",36.815361022949219,-119.89698791503906,FRESNO,FRESNO,-119.89540863037109,36.814228057861328
81643093,2021,2021-12-06,1005,2021-11-23,1739,P1684,NORTH,2,5,7,1005,0,0,0,,0,00F,"SHAW AVE","BARTON AVE",420.00,W,N,A,-,N,,,,,,,,,,N,4,0,1,2,A,-,03,22350,,N,C,C,A,A,H,-,C,A,0,,,,,Y,,J,48,0,0,1,0,0,0,0,0,0,"- ","- ",36.808689117431641,-119.74964141845703,FRESNO,FRESNO,-119.75111389160156,36.808895111083984
81643095,2021,2021-12-06,1005,2021-11-26,1644,P2057,CENTR,5,5,7,1005,0,0,0,,0,00A,"FRUIT AVE","ASHLAN AVE",0.00,,Y,A,-,N,,,,,,,,,,N,4,0,1,2,-,-,"- ",,,N,D,C,A,A,H,-,A,D,0,,,Y,,Y,,-,"- ",0,0,1,0,0,0,0,0,1,"- ","- ",36.793811798095703,-119.81758117675781,FRESNO,FRESNO,-119.81749725341797,36.793853759765625
8164316,2016,2016-12-02,1001,2016-10-11,1226,5465,,2,5,5,1001,0,0,0,,0,003,"LOCAN AV","BARSTOW AV",0.00,,Y,A,-,N,,,,,,,,,,Y,4,0,1,2,A,-,12,21453,A,N,D,C,A,A,H,-,A,A,0,,,,,Y,,I,11,0,0,1,0,0,0,0,0,0,"- ","- ",36.815649999999998,-119.65499,FRESNO,CLOVIS,-119.65498991,36.81565002
81643258,2021,2021-12-06,1005,2021-11-25,2110,P1920,NW,4,5,7,1005,0,0,0,,0,00B,"SIERRA AVE","MAROA AVE",0.00,,Y,A,-,Y,,,,,,,,,,Y,4,0,2,2,A,-,01,23153,A,N,B,C,A,A,H,-,C,A,0,,,,,Y,Y,A,01,0,0,2,0,0,0,0,0,0,"- ","- ",36.830108642578125,-119.79942321777344,FRESNO,FRESNO,-119.79928588867188,36.830089569091797
81643259,2021,2021-12-06,1005,2021-12-05,1256,P2041,NW,7,5,7,1005,0,0,0,,0,00B,"HERNDON AVE","PALM AVE",36.00,W,N,A,-,N,,,,,,,,,,N,4,0,2,2,A,-,04,21703,,N,C,C,A,A,H,-,A,A,0,,,,Y,Y,,F,26,0,0,2,0,0,0,0,0,0,"- ","- ",36.837089538574219,-119.80838012695312,FRESNO,FRESNO,-119.80853271484375,36.837139129638672
8164427,2016,2016-12-15,1001,2016-10-25,1438,5612,,2,5,5,1001,0,0,0,,0,006,"WEST HERNDON AV","NORTH PEACH AV",287.00,E,N,A,-,N,,,,,,,,,,Y,4,0,1,3,A,-,03,22350,,N,C,C,A,A,H,-,A,D,0,,,,,Y,,A,01,0,0,1,0,0,0,0,0,0,"- ","- ",36.836970000000001,-119.71696,FRESNO,CLOVIS,-119.71921997,36.837645360000003
8164452,2016,2016-11-08,1001,2016-10-04,1533,5277,,2,5,5,1001,0,0,0,,0,007,"SHEPHERD AV","LOCAN AV",0.00,,Y,A,-,N,,,,,,,,,,Y,3,0,2,2,A,-,09,21801,A,N,D,C,A,A,H,-,A,D,0,,,,,Y,,A,01,0,2,0,0,0,0,0,0,0,"- ","- ",,,FRESNO,CLOVIS,-119.65680996,36.866360010000001
81644721,2021,2021-12-07,1005,2021-09-09,1120,P2051,SW,4,5,7,1005,0,0,0,,0,00D,"SAN JOAQUIN ST","L STREET",204.00,E,N,A,-,Y,,,,,,,,,,Y,4,0,1,1,A,-,03,22350,,N,E,I,A,A,H,-,A,D,0,,,,,Y,,A,01,0,0,1,0,0,0,0,0,0,"- ","- ",,,FRESNO,FRESNO,-119.79519653320312,36.742671966552734
81644724,2021,2021-12-07,1005,2021-11-22,1721,P1909,SW,1,5,7,1005,0,0,0,,0,00G,"JENSEN AVE","S EAST",100.00,W,N,A,-,N,,,,,,,,,,N,4,0,1,2,A,-,08,22107,,N,B,C,A,A,H,-,C,D,0,,,,,Y,,A,01,0,0,1,0,0,0,0,0,0,"- ","- ",36.706798553466797,-119.77060699462891,FRESNO,FRESNO,-119.77652740478516,36.706829071044922
81644728,2021,2021-12-07,1005,2021-12-01,0934,P1620,SW,3,5,7,1005,0,0,0,,0,00F,"SAMSON AVE","MARTIN LUTHER KING JR BLVD (S)",680.00,E,N,A,-,Y,,,,,,,,,,Y,3,0,1,5,A,-,03,22350,,N,D,E,E,A,H,-,A,D,0,Y,,,,Y,,A,01,0,1,0,0,1,0,0,0,0,"- ","- ",36.693561553955078,-119.79982757568359,FRESNO,FRESNO,-119.7974853515625,36.693622589111328
81644729,2021,2021-12-07,1005,2021-12-01,1217,P1620,SW,3,5,7,1005,0,0,0,,0,00C,"CHANNING WAY","EDEN AVE",0.00,,Y,A,-,Y,,,,,,,,,,N,2,0,1,1,A,-,03,22350,,N,E,I,A,A,H,-,A,D,0,,,,,Y,,A,01,1,0,0,0,0,0,0,0,0,"- ","- ",36.725009918212891,-119.82440185546875,FRESNO,FRESNO,-119.82441711425781,36.72491455078125
81644730,2021,2021-12-07,1005,2021-12-02,1319,P1620,SW,4,5,7,1005,0,0,0,,0,00A,"BELMONT AVE","PARKWAY DR (W)",0.00,,Y,A,-,Y,,,,,,,,,,Y,4,0,1,2,D,-,00,,,N,B,C,A,A,H,-,A,D,0,,,Y,,Y,,-,"- ",0,0,1,0,0,0,0,0,1,"- ","- ",36.750259399414062,-119.82659149169922,FRESNO,FRESNO,-119.82662963867188,36.750247955322266
81645951,2021,2021-12-08,1005,2021-11-30,1425,P864,"NW FR",2,5,7,1005,0,0,0,,0,1346,"HERNDON AVE","MILBURN AVE",0.00,,Y,A,-,N,,,,,,,,,,N,3,0,1,2,A,-,10,21950,A,N,G,B,B,A,H,-,A,A,0,Y,,,,Y,,D,22,0,1,0,0,1,0,0,0,0,"- ","- ",36.837131500244141,-119.87906646728516,FRESNO,FRESNO,-119.87908935546875,36.837154388427734
81645952,2021,2021-12-08,1005,2021-12-03,0740,P1601,1,5,5,7,1005,0,0,0,,0,,"OLIVE AVE","CRYSTAL AVE (W)",0.00,,Y,A,-,N,,,,,,,,,,Y,4,0,1,2,A,-,09,21801,A,N,D,C,A,A,H,-,A,A,0,,,,,Y,,A,01,0,0,1,0,0,0,0,0,0,"- ","- ",36.757488250732422,-119.8323974609375,FRESNO,FRESNO,-119.83224487304688,36.757457733154297
81645955,2021,2021-12-08,1005,2021-12-07,1457,P874,2F,2,5,7,1005,0,0,0,,0,2354,"OLIVE AVE",BROADWAY,0.00,,Y,A,-,N,,,,,,,,,,N,3,0,1,2,A,-,10,21950,A,N,G,B,B,A,H,-,A,A,0,Y,,,,Y,,A,01,0,1,0,0,1,0,0,0,0,"- ","- ",36.757160186767578,-119.80381774902344,FRESNO,FRESNO,-119.80284881591797,36.757648468017578
81647207,2021,2021-12-09,1005,2021-12-08,0805,P1574,SOUTH,3,5,7,1005,0,0,0,,0,,"CHESTNUT AVE","ANNADALE AVE",500.00,N,N,E,-,N,,,,,,,,,,Y,4,0,2,2,A,-,08,22107,,N,B,C,A,A,H,-,A,D,0,,,,,Y,,D,22,0,0,2,0,0,0,0,0,0,"- ","- ",36.69879150390625,-119.73812103271484,FRESNO,FRESNO,-119.73656463623047,36.701011657714844
81647209,2021,2021-12-09,1005,2021-12-08,1018,P874,2C,3,5,7,1005,0,0,0,,0,2153,"CLINTON AVE","FRUIT AVE",149.00,W,N,A,-,N,,,,,,,,,,Y,4,0,2,2,A,-,09,21804,A,N,D,C,A,A,H,-,A,D,0,,,,,Y,,A,01,0,0,2,0,0,0,0,0,0,"- ","- ",36.771999359130859,-119.81761932373047,FRESNO,FRESNO,-119.818115234375,36.772060394287109
8164752,2016,2016-11-09,1012,2016-10-14,0735,L016,,5,5,3,1012,0,0,0,,0,001,"REED AV","10TH ST",0.00,,Y,A,-,N,,,,,,,,,,N,4,0,1,2,A,-,09,21802,A,N,A,C,A,A,H,-,A,A,0,,,,,Y,,-,,0,0,1,0,0,0,0,0,0,"- ","- ",,,FRESNO,REEDLEY,-119.45768988,36.593470000000003
81648555,2021,2021-12-10,1005,2021-12-08,1720,P1970,NORTH,3,5,7,1005,0,0,0,,0,00B,"NORTH BLACKSTONE","EAST NEES",0.00,,Y,A,-,N,,,,,,,,,,N,4,0,1,2,A,-,11,21954,A,N,G,B,D,A,H,-,C,A,0,Y,,,,Y,,N,60,0,0,1,0,1,0,0,0,0,"- ","- ",,,FRESNO,FRESNO,-119.79081726074219,36.851776123046875
81649421,2021,2021-12-13,1005,2021-10-31,2253,P1852,SOUTH,7,5,7,1005,0,0,0,,0,00A,"OLIVE AVE","FIFTH ST",0.00,,Y,A,-,N,,,,,,,,,,N,4,0,1,2,A,-,09,21801,A,N,D,C,A,A,H,-,C,D,0,,,Y,,Y,,A,01,0,0,1,0,0,0,0,0,1,"- ","- ",36.75775146484375,-119.76573944091797,FRESNO,FRESNO,-119.76575469970703,36.757709503173828
81649657,2021,2021-12-13,1005,2021-11-26,0335,P2018,CE,5,5,7,1005,0,0,0,,0,00A,"SHIELDS AVE","CRYSTAL AVE",0.00,,Y,A,-,N,,,,,,,,,,Y,3,0,1,2,A,-,01,23152,B,N,A,E,A,A,H,-,C,D,0,,,,,Y,Y,A,01,0,1,0,0,0,0,0,0,0,"- ","- ",36.779289245605469,-119.83094024658203,FRESNO,FRESNO,-119.83102416992188,36.779075622558594
81649659,2021,2021-12-13,1005,2021-12-02,1015,P1110,NE,4,5,7,1005,0,0,0,,0,1758,"FIRST ST","GETTYSBURG AVE",0.00,,Y,A,-,N,,,,,,,,,,N,4,0,1,2,A,-,12,21457,A,N,D,C,A,A,H,-,A,B,0,,,,,Y,,A,01,0,0,1,0,0,0,0,0,0,"- ","- ",36.801349639892578,-119.7723388671875,FRESNO,FRESNO,-119.77241516113281,36.801307678222656
81649660,2021,2021-12-13,1005,2021-12-02,0050,S194,CE,4,5,7,1005,0,0,0,,0,,"N FRESNO ST","EAST BELMONT AV",126.00,N,N,A,-,N,,,,,,,,,,Y,4,0,1,3,A,-,01,23152,B,N,C,E,A,A,H,-,C,D,0,,,,,Y,Y,A,01,0,0,1,0,0,0,0,0,0,"- ","- ",,,FRESNO,FRESNO,-119.78148651123047,36.750686645507812
81649662,2021,2021-12-13,1005,2021-12-07,1310,P1298,CE,2,5,7,1005,0,0,0,,0,"B / 20","BLACKSTONE AVE","SHIELDS AVE",10.00,S,N,A,-,N,,,,,,,,,,N,4,0,1,2,A,-,03,22350,,N,C,C,A,A,H,-,A,A,0,,,,,Y,,A,01,0,0,1,0,0,0,0,0,0,"- ","- ",36.779079437255859,-119.791259765625,FRESNO,FRESNO,-119.79064178466797,36.779571533203125
81649663,2021,2021-12-13,1005,2021-12-08,0845,P1264,2,3,5,7,1005,0,0,0,,0,00B,"MAROA AVE","FEDORA AVE",0.00,,Y,A,-,N,,,,,,,,,,Y,4,0,3,2,A,-,09,21802,A,N,D,C,A,A,H,-,A,A,0,,,,,Y,,A,01,0,0,3,0,0,0,0,0,0,"- ","- ",36.783489227294922,-119.80014038085938,FRESNO,FRESNO,-119.79946899414062,36.784015655517578
81649667,2021,2021-12-13,1005,2021-12-09,1201,P1264,1,4,5,7,1005,0,0,0,,0,00A,"MARKS AVE","FLORADORA AVE",40.00,S,N,B,-,N,,,,,,,,,,N,4,0,1,2,A,-,03,22350,,N,C,C,A,A,H,-,A,A,0,,,,,Y,,A,01,0,0,1,0,0,0,0,0,0,"- ","- ",36.761001586914062,-119.84438323974609,FRESNO,FRESNO,-119.84431457519531,36.760921478271484
81649669,2021,2021-12-13,1005,2021-12-09,1547,P850,NW,4,5,7,1005,0,0,0,,0,1649,"VALENTINE AVE","SHAW AVE",0.00,,Y,B,-,N,,,,,,,,,,Y,4,0,1,2,A,-,01,23152,A,F,A,C,A,A,H,-,A,A,0,,,,,Y,Y,A,01,0,0,1,0,0,0,0,0,0,"- ","- ",36.808170318603516,-119.85347747802734,FRESNO,FRESNO,-119.85350036621094,36.808181762695312
81649854,2021,2021-12-13,1005,2021-11-11,0916,P1764,SOUTH,4,5,7,1005,0,0,0,,0,00G,"CLOVIS AVE","BURNS AVE",45.00,N,N,A,-,N,,,,,,,,,,N,4,0,1,2,A,-,03,22350,,N,E,I,A,A,H,-,A,B,0,,,,,Y,,D,22,0,0,1,0,0,0,0,0,0,"- ","- ",36.712631225585938,-119.69998931884766,FRESNO,FRESNO,-119.70008850097656,36.712722778320312
81649858,2021,2021-12-13,1005,2021-12-10,1710,P2063,NORTH,5,5,7,1005,0,0,0,,0,00A,"SANTA FE AVE","PALO ALTO AVE",0.00,,Y,A,-,N,,,,,,,,,,Y,3,0,1,2,A,-,08,22107,,N,D,C,A,A,H,-,B,D,0,,,,,Y,,A,01,0,1,0,0,0,0,0,0,0,"- ","- ",36.833480834960938,-119.87860870361328,FRESNO,FRESNO,-119.87874603271484,36.833419799804688
81649859,2021,2021-12-13,1005,2021-12-10,1740,P843,SOUTH,5,5,7,1005,0,0,0,,0,00F,"CHURCH AVE","MAPLE AVE",159.00,E,N,A,-,N,,,,,,,,,,N,4,0,1,2,A,-,08,22107,,F,B,C,A,A,H,-,C,D,0,,,,,Y,Y,A,01,0,0,1,0,0,0,0,0,0,"- ","- ",36.714210510253906,-119.74562072753906,FRESNO,FRESNO,-119.74508666992188,36.714145660400391
8165054,2016,2016-11-14,1004,2016-10-04,1209,G051,FOWLE,2,5,2,1004,0,0,0,,0,0FO,"GOLDEN STATE BL","VINE ST",0.00,,Y,A,-,N,,,,,,,,,,Y,4,0,2,2,A,-,09,21801,A,N,C,C,A,A,H,-,A,A,0,,,,,Y,,-,,0,0,2,0,0,0,0,0,0,"- ","- ",,,FRESNO,FOWLER,-119.6777199,36.626060029999998
8165058,2016,2016-11-14,1004,2016-10-21,1637,G036,FOWLE,5,5,2,1004,0,0,0,,0,0FO,"6TH ST","VINE ST",0.00,,Y,A,-,N,,,,,,,,,,Y,4,0,2,2,A,-,09,21802,A,N,C,C,A,A,H,-,A,A,0,,,,,Y,,-,,0,0,2,0,0,0,0,0,0,"- ","- ",,,FRESNO,FOWLER,-119.67565992,36.627550110000001
81651245,2021,2021-12-14,1005,2021-10-31,0659,P1991,NW,7,5,7,1005,0,0,0,,0,00D,"FIGARDEN DR","SIERRA AVE",54.00,W,N,A,-,N,,,,,,,,,,Y,2,0,1,1,A,-,08,22107,,N,E,I,A,A,H,-,A,D,0,,,,,Y,,A,01,1,0,0,0,0,0,0,0,0,"- ","- ",36.829349517822266,-119.85610198974609,FRESNO,FRESNO,-119.8563232421875,36.829338073730469
81651248,2021,2021-12-14,1005,2021-12-04,1103,P963,,6,5,7,1005,0,0,0,,0,,"GETTYSBURG AVE","FIRST ST",0.00,,Y,B,-,N,,,,,,,,,,Y,4,0,1,3,A,-,12,21453,A,N,D,C,A,A,H,-,A,A,0,,,,,Y,,A,01,0,0,1,0,0,0,0,0,0,"- ","- ",36.801349639892578,-119.7723388671875,FRESNO,FRESNO,-119.77241516113281,36.801307678222656
81653616,2021,2021-12-16,1005,2021-12-02,1920,P1962,SW,4,5,7,1005,0,0,0,,0,00B,"BELMONT AVE","PALM AVE",0.00,,Y,A,-,N,,,,,,,,,,N,4,0,1,2,A,-,12,21453,A,N,D,C,A,A,H,-,C,A,0,,,,Y,Y,,-,"- ",0,0,1,0,0,0,0,0,0,"- ","- ",36.749919891357422,-119.80935668945312,FRESNO,FRESNO,-119.80828857421875,36.750385284423828
81653618,2021,2021-12-16,1005,2021-12-06,1659,P1490,NW,1,5,7,1005,0,0,0,,0,,"HERNDON AV","N BRAWLEY",442.00,E,N,A,-,N,,,,,,,,,,Y,3,0,2,6,A,-,03,22350,,N,C,C,A,A,H,-,C,A,0,,,,,Y,,A,01,0,1,1,0,0,0,0,0,0,"- ","- ",,,FRESNO,FRESNO,-119.86093902587891,36.837169647216797
81653622,2021,2021-12-16,1005,2021-12-11,1137,P1251,CE,6,5,7,1005,0,0,0,,0,00A,"ASHLAN AVE","VALENTINE AVE",0.00,,Y,A,-,N,,,,,,,,,,Y,4,0,1,3,A,-,12,21453,A,N,D,C,A,A,H,-,A,A,0,,,,,Y,,A,01,0,0,1,0,0,0,0,0,0,"- ","- ",36.793750762939453,-119.85321044921875,FRESNO,FRESNO,-119.85334014892578,36.79376220703125
81653624,2021,2021-12-16,1005,2021-12-12,2118,P1991,NW,7,5,7,1005,0,0,0,,0,00E,"BLACKSTONE AVE","BARSTOW AVE",321.00,N,N,C,-,N,,,,,,,,,,Y,4,0,1,2,A,-,08,22107,,N,D,C,A,B,H,-,C,A,0,,,,,Y,,D,22,0,0,1,0,0,0,0,0,0,"- ","- ",36.815158843994141,-119.79074096679688,FRESNO,FRESNO,-119.79051208496094,36.816612243652344
81654809,2021,2021-12-17,1005,2021-12-16,0819,P1117,NE,4,5,7,1005,0,0,0,,0,00G,"DAKOTA AVE","MILLBROOK AVE",607.00,E,N,C,-,N,,,,,,,,,,Y,4,0,1,2,A,-,07,21658,A,N,C,E,A,B,H,-,A,D,0,,,,,Y,,A,01,0,0,1,0,0,0,0,0,0,"- ","- ",36.786838531494141,-119.76339721679688,FRESNO,FRESNO,-119.76133728027344,36.786853790283203
81655574,2021,2021-12-20,1005,2021-12-08,0325,P2016,NW,3,5,7,1005,0,0,0,,0,00F,"WEST CLINTON","FWY 99",250.00,W,N,E,-,N,,,,,,,,,,N,2,0,1,2,A,-,11,21954,A,F,G,B,E,A,H,-,C,A,0,Y,,,,Y,,N,60,1,0,0,0,1,0,0,0,0,"- ","- ",,,FRESNO,FRESNO,,
81655578,2021,2021-12-20,1005,2021-12-11,1240,P2049,CENTR,6,5,7,1005,0,0,0,,0,00C,"CLINTON AVE","FRUIT AVE",39.00,E,N,A,-,N,,,,,,,,,,N,4,0,1,2,A,-,03,22350,,N,C,C,A,A,H,-,A,A,0,,,,,Y,,A,01,0,0,1,0,0,0,0,0,0,"- ","- ",36.771999359130859,-119.81761932373047,FRESNO,FRESNO,-119.81747436523438,36.772060394287109
81655579,2021,2021-12-20,1005,2021-12-11,1953,P1130,NE,6,5,7,1005,0,0,0,,0,00A,"FRIANT RD","SHEPHERD AVE",0.00,,Y,A,-,N,,,,,,,,,,Y,4,0,1,2,A,-,12,21453,A,N,D,C,A,A,H,-,C,A,0,,,,,Y,,A,01,0,0,1,0,0,0,0,0,0,"- ","- ",36.866218566894531,-119.77957153320312,FRESNO,FRESNO,-119.77964019775391,36.866287231445312
81655580,2021,2021-12-20,1005,2021-12-15,1725,P2019,NE,3,5,7,1005,0,0,0,,0,00B,"NEES AVE","FIRST ST",40.00,W,N,A,-,N,,,,,,,,,,N,2,0,1,2,A,-,12,22450,A,N,A,G,A,B,H,-,C,A,0,,Y,,,Y,,L,04,1,0,0,0,0,0,1,0,0,"- ","- ",36.851238250732422,-119.77446746826172,FRESNO,FRESNO,-119.77480316162109,36.851871490478516
81655696,2021,2021-12-20,1005,2021-12-04,1708,P829,NORTH,6,5,7,1005,0,0,0,,0,00C,"BLACKSTONE AVE","MAGILL AVE",0.00,,Y,B,-,N,,,,,,,,,,Y,4,0,1,2,A,-,09,21801,A,N,D,C,A,A,H,-,C,D,0,,,,,Y,,A,01,0,0,1,0,0,0,0,0,0,"- ","- ",36.835540771484375,-119.79031372070312,FRESNO,FRESNO,-119.7901611328125,36.835578918457031
81655697,2021,2021-12-20,1005,2021-12-06,0804,P962,SW,1,5,7,1005,0,0,0,,0,00E,"TULARE ST","POTTLE AVE",0.00,,Y,B,-,N,,,,,,,,,,Y,4,0,2,2,A,-,12,22450,,N,D,C,A,B,H,-,A,A,0,,,,,Y,,A,01,0,0,2,0,0,0,0,0,0,"- ","- ",36.724578857421875,-119.80312347412109,FRESNO,FRESNO,-119.80316162109375,36.724643707275391
81657183,2021,2021-12-21,1005,2021-12-03,1415,P1306,NORTH,5,5,7,1005,0,0,0,,0,,"SHAW AVE","JENNIFER AVE",90.00,E,N,A,-,N,,,,,,,,,,N,4,0,1,3,A,-,03,22350,,N,C,C,A,A,H,-,A,D,0,,,,,Y,,B,01,0,0,1,0,0,0,0,0,0,"- ","- ",36.808208465576172,-119.87455749511719,FRESNO,FRESNO,-119.87428283691406,36.808319091796875
81657184,2021,2021-12-21,1005,2021-12-03,1549,P1306,NORTH,5,5,7,1005,0,0,0,,0,,"MARTY AVE","SHAW AVE",668.00,S,N,A,-,N,,,,,,,,,,Y,3,0,2,3,-,-,"- ",,,N,D,C,A,A,H,-,A,D,0,,,,,Y,,-,"- ",0,1,1,0,0,0,0,0,0,"- ","- ",36.808120727539062,-119.85803985595703,FRESNO,FRESNO,-119.85806274414062,36.806381225585938
81657188,2021,2021-12-21,1005,2021-12-06,1709,P1785,NORTH,1,5,7,1005,0,0,0,,0,00G,"CEDAR AVE","ASHLAN AVE",0.00,,Y,A,-,Y,,,,,,,,,,Y,4,0,1,2,A,-,08,22107,,N,D,C,A,A,H,-,C,A,0,,,,,Y,,A,01,0,0,1,0,0,0,0,0,0,"- ","- ",36.793300628662109,-119.75483703613281,FRESNO,FRESNO,-119.75437164306641,36.793582916259766
81657189,2021,2021-12-21,1005,2021-12-08,1358,P874,3F,3,5,7,1005,0,0,0,,0,3065,"CLOVIS AVE","CHURCH AVE",0.00,,Y,A,-,N,,,,,,,,,,Y,4,0,1,3,A,-,12,21453,A,N,D,C,A,A,H,-,A,A,0,,,,,Y,,A,07,0,0,1,0,0,0,0,0,0,"- ","- ",36.714958190917969,-119.69991302490234,FRESNO,FRESNO,-119.70005035400391,36.714870452880859
81657193,2021,2021-12-21,1005,2021-12-16,1602,P876,NORTH,4,5,7,1005,0,0,0,,0,,"CLINTON AVE","CEDAR AVE",54.00,W,N,A,-,N,,,,,,,,,,N,4,0,1,3,A,-,03,22350,,N,C,C,A,A,H,-,A,A,0,,,,,Y,,D,22,0,0,1,0,0,0,0,0,0,"- ","- ",36.772331237792969,-119.75444793701172,FRESNO,FRESNO,-119.75466156005859,36.772346496582031
81657195,2021,2021-12-21,1005,2021-12-17,1046,P874,1D,5,5,7,1005,0,0,0,,0,2657,"VENTURA ST","FIRST ST",56.00,W,N,A,-,N,,,,,,,,,,Y,4,0,1,2,C,-,18,,,N,C,C,A,A,H,-,A,A,0,,,,,Y,,-,"- ",0,0,1,0,0,0,0,0,0,"- ","- ",36.735790252685547,-119.7725830078125,FRESNO,FRESNO,-119.77272796630859,36.735828399658203