CASE_ID,ACCIDENT_YEAR,PROC_DATE,JURIS,COLLISION_DATE,COLLISION_TIME,OFFICER_ID,REPORTING_DISTRICT,DAY_OF_WEEK,CHP_SHIFT,POPULATION,CNTY_CITY_LOC,SPECIAL_COND,BEAT_TYPE,CHP_BEAT_TYPE,CITY_DIVISION_LAPD,CHP_BEAT_CLASS,BEAT_NUMBER,PRIMARY_RD,SECONDARY_RD,DISTANCE,DIRECTION,INTERSECTION,WEATHER_1,WEATHER_2,STATE_HWY_IND,CALTRANS_COUNTY,CALTRANS_DISTRICT,STATE_ROUTE,ROUTE_SUFFIX,POSTMILE_PREFIX,POSTMILE,LOCATION_TYPE,RAMP_INTERSECTION,SIDE_OF_HWY,TOW_AWAY,COLLISION_SEVERITY,NUMBER_KILLED,NUMBER_INJURED,PARTY_COUNT,PRIMARY_COLL_FACTOR,PCF_CODE_OF_VIOL,PCF_VIOL_CATEGORY,PCF_VIOLATION,PCF_VIOL_SUBSECTION,HIT_AND_RUN,TYPE_OF_COLLISION,MVIW,PED_ACTION,ROAD_SURFACE,ROAD_COND_1,ROAD_COND_2,LIGHTING,CONTROL_DEVICE,CHP_ROAD_TYPE,PEDESTRIAN_ACCIDENT,BICYCLE_ACCIDENT,MOTORCYCLE_ACCIDENT,TRUCK_ACCIDENT,NOT_PRIVATE_PROPERTY,ALCOHOL_INVOLVED,STWD_VEHTYPE_AT_FAULT,CHP_VEHTYPE_AT_FAULT,COUNT_SEVERE_INJ,COUNT_VISIBLE_INJ,COUNT_COMPLAINT_PAIN,COUNT_PED_KILLED,COUNT_PED_INJURED,COUNT_BICYCLIST_KILLED,COUNT_BICYCLIST_INJURED,COUNT_MC_KILLED,COUNT_MC_INJURED,PRIMARY_RAMP,SECONDARY_RAMP,LATITUDE,LONGITUDE,COUNTY,CITY,POINT_X,POINT_Y
81876296,2022,2022-09-29,1005,2022-09-27,1433,P1264,4,2,5,7,1005,0,0,0,,0,00C,"SIERRA AVE","FRESNO ST",353.00,W,N,A,-,N,,,,,,,,,,Y,4,0,1,3,A,-,09,21804,A,N,D,C,A,A,H,-,A,D,0,,,,,Y,,A,01,0,0,1,0,0,0,0,0,0,"- ","- ",36.83026123046875,-119.78121948242188,FRESNO,FRESNO,-119.78257751464844,36.830165863037109
81876297,2022,2022-09-29,1005,2022-09-27,1739,P1757,NORTH,2,5,7,1005,0,0,0,,0,,"SHIELDS AVE","168 FWY (W)",0.00,,Y,A,-,N,,,,,,,,,,N,4,0,1,2,A,-,08,22107,,F,B,C,A,A,H,-,A,A,0,,,Y,,Y,,A,07,0,0,1,0,0,0,0,0,1,"- ","- ",36.779640197753906,-119.75016021728516,FRESNO,FRESNO,,
81876298,2022,2022-09-29,1005,2022-09-27,2134,P2009,SW,2,5,7,1005,0,0,0,,0,00A,"OLIVE AVE","99 HWY (E)",0.00,,Y,A,-,N,,,,,,,,,,N,3,0,1,2,A,-,01,23153,A,F,A,G,A,A,H,-,C,D,0,,Y,,,Y,Y,A,01,0,1,0,0,0,0,1,0,0,"- ","- ",36.757461547851562,-119.82926940917969,FRESNO,FRESNO,-117.05001831054688,33.700283050537109
81878536,2022,2022-09-30,1005,2022-04-22,2054,P2072,SW,5,5,7,1005,0,0,0,,0,,"VAN NESS AVE","FRANKLIN AVE",0.00,,Y,A,-,N,,,,,,,,,,N,3,0,1,2,A,-,12,21453,A,F,D,G,A,A,H,-,C,A,0,,Y,,,Y,,-,99,0,1,0,0,0,0,1,0,0,"- ","- ",,,FRESNO,FRESNO,-119.79891204833984,36.748798370361328
81878537,2022,2022-09-30,1005,2022-05-20,2304,P2079,CENTR,5,5,7,1005,0,0,0,,0,,"VAN NESS AVE","OLIVE AVE",0.00,,Y,A,-,N,,,,,,,,,,N,4,0,1,2,A,-,11,21453,D,N,G,B,B,A,H,-,C,A,0,Y,,,,Y,Y,N,60,0,0,1,0,1,0,0,0,0,"- ","- ",36.757148742675781,-119.79981994628906,FRESNO,FRESNO,-119.79888916015625,36.757682800292969
81878543,2022,2022-09-30,1005,2022-09-09,1633,P1940,SE,5,5,7,1005,0,0,0,,0,00B,"TULARE ST","CLOVIS AVE",550.00,W,N,B,C,N,,,,,,,,,,N,4,0,1,2,A,-,09,21804,A,N,D,C,A,B,H,-,A,D,0,,,,,Y,,A,01,0,0,1,0,0,0,0,0,0,"- ","- ",36.743289947509766,-119.70014190673828,FRESNO,FRESNO,-119.70205688476562,36.743141174316406
81878545,2022,2022-09-30,1005,2022-09-24,0203,P2081,SE,6,5,7,1005,0,0,0,,0,00E,"JENSEN AVE","CEDAR AVE",14.00,E,Y,A,-,N,,,,,,,,,,Y,3,0,3,2,A,-,01,23152,A,N,D,C,A,A,H,-,C,A,0,,,,,Y,Y,A,01,0,2,1,0,0,0,0,0,0,"- ","- ",36.707038879394531,-119.75473785400391,FRESNO,FRESNO,-119.75461578369141,36.7069091796875
81878551,2022,2022-09-30,1005,2022-09-29,1954,P1625,SE,4,5,7,1005,0,0,0,,0,00C,"CEDAR AVE","TURNER AVE",12.00,N,N,A,-,N,,,,,,,,,,Y,4,0,1,2,A,-,09,21802,A,N,D,C,A,A,H,-,C,A,0,,,,,Y,,A,01,0,0,1,0,0,0,0,0,0,"- ","- ",36.752269744873047,-119.75447845458984,FRESNO,FRESNO,-119.75446319580078,36.752323150634766
8187901,2016,2017-01-06,1007,2016-12-12,1848,I071,KERMA,1,5,2,1007,0,0,0,,0,0KE,"S MADERA AV","KEARNEY BL",191.00,N,N,A,-,N,,,,,,,,,,N,4,0,1,2,B,-,22,,,N,E,E,A,A,H,-,C,A,0,,,,,Y,,-,,0,0,1,0,0,0,0,0,0,"- ","- ",,,FRESNO,KERMAN,-120.06027256,36.728154340000003
81879499,2022,2022-10-03,1005,2022-09-29,1006,P731,2656,4,5,7,1005,0,0,0,,0,01D,"FRESNO ST","M ST",0.00,,Y,A,-,N,,,,,,,,,,N,4,0,1,2,A,-,12,21453,A,N,D,C,A,A,H,-,A,A,0,,,,,Y,,D,22,0,0,1,0,0,0,0,0,0,"- ","- ",36.738079071044922,-119.78923797607422,FRESNO,FRESNO,-119.78936004638672,36.738143920898438
81879819,2022,2022-10-03,1005,2022-08-22,2142,P1855,SOUTH,1,5,7,1005,0,0,0,,0,00A,"OLIVE AVE","GOLDEN STATE BLVD",19.00,W,N,A,-,N,,,,,,,,,,Y,4,0,2,3,A,-,01,23152,A,N,C,C,A,A,H,-,C,A,0,,,,,Y,Y,D,22,0,0,2,0,0,0,0,0,0,"- ","- ",36.757499694824219,-119.82160186767578,FRESNO,FRESNO,-119.82187652587891,36.757518768310547
81880076,2022,2022-10-03,1005,2022-09-19,1604,P1940,SE,1,5,7,1005,0,0,0,,0,00C,"FIRST ST","HUNTINGTON BLVD (N)",320.00,N,N,C,-,N,,,,,,,,,,N,4,0,1,2,A,-,05,21650,A,N,A,C,A,B,H,-,A,D,0,,,,,Y,,A,01,0,0,1,0,0,0,0,0,0,"- ","- ",36.739391326904297,-119.77245330810547,FRESNO,FRESNO,-119.77245330810547,36.740169525146484
81880080,2022,2022-10-03,1005,2022-09-30,1821,P2109,CENTR,5,5,7,1005,0,0,0,,0,02A,"E DAKOTA AVE","THORNE AVE",492.00,E,N,A,-,N,,,,,,,,,,Y,4,0,2,2,A,-,04,21703,,N,C,C,A,A,H,-,B,D,0,,,,,Y,,A,01,0,0,2,0,0,0,0,0,0,"- ","- ",36.786678314208984,-119.81166076660156,FRESNO,FRESNO,-119.81137847900391,36.786640167236328
8188032,2016,2016-12-12,1001,2016-11-25,1800,5250,,5,5,5,1001,0,0,0,,0,003,"ARMSTRONG AV","SHAW AV",20.00,N,N,A,-,N,,,,,,,,,,N,4,0,1,2,A,-,03,22350,,M,C,C,A,A,H,-,C,A,0,,,,,Y,,A,01,0,0,1,0,0,0,0,0,0,"- ","- ",36.808480000000003,-119.67301999999999,FRESNO,CLOVIS,-119.67301935,36.808684890000002
8188058,2016,2016-12-15,1001,2016-11-29,1450,5277,,2,5,5,1001,0,0,0,,0,004,"MINNEWAWA AV","9TH ST",9.00,N,N,A,-,N,,,,,,,,,,Y,4,0,1,2,A,-,03,22350,,N,C,C,A,A,H,-,A,D,0,,,,,Y,,D,22,0,0,1,0,0,0,0,0,0,"- ","- ",,,FRESNO,CLOVIS,-119.70895982,36.819394699999997
8188062,2016,2016-12-15,1001,2016-11-18,2043,5465,,5,5,5,1001,0,0,0,,0,007,"N NEES AV","FOWLER AV",222.00,E,N,A,-,N,,,,,,,,,,Y,4,0,2,2,A,-,09,21801,A,N,D,C,A,A,H,-,C,D,0,,,,,Y,Y,D,22,0,0,2,0,0,0,0,0,0,"- ","- ",36.851959999999998,-119.68406,FRESNO,CLOVIS,-119.68330179,36.851959999999998
8188125,2016,2017-01-05,1001,2016-11-29,1201,5104,,2,5,5,1001,0,0,0,,0,005,"5TH ST","VETERANS PKWY",15.00,W,N,A,-,N,,,,,,,,,,N,4,0,1,2,A,-,09,21800,A,N,D,G,A,A,H,-,A,A,0,,Y,,,Y,,A,07,0,0,1,0,0,0,1,0,0,"- ","- ",,,FRESNO,CLOVIS,-119.69916119,36.823941140000002
8188129,2016,2016-12-13,1001,2016-11-24,2235,VITATO,,4,5,5,1001,0,0,0,,0,006,"MINNEWAWA AV","SHEPHERD AV",0.00,,Y,A,-,N,,,,,,,,,,Y,4,0,1,2,A,-,12,22450,A,N,D,C,A,A,H,-,C,A,0,,,,,Y,Y,A,01,0,0,1,0,0,0,0,0,0,"- ","- ",,,FRESNO,CLOVIS,-119.71119998,36.866580020000001
8188429,2016,2017-01-07,1001,2016-12-01,2139,5465,,4,5,5,1001,0,0,0,,0,002,"SHAW AV","DEWITT AV",48.00,E,N,A,-,N,,,,,,,,,,N,4,0,1,2,A,-,10,21950,A,N,G,B,F,A,H,-,C,D,0,Y,,,,Y,,D,22,0,0,1,0,1,0,0,0,0,"- ","- ",36.808210000000003,-117.70389,FRESNO,CLOVIS,-119.70437616,36.80843127
8188461,2016,2016-12-19,1001,2016-12-02,1739,5465,,5,5,5,1001,0,0,0,,0,003,"BARSTOW AV","MAGNOLIA AV",87.00,W,N,A,-,N,,,,,,,,,,Y,4,0,1,3,A,-,08,22100,A,N,C,C,A,A,H,-,C,D,0,,,Y,,Y,,A,01,0,0,1,0,0,0,0,0,1,"- ","- ",36.815719999999999,-119.66742000000001,FRESNO,CLOVIS,-119.66771697,36.815717030000002
81893545,2022,2022-10-19,1005,2022-05-15,2310,P1513,NORTH,7,5,7,1005,0,0,0,,0,00D,"MAPLE AVE","HERNDON AVE",20.00,S,N,A,-,N,,,,,,,,,,Y,3,0,1,1,A,-,01,23152,A,N,E,I,A,A,H,-,C,A,0,,,,,Y,Y,A,01,0,1,0,0,0,0,0,0,0,"- ","- ",36.837520599365234,-119.74510192871094,FRESNO,FRESNO,-119.74517822265625,36.83746337890625
81893549,2022,2022-10-19,1005,2022-05-19,1538,P1828,CENTR,4,5,7,1005,0,0,0,,0,00G,"MCKINLEY AVE","BLACKSTONE AVE",291.00,E,N,A,-,N,,,,,,,,,,Y,3,0,1,2,A,-,04,21703,,N,C,C,A,A,H,-,A,A,0,,,,,Y,,A,01,0,1,0,0,0,0,0,0,0,"- ","- ",36.764938354492188,-119.79055786132812,FRESNO,FRESNO,-119.79126739501953,36.765125274658203
81893559,2022,2022-10-19,1005,2022-07-12,2131,P1855,,2,5,7,1005,0,0,0,,0,,"INDIANAPOLIS AVE","VALENTINE AVE",527.00,E,N,A,-,N,,,,,,,,,,N,3,0,1,2,A,-,03,22350,,F,G,B,D,A,H,-,C,A,0,Y,,,,Y,Y,-,99,0,1,0,0,1,0,0,0,0,"- ","- ",36.79962158203125,-119.85343170166016,FRESNO,FRESNO,-119.8515625,36.799720764160156
81893564,2022,2022-10-19,1005,2022-07-24,1839,P1724,NORTH,7,5,7,1005,0,0,0,,0,00G,"FIRST ST","CORNELL AVE",288.00,S,N,A,-,N,,,,,,,,,,Y,4,0,2,2,A,-,01,23152,B,N,C,C,A,A,H,-,A,D,0,,,,,Y,Y,-,33,0,0,2,0,0,0,0,0,0,"- ","- ",36.77764892578125,-119.77255249023438,FRESNO,FRESNO,-119.77264404296875,36.776950836181641
81893570,2022,2022-10-19,1005,2022-08-10,0508,P731,2361,3,5,7,1005,0,0,0,,0,03A,"OLIVE AVE","RECREATION AVE",0.00,,Y,A,-,N,,,,,,,,,,N,1,1,0,2,C,-,18,,,N,G,B,C,A,H,-,C,A,0,Y,,,,Y,,-,"- ",0,0,0,1,0,0,0,0,0,"- ","- ",36.757671356201172,-119.73854064941406,FRESNO,FRESNO,-119.73862457275391,36.757709503173828
81893582,2022,2022-10-19,1005,2022-08-28,1857,P1855,NORTH,7,5,7,1005,0,0,0,,0,00F,"SHAW AVE","WOODROW AVE",26.00,E,N,A,-,N,,,,,,,,,,Y,4,0,1,2,A,-,03,22350,,N,C,C,A,A,H,-,A,A,0,,,,,Y,,A,08,0,0,1,0,0,0,0,0,0,"- ","- ",36.808601379394531,-119.74069976806641,FRESNO,FRESNO,-119.74065399169922,36.808650970458984
81893586,2022,2022-10-19,1005,2022-09-05,0028,P2013,SOUTH,1,5,7,1005,0,0,0,,0,00B,"CLARK ST","MCKENZIE AVE",0.00,,Y,A,-,N,,,,,,,,,,Y,3,0,1,2,A,-,01,23152,B,N,C,E,A,A,H,-,D,D,0,,,,,Y,Y,A,01,0,1,0,0,0,0,0,0,0,"- ","- ",36.746231079101562,-119.78716278076172,FRESNO,FRESNO,-119.78601837158203,36.746845245361328
81893590,2022,2022-10-19,1005,2022-09-10,1822,P1734,CENTR,6,5,7,1005,0,0,0,,0,,"MCKINLEY AVE","BLACKSTONE AVE",0.00,,Y,A,-,N,,,,,,,,,,Y,2,0,1,2,A,-,03,22350,,N,D,C,A,A,H,-,A,A,0,,,,,Y,,A,01,1,0,0,0,0,0,0,0,0,"- ","- ",36.764430999755859,-119.79145050048828,FRESNO,FRESNO,-119.79066467285156,36.764991760253906
81893592,2022,2022-10-19,1005,2022-09-10,2010,P1513,NORTH,6,5,7,1005,0,0,0,,0,00D,"BULLARD AVE","CEDAR AVE",0.00,,Y,A,-,N,,,,,,,,,,Y,4,0,1,2,A,-,12,21453,A,N,D,C,A,A,H,-,C,A,0,,,,,Y,,A,01,0,0,1,0,0,0,0,0,0,"- ","- ",36.823169708251953,-119.75420379638672,FRESNO,FRESNO,-119.75425720214844,36.82305908203125
81893597,2022,2022-10-19,1005,2022-09-19,0006,P1938,SOUTH,1,5,7,1005,0,0,0,,0,00E,"JENSEN AVE","ELM AVE",375.00,W,N,A,-,N,,,,,,,,,,N,3,0,1,5,A,-,01,23152,B,N,C,E,A,A,H,-,C,D,0,,,,,Y,Y,A,01,0,1,0,0,0,0,0,0,0,"- ","- ",36.7069091796875,-119.79071044921875,FRESNO,FRESNO,-119.79216003417969,36.706802368164062
81893599,2022,2022-10-19,1005,2022-09-18,1740,P1625,SE,7,5,7,1005,0,0,0,,0,00B,"CLOVIS AVE","SHIELDS AVE",10.00,S,N,A,-,N,,,,,,,,,,N,3,0,1,3,A,-,03,22350,,F,C,C,A,A,H,-,A,A,0,,,,,Y,Y,A,01,0,1,0,0,0,0,0,0,0,"- ","- ",36.779449462890625,-119.70005798339844,FRESNO,FRESNO,-119.70034790039062,36.779342651367188
81893601,2022,2022-10-19,1005,2022-09-19,1258,S194,SE,1,5,7,1005,0,0,0,,0,,"LAMONA AVE","CLOVIS AVE",14.00,W,N,B,-,N,,,,,,,,,,Y,4,0,1,2,A,-,01,23152,A,N,D,C,A,B,H,-,A,D,0,,,,,Y,Y,A,01,0,0,1,0,0,0,0,0,0,"- ","- ",36.76068115234375,-119.70040893554688,FRESNO,FRESNO,-119.70059967041016,36.760589599609375
81893603,2022,2022-10-19,1005,2022-09-20,1932,P1729,NORTH,2,5,7,1005,0,0,0,,0,00E,"W BULLARD AVE","N VAN NESS BLVD",0.00,,Y,A,-,N,,,,,,,,,,Y,3,0,4,2,A,-,09,21801,A,N,A,D,A,A,H,-,C,A,0,,,,,Y,Y,A,01,0,2,2,0,0,0,0,0,0,"- ","- ",,,FRESNO,FRESNO,-119.83538055419922,36.822742462158203
81893604,2022,2022-10-19,1005,2022-09-21,1530,P1360,CE,3,5,7,1005,0,0,0,,0,00D,"MCKINLEY AVE","EFFIE ST",40.00,W,N,A,-,N,,,,,,,,,,Y,4,0,2,2,A,-,08,22107,,N,A,C,A,A,H,-,A,D,0,,,,,Y,Y,-,"- ",0,0,2,0,0,0,0,0,0,"- ","- ",36.765018463134766,-119.78840637207031,FRESNO,FRESNO,-119.78845977783203,36.765029907226562
81893611,2022,2022-10-19,1005,2022-09-22,2040,P1889,NORTH,4,5,7,1005,0,0,0,,0,00F,"SHIELDS AVE","GRANTLAND AVE",900.00,W,N,A,-,N,,,,,,,,,,N,4,0,1,2,A,-,03,22350,,N,C,C,A,A,H,-,D,D,0,,,,,Y,,D,22,0,0,1,0,0,0,0,0,0,"- ","- ",36.778659820556641,-119.91629028320312,FRESNO,FRESNO,-119.91938781738281,36.778900146484375
81893613,2022,2022-10-19,1005,2022-09-23,1949,P1748,NE,5,5,7,1005,0,0,0,,0,,"GETTYSBURG AVE","MAPLE AVE",0.00,,Y,A,-,N,,,,,,,,,,Y,4,0,1,2,A,-,09,21801,A,N,D,C,A,A,H,-,C,A,0,,,,,Y,,A,01,0,0,1,0,0,0,0,0,0,"- ","- ",36.8013916015625,-119.74526214599609,FRESNO,FRESNO,-119.74522399902344,36.801322937011719
81893618,2022,2022-10-19,1005,2022-09-25,1911,P1748,,7,5,7,1005,0,0,0,,0,,"MAPLE AVE","BELMONT AVE",24.00,N,N,A,-,N,,,,,,,,,,Y,4,0,1,2,A,-,01,23152,A,N,C,C,A,A,H,-,A,D,0,,,,,Y,Y,A,01,0,0,1,0,0,0,0,0,0,"- ","- ",36.750461578369141,-119.74539947509766,FRESNO,FRESNO,-119.74540710449219,36.750476837158203
81893619,2022,2022-10-19,1005,2022-09-25,1957,P1757,CENTR,7,5,7,1005,0,0,0,,0,,"DAKOTA AVE","LAFAYETTE AVE",0.00,,Y,A,-,N,,,,,,,,,,N,3,0,1,2,A,-,11,21954,A,N,G,B,D,A,H,-,C,D,0,Y,,,,Y,,N,60,0,1,0,0,1,0,0,0,0,"- ","- ",36.786449432373047,-119.83872985839844,FRESNO,FRESNO,-119.8387451171875,36.786472320556641
81893621,2022,2022-10-19,1005,2022-09-25,2045,P1701,,7,5,7,1005,0,0,0,,0,,"HERNDON AVE","BLACKSTONE AVE",0.00,,Y,A,-,N,,,,,,,,,,Y,4,0,1,2,A,-,12,21453,A,N,D,C,A,A,H,-,C,A,0,,,,,Y,,A,01,0,0,1,0,0,0,0,0,0,"- ","- ",36.836658477783203,-119.79032897949219,FRESNO,FRESNO,-119.79037475585938,36.837379455566406
81893623,2022,2022-10-19,1005,2022-09-26,1629,P1855,NORTH,1,5,7,1005,0,0,0,,0,,"NEES AVE","BOND ST",0.00,,Y,A,-,N,,,,,,,,,,N,4,0,1,2,A,-,03,22350,,N,C,C,A,A,H,-,A,A,0,,,,,Y,,A,07,0,0,1,0,0,0,0,0,0,"- ","- ",36.851181030273438,-119.77015686035156,FRESNO,FRESNO,-119.77023315429688,36.851833343505859
81893625,2022,2022-10-19,1005,2022-09-26,1930,P2009,NE,1,5,7,1005,0,0,0,,0,00E,"SHAW AVE","FRESNO ST",0.00,,Y,A,-,N,,,,,,,,,,N,4,0,1,2,A,-,11,21954,A,N,G,B,D,A,H,-,C,A,0,Y,,,,Y,,N,60,0,0,1,0,1,0,0,0,0,"- ","- ",36.808650970458984,-119.78134155273438,FRESNO,FRESNO,-119.78137969970703,36.808460235595703
81893627,2022,2022-10-19,1005,2022-09-27,1620,P2009,SW,2,5,7,1005,0,0,0,,0,,"G ST","DIVISADERO ST (E)",0.00,,Y,A,-,N,,,,,,,,,,Y,4,0,1,1,A,-,08,22107,,N,E,I,A,A,H,-,A,A,0,,,,,Y,,A,01,0,0,1,0,0,0,0,0,0,"- ","- ",36.742839813232422,-119.80689239501953,FRESNO,FRESNO,-119.80963897705078,36.744220733642578
81893629,2022,2022-10-19,1005,2022-09-27,1706,P1855,SOUTH,2,5,7,1005,0,0,0,,0,00A,"OLIVE AVE","EIGHTH ST",0.00,,Y,A,-,N,,,,,,,,,,N,4,0,1,2,A,-,09,21801,A,N,D,C,A,A,H,-,A,A,0,,,,,Y,,A,01,0,0,1,0,0,0,0,0,0,"- ","- ",36.757740020751953,-119.76123046875,FRESNO,FRESNO,-119.76124572753906,36.757728576660156
81893633,2022,2022-10-19,1005,2022-09-28,1551,P1264,1,3,5,7,1005,0,0,0,,0,00C,"EL DORADO ST","E ST",0.00,,Y,A,-,N,,,,,,,,,,Y,4,0,1,2,A,-,09,21802,A,N,D,C,A,A,H,-,A,A,0,,,,,Y,,-,"- ",0,0,1,0,0,0,0,0,0,"- ","- ",36.739170074462891,-119.80808258056641,FRESNO,FRESNO,-119.80686187744141,36.739673614501953
81893634,2022,2022-10-19,1005,2022-09-28,1549,P864,"NW FR",3,5,7,1005,0,0,0,,0,1346,"SANTA FE AVE","FIGARDEN DR",366.00,N,N,A,-,N,,,,,,,,,,N,3,0,1,2,A,-,17,21209,A,F,C,G,A,A,H,-,A,D,0,,Y,,,Y,,-,99,0,1,0,0,0,0,1,0,0,"- ","- ",36.826648712158203,-119.86930847167969,FRESNO,FRESNO,-119.87042236328125,36.827373504638672
81893635,2022,2022-10-19,1005,2022-09-29,0733,P1298,NW,4,5,7,1005,0,0,0,,0,"E / 14","BULLARD AVE","FORKNER AVE",0.00,,Y,A,-,N,,,,,,,,,,Y,3,0,4,3,A,-,09,21801,A,N,A,C,A,A,H,-,A,A,0,,,,,Y,,A,01,0,1,3,0,0,0,0,0,0,"- ","- ",36.822429656982422,-119.83106231689453,FRESNO,FRESNO,-119.83081817626953,36.822742462158203
81893636,2022,2022-10-19,1005,2022-09-29,0756,P864,,4,5,7,1005,0,0,0,,0,,"KINGS CANYON RD","MINNEWAWA AVE",0.00,,Y,A,-,N,,,,,,,,,,N,3,0,1,2,A,-,08,22107,,M,A,G,A,A,H,-,A,A,0,,Y,,,Y,,D,22,0,1,0,0,0,0,1,0,0,"- ","- ",36.735881805419922,-119.709228515625,FRESNO,FRESNO,-119.70931243896484,36.735958099365234
81893639,2022,2022-10-19,1005,2022-09-29,1313,P864,"NW FR",4,5,7,1005,0,0,0,,0,1341,"GOLDEN STATE BLVD","HERNDON AVE",0.00,,Y,A,-,N,,,,,,,,,,Y,4,0,1,2,A,-,12,21453,A,N,A,C,A,A,C,H,A,A,0,,,,,Y,,-,"- ",0,0,1,0,0,0,0,0,0,"- ","- ",36.834140777587891,-119.91580200195312,FRESNO,FRESNO,-119.91573333740234,36.834049224853516
81893640,2022,2022-10-19,1005,2022-09-29,1423,S194,,4,5,7,1005,0,0,0,,0,,"BRAWLEY AVE","SAN JOSE AVE",407.00,N,N,A,-,N,,,,,,,,,,N,4,0,1,3,A,-,03,22350,,N,C,C,A,A,H,-,A,A,0,,,,,Y,,D,22,0,0,1,0,0,0,0,0,0,"- ","- ",36.811779022216797,-119.86251831054688,FRESNO,FRESNO,-119.86270904541016,36.812915802001953
81893642,2022,2022-10-19,1005,2022-09-30,0726,P959,,5,5,7,1005,0,0,0,,0,,"BUTLER AVE","CEDAR AVE",0.00,,Y,A,-,N,,,,,,,,,,Y,4,0,1,2,A,-,12,21457,A,N,D,C,A,A,H,-,A,A,0,,,,,Y,,A,08,0,0,1,0,0,0,0,0,0,"- ","- ",36.728618621826172,-119.75457000732422,FRESNO,FRESNO,-119.75466156005859,36.728614807128906
81893643,2022,2022-10-19,1005,2022-09-30,1219,P1094,NORTH,5,5,7,1005,0,0,0,,0,00A,"FRIANT RD","SHEPHERD AVE",0.00,,Y,A,-,N,,,,,,,,,,Y,4,0,2,2,A,-,12,21453,A,N,D,C,A,A,H,-,A,A,0,,,,,Y,,A,01,0,0,2,0,0,0,0,0,0,"- ","- ",36.866218566894531,-119.77957153320312,FRESNO,FRESNO,-119.77964019775391,36.866287231445312
81893644,2022,2022-10-19,1005,2022-09-30,1300,P1298,SW,5,5,7,1005,0,0,0,,0,2350,"MCKINLEY AVE","99 HWY (E)",0.00,,Y,A,-,N,,,,,,,,,,N,4,0,3,2,A,-,12,22450,A,N,D,C,A,A,H,-,A,A,0,,,,,Y,,A,01,0,0,3,0,0,0,0,0,0,"- ","- ",36.764400482177734,-119.83434295654297,FRESNO,FRESNO,-119.83428192138672,36.764701843261719
81893645,2022,2022-10-19,1005,2022-09-30,1819,P2017,NORTH,5,5,7,1005,0,0,0,,0,00C,"THESTA ST","ESCALON AVE",23.00,N,N,A,-,Y,,,,,,,,,,N,4,0,1,1,A,-,03,22350,,N,E,I,A,A,H,-,A,D,0,,,Y,,Y,,C,02,0,0,1,0,0,0,0,0,1,"- ","- ",36.82666015625,-119.78289031982422,FRESNO,FRESNO,-119.78307342529297,36.826519012451172
81893646,2022,2022-10-19,1005,2022-10-01,2200,P1906,NORTH,6,5,7,1005,0,0,0,,0,00G,"DAKOTA AVE","CEDAR AVE",718.00,E,N,A,-,N,,,,,,,,,,N,2,0,2,2,A,-,03,22350,,N,G,B,E,A,H,-,C,D,0,Y,,Y,,Y,,C,02,1,0,1,0,1,0,0,0,1,"- ","- ",36.786811828613281,-119.75431060791016,FRESNO,FRESNO,-119.75441741943359,36.786880493164062
81893648,2022,2022-10-19,1005,2022-10-02,0058,P731,2754,7,5,7,1005,0,0,0,,0,01C,"TUOLUMNE ST","S/R 99 FRONTAGE ROAD",0.00,,Y,A,-,Y,,,,,,,,,,Y,2,0,1,2,A,-,17,21657,,N,D,C,A,A,H,-,C,A,0,,,Y,,Y,,C,02,1,0,0,0,0,0,0,0,0,"- ","- ",36.732711791992188,-119.80171966552734,FRESNO,FRESNO,,
81893649,2022,2022-10-19,1005,2022-10-02,0830,P2130,CE,7,5,7,1005,0,0,0,,0,00F,"BLACKSTONE AVE","BREMER AVE",0.00,,Y,A,-,N,,,,,,,,,,Y,4,0,1,1,A,-,08,22107,,M,E,I,A,A,H,-,A,D,0,,,,,Y,,A,01,0,0,1,0,0,0,0,0,0,"- ","- ",36.753059387207031,-119.79032135009766,FRESNO,FRESNO,-119.79055023193359,36.753082275390625
81893651,2022,2022-10-19,1005,2022-10-02,1359,P1620,NW,7,5,7,1005,0,0,0,,0,00C,"ASHLAN AVE","HAYES AVE",0.00,,Y,A,-,Y,,,,,,,,,,Y,4,0,1,2,A,-,12,22450,A,F,D,C,A,A,H,-,A,A,0,,,,,Y,,A,01,0,0,1,0,0,0,0,0,0,"- ","- ",36.793560028076172,-119.89839935302734,FRESNO,FRESNO,-119.89839935302734,36.793529510498047
81893652,2022,2022-10-19,1005,2022-10-02,1439,P956,NORTH,7,5,7,1005,0,0,0,,0,00E,"PRIVATE PROPERTY / FASHION FAIR MALL","NOT STATED",0.00,,-,A,-,N,,,,,,,,,,N,4,0,1,2,A,-,00,20002,A,M,G,B,B,A,H,-,A,D,0,Y,,,,Y,Y,A,01,0,0,1,0,1,0,0,0,0,"- ","- ",,,FRESNO,FRESNO,,
81893658,2022,2022-10-19,1005,2022-10-04,0807,P864,"CE FR",2,5,7,1005,0,0,0,,0,2055,"SHIELDS AVE","BLACKSTONE AVE",90.00,W,N,A,-,N,,,,,,,,,,N,3,0,1,1,A,-,03,22350,,N,H,A,A,A,H,-,A,D,0,,,,,Y,,A,08,0,1,0,0,0,0,0,0,0,"- ","- ",36.779689788818359,-119.79048156738281,FRESNO,FRESNO,-119.79094696044922,36.779598236083984
81893659,2022,2022-10-19,1005,2022-10-04,1407,P1306,NORTH,2,5,7,1005,0,0,0,,0,,"SHAW AVE","CRYSTAL AVE",8.00,W,N,A,-,N,,,,,,,,,,Y,4,0,1,2,A,-,09,21801,A,N,D,C,A,A,H,-,A,D,0,,,,,Y,,A,01,0,0,1,0,0,0,0,0,0,"- ","- ",36.808319091796875,-119.83016967773438,FRESNO,FRESNO,-119.83030700683594,36.808181762695312