CASE_ID,ACCIDENT_YEAR,PROC_DATE,JURIS,COLLISION_DATE,COLLISION_TIME,OFFICER_ID,REPORTING_DISTRICT,DAY_OF_WEEK,CHP_SHIFT,POPULATION,CNTY_CITY_LOC,SPECIAL_COND,BEAT_TYPE,CHP_BEAT_TYPE,CITY_DIVISION_LAPD,CHP_BEAT_CLASS,BEAT_NUMBER,PRIMARY_RD,SECONDARY_RD,DISTANCE,DIRECTION,INTERSECTION,WEATHER_1,WEATHER_2,STATE_HWY_IND,CALTRANS_COUNTY,CALTRANS_DISTRICT,STATE_ROUTE,ROUTE_SUFFIX,POSTMILE_PREFIX,POSTMILE,LOCATION_TYPE,RAMP_INTERSECTION,SIDE_OF_HWY,TOW_AWAY,COLLISION_SEVERITY,NUMBER_KILLED,NUMBER_INJURED,PARTY_COUNT,PRIMARY_COLL_FACTOR,PCF_CODE_OF_VIOL,PCF_VIOL_CATEGORY,PCF_VIOLATION,PCF_VIOL_SUBSECTION,HIT_AND_RUN,TYPE_OF_COLLISION,MVIW,PED_ACTION,ROAD_SURFACE,ROAD_COND_1,ROAD_COND_2,LIGHTING,CONTROL_DEVICE,CHP_ROAD_TYPE,PEDESTRIAN_ACCIDENT,BICYCLE_ACCIDENT,MOTORCYCLE_ACCIDENT,TRUCK_ACCIDENT,NOT_PRIVATE_PROPERTY,ALCOHOL_INVOLVED,STWD_VEHTYPE_AT_FAULT,CHP_VEHTYPE_AT_FAULT,COUNT_SEVERE_INJ,COUNT_VISIBLE_INJ,COUNT_COMPLAINT_PAIN,COUNT_PED_KILLED,COUNT_PED_INJURED,COUNT_BICYCLIST_KILLED,COUNT_BICYCLIST_INJURED,COUNT_MC_KILLED,COUNT_MC_INJURED,PRIMARY_RAMP,SECONDARY_RAMP,LATITUDE,LONGITUDE,COUNTY,CITY,POINT_X,POINT_Y
81955014,2022,2022-12-29,1005,2022-10-29,0218,P2114,CENTR,6,5,7,1005,0,0,0,,0,02G,"OLIVE AVE","ANGUS ST",21.00,E,N,A,-,N,,,,,,,,,,Y,2,0,2,1,A,-,01,23152,A,N,E,I,A,A,H,-,C,A,0,,,,,Y,Y,A,01,1,1,0,0,0,0,0,0,0,"- ","- ",36.757831573486328,-119.77699279785156,FRESNO,FRESNO,-119.77693939208984,36.757728576660156
81955021,2022,2022-12-29,1005,2022-11-25,1730,P1625,NE,5,5,7,1005,0,0,0,,0,04B,"HERNDON AVE","FRESNO ST",17.00,N,N,A,-,N,,,,,,,,,,Y,3,0,1,2,A,-,09,21453,B,N,D,C,A,A,H,-,C,A,0,,,,,Y,,A,01,0,1,0,0,0,0,0,0,0,"- ","- ",36.836811065673828,-119.78130340576172,FRESNO,FRESNO,-119.78128814697266,36.837379455566406
81955031,2022,2022-12-29,1005,2022-12-12,1801,P1734,,1,5,7,1005,0,0,0,,0,,"ABBY ST","HAMMOND AVE (E)",0.00,,Y,A,-,N,,,,,,,,,,N,4,0,1,1,A,-,03,22350,,N,E,I,A,A,H,-,D,A,0,,,,,Y,,A,01,0,0,1,0,0,0,0,0,0,"- ","- ",36.758560180664062,-119.78925323486328,FRESNO,FRESNO,-119.78958892822266,36.758617401123047
81955036,2022,2022-12-29,1005,2022-12-22,2138,P1795,CENTR,4,5,7,1005,0,0,0,,0,00B,"BLACKSTONE AVE","GRIFFITH WAY",0.00,,Y,A,-,Y,,,,,,,,,,N,3,0,1,2,A,-,12,21453,A,N,D,C,A,A,H,-,C,A,0,,,Y,,Y,,C,03,0,1,0,0,0,0,0,0,1,"- ","- ",36.789871215820312,-119.79113006591797,FRESNO,FRESNO,-119.79062652587891,36.790462493896484
81955038,2022,2022-12-29,1005,2022-12-24,0209,P1811,,6,5,7,1005,0,0,0,,0,,"N WILLOW AVE","E BULLARD AVE",0.00,N,Y,E,-,N,,,,,,,,,,Y,4,0,1,2,A,-,12,21453,A,N,D,D,A,A,H,-,C,A,0,,,,Y,Y,,A,01,0,0,1,0,0,0,0,0,0,"- ","- ",,,FRESNO,FRESNO,-119.72917938232422,36.823040008544922
81955039,2022,2022-12-29,1005,2022-12-25,1159,P2163,SOUTH,7,5,7,1005,0,0,0,,0,,"CHESTNUT AVE","CHURCH AVE",30.00,W,N,B,-,N,,,,,,,,,,N,3,0,1,2,A,-,09,21804,A,N,G,B,C,A,H,-,A,D,0,Y,,,,Y,,A,01,0,1,0,0,1,0,0,0,0,"- ","- ",36.714149475097656,-119.73651123046875,FRESNO,FRESNO,-119.73664093017578,36.714179992675781
81956123,2022,2022-12-30,1005,2022-12-14,1852,P2066,CENTR,3,5,7,1005,0,0,0,,0,00E,"FRUIT AVE","OLIVE AVE",0.00,,Y,A,-,N,,,,,,,,,,N,4,0,1,2,A,-,12,21453,A,N,D,C,A,A,H,-,C,A,0,,,,,Y,,D,22,0,0,1,0,0,0,0,0,0,"- ","- ",36.757678985595703,-119.80867004394531,FRESNO,FRESNO,-119.817626953125,36.757537841796875
81956125,2022,2022-12-30,1005,2022-12-14,1856,P2125,NE,3,5,7,1005,0,0,0,,0,04F,"E ASHLAN AVE","N BARTON AVE",0.00,,Y,A,-,N,,,,,,,,,,Y,4,0,1,2,A,-,09,21801,A,N,A,C,A,A,H,-,B,A,0,,,,,Y,,A,01,0,0,1,0,0,0,0,0,0,"- ","- ",,,FRESNO,FRESNO,-119.74977111816406,36.794322967529297
81956128,2022,2022-12-30,1005,2022-12-18,2158,P1991,NW,7,5,7,1005,0,0,0,,0,00G,"SHAW AVE","TEILMAN AVE",411.00,E,N,A,-,N,,,,,,,,,,N,4,0,1,1,A,-,08,22107,,N,E,J,A,A,H,-,C,D,0,,,,,Y,,A,01,0,0,1,0,0,0,0,0,0,"- ","- ",36.80828857421875,-119.82183837890625,FRESNO,FRESNO,-119.82046508789062,36.8082275390625
81956962,2022,2023-01-02,1005,2022-11-13,0547,P1922,NE,7,5,7,1005,0,0,0,,0,00E,"ASHLAN AVE","FIRST ST",0.00,,Y,A,-,N,,,,,,,,,,Y,3,0,2,2,D,-,00,,,N,D,C,A,A,H,-,C,A,0,,,,,Y,,-,"- ",0,1,1,0,0,0,0,0,0,"- ","- ",36.79412841796875,-119.77240753173828,FRESNO,FRESNO,-119.77265930175781,36.7939453125
81956965,2022,2023-01-02,1005,2022-12-07,1545,P1306,NORTH,3,5,7,1005,0,0,0,,0,,"CLINTON AVE","99 HWY",117.00,W,N,A,-,N,,,,,,,,,,N,4,0,1,2,A,-,03,22350,,N,C,C,A,A,H,-,A,A,0,,,,,Y,,A,01,0,0,1,0,0,0,0,0,0,"- ","- ",36.771621704101562,-119.83869171142578,FRESNO,FRESNO,,
81957348,2022,2023-01-02,1005,2022-12-22,1735,P1625,NE,4,5,7,1005,0,0,0,,0,00G,"DAKOTA AVE","CHESTNUT AVE",90.00,W,N,A,-,N,,,,,,,,,,Y,4,0,1,3,A,-,12,21453,A,N,D,C,A,A,H,-,C,A,0,,,,,Y,,A,01,0,0,1,0,0,0,0,0,0,"- ","- ",36.786899566650391,-119.73590850830078,FRESNO,FRESNO,-119.73632049560547,36.786758422851562
81957349,2022,2023-01-02,1005,2022-12-27,1241,P1264,3,2,5,7,1005,0,0,0,,0,00C,"BELMONT AVE","FOURTH ST (E)",6.00,E,N,C,-,N,,,,,,,,,,Y,3,0,1,2,A,-,03,22350,,N,B,C,A,B,H,-,A,B,0,,,,,Y,,D,22,0,1,0,0,0,0,0,0,0,"- ","- ",36.749721527099609,-119.76792907714844,FRESNO,FRESNO,-119.76757049560547,36.750411987304688
81957357,2022,2023-01-02,1005,2022-12-29,1807,P1982,CENTR,4,5,7,1005,0,0,0,,0,GEORGE,"OLIVE AVE","WEBSTER AVE (1)",92.00,W,N,A,-,N,,,,,,,,,,N,3,0,1,2,A,-,03,22350,,N,G,B,D,B,H,-,C,A,0,Y,,,,Y,,A,01,0,1,0,0,1,0,0,0,0,"- ","- ",36.757118225097656,-119.78733062744141,FRESNO,FRESNO,-119.78984832763672,36.757511138916016
81957551,2022,2023-01-02,1005,2022-11-22,2036,P1735,CENTR,2,5,7,1005,0,0,0,,0,2152,"SIMPSON AVE","CHANNING WAY",85.00,E,N,A,-,N,,,,,,,,,,N,3,0,1,2,A,-,03,22350,,F,G,B,D,A,H,-,C,D,0,Y,,,,Y,,-,99,0,1,0,0,1,0,0,0,0,"- ","- ",36.7783203125,-119.82424926757812,FRESNO,FRESNO,-119.82402801513672,36.778339385986328
81958095,2022,2023-01-03,1005,2022-12-20,1556,P1306,NORTH,2,5,7,1005,0,0,0,,0,,"MILBURN AVE","SPRUCE AVE",30.00,N,N,B,-,N,,,,,,,,,,Y,4,0,1,2,A,-,12,22450,,N,D,C,A,A,H,-,A,A,0,,,,,Y,,A,01,0,0,1,0,0,0,0,0,0,"- ","- ",36.840679168701172,-119.87917327880859,FRESNO,FRESNO,-119.87921142578125,36.840713500976562
8195892,2016,2017-02-01,1013,2016-12-16,0807,M139,M140,5,5,3,1013,0,0,0,,0,001,"CHURCH AV","CASTY CT",35.00,W,N,A,-,N,,,,,,,,,,Y,4,0,1,2,A,-,03,22350,,N,C,C,A,A,H,-,A,D,0,,,,,Y,,I,11,0,0,1,0,0,0,0,0,0,"- ","- ",,,FRESNO,SANGER,-119.57658931,36.713970000000003
81959271,2022,2023-01-04,1005,2022-12-30,1614,P1625,SE,5,5,7,1005,0,0,0,,0,03C,"VENTURA ST","SIXTH ST",150.00,E,N,A,-,N,,,,,,,,,,N,4,0,2,2,A,-,07,21658,A,N,B,C,A,A,H,-,B,D,0,,,,,Y,Y,A,01,0,0,2,0,0,0,0,0,0,"- ","- ",36.735939025878906,-119.76425933837891,FRESNO,FRESNO,-119.76385498046875,36.735820770263672
8195992,2016,2017-03-06,1001,2016-12-10,1515,5635,,6,5,5,1001,0,0,0,,0,007,"S FOWLER AV","RT 168",26.00,N,N,B,-,Y,FRE,6,168,-,R,8.242,R,4,E,N,4,0,1,2,A,-,03,22350,,N,C,C,A,A,-,-,A,A,0,,,,,Y,,A,01,0,0,1,0,0,0,0,0,0,"- ","- ",,,FRESNO,CLOVIS,-119.68048623999999,36.840737900000001
81960466,2022,2023-01-05,1005,2022-10-14,0746,P1684,SOUTH,5,5,7,1005,0,0,0,,0,"A/ 245","BELMONT AVE","PARKWAY DR (W)",86.00,W,N,A,-,N,,,,,,,,,,Y,1,1,0,1,A,-,07,21658,A,N,E,I,A,A,H,-,A,D,0,,,,,Y,,A,01,0,0,0,0,0,0,0,0,0,"- ","- ",36.750259399414062,-119.82659149169922,FRESNO,FRESNO,-119.82691955566406,36.750247955322266
81960467,2022,2023-01-05,1005,2022-10-16,0036,P2043,CENTR,7,5,7,1005,0,0,0,,0,00A,"N PALM AVE","E SHIELDS AVE",0.00,E,Y,A,-,N,,,,,,,,,,Y,3,0,1,2,A,-,01,23153,B,N,D,D,A,A,H,-,C,A,0,,,,,Y,Y,A,01,0,1,0,0,0,0,0,0,0,"- ","- ",,,FRESNO,FRESNO,-119.80867004394531,36.779373168945312
81960476,2022,2023-01-05,1005,2022-12-03,1058,P688,NW,6,5,7,1005,0,0,0,,0,1655,"N BLACKSTONE AVE","W SAN JOSE AVE",18.00,N,N,C,-,N,,,,,,,,,,Y,4,0,2,2,A,-,12,21453,A,N,D,C,A,B,H,-,A,A,0,,,,,Y,,A,01,0,0,2,0,0,0,0,0,0,"- ","- ",,,FRESNO,FRESNO,-119.79053497314453,36.812198638916016
81960477,2022,2023-01-05,1005,2022-12-04,1456,P1096,NW,7,5,7,1005,0,0,0,,0,05F,"BRAWLEY AVE","FOUNTAIN WAY",12.00,N,N,A,-,N,,,,,,,,,,N,2,0,1,2,A,-,06,21755,A,N,D,C,A,A,H,-,A,D,0,,,Y,,Y,,C,02,1,0,0,0,0,0,0,0,1,"- ","- ",36.780960083007812,-119.86229705810547,FRESNO,FRESNO,-119.86231994628906,36.781013488769531
81960482,2022,2023-01-05,1005,2022-12-14,0001,P688,NORTH,3,5,7,1005,0,0,0,,0,00E,"WEST BULLARD","NORTH VAN NESS AVENUE",9.00,W,N,A,-,N,,,,,,,,,,Y,4,0,2,2,A,-,09,21801,A,N,D,C,A,A,H,-,A,A,0,,,,,Y,,-,35,0,0,2,0,0,0,0,0,0,"- ","- ",,,FRESNO,FRESNO,-119.83541107177734,36.822738647460938
81960486,2022,2023-01-05,1005,2022-12-19,2244,P1734,,1,5,7,1005,0,0,0,,0,,"FRESNO ST","ANDREWS AVE",265.00,N,N,A,-,N,,,,,,,,,,Y,3,0,1,3,A,-,01,23152,A,N,B,E,A,A,H,-,C,A,0,,,,,Y,Y,A,01,0,1,0,0,0,0,0,0,0,"- ","- ",36.780189514160156,-119.78225708007812,FRESNO,FRESNO,-119.781494140625,36.781566619873047
81960502,2022,2023-01-05,1005,2022-12-30,1722,P1940,SE,5,5,7,1005,0,0,0,,0,00G,"TULARE ST","ARGYLE AVE (E)",20.00,W,N,C,-,N,,,,,,,,,,N,3,0,1,2,A,-,11,21954,A,N,G,B,F,B,H,-,C,D,0,Y,,,,Y,,N,60,0,1,0,0,1,0,0,0,0,"- ","- ",36.742679595947266,-119.69374847412109,FRESNO,FRESNO,-119.69387817382812,36.742683410644531
81960506,2023,2023-01-05,1005,2023-01-03,1014,P959,,2,5,7,1005,0,0,0,,0,,"M ST","INYO ST",0.00,,Y,B,-,N,,,,,,,,,,Y,4,0,2,2,A,-,12,21453,A,N,D,C,A,A,H,-,A,A,0,,,,,Y,,A,07,0,0,2,0,0,0,0,0,0,"- ","- ",36.734100341796875,-119.784912109375,FRESNO,FRESNO,-119.78485870361328,36.734104156494141
81961460,2023,2023-01-06,1005,2023-01-02,2358,P2136,NORTH,1,5,7,1005,0,0,0,,0,05G,"ASHLAN AVE","VALENTINE AVE",138.00,E,N,A,-,N,,,,,,,,,,N,4,0,1,2,A,-,04,21703,,F,C,C,A,A,H,-,C,D,0,,,,,Y,Y,-,99,0,0,1,0,0,0,0,0,0,"- ","- ",36.793750762939453,-119.85321044921875,FRESNO,FRESNO,-119.85286712646484,36.793758392333984
81961461,2023,2023-01-06,1005,2023-01-05,2002,P2160,NW,4,5,7,1005,0,0,0,,0,00F,"MARKS AVE","CLINTON AVE",319.00,N,N,A,-,Y,,,,,,,,,,Y,2,0,1,1,A,-,03,22350,,N,E,I,A,B,H,-,C,D,0,,,,,Y,,A,01,1,0,0,0,0,0,0,0,0,"- ","- ",36.771881103515625,-119.84430694580078,FRESNO,FRESNO,-119.84442138671875,36.772785186767578
81962335,2022,2023-01-09,1005,2022-12-17,2035,P1957,NW,6,5,7,1005,0,0,0,,0,,"CLINTON AVE","MILBURN AVE",0.00,,Y,E,-,N,,,,,,,,,,Y,4,0,1,2,A,-,09,21804,A,N,D,C,A,A,H,-,C,A,0,,,,,Y,,A,07,0,0,1,0,0,0,0,0,0,"- ","- ",36.771701812744141,-119.87580871582031,FRESNO,FRESNO,-119.87577819824219,36.771785736083984
81962337,2022,2023-01-09,1005,2022-12-24,1919,P1927,NORTH,6,5,7,1005,0,0,0,,0,00A,"PERRIN AVE","FOXHILL DR",0.00,,Y,E,-,N,,,,,,,,,,N,4,0,1,2,A,-,10,21950,A,N,G,B,B,A,H,-,C,A,0,Y,,,,Y,,A,01,0,0,1,0,1,0,0,0,0,"- ","- ",36.869041442871094,-119.76844787597656,FRESNO,FRESNO,-119.7684326171875,36.869014739990234
81962338,2022,2023-01-09,1005,2022-12-27,2040,P1735,CENTR,2,5,7,1005,0,0,0,,0,2056,"SHIELDS AVE","BLACKSTONE AVE",976.00,E,N,C,-,N,,,,,,,,,,N,4,0,1,2,D,-,00,,,N,D,C,A,B,H,-,C,A,0,,,,,Y,,-,"- ",0,0,1,0,0,0,0,0,0,"- ","- ",36.779689788818359,-119.79048156738281,FRESNO,FRESNO,-119.78730773925781,36.779628753662109
81962345,2023,2023-01-09,1005,2023-01-05,1627,P1957,SW,4,5,7,1005,0,0,0,,0,00F,"JENSEN AVE","MARTIN LUTHER KING JR BLVD",0.00,,Y,C,-,N,,,,,,,,,,N,4,0,1,2,A,-,12,21453,A,N,D,C,A,B,H,-,A,A,0,,,,,Y,,A,01,0,0,1,0,0,0,0,0,0,"- ","- ",36.706260681152344,-119.80139923095703,FRESNO,FRESNO,-119.79981994628906,36.706741333007812
81962949,2023,2023-01-09,1005,2023-01-08,"50  ",P1889,D,7,5,7,1005,0,0,0,,0,,"FIGARDEN DR","BRUNSWICK AVE",190.00,E,N,C,-,N,,,,,,,,,,N,2,0,1,1,A,-,01,23152,A,N,E,I,A,B,H,-,C,D,0,,,,,Y,Y,A,01,1,0,0,0,0,0,0,0,0,"- ","- ",36.829448699951172,-119.86708831787109,FRESNO,FRESNO,-119.86663818359375,36.829647064208984
81964022,2022,2023-01-10,1005,2022-11-11,1928,P1879,SE,5,5,7,1005,0,0,0,,0,00D,"PEACH AVE","OLIVE AVE",372.00,N,N,A,-,N,,,,,,,,,,N,2,0,1,2,A,-,11,21954,A,N,G,B,D,A,H,-,C,A,0,Y,,,Y,Y,,N,60,1,0,0,0,1,0,0,0,0,"- ","- ",36.757488250732422,-119.71820831298828,FRESNO,FRESNO,-119.71837615966797,36.758472442626953
81964025,2022,2023-01-10,1005,2022-12-27,0140,P1858,SOUTW,2,5,7,1005,0,0,0,,0,00A,"N HUGHES AVENUE","E HEDGES AVENUE",264.00,N,N,C,-,N,,,,,,,,,,N,4,0,1,2,A,-,11,21954,A,N,G,B,D,B,G,-,C,D,0,Y,,,,Y,,N,60,0,0,1,0,1,0,0,0,0,"- ","- ",,,FRESNO,FRESNO,-119.83554840087891,36.759975433349609
81964032,2023,2023-01-10,1005,2023-01-05,1555,P1306,NORTH,4,5,7,1005,0,0,0,,0,,"SHAW AVE","BRAWLEY AVE",0.00,,Y,B,C,N,,,,,,,,,,Y,2,0,2,2,A,-,01,23153,B,N,D,C,A,B,H,-,A,A,0,,,,,Y,Y,A,01,2,0,0,0,0,0,0,0,0,"- ","- ",36.808151245117188,-119.86258697509766,FRESNO,FRESNO,-119.86275482177734,36.808380126953125
81964033,2023,2023-01-10,1005,2023-01-09,1741,P2143,NW,1,5,7,1005,0,0,0,,0,00A,"VAN BUREN AVE","ELGIN AVE",150.00,N,N,B,-,Y,,,,,,,,,,N,4,0,1,2,A,-,03,22350,,F,G,B,E,B,H,-,D,D,0,Y,,,,Y,,-,99,0,0,1,0,1,0,0,0,0,"- ","- ",36.837570190429688,-119.91694641113281,FRESNO,FRESNO,-119.91732788085938,36.837661743164062
81965234,2022,2023-01-11,1005,2022-12-23,1920,P1795,CENTR,5,5,7,1005,0,0,0,,0,00F,"WHITE AVE","PARK AVE",46.00,E,N,A,-,Y,FRE,,180,,R,57.498,H,,L,N,3,0,1,2,A,-,11,21954,A,N,G,B,E,A,H,-,C,D,0,Y,,,,Y,,N,60,0,1,0,0,1,0,0,0,0,"- ","- ",36.750759124755859,-119.79682922363281,FRESNO,FRESNO,-119.79669189453125,36.750545501708984
81965250,2022,2023-01-11,1005,2022-12-28,1120,P1402,NORTH,3,5,7,1005,0,0,0,,0,00A,"FRIANT RD","SHEPHERD AVE",0.00,,Y,A,-,N,,,,,,,,,,Y,2,0,2,2,A,-,12,21453,A,N,D,C,A,A,H,-,A,A,0,,,,,Y,,A,01,1,0,1,0,0,0,0,0,0,"- ","- ",36.866218566894531,-119.77957153320312,FRESNO,FRESNO,-119.77964019775391,36.866287231445312
81965254,2022,2023-01-11,1005,2022-12-31,1836,P1970,CENTR,6,5,7,1005,0,0,0,,0,00C,"MCKINLEY AVE","PALM AVE",0.00,,Y,C,-,N,,,,,,,,,,Y,4,0,1,2,A,-,01,23152,A,N,D,C,A,B,H,-,C,A,0,,,,,Y,Y,A,01,0,0,1,0,0,0,0,0,0,"- ","- ",36.764938354492188,-119.80860900878906,FRESNO,FRESNO,-119.80862426757812,36.764919281005859
81965260,2023,2023-01-11,1005,2023-01-09,1224,P1264,1,1,5,7,1005,0,0,0,,0,00G,"NORTH AVE","PARKWAY DR",0.00,,Y,C,-,Y,,,,,,,,,,N,4,0,1,2,A,-,03,22350,,N,D,C,A,B,H,-,A,D,0,,,,Y,Y,,D,22,0,0,1,0,0,0,0,0,0,"- ","- ",36.692211151123047,-119.76081085205078,FRESNO,FRESNO,-119.76060485839844,36.692378997802734
81965261,2023,2023-01-11,1005,2023-01-09,1505,P1264,2,1,5,7,1005,0,0,0,,0,00B,"SHIELDS AVE","VAN NESS BLVD",48.00,E,N,C,-,N,,,,,,,,,,Y,4,0,1,2,A,-,01,23152,B,N,A,C,A,B,H,-,A,A,0,,,,,Y,Y,A,01,0,0,1,0,0,0,0,0,0,"- ","- ",36.779399871826172,-119.80412292480469,FRESNO,FRESNO,-119.80402374267578,36.779399871826172
81965263,2023,2023-01-11,1005,2023-01-09,1750,P1881,SOUTH,1,5,7,1005,0,0,0,,0,00E,"CHURCH AVE","MAPLE AVE",0.00,,Y,C,-,N,,,,,,,,,,Y,4,0,1,2,A,-,12,21453,A,N,D,C,A,B,H,-,C,A,0,,,,,Y,,A,01,0,0,1,0,0,0,0,0,0,"- ","- ",36.713279724121094,-119.74712371826172,FRESNO,FRESNO,-119.74562835693359,36.714157104492188
81966298,2023,2023-01-12,1005,2023-01-10,1152,P1402,NORTH,2,5,7,1005,0,0,0,,0,00A,"FRIANT RD","SHEPHERD AVE",0.00,,Y,B,-,N,,,,,,,,,,Y,3,0,1,3,A,-,12,21453,A,N,D,C,A,A,H,-,A,A,0,,,,,Y,,A,01,0,1,0,0,0,0,0,0,0,"- ","- ",36.866218566894531,-119.77957153320312,FRESNO,FRESNO,-119.77964019775391,36.866287231445312
81967447,2023,2023-01-13,1005,2023-01-01,"20  ",P956,NORTH,7,5,7,1005,0,0,0,,0,00B,"SHEPHERD AVE","PERRIN AVE",300.00,E,N,C,-,Y,,,,,,,,,,Y,3,0,1,1,A,-,01,23152,A,M,E,I,A,A,H,-,C,D,0,,,,,Y,Y,A,01,0,1,0,0,0,0,0,0,0,"- ","- ",36.866439819335938,-119.77057647705078,FRESNO,FRESNO,-119.76948547363281,36.866310119628906
81967448,2023,2023-01-13,1005,2023-01-06,1008,P1601,4,5,5,7,1005,0,0,0,,0,,"BULLARD AVE","41 HWY (W)",0.00,,Y,A,-,N,,,,,,,,,,Y,4,0,1,3,A,-,12,21453,A,N,D,C,A,A,H,-,A,A,0,,,,,Y,,A,01,0,0,1,0,0,0,0,0,0,"- ","- ",36.823051452636719,-119.78614807128906,FRESNO,FRESNO,-119.78504943847656,36.823024749755859
81967452,2023,2023-01-13,1005,2023-01-10,1449,P874,2C,2,5,7,1005,0,0,0,,0,2152,"CLINTON AVE","FRUIT AVE",0.00,,Y,B,-,N,,,,,,,,,,Y,4,0,1,2,A,-,09,21801,A,N,A,C,A,B,H,-,A,A,0,,,,,Y,,A,01,0,0,1,0,0,0,0,0,0,"- ","- ",36.771999359130859,-119.81761932373047,FRESNO,FRESNO,-119.81761169433594,36.772056579589844
81968616,2023,2023-01-16,1005,2023-01-12,2325,P2157,SW,4,5,7,1005,0,0,0,,0,00C,"C ST","FRESNO ST",2.00,S,N,A,-,N,,,,,,,,,,N,4,0,1,2,A,-,11,21456,A,N,G,B,B,A,H,-,C,A,0,Y,,,,Y,,N,60,0,0,1,0,1,0,0,0,0,"- ","- ",36.730201721191406,-119.80014038085938,FRESNO,FRESNO,-119.80026245117188,36.730335235595703
81968833,2022,2023-01-16,1005,2022-12-28,1751,P1748,CE,3,5,7,1005,0,0,0,,0,,"VAN NESS AVE","HOME AVE",0.00,,Y,A,-,N,,,,,,,,,,Y,4,0,2,2,A,-,09,21802,A,N,D,C,A,A,H,-,C,A,0,,,,,Y,Y,A,01,0,0,2,0,0,0,0,0,0,"- ","- ",36.763130187988281,-119.79897308349609,FRESNO,FRESNO,-119.79898834228516,36.763145446777344
81969271,2022,2023-01-17,1005,2022-11-01,1647,P1890,,2,5,7,1005,0,0,0,,0,,"POLK AVE","PALO ALTO AVE",0.00,,Y,C,-,Y,,,,,,,,,,N,4,0,1,2,A,-,03,22350,,N,C,C,A,B,H,-,A,A,0,,,,,Y,,A,01,0,0,1,0,0,0,0,0,0,"- ","- ",36.833511352539062,-119.88942718505859,FRESNO,FRESNO,-119.88954925537109,36.833507537841797
81969276,2022,2023-01-17,1005,2022-12-31,1618,P1890,NORTH,6,5,7,1005,0,0,0,,0,00G,"POLK AVE","PAUL AVE",42.00,S,N,C,-,N,,,,,,,,,,Y,3,0,3,2,A,-,08,22107,,N,C,C,A,B,H,-,A,D,0,,,,,Y,,A,07,0,3,0,0,0,0,0,0,0,"- ","- ",36.83203125,-119.88945770263672,FRESNO,FRESNO,-119.88954925537109,36.831844329833984
8197096,2016,2017-01-06,1012,2016-12-08,0745,L069,REEDL,4,5,3,1012,0,0,0,,0,001,"SOUTH EAST AV","14TH ST",0.00,,Y,C,-,N,,,,,,,,,,N,4,0,1,3,A,-,09,21802,A,N,C,C,A,B,H,-,A,A,0,,,,,Y,,-,,0,0,1,0,0,0,0,0,0,"- ","- ",,,FRESNO,REEDLEY,-119.44425991999999,36.595570080000002
8197108,2016,2017-01-06,1012,2016-12-01,1506,L016,REEDL,4,5,3,1012,0,0,0,,0,002,"FRANKWOOD AV","MANNING AV",0.00,,Y,A,-,N,,,,,,,,,,N,4,0,1,2,A,-,01,23153,A,F,F,C,A,A,H,-,A,A,0,,,,,Y,Y,-,,0,0,1,0,0,0,0,0,0,"- ","- ",,,FRESNO,REEDLEY,-119.44870994999999,36.604200050000003
81971523,2022,2023-01-19,1005,2022-12-21,2124,P1889,NORTH,3,5,7,1005,0,0,0,,0,00B,"FRIANT RD","FRESNO ST",0.00,,Y,B,-,N,,,,,,,,,,N,4,0,1,2,A,-,12,21453,A,N,D,C,A,A,H,-,C,A,0,,,,,Y,,A,01,0,0,1,0,0,0,0,0,0,"- ","- ",36.857498168945312,-119.78502655029297,FRESNO,FRESNO,-119.7852783203125,36.857456207275391
81971528,2023,2023-01-19,1005,2023-01-08,1838,P1889,NORTH,7,5,7,1005,0,0,0,,0,00F,"CLINTON AVE","WEBER AVE",1023.00,W,N,C,-,N,,,,,,,,,,N,3,0,1,3,A,-,03,22350,,N,C,C,A,B,H,-,C,A,0,,,,,Y,,A,01,0,1,0,0,0,0,0,0,0,"- ","- ",36.771991729736328,-119.83408355712891,FRESNO,FRESNO,-119.83756256103516,36.771831512451172
81971532,2023,2023-01-19,1005,2023-01-14,2325,P1855,NORTH,6,5,7,1005,0,0,0,,0,,"BEHYMER AVE","GRANVILLE AVE",0.00,,Y,C,-,N,,,,,,,,,,Y,2,0,1,2,A,-,03,22350,,F,D,C,A,B,H,-,C,A,0,,,,,Y,Y,D,22,1,0,0,0,0,0,0,0,0,"- ","- ",36.881259918212891,-119.75557708740234,FRESNO,FRESNO,-119.75545501708984,36.881099700927734
81972510,2022,2023-01-20,1005,2022-12-22,1710,P1700,"NW /",4,5,7,1005,0,0,0,,0,2147,"CLINTON AVE","BRAWLEY AVE",0.00,,Y,A,-,N,,,,,,,,,,N,3,0,1,2,A,-,10,21950,A,N,G,B,B,A,H,-,C,A,0,Y,,,,Y,,A,01,0,1,0,0,1,0,0,0,0,"- ","- ",36.771770477294922,-119.86309814453125,FRESNO,FRESNO,-119.86231994628906,36.771858215332031
81972513,2022,2023-01-20,1005,2022-12-28,1739,P1757,NORTH,3,5,7,1005,0,0,0,,0,00B,"HERNDON AVE","BLACKSTONE AVE",345.00,E,N,A,-,N,,,,,,,,,,N,4,0,1,4,A,-,03,22350,,M,C,C,A,A,H,-,C,A,0,,,,,Y,,A,07,0,0,1,0,0,0,0,0,0,"- ","- ",36.837188720703125,-119.79029083251953,FRESNO,FRESNO,-119.79038238525391,36.837379455566406