CASE_ID,ACCIDENT_YEAR,PROC_DATE,JURIS,COLLISION_DATE,COLLISION_TIME,OFFICER_ID,REPORTING_DISTRICT,DAY_OF_WEEK,CHP_SHIFT,POPULATION,CNTY_CITY_LOC,SPECIAL_COND,BEAT_TYPE,CHP_BEAT_TYPE,CITY_DIVISION_LAPD,CHP_BEAT_CLASS,BEAT_NUMBER,PRIMARY_RD,SECONDARY_RD,DISTANCE,DIRECTION,INTERSECTION,WEATHER_1,WEATHER_2,STATE_HWY_IND,CALTRANS_COUNTY,CALTRANS_DISTRICT,STATE_ROUTE,ROUTE_SUFFIX,POSTMILE_PREFIX,POSTMILE,LOCATION_TYPE,RAMP_INTERSECTION,SIDE_OF_HWY,TOW_AWAY,COLLISION_SEVERITY,NUMBER_KILLED,NUMBER_INJURED,PARTY_COUNT,PRIMARY_COLL_FACTOR,PCF_CODE_OF_VIOL,PCF_VIOL_CATEGORY,PCF_VIOLATION,PCF_VIOL_SUBSECTION,HIT_AND_RUN,TYPE_OF_COLLISION,MVIW,PED_ACTION,ROAD_SURFACE,ROAD_COND_1,ROAD_COND_2,LIGHTING,CONTROL_DEVICE,CHP_ROAD_TYPE,PEDESTRIAN_ACCIDENT,BICYCLE_ACCIDENT,MOTORCYCLE_ACCIDENT,TRUCK_ACCIDENT,NOT_PRIVATE_PROPERTY,ALCOHOL_INVOLVED,STWD_VEHTYPE_AT_FAULT,CHP_VEHTYPE_AT_FAULT,COUNT_SEVERE_INJ,COUNT_VISIBLE_INJ,COUNT_COMPLAINT_PAIN,COUNT_PED_KILLED,COUNT_PED_INJURED,COUNT_BICYCLIST_KILLED,COUNT_BICYCLIST_INJURED,COUNT_MC_KILLED,COUNT_MC_INJURED,PRIMARY_RAMP,SECONDARY_RAMP,LATITUDE,LONGITUDE,COUNTY,CITY,POINT_X,POINT_Y
8455319,2017,2017-09-26,1001,2017-09-06,1813,5465,,3,5,5,1001,0,0,0,,0,006,"ALLUVIAL AV","FOWLER AV",0.00,,Y,A,-,N,,,,,,,,,,Y,4,0,7,3,A,-,12,21453,A,N,D,C,A,A,H,-,A,A,0,,,,,Y,,A,01,0,0,7,0,0,0,0,0,0,"- ","- ",36.844740000000002,-119.68407000000001,FRESNO,CLOVIS,-119.68412997,36.844740080000001
8455707,2017,2017-09-27,1001,2017-09-15,1033,5277,,5,5,5,1001,0,0,0,,0,003,"SHAW AV","BURL AV",0.00,,Y,A,-,N,,,,,,,,,,Y,4,0,2,2,A,-,09,21801,A,N,D,C,A,A,H,-,A,D,0,,,,,Y,,A,01,0,0,2,0,0,0,0,0,0,"- ","- ",,,FRESNO,CLOVIS,-119.67604996,36.808650069999999
8455711,2017,2017-09-27,1001,2017-09-15,1123,5277,,5,5,5,1001,0,0,0,,0,004,"WILLOW AV","BARSTOW AV",781.00,N,N,A,-,N,,,,,,,,,,Y,3,0,1,2,A,-,03,22350,,N,C,C,A,A,H,-,A,D,0,,,,,Y,,A,07,0,1,0,0,0,0,0,0,0,"- ","- ",,,FRESNO,CLOVIS,-119.72717154999999,36.817902500000002
8455715,2017,2017-09-27,1001,2017-09-15,1509,5484,,5,5,5,1001,0,0,0,,0,006,"ALLUVIAL AV","WILLOW AV",0.00,,Y,A,-,N,,,,,,,,,,N,4,0,1,2,A,-,03,22350,,N,C,C,A,A,H,-,A,A,0,,,,,Y,,A,01,0,0,1,0,0,0,0,0,0,"- ","- ",36.844850000000001,-119.72967,FRESNO,CLOVIS,-119.72975996,36.844850039999997
84558475,2023,2025-02-03,1005,2023-12-20,1718,P2244,,3,5,7,1005,0,0,0,,0,00B,"MILLBROOK AVE","NEES AVE",47.00,N,N,C,-,N,,,,,,,,,,Y,3,0,1,1,A,-,16,26712,,N,E,I,A,B,H,-,C,A,0,,,,,Y,,A,01,0,1,0,0,0,0,0,0,0,"- ","- ",36.851791381835938,-119.7657470703125,FRESNO,FRESNO,-119.76576232910156,36.851940155029297
84558476,2023,2025-02-03,1005,2023-12-31,"606 ",P2158,,7,5,7,1005,0,0,0,,0,00A,"HERNDON & WEBER","WEBER AVE",40.00,W,N,E,-,N,,,,,,,,,,N,2,0,1,2,C,-,18,,,N,G,B,D,A,H,-,C,A,0,Y,,,,Y,,-,"- ",1,0,0,0,1,0,0,0,0,"- ","- ",,,FRESNO,FRESNO,-119.91498565673828,36.834999084472656
84558479,2025,2025-02-03,1005,2025-01-02,1340,P874,,4,5,7,1005,0,0,0,,0,2457,"OLIVE AVE","MARIPOSA ST (W)",0.00,,Y,A,-,N,,,,,,,,,,Y,3,0,1,2,A,-,09,21801,A,N,A,C,A,A,H,-,A,D,0,,,,,Y,,A,01,0,1,0,0,0,0,0,0,0,"- ","- ",36.757831573486328,-119.77924346923828,FRESNO,FRESNO,-119.77925872802734,36.757717132568359
84558484,2024,2025-02-03,1005,2024-02-07,1148,P1724,,3,5,7,1005,0,0,0,,0,00A,"OLIVE AVE","99 HWY (W)",0.00,,Y,C,-,N,,,,,,,,,,N,2,0,1,2,A,-,10,21950,A,N,G,B,B,B,H,-,A,A,0,Y,,,,Y,,A,01,1,0,0,0,1,0,0,0,0,"- ","- ",36.757480621337891,-119.83039093017578,FRESNO,FRESNO,-117.05001831054688,33.700283050537109
84558491,2024,2025-02-03,1005,2024-03-02,2311,P2127,,6,5,7,1005,0,0,0,,0,04C,"FIRST ST","SIERRA AVE",0.00,,Y,A,-,N,,,,,,,,,,Y,3,0,1,1,A,-,01,23152,A,N,E,I,A,A,H,-,C,A,0,,,,,Y,Y,A,01,0,1,0,0,0,0,0,0,0,"- ","- ",36.829509735107422,-119.77239990234375,FRESNO,FRESNO,-119.77235412597656,36.830215454101562
84558494,2024,2025-02-03,1005,2024-03-14,"353 ",P2250,,4,5,7,1005,0,0,0,,0,02F,"- ALY","BELMONT AVE",0.00,,Y,A,-,N,,,,,,,,,,N,4,0,1,2,A,-,11,21954,A,N,G,B,E,A,B,-,D,D,0,Y,,,,Y,,N,60,0,0,1,0,1,0,0,0,0,"- ","- ",,,FRESNO,FRESNO,,
84558498,2024,2025-02-03,1005,2024-04-05,"614 ",P2149,,5,5,7,1005,0,0,0,,0,02B,"BLACKSTONE AVE","DAKOTA AVE",0.00,,Y,A,-,N,,,,,,,,,,N,3,0,1,2,A,-,12,21453,A,N,D,C,A,A,H,-,B,A,0,,,,,Y,,A,01,0,1,0,0,0,0,0,0,0,"- ","- ",36.786739349365234,-119.79042816162109,FRESNO,FRESNO,-119.79064178466797,36.786762237548828
84558513,2024,2025-02-03,1005,2024-05-10,"520 ",P2158,,5,5,7,1005,0,0,0,,0,00C,"BULLARD AVE","FRESNO ST",155.00,E,N,A,-,N,,,,,,,,,,N,3,0,1,2,-,-,"- ",,,N,A,G,A,A,H,-,B,D,0,,Y,,,Y,,-,"- ",0,1,0,0,0,0,1,0,0,"- ","- ",,,FRESNO,FRESNO,-119.7808837890625,36.823040008544922
84558514,2024,2025-02-03,1005,2024-05-11,1930,P2252,,6,5,7,1005,0,0,0,,0,00D,"MONTEREY ST",BROADWAY,0.00,,Y,A,-,Y,,,,,,,,,,Y,3,0,1,2,A,-,12,22450,A,N,D,C,A,A,H,-,A,D,0,,,,,Y,,A,01,0,1,0,0,0,0,0,0,0,"- ","- ",36.726310729980469,-119.78353881835938,FRESNO,FRESNO,-119.78348541259766,36.726226806640625
84558516,2024,2025-02-03,1005,2024-05-12,1157,P1664,,7,5,7,1005,0,0,0,,0,00A,"CHESTNUT AVE","MCKINLEY AVE",180.00,N,N,A,-,Y,,,,,,,,,,N,3,0,2,2,A,-,04,21703,,N,C,D,A,A,H,-,A,A,0,,,,,Y,,A,01,0,2,0,0,0,0,0,0,0,"- ","- ",36.765110015869141,-119.73642730712891,FRESNO,FRESNO,-119.7364501953125,36.765605926513672
84558527,2024,2025-02-03,1005,2024-06-01,1456,P1976,,6,5,7,1005,0,0,0,,0,00F,"BUTLER AVE","CHESTNUT AVE",0.00,,Y,A,-,N,,,,,,,,,,N,4,0,1,2,A,-,03,22350,,F,C,C,A,A,H,-,A,A,0,,,,,Y,,A,01,0,0,1,0,0,0,0,0,0,"- ","- ",,,FRESNO,FRESNO,-119.73654174804688,36.728668212890625
84558528,2024,2025-02-03,1005,2024-06-02,1705,P2275,,7,5,7,1005,0,0,0,,0,00E,"CEDAR AVE","BUTLER AVE",0.00,,Y,A,-,N,,,,,,,,,,N,3,0,1,2,A,-,11,21954,A,N,B,G,A,A,H,-,A,A,0,,Y,,,Y,,L,04,0,1,0,0,0,0,1,0,0,"- ","- ",36.728618621826172,-119.75457000732422,FRESNO,FRESNO,-119.75466156005859,36.728614807128906
84558537,2024,2025-02-03,1005,2024-06-19,"440 ",P2268,,3,5,7,1005,0,0,0,,0,00C,"OLIVE AVE","MAPLE AVE",355.00,W,N,A,-,N,,,,,,,,,,N,3,0,1,2,A,-,03,22350,,N,G,B,D,A,H,-,C,D,0,Y,,,,Y,,I,09,0,1,0,0,1,0,0,0,0,"- ","- ",36.757709503173828,-119.74533081054688,FRESNO,FRESNO,-119.74664306640625,36.757728576660156
84558543,2024,2025-02-03,1005,2024-06-28,1849,P1855,,5,5,7,1005,0,0,0,,0,00G,"HACIENDA DR","EMERSON AVE (W)",84480.00,N,N,A,-,N,,,,,,,,,,Y,3,0,1,1,A,-,01,23152,A,N,E,I,A,A,H,-,A,A,0,,,,,Y,Y,A,01,0,1,0,0,0,0,0,0,0,"- ","- ",36.7972412109375,-119.83255767822266,FRESNO,FRESNO,-119.83228302001953,36.797939300537109
84558547,2024,2025-02-03,1005,2024-07-02,"502 ",P1428,,2,5,7,1005,0,0,0,,0,00C,"HERNDON AVE","BLACKSTONE AVE",9.00,E,N,A,-,N,,,,,,,,,,N,3,0,1,2,A,-,11,21456,A,N,G,B,B,A,H,-,C,A,0,Y,,,,Y,,N,60,0,1,0,0,1,0,0,0,0,"- ","- ",36.837188720703125,-119.79029083251953,FRESNO,FRESNO,-119.79038238525391,36.837379455566406
84558555,2024,2025-02-03,1005,2024-07-10,1907,P2123,,3,5,7,1005,0,0,0,,0,,"VALENTINE AVE","DAKOTA AVE",0.00,,Y,A,-,N,,,,,,,,,,N,4,0,1,1,A,-,03,22350,,N,E,J,A,B,H,-,A,D,0,,,,,Y,,A,01,0,0,1,0,0,0,0,0,0,"- ","- ",36.782119750976562,-119.85340118408203,FRESNO,FRESNO,-119.85504150390625,36.786384582519531
84558569,2024,2025-02-03,1005,2024-07-27,1938,P1168,,6,5,7,1005,0,0,0,,0,00A,"PERRIN AVE","MATUS AVE (E)",0.00,,Y,A,-,Y,,,,,,,,,,Y,2,0,1,1,A,-,03,22350,,N,E,J,A,A,H,-,A,D,0,,,,,Y,,A,01,1,0,0,0,0,0,0,0,0,"- ","- ",36.874019622802734,-119.73777008056641,FRESNO,FRESNO,-119.73883819580078,36.873981475830078
84558572,2024,2025-02-03,1005,2024-07-29,1655,P2284,,1,5,7,1005,0,0,0,,0,03A,"N CEDAR AVE","E OLIVE AVE",174.00,S,N,A,-,N,,,,,,,,,,N,3,0,2,2,A,-,08,22107,,N,A,C,A,A,H,-,A,D,0,,,,,Y,,A,01,0,2,0,0,0,0,0,0,0,"- ","- ",36.758308410644531,-119.75462341308594,FRESNO,FRESNO,-119.75440979003906,36.757266998291016
84558577,2024,2025-02-03,1005,2024-08-03,"155 ",P2274,,6,5,7,1005,0,0,0,,0,00B,"KINGS CANYON RD","MINNEWAWA AVE",300.00,E,N,A,-,Y,,,,,,,,,,Y,2,0,1,1,A,-,07,21658,A,N,F,J,A,A,H,-,C,A,0,,,,,Y,,A,01,1,0,0,0,0,0,0,0,0,"- ","- ",36.735881805419922,-119.709228515625,FRESNO,FRESNO,-119.70829010009766,36.7359619140625
84558591,2024,2025-02-03,1005,2024-08-17,1325,P2172,,6,5,7,1005,0,0,0,,0,05D,"SHAW AVE","BRAWLEY AVE",329.00,E,N,A,-,N,,,,,,,,,,N,3,0,1,2,A,-,11,21954,A,N,G,B,D,A,H,-,A,D,0,Y,,,,Y,,N,60,0,1,0,0,1,0,0,0,0,"- ","- ",36.808090209960938,-119.86302185058594,FRESNO,FRESNO,-119.86162567138672,36.808380126953125
84558599,2024,2025-02-03,1005,2024-08-22,1920,P1828,,4,5,7,1005,0,0,0,,0,00D,"BLACKSTONE AVE","SIMPSON AVE",103.00,S,N,A,-,N,,,,,,,,,,N,2,0,1,2,A,-,05,21202,,N,B,G,A,A,H,-,A,D,0,,Y,,,Y,,L,04,1,0,0,0,0,0,1,0,0,"- ","- ",36.778640747070312,-119.79051971435547,FRESNO,FRESNO,-119.79064178466797,36.778335571289062
84558607,2024,2025-02-03,1005,2024-08-25,1556,P706,,7,5,7,1005,0,0,0,,0,SW-F,"JENSEN AVE","BARDELL ST",0.00,,Y,A,-,N,,,,,,,,,,Y,4,0,3,2,A,-,09,21804,A,N,D,C,A,A,H,-,A,D,0,,,,,Y,,A,01,0,0,3,0,0,0,0,0,0,"- ","- ",36.706928253173828,-119.79749298095703,FRESNO,FRESNO,-119.79757690429688,36.706752777099609
84558608,2024,2025-02-03,1005,2024-08-25,1559,P1599,,7,5,7,1005,0,0,0,,0,00G,"WEST AVE","EMERSON AVE",22.00,N,N,A,-,N,,,,,,,,,,Y,4,0,1,1,A,-,03,22350,,N,E,I,A,A,H,-,A,A,0,,,,,Y,,A,01,0,0,1,0,0,0,0,0,0,"- ","- ",36.796489715576172,-119.82646942138672,FRESNO,FRESNO,-119.82674407958984,36.796546936035156
84558614,2024,2025-02-03,1005,2024-08-27,2015,P1767,,2,5,7,1005,0,0,0,,0,00E,"FIRST ST","SHAW AVE",150.00,N,N,A,-,N,,,,,,,,,,Y,3,0,1,2,A,-,01,23152,B,N,C,C,A,A,H,-,C,A,0,,,,,Y,Y,A,01,0,1,0,0,0,0,0,0,0,"- ","- ",36.808601379394531,-119.77226257324219,FRESNO,FRESNO,-119.77240753173828,36.808891296386719
84558618,2024,2025-02-03,1005,2024-08-28,1639,P1931,,3,5,7,1005,0,0,0,,0,00F,"DAKOTA AVE","CEDAR AVE",100.00,E,N,A,-,N,,,,,,,,,,Y,4,0,2,2,A,-,08,22107,,N,B,C,A,A,H,-,A,D,0,,,,,Y,,A,01,0,0,2,0,0,0,0,0,0,"- ","- ",36.786811828613281,-119.75431060791016,FRESNO,FRESNO,-119.75441741943359,36.786880493164062
84558625,2024,2025-02-03,1005,2024-08-31,1023,P1724,,6,5,7,1005,0,0,0,,0,00C,"FRESNO ST","MARTIN AVE",0.00,,Y,A,-,N,,,,,,,,,,N,3,0,1,1,A,-,08,22107,,N,H,A,A,A,H,-,A,A,0,,,Y,,Y,,C,02,0,1,0,0,0,0,0,0,1,"- ","- ",36.722999572753906,-119.81043243408203,FRESNO,FRESNO,-119.81044006347656,36.7230224609375
84558626,2024,2025-02-03,1005,2024-08-31,1100,P1843,,6,5,7,1005,0,0,0,,0,00F,"BUTLER AVE","MAPLE AVE",0.00,,Y,A,-,N,,,,,,,,,,Y,3,0,6,2,A,-,09,21453,C,N,D,C,A,A,H,-,A,A,0,,,,,Y,,A,01,0,3,3,0,0,0,0,0,0,"- ","- ",,,FRESNO,FRESNO,-119.74557495117188,36.728630065917969
84558627,2024,2025-02-03,1005,2024-08-31,1249,P1251,,6,5,7,1005,0,0,0,,0,00E,"BLACKSTONE AVE","RIALTO AVE",0.00,,Y,A,-,N,,,,,,,,,,Y,3,0,1,2,A,-,09,21801,A,N,D,C,A,A,H,-,A,D,0,,,,,Y,,D,22,0,1,0,0,0,0,0,0,0,"- ","- ",36.803058624267578,-119.79039764404297,FRESNO,FRESNO,-119.79057312011719,36.803104400634766
84558631,2024,2025-02-03,1005,2024-09-01,"350 ",P2158,,7,5,7,1005,0,0,0,,0,00B,"HERNDON AVE","FIRST ST",0.00,,Y,A,-,N,,,,,,,,,,N,4,0,1,2,A,-,12,21453,A,N,D,C,A,A,H,-,C,A,0,,,,,Y,,A,01,0,0,1,0,0,0,0,0,0,"- ","- ",36.837318420410156,-119.77210235595703,FRESNO,FRESNO,-119.77236175537109,36.836189270019531
84558632,2024,2025-02-03,1005,2024-09-01,1158,P2061,,7,5,7,1005,0,0,0,,0,00B,"NEES AVE","BLACKSTONE AVE",0.00,N,Y,A,-,N,,,,,,,,,,Y,3,0,1,1,A,-,01,23152,A,N,E,J,A,A,H,-,A,A,0,,,Y,,Y,Y,-,"- ",0,1,0,0,0,0,0,0,1,"- ","- ",36.851970672607422,-119.79091644287109,FRESNO,FRESNO,-119.79107666015625,36.851940155029297
84558634,2024,2025-02-03,1005,2024-09-01,1836,P1838,,7,5,7,1005,0,0,0,,0,00D,"VAN NESS AVE","TULARE ST",482.00,W,N,A,-,N,,,,,,,,,,N,4,0,1,2,A,-,03,22350,,N,B,C,A,A,H,-,A,A,0,,,,,Y,,-,"- ",0,0,1,0,0,0,0,0,0,"- ","- ",36.734649658203125,-119.78913116455078,FRESNO,FRESNO,-119.79021453857422,36.735599517822266
84558636,2024,2025-02-03,1005,2024-09-01,2133,P2308,,7,5,7,1005,0,0,0,,0,00C,"SHAW AVE","POLK AVE",0.00,,Y,A,F,N,,,,,,,,,,N,3,0,1,3,A,-,03,22350,,N,C,C,A,A,H,-,C,D,0,,,,,Y,,D,22,0,1,0,0,0,0,0,0,0,"- ","- ",36.808181762695312,-119.889892578125,FRESNO,FRESNO,-119.88949584960938,36.808082580566406
84558637,2024,2025-02-03,1005,2024-09-03,"216 ",P1927,,2,5,7,1005,0,0,0,,0,00B,"CLOVIS AVE","180 FWY (4)",50.00,N,N,A,-,N,,,,,,,,,,Y,2,0,1,2,A,-,01,23152,B,N,C,C,A,A,H,-,C,A,0,,,,,Y,Y,A,01,1,0,0,0,0,0,0,0,0,"- ","- ",36.75408935546875,-119.70137023925781,FRESNO,FRESNO,,
84558641,2024,2025-02-03,1005,2024-09-03,1640,P1957,,2,5,7,1005,0,0,0,,0,,"TUOLUMNE ST","L ST",0.00,,Y,A,-,N,,,,,,,,,,Y,4,0,1,2,A,-,09,21804,A,N,D,C,A,A,H,-,A,A,0,,,,,Y,,D,22,0,0,1,0,0,0,0,0,0,"- ","- ",36.738761901855469,-119.79370880126953,FRESNO,FRESNO,-119.79248046875,36.739330291748047
84558644,2024,2025-02-03,1005,2024-09-04,1617,P1685,,3,5,7,1005,0,0,0,,0,,"SHAW AVE","BRAWLEY AVE",550.00,W,N,A,-,N,,,,,,,,,,N,4,0,1,2,A,-,04,21703,,N,C,C,A,A,H,-,A,A,0,,,,,Y,,A,01,0,0,1,0,0,0,0,0,0,"- ","- ",36.808090209960938,-119.86302185058594,FRESNO,FRESNO,-119.8646240234375,36.808353424072266
84558647,2024,2025-02-03,1005,2024-09-06,"1   ",P2080,,5,5,7,1005,0,0,0,,0,00E,"SIERRA VISTA AVE","BUTLER AVE",20.00,N,N,A,-,N,,,,,,,,,,Y,4,0,1,1,A,-,01,23152,A,N,E,I,A,A,H,-,C,A,0,,,,,Y,Y,A,01,0,0,1,0,0,0,0,0,0,"- ","- ",36.728569030761719,-119.74098205566406,FRESNO,FRESNO,-119.74160003662109,36.728500366210938
84558651,2024,2025-02-03,1005,2024-09-07,"853 ",P1270,,6,5,7,1005,0,0,0,,0,00C,"CLINTON AVE","WEST AVE",0.00,,Y,A,-,N,,,,,,,,,,N,3,0,1,2,A,-,10,21950,A,N,G,B,B,A,H,-,A,A,0,Y,,,,Y,,A,01,0,1,0,0,1,0,0,0,0,"- ","- ",36.771980285644531,-119.82662963867188,FRESNO,FRESNO,-119.82672882080078,36.771957397460938
84558652,2024,2025-02-03,1005,2024-09-07,1633,P1957,,6,5,7,1005,0,0,0,,0,,"VENTURA ST","FULTON ST",0.00,,Y,A,-,N,,,,,,,,,,Y,4,0,1,2,A,-,09,21802,A,N,D,C,A,A,H,-,A,A,0,,,,,Y,,A,01,0,0,1,0,0,0,0,0,0,"- ","- ",36.729339599609375,-119.78710174560547,FRESNO,FRESNO,-119.78582763671875,36.72998046875
84558654,2024,2025-02-03,1005,2024-09-08,1720,P1957,,7,5,7,1005,0,0,0,,0,,"MARKS AVE","DUDLEY AVE",0.00,,Y,A,-,N,,,,,,,,,,Y,4,0,2,2,A,-,09,21802,A,N,D,C,A,A,H,-,A,A,0,,,,,Y,,A,01,0,0,2,0,0,0,0,0,0,"- ","- ",36.753749847412109,-119.84442138671875,FRESNO,FRESNO,-119.84430694580078,36.753776550292969
84558656,2024,2025-02-03,1005,2024-09-08,"43  ",P1931,,7,5,7,1005,0,0,0,,0,00F,"FIRST ST","HOLLAND AVE (N)",0.00,,Y,A,-,Y,,,,,,,,,,Y,4,0,2,2,A,-,09,21802,A,N,D,D,A,A,H,-,C,B,0,,,,,Y,,A,01,0,0,2,0,0,0,0,0,0,"- ","- ",36.7977294921875,-119.77236938476562,FRESNO,FRESNO,-119.77252197265625,36.797687530517578
84558657,2024,2025-02-03,1005,2024-09-08,"108 ",P1972,,7,5,7,1005,0,0,0,,0,00E,"SHAW AVE","FRESNO ST",0.00,,Y,A,-,N,,,,,,,,,,Y,2,0,2,2,A,-,12,21453,A,N,A,C,A,A,H,-,C,A,0,,,,,Y,,A,07,1,0,1,0,0,0,0,0,0,"- ","- ",36.808650970458984,-119.78134155273438,FRESNO,FRESNO,-119.78137969970703,36.808460235595703
84558660,2024,2025-02-03,1005,2024-09-08,1309,P1270,,7,5,7,1005,0,0,0,,0,00C,"WEST AVE","PRINCETON AVE",0.00,,Y,A,-,N,,,,,,,,,,Y,3,0,1,2,A,-,08,22107,,N,B,C,A,A,H,-,A,D,0,,,,,Y,,A,01,0,1,0,0,0,0,0,0,0,"- ","- ",36.775638580322266,-119.82655334472656,FRESNO,FRESNO,-119.82669067382812,36.775627136230469
84558661,2024,2025-02-03,1005,2024-09-08,1630,P1694,,7,5,7,1005,0,0,0,,0,00F,"SHIELDS AVE","BRAWLEY AVE",635.00,E,N,A,-,N,,,,,,,,,,Y,3,0,3,2,A,-,03,22350,,N,C,C,A,A,H,-,A,D,0,,,,,Y,,A,01,0,3,0,0,0,0,0,0,0,"- ","- ",36.779090881347656,-119.86231994628906,FRESNO,FRESNO,-119.86014556884766,36.779048919677734
84558662,2024,2025-02-03,1005,2024-09-09,2329,P2003,,1,5,7,1005,0,0,0,,0,,"BUTLER AVE","CHESTNUT AVE",0.00,,Y,A,-,N,,,,,,,,,,Y,4,0,2,2,A,-,12,21453,A,N,D,C,A,A,H,-,C,A,0,,,,,Y,,A,01,0,0,2,0,0,0,0,0,0,"- ","- ",36.728561401367188,-119.73644256591797,FRESNO,FRESNO,-119.73654174804688,36.728668212890625
84558664,2024,2025-02-03,1005,2024-09-09,1612,P1931,,1,5,7,1005,0,0,0,,0,00C,"CLINTON AVE","WARREN AVE",0.00,,Y,A,-,N,,,,,,,,,,Y,2,0,1,3,A,-,09,21802,A,N,D,C,A,A,H,-,A,A,0,,,,,Y,,A,01,1,0,0,0,0,0,0,0,0,"- ","- ",36.771991729736328,-119.82884979248047,FRESNO,FRESNO,-119.82886505126953,36.771965026855469
84558665,2024,2025-02-03,1005,2024-09-09,1730,P2056,,1,5,7,1005,0,0,0,,0,00A,"MAPLE AVE","CLINTON AVE",0.00,,Y,A,-,N,,,,,,,,,,N,3,0,2,2,A,-,03,22350,,F,C,C,A,A,H,-,A,A,0,,,,,Y,,-,99,0,2,0,0,0,0,0,0,0,"- ","- ",36.772319793701172,-119.74543762207031,FRESNO,FRESNO,-119.74537658691406,36.772289276123047
84558667,2024,2025-02-03,1005,2024-09-09,2153,P1957,,1,5,7,1005,0,0,0,,0,,"MONO ST","G ST",0.00,,Y,A,-,N,,,,,,,,,,Y,4,0,1,2,A,-,12,22450,A,M,D,C,A,A,H,-,D,A,0,,,,,Y,,-,99,0,0,1,0,0,0,0,0,0,"- ","- ",36.728271484375,-119.79071807861328,FRESNO,FRESNO,-119.79064178466797,36.728218078613281
84558672,2024,2025-02-03,1005,2024-09-11,"930 ",P2236,,3,5,7,1005,0,0,0,,0,05B,"MAROA AVE","SIERRA AVE",0.00,,Y,A,-,N,,,,,,,,,,Y,3,0,1,2,A,-,09,21801,A,N,A,C,A,A,H,-,A,A,0,,,,,Y,,B,01,0,1,0,0,0,0,0,0,0,"- ","- ",36.830108642578125,-119.79942321777344,FRESNO,FRESNO,-119.79928588867188,36.830089569091797
84558675,2024,2025-02-03,1005,2024-09-11,1745,P1926,,3,5,7,1005,0,0,0,,0,00C,"A ST","FRESNO ST",0.00,,Y,A,-,N,,,,,,,,,,N,4,0,1,2,A,-,05,21650,1,M,D,G,A,A,H,-,A,A,0,,Y,,,Y,Y,L,04,0,0,1,0,0,0,1,0,0,"- ","- ",36.728748321533203,-119.80220031738281,FRESNO,FRESNO,-119.80231475830078,36.728893280029297
84558676,2024,2025-02-03,1005,2024-09-12,1116,P1890,,4,5,7,1005,0,0,0,,0,03D,"OLIVE AVE","CHESTNUT AVE",0.00,,Y,A,-,N,,,,,,,,,,Y,3,0,1,2,A,-,09,21804,A,N,D,C,A,A,H,-,A,B,0,,,,,Y,,A,07,0,1,0,0,0,0,0,0,0,"- ","- ",36.757659912109375,-119.73628997802734,FRESNO,FRESNO,-119.73645782470703,36.757701873779297
84558677,2024,2025-02-03,1005,2024-09-12,1223,P1306,,4,5,7,1005,0,0,0,,0,,"PALM AVE","SAN JOSE",151.00,S,N,A,-,N,,,,,,,,,,Y,3,0,2,2,C,-,18,,,N,G,B,F,A,H,-,A,A,0,Y,,,,Y,,-,"- ",0,1,1,0,1,0,0,0,0,"- ","- ",,,FRESNO,FRESNO,-119.80851745605469,36.811607360839844
84558678,2024,2025-02-03,1005,2024-09-12,1624,P1939,,4,5,7,1005,0,0,0,,0,,"WILLOW AVE","SIERRA AVE",0.00,,Y,A,-,N,,,,,,,,,,N,4,0,1,2,A,-,08,22107,,N,D,G,A,A,H,-,A,A,0,,Y,,,Y,,A,01,0,0,1,0,0,0,1,0,0,"- ","- ",36.829299926757812,-119.72962951660156,FRESNO,FRESNO,-119.72955322265625,36.830257415771484
84558679,2024,2025-02-03,1005,2024-09-12,2026,P1766,,4,5,7,1005,0,0,0,,0,00E,"PALM AVE","BULLARD AVE",103.00,S,N,A,-,N,,,,,,,,,,N,3,0,1,2,A,-,09,21804,A,N,D,G,A,A,H,-,C,D,0,,Y,,,Y,,A,01,0,1,0,0,0,0,1,0,0,"- ","- ",36.822811126708984,-119.80835723876953,FRESNO,FRESNO,-119.80841064453125,36.822578430175781
84558680,2024,2025-02-03,1005,2024-09-13,1502,P1298,,5,5,7,1005,0,0,0,,0,"A / 08","MAPLE AVE","SHEPHERD AVE",3.00,N,N,A,-,N,,,,,,,,,,N,3,0,1,2,A,-,12,22450,A,N,D,G,A,A,H,-,A,A,0,,Y,,,Y,,M,91,0,1,0,0,0,0,1,0,0,"- ","- ",36.866661071777344,-119.74777221679688,FRESNO,FRESNO,-119.74774932861328,36.866546630859375
84558683,2024,2025-02-03,1005,2024-09-14,"319 ",P731,,6,5,7,1005,0,0,0,,0,1255,"BLACKSTONE AVE","SPRUCE AVE",9.00,N,N,A,-,N,,,,,,,,,,N,1,1,0,2,A,-,11,21461,5,N,G,B,B,A,H,-,C,A,0,Y,,,,Y,,N,60,0,0,0,1,0,0,0,0,0,"- ","- ",36.840850830078125,-119.79036712646484,FRESNO,FRESNO,-119.790283203125,36.840934753417969
84558686,2024,2025-02-03,1005,2024-09-14,1640,P2098,,6,5,7,1005,0,0,0,,0,02D,"MCKINLEY AVE","41 HWY (W)",0.00,,Y,A,-,N,,,,,,,,,,Y,4,0,1,2,A,-,12,21453,A,N,D,C,A,A,H,-,A,A,0,,,,Y,Y,,F,26,0,0,1,0,0,0,0,0,0,"- ","- ",36.764358520507812,-119.78012847900391,FRESNO,FRESNO,-119.77716827392578,36.765071868896484