CASE_ID,ACCIDENT_YEAR,PROC_DATE,JURIS,COLLISION_DATE,COLLISION_TIME,OFFICER_ID,REPORTING_DISTRICT,DAY_OF_WEEK,CHP_SHIFT,POPULATION,CNTY_CITY_LOC,SPECIAL_COND,BEAT_TYPE,CHP_BEAT_TYPE,CITY_DIVISION_LAPD,CHP_BEAT_CLASS,BEAT_NUMBER,PRIMARY_RD,SECONDARY_RD,DISTANCE,DIRECTION,INTERSECTION,WEATHER_1,WEATHER_2,STATE_HWY_IND,CALTRANS_COUNTY,CALTRANS_DISTRICT,STATE_ROUTE,ROUTE_SUFFIX,POSTMILE_PREFIX,POSTMILE,LOCATION_TYPE,RAMP_INTERSECTION,SIDE_OF_HWY,TOW_AWAY,COLLISION_SEVERITY,NUMBER_KILLED,NUMBER_INJURED,PARTY_COUNT,PRIMARY_COLL_FACTOR,PCF_CODE_OF_VIOL,PCF_VIOL_CATEGORY,PCF_VIOLATION,PCF_VIOL_SUBSECTION,HIT_AND_RUN,TYPE_OF_COLLISION,MVIW,PED_ACTION,ROAD_SURFACE,ROAD_COND_1,ROAD_COND_2,LIGHTING,CONTROL_DEVICE,CHP_ROAD_TYPE,PEDESTRIAN_ACCIDENT,BICYCLE_ACCIDENT,MOTORCYCLE_ACCIDENT,TRUCK_ACCIDENT,NOT_PRIVATE_PROPERTY,ALCOHOL_INVOLVED,STWD_VEHTYPE_AT_FAULT,CHP_VEHTYPE_AT_FAULT,COUNT_SEVERE_INJ,COUNT_VISIBLE_INJ,COUNT_COMPLAINT_PAIN,COUNT_PED_KILLED,COUNT_PED_INJURED,COUNT_BICYCLIST_KILLED,COUNT_BICYCLIST_INJURED,COUNT_MC_KILLED,COUNT_MC_INJURED,PRIMARY_RAMP,SECONDARY_RAMP,LATITUDE,LONGITUDE,COUNTY,CITY,POINT_X,POINT_Y
8614812,2018,2018-05-14,1001,2018-04-05,1828,5465,,4,5,5,1001,0,0,0,,0,003,"HANSON AV","SUSSEX AV",141.00,N,N,B,-,N,,,,,,,,,,Y,4,0,1,2,A,-,08,22107,,N,C,E,A,A,H,-,B,D,0,,,,,Y,,A,07,0,0,1,0,0,0,0,0,0,"- ","- ",36.791030883789062,-119.66352844238281,FRESNO,CLOVIS,-119.66326141357422,36.791095733642578
8615034,2018,2018-05-01,1001,2018-03-29,2010,5441,,4,5,5,1001,0,0,0,,0,001,"PEACH AV","SANTA ANA AV",0.00,,Y,A,-,N,,,,,,,,,,Y,4,0,1,2,A,-,09,21802,A,M,D,C,A,A,H,-,C,D,0,,,,,Y,,A,07,0,0,1,0,0,0,0,0,0,"- ","- ",36.804851531982422,-119.71842956542969,FRESNO,CLOVIS,-119.71842956542969,36.804851531982422
8615054,2018,2018-05-04,1001,2018-04-14,0637,5484,,6,5,5,1001,0,0,0,,0,007,"N PEACH AV","W NEES AV",0.00,,Y,A,-,N,,,,,,,,,,Y,4,0,2,2,-,-,"- ",,,N,F,D,A,A,H,-,A,A,0,,,,,Y,,-,"- ",0,0,2,0,0,0,0,0,0,"- ","- ",36.852039337158203,-119.72015380859375,FRESNO,CLOVIS,-119.72014617919922,36.852161407470703
8615058,2018,2018-05-04,1001,2018-04-18,1351,5277,,3,5,5,1001,0,0,0,,0,005,"CLOVIS AV","BARSTOW AV",45.00,S,N,A,-,N,,,,,,,,,,Y,4,0,3,3,C,-,18,,,N,C,C,A,A,H,-,A,A,0,,,,,Y,,-,"- ",0,0,3,0,0,0,0,0,0,"- ","- ",,,FRESNO,CLOVIS,-119.70027160644531,36.815628051757812
8615110,2018,2018-05-03,1001,2018-04-06,1507,5465,,5,5,5,1001,0,0,0,,0,003,"N HIGHLAND AV","SHAW AV",0.00,,Y,B,-,N,,,,,,,,,,N,4,0,1,2,A,-,03,22350,,N,C,C,A,A,H,-,A,D,0,,,,,Y,,A,01,0,0,1,0,0,0,0,0,0,"- ","- ",36.808280944824219,-119.62689208984375,FRESNO,CLOVIS,-119.62689208984375,36.808280944824219
8615455,2018,2018-05-23,1008,2018-04-20,0702,J603,,5,5,2,1008,0,0,0,,0,0KI,"6TH AV","SIERRA ST",23.00,S,N,A,-,N,,,,,,,,,,Y,4,0,1,2,A,-,08,22107,,N,B,C,A,A,H,-,A,A,0,,,,,Y,,-,,0,0,1,0,0,0,0,0,0,"- ","- ",,,FRESNO,KINGSBURG,-119.56316375732422,36.517845153808594
8618610,2018,2018-07-27,1012,2018-05-02,1640,L030,REEDL,3,5,3,1012,0,0,0,,0,001,"12TH ST","C ST",0.00,,Y,A,-,N,,,,,,,,,,N,3,0,1,2,A,-,10,21950,A,N,G,B,D,A,H,-,A,A,0,Y,,,,Y,,A,07,0,1,0,0,1,0,0,0,0,"- ","- ",,,FRESNO,REEDLEY,-119.44563293457031,36.598228454589844
8619450,2018,2018-05-22,1008,2018-04-30,2145,J604,,1,5,2,1008,0,0,0,,0,0KI,"LUNA AV","STROUD AV",0.00,,Y,A,-,N,,,,,,,,,,Y,4,0,1,2,A,-,09,21802,A,N,C,C,A,A,H,-,C,A,0,,,,,Y,,-,,0,0,1,0,0,0,0,0,0,"- ","- ",,,FRESNO,KINGSBURG,,
8619887,2018,2018-05-23,1007,2018-05-16,0348,I090,KERMA,3,5,2,1007,0,0,0,,0,0KE,"KEARNEY BL","PACHECO DR",0.00,,Y,A,-,N,,,,,,,,,,N,3,0,1,1,A,-,08,22107,,F,E,I,A,A,H,-,C,D,0,,,,,Y,,-,,0,1,0,0,0,0,0,0,0,"- ","- ",,,FRESNO,KERMAN,-120.05342864990234,36.727649688720703
8621813,2017,2018-05-25,1001,2017-12-13,1656,5605,,3,5,5,1001,0,0,0,,0,001,"W HOLLAND AV","PEACH AV",0.00,,Y,A,-,N,,,,,,,,,,Y,4,0,1,2,A,-,09,21801,A,N,A,C,A,A,H,-,B,D,0,,,,,Y,,D,22,0,0,1,0,0,0,0,0,0,"- ","- ",36.797600000000003,-119.71818,FRESNO,CLOVIS,-119.71817994,36.797600060000001
8621987,2018,2018-05-29,1012,2018-05-07,1027,L016,REEDL,1,5,3,1012,0,0,0,,0,001,"EAST AV","11TH ST",0.00,,Y,A,-,N,,,,,,,,,,N,4,0,3,2,A,-,09,21803,A,N,C,C,A,A,H,-,A,D,0,,,,,Y,,-,,0,0,3,0,0,0,0,0,0,"- ","- ",,,FRESNO,REEDLEY,-119.44428253173828,36.600860595703125
8621999,2018,2018-05-29,1012,2018-05-07,1520,L016,REEDL,1,5,3,1012,0,0,0,,0,002,"E MANNING AV","N COLUMBIA AV",10.00,S,N,A,-,N,,,,,,,,,,Y,3,0,1,2,A,-,10,21950,A,N,G,B,B,A,H,-,A,A,0,Y,,,,Y,,-,,0,1,0,0,1,0,0,0,0,"- ","- ",,,FRESNO,REEDLEY,-119.43981170654297,36.604148864746094
8623254,2018,2018-06-04,1001,2018-01-01,1515,5145,,1,5,5,1001,0,0,0,,0,003,"GETTYSBURG AV",SUNNYSIDE,285.00,E,N,A,-,N,,,,,,,,,,Y,4,0,1,2,A,-,08,22107,,N,C,E,A,A,H,-,A,D,0,,,,,Y,,A,07,0,0,1,0,0,0,0,0,0,"- ","- ",,,FRESNO,CLOVIS,-119.68963623046875,36.801231384277344
8623266,2018,2018-06-04,1001,2018-03-09,1920,5465,,5,5,5,1001,0,0,0,,0,001,"W PEACH AV","SHAW AV",295.00,S,N,A,-,N,,,,,,,,,,N,4,0,1,2,A,-,11,21954,A,N,G,B,D,A,H,-,C,D,0,Y,,,,Y,,N,60,0,0,1,0,1,0,0,0,0,"- ","- ",36.808368682861328,-119.71820831298828,FRESNO,CLOVIS,-119.71821594238281,36.8077392578125
8623270,2018,2018-06-01,1001,2018-03-02,0339,5698,,5,5,5,1001,0,0,0,,0,003,"ALAMOS AV","SOLEDAD AV",0.00,,Y,C,-,N,,,,,,,,,,Y,4,0,1,2,A,-,05,21650,,N,D,E,A,B,H,-,C,D,0,,,,,Y,Y,A,01,0,0,1,0,0,0,0,0,0,"- ","- ",36.805549621582031,-119.634033203125,FRESNO,CLOVIS,-119.63381,36.805430000000001
8623288,2018,2018-06-08,1001,2018-02-01,1745,5465,,4,5,5,1001,0,0,0,,0,007,"FOWLER AV","HERNDON AV",537.00,S,N,A,-,N,,,,,,,,,,Y,4,0,1,2,A,-,09,21801,A,N,D,C,A,-,H,-,B,A,0,,,,,Y,Y,D,22,0,0,1,0,0,0,0,0,0,"- ","- ",36.837379455566406,-119.68399047851562,FRESNO,CLOVIS,-119.683837890625,36.835975646972656
8623308,2018,2018-06-25,1001,2018-01-10,0526,5671,,3,5,5,1001,0,0,0,,0,001,"EAST SHAW AV","NORTH VILLA AV",0.00,,Y,B,-,N,,,,,,,,,,Y,3,0,1,3,A,-,12,21453,A,N,D,C,A,B,H,-,C,A,0,,,,,Y,,D,22,0,1,0,0,0,0,0,0,0,"- ","- ",36.808399200439453,-119.71365356445312,FRESNO,CLOVIS,-119.71366119384766,36.808578491210938
8623312,2017,2018-06-05,1001,2017-12-29,1930,5465,,5,5,5,1001,0,0,0,,0,004,"WEST SHAW AV","VILLA AV",274.00,W,N,A,-,N,,,,,,,,,,Y,4,0,1,3,A,-,03,22350,,N,C,C,A,A,H,-,C,A,0,,,,,Y,,A,01,0,0,1,0,0,0,0,0,0,"- ","- ",36.808399999999999,-119.71365,FRESNO,CLOVIS,-119.71459526,36.80857383
8623850,2018,2018-08-21,1007,2018-04-28,1321,I019,,6,5,2,1007,0,0,0,,0,0KE,"MADERA AV","RT 180",0.00,,N,A,-,Y,FRE,6,145,-,-,35.149,I,5,S,N,4,0,1,2,A,-,10,21952,,N,C,G,A,A,H,-,A,D,0,,Y,,,Y,,-,,0,0,1,0,0,0,1,0,0,"- ","- ",,,FRESNO,KERMAN,-120.06027221679688,36.734939575195312
8624351,2018,2018-05-31,1001,2018-01-02,2304,5671,,2,5,5,1001,0,0,0,,0,001,"N WILLOW AV","W ASHLAN AV W",0.00,,Y,-,-,N,,,,,,,,,,Y,3,0,3,2,A,-,12,21453,A,N,D,C,A,A,D,-,C,A,0,,,,,Y,,A,07,0,1,2,0,0,0,0,0,0,"- ","- ",36.794189453125,-119.72743988037109,FRESNO,CLOVIS,-119.72746276855469,36.794200897216797
8625016,2018,2018-06-29,1001,2018-05-23,1743,5465,,3,5,5,1001,0,0,0,,0,003,"FOWLER AV","ASHLAN AV",0.00,,Y,A,-,N,,,,,,,,,,Y,4,0,1,2,A,-,09,21453,C,N,D,C,A,A,H,-,A,A,0,,,,,Y,,A,01,0,0,1,0,0,0,0,0,0,"- ","- ",36.793930053710938,-119.68225860595703,FRESNO,CLOVIS,-119.68225860595703,36.794029235839844
8625745,2018,2018-11-05,1015,2018-05-18,1604,N106,SELMA,5,5,3,1015,0,0,0,,0,004,"HIGHLAND AV","RT 99",0.00,,Y,A,-,Y,FRE,6,99,-,-,6.069,R,4,S,N,4,0,1,2,A,-,12,21453,A,N,C,D,A,A,H,-,A,A,0,,,,,Y,Y,-,,0,0,1,0,0,0,0,0,0,"- ","- ",,,FRESNO,SELMA,-119.62441253662109,36.571693420410156
8625934,2018,2018-06-05,1015,2018-05-18,0339,N085,SLEMA,5,5,3,1015,0,0,0,,0,003,"GOLDEN STATE BL","NEBRASKA AV",1056.00,S,N,A,-,N,,,,,,,,,,N,4,0,1,1,C,-,18,,,N,H,J,A,A,C,-,D,D,0,,,,,Y,,-,"- ",0,0,1,0,0,0,0,0,0,"- ","- ",,,FRESNO,SELMA,-119.75263977050781,36.694717407226562
8627298,2018,2018-06-20,1001,2018-05-09,1811,5465,,3,5,5,1001,0,0,0,,0,007,"CALIMYRNA AV","RYAN AV",0.00,,Y,A,-,N,,,,,,,,,,N,4,0,1,2,A,-,09,21800,B,N,H,A,A,A,H,-,A,A,0,,,Y,,Y,,A,07,0,0,1,0,0,0,0,0,1,"- ","- ",36.823280334472656,-119.65882873535156,FRESNO,CLOVIS,-119.65711975097656,36.823528289794922
8627302,2018,2018-06-20,1001,2018-05-11,2312,5465,,5,5,5,1001,0,0,0,,0,007,"N FOWLER AV","TOLLHOUSE RD",0.00,,Y,A,-,N,,,,,,,,,,Y,4,0,3,2,A,-,12,21453,A,N,D,C,A,A,H,-,C,A,0,,,,,Y,,A,01,0,0,3,0,0,0,0,0,0,"- ","- ",36.832130432128906,-119.68206024169922,FRESNO,CLOVIS,-119.68206024169922,36.832130432128906
8627306,2018,2018-06-07,1001,2018-05-11,0740,5277,,5,5,5,1001,0,0,0,,0,005,"CLOVIS AV","HERNDON AV",2.00,S,N,A,-,N,,,,,,,,,,N,4,0,1,2,A,-,21,22106,,N,C,C,A,A,H,-,A,A,0,,,,,Y,,-,"- ",0,0,1,0,0,0,0,0,0,"- ","- ",,,FRESNO,CLOVIS,-119.70008850097656,36.837425231933594
8628062,2018,2018-07-17,1001,2018-05-12,0740,5668,,6,5,5,1001,0,0,0,,0,007,"N TIMMY AV","W OMAHA AV",0.00,,Y,A,-,N,,,,,,,,,,Y,4,0,3,2,A,-,09,21800,A,N,D,C,A,A,H,-,A,D,0,,,,,Y,,A,01,0,0,3,0,0,0,0,0,0,"- ","- ",36.856208801269531,-119.72721862792969,FRESNO,CLOVIS,-119.72721862792969,36.856208801269531
8628895,2018,2018-06-18,1015,2018-05-15,0505,N092,SELMA,2,5,3,1015,0,0,0,,0,0SE,"THOMPSON AV","CHANDLER ST",56.00,S,N,A,-,N,,,,,,,,,,Y,3,0,2,1,A,-,08,22107,,N,A,I,A,A,H,-,B,D,0,,,,,Y,,-,,0,2,0,0,0,0,0,0,0,"- ","- ",,,FRESNO,SELMA,-119.61968231201172,36.574714660644531
8628899,2018,2018-06-20,1015,2018-05-10,2108,N085,SELMA,4,5,3,1015,0,0,0,,0,003,"MCCALL AV","ALTON ST",0.00,,Y,A,-,N,,,,,,,,,,Y,3,0,2,2,A,-,03,22350,,N,-,C,A,A,H,-,C,-,0,,,,,Y,,-,,0,1,1,0,0,0,0,0,0,"- ","- ",,,FRESNO,SELMA,-119.61068725585938,36.578739166259766
8628903,2018,2018-06-18,1015,2018-05-08,1003,N078,SELMA,2,5,3,1015,0,0,0,,0,001,"HIGHLAND AV","FLORAL AV",0.00,,-,A,-,N,,,,,,,,,,N,3,0,1,2,B,-,22,,,N,G,B,D,A,H,-,A,D,0,Y,,,,Y,,-,,0,1,0,0,1,0,0,0,0,"- ","- ",,,FRESNO,SELMA,-119.62866973876953,36.576858520507812
8628907,2018,2018-06-18,1015,2018-05-08,0801,N265,SELMA,2,5,3,1015,0,0,0,,0,003,"ROSE AV","ORANGE ST",0.00,,Y,A,-,N,,,,,,,,,,Y,4,0,2,2,A,-,09,21801,A,N,C,C,A,A,A,H,-,D,0,,,,,Y,,-,,0,0,2,0,0,0,0,0,0,"- ","- ",,,FRESNO,SELMA,-119.60677337646484,36.568851470947266
8628911,2018,2018-06-18,1015,2018-05-05,2247,N230,,6,5,3,1015,0,0,0,,0,003,"B ST","ARRANTS ST",0.00,,N,A,-,N,,,,,,,,,,N,3,0,1,2,A,-,00,20001,A,F,G,B,E,A,H,-,C,D,0,Y,,,,Y,,-,,0,1,0,0,1,0,0,0,0,"- ","- ",,,FRESNO,SELMA,-119.60856628417969,36.570671081542969
8628915,2018,2018-06-18,1015,2018-05-07,1313,N036,,1,5,3,1015,0,0,0,,0,003,"MCCALL AV","TULARE ST",35.00,S,N,A,-,N,,,,,,,,,,Y,4,0,1,2,A,-,03,22350,,N,C,C,A,A,H,-,A,D,0,,,,,Y,,-,,0,0,1,0,0,0,0,0,0,"- ","- ",,,FRESNO,SELMA,-119.61074829101562,36.571674346923828
8630682,2018,2018-06-04,1001,2018-01-24,1754,5605,,3,5,5,1001,0,0,0,,0,006,"W SIERRA AV","VILLA AV",0.00,,Y,A,-,N,,,,,,,,,,N,4,0,1,2,A,-,12,21453,A,N,D,G,A,A,-,-,C,A,0,,Y,,,Y,,L,04,0,0,1,0,0,0,1,0,0,"- ","- ",36.830280303955078,-119.71350860595703,FRESNO,CLOVIS,-119.71353149414062,36.830280303955078
8630694,2018,2018-06-04,1001,2018-01-03,1040,5605,,3,5,5,1001,0,0,0,,0,003,"SHAW AV","FOWLER AV",0.00,,Y,B,-,N,,,,,,,,,,N,4,0,1,2,A,-,09,21804,,N,D,G,A,A,H,-,A,A,0,,Y,,,Y,,L,04,0,0,1,0,0,0,1,0,0,"- ","- ",36.808521270751953,-119.68206024169922,FRESNO,CLOVIS,-119.68206024169922,36.808670043945312
8630698,2018,2018-06-04,1001,2018-01-15,1443,5145,,1,5,5,1001,0,0,0,,0,004,"SIERRA AV",PEACH,177.00,E,N,B,-,N,,,,,,,,,,Y,4,0,1,2,A,-,08,21460,5,N,D,C,A,A,H,-,A,D,0,,,,,Y,,A,01,0,0,1,0,0,0,0,0,0,"- ","- ",,,FRESNO,CLOVIS,-119.71742248535156,36.83026123046875
8630704,2018,2018-06-04,1001,2018-03-05,1609,5015,,1,5,5,1001,0,0,0,,0,002,"CLOVIS AV","SHAW AV",0.00,,Y,A,-,N,,,,,,,,,,Y,4,0,1,2,A,-,12,21453,A,N,D,D,A,A,H,-,A,A,0,,,,,Y,,A,01,0,0,1,0,0,0,0,0,0,"- ","- ",36.815738677978516,-119.70899963378906,FRESNO,CLOVIS,-119.70043182373047,36.808578491210938
8630715,2018,2018-06-04,1001,2018-02-18,2101,5683,,7,5,5,1001,0,0,0,,0,001,"W GETTYSBURG AV","WILLOW AV",0.00,,Y,A,-,N,,,,,,,,,,Y,4,0,1,3,A,-,12,21453,A,N,D,C,A,A,H,-,C,A,0,,,,,Y,,A,01,0,0,1,0,0,0,0,0,0,"- ","- ",36.801261901855469,-119.72724151611328,FRESNO,CLOVIS,-119.72727966308594,36.801261901855469
8630729,2017,2018-06-05,1001,2017-12-18,1216,5145,,1,5,5,1001,0,0,0,,0,002,"SHAW AV","POLLASKY AV",0.00,,Y,A,-,N,,,,,,,,,,Y,4,0,1,2,A,-,09,21801,A,N,D,C,A,A,H,-,A,D,0,,,,,Y,,A,01,0,0,1,0,0,0,0,0,0,"- ","- ",,,FRESNO,CLOVIS,-119.70205987,36.8085801
8630741,2017,2018-06-12,1001,2017-12-14,1450,5605,,4,5,5,1001,0,0,0,,0,006,"ALLUVIAL AV","NORTH MINNEWAWA AV",0.00,,Y,A,-,N,,,,,,,,,,Y,4,0,2,2,C,-,18,,,N,C,C,A,A,H,-,A,A,0,,,,,Y,,-,"- ",0,0,2,0,0,0,0,0,0,"- ","- ",36.844760000000001,-119.71109,FRESNO,CLOVIS,-119.71108993,36.84476007
8630745,2017,2018-06-05,1001,2017-12-17,0020,5465,,7,5,5,1001,0,0,0,,0,004,"N WILLOW AV","SIERRA AV",500.00,S,N,A,-,N,,,,,,,,,,Y,4,0,1,1,A,-,08,22107,,N,E,I,A,A,H,-,C,D,0,,,,,Y,,A,01,0,0,1,0,0,0,0,0,0,"- ","- ",36.830260000000003,-119.72936,FRESNO,CLOVIS,-119.72937628,36.828887639999998
8632065,2018,2018-07-30,1001,2018-04-07,2337,5669,,6,5,5,1001,0,0,0,,0,004,"WEST HERNDON AV","N WILLOW AV N",0.00,,Y,A,-,N,,,,,,,,,,Y,4,0,1,3,A,-,12,21453,A,N,D,C,A,A,H,-,C,A,0,,,,,Y,,A,01,0,0,1,0,0,0,0,0,0,"- ","- ",36.837528228759766,-119.72944641113281,FRESNO,CLOVIS,-119.72946929931641,36.837680816650391
8632070,2017,2018-06-20,1001,2017-12-21,1618,5465,,4,5,5,1001,0,0,0,,0,006,"HERNDON AV","RT 168",0.00,,Y,A,-,Y,FRE,6,168,-,R,6.689,R,4,E,Y,3,0,1,2,A,-,12,21453,A,N,D,C,A,A,H,-,A,A,0,,,,,Y,,A,07,0,1,0,0,0,0,0,0,0,"- ","- ",,,FRESNO,CLOVIS,-119.70471918,36.835015400000003
8633141,2018,2018-06-20,1001,2018-05-30,1748,5465,,3,5,5,1001,0,0,0,,0,003,"FOWLER AV","WRENWOOD AV",0.00,,Y,A,-,N,,,,,,,,,,Y,4,0,1,2,A,-,09,21802,A,N,D,C,A,A,H,-,A,A,0,,,,,Y,,A,01,0,0,1,0,0,0,0,0,0,"- ","- ",36.819549560546875,-119.68206787109375,FRESNO,CLOVIS,-119.68206787109375,36.819549560546875
8633145,2018,2018-06-20,1001,2018-05-22,1504,5558,,2,5,5,1001,0,0,0,,0,005,"EAST BARSTOW AV","CLOVIS AV",191.00,W,N,A,-,N,,,,,,,,,,Y,4,0,1,2,A,-,09,21801,A,N,D,C,A,A,H,-,A,D,0,,,,,Y,,A,01,0,0,1,0,0,0,0,0,0,"- ","- ",36.815750122070312,-119.70023345947266,FRESNO,CLOVIS,-119.70092010498047,36.815753936767578
8633231,2018,2018-06-18,1001,2018-05-25,2242,5601,,5,5,5,1001,0,0,0,,0,001,"WILLOW AV","GETTYSBURG AV",0.00,,Y,A,-,N,,,,,,,,,,Y,4,0,2,2,A,-,01,23153,A,N,D,C,A,A,H,-,C,A,0,,,,,Y,Y,-,"- ",0,0,2,0,0,0,0,0,0,"- ","- ",36.801261901855469,-119.72724151611328,FRESNO,CLOVIS,-119.72727966308594,36.801261901855469
8638437,2018,2018-06-26,1007,2018-06-10,0555,1046,KERMA,7,5,2,1007,0,0,0,,0,0KE,"STANISLAUS AV","GOLDENROD AV",368.00,W,N,A,-,N,,,,,,,,,,N,3,0,1,3,A,-,09,21804,A,N,C,C,A,A,H,-,A,D,0,,,,,Y,,-,,0,1,0,0,0,0,0,0,0,"- ","- ",,,FRESNO,KERMAN,-120.04360198974609,36.731426239013672
8638732,2018,2018-08-15,1001,2018-06-12,1753,5713,,2,5,5,1001,0,0,0,,0,007,"N FOWLER AV","RT 168",180.00,S,N,A,-,Y,FRE,6,168,-,R,8.242,R,4,E,N,4,0,1,2,A,-,04,21703,,N,C,C,A,A,H,-,A,A,0,,,,,Y,,A,01,0,0,1,0,0,0,0,0,0,"- ","- ",,,FRESNO,CLOVIS,-119.68048858642578,36.840736389160156
8638736,2018,2018-07-12,1001,2018-06-07,1740,5465,,4,5,5,1001,0,0,0,,0,003,"STANFORD AV","BARSTOW AV",0.00,,Y,A,-,N,,,,,,,,,,Y,4,0,3,2,A,-,09,21802,A,N,D,C,A,A,H,-,A,A,0,,,,,Y,,A,07,0,0,3,0,0,0,0,0,0,"- ","- ",36.815769195556641,-119.68653106689453,FRESNO,CLOVIS,-119.68653106689453,36.815769195556641
8638740,2018,2018-07-12,1001,2018-06-09,0757,5699,,6,5,5,1001,0,0,0,,0,006,"BARSTOW AV","LOCAN AV",0.00,,Y,A,-,N,,,,,,,,,,Y,4,0,1,2,A,-,12,21453,A,N,D,C,A,A,H,-,A,A,0,,,,,Y,,A,01,0,0,1,0,0,0,0,0,0,"- ","- ",36.815601348876953,-119.65499114990234,FRESNO,CLOVIS,-119.65499114990234,36.815650939941406
8638744,2018,2018-07-12,1001,2018-06-07,0839,5145,,4,5,5,1001,0,0,0,,0,006,"5TH ST","SUNNYSIDE AV",0.00,,Y,A,-,N,,,,,,,,,,N,4,0,1,4,A,-,07,21658,A,N,C,C,A,A,H,-,A,A,0,,,,,Y,,A,01,0,0,1,0,0,0,0,0,0,"- ","- ",,,FRESNO,CLOVIS,-119.69088745117188,36.823970794677734
8638748,2018,2018-07-12,1001,2018-06-05,0825,5277,,2,5,5,1001,0,0,0,,0,004,"BULLARD AV","VILLA AV",30.00,W,N,A,-,N,,,,,,,,,,N,4,0,1,2,A,-,"- ",,,N,C,C,A,A,H,-,A,A,0,,,,,Y,,A,01,0,0,1,0,0,0,0,0,0,"- ","- ",,,FRESNO,CLOVIS,-119.7135009765625,36.823070526123047
8638755,2018,2018-06-21,1008,2018-04-03,1631,J365,KINGS,2,5,2,1008,0,0,0,,0,0KI,"E MOUNTAIN VIEW AV","S GOLDEN STATE AV",0.00,,Y,A,-,N,,,,,,,,,,Y,4,0,1,1,A,-,08,22107,,N,E,I,A,A,H,-,A,A,0,,,,,Y,Y,-,,0,0,1,0,0,0,0,0,0,"- ","- ",,,FRESNO,KINGSBURG,-119.59097290039062,36.547000885009766
8638759,2018,2018-06-21,1008,2018-04-27,1800,J110,,5,5,2,1008,0,0,0,,0,0KI,"MARION ST","ELLIS ST",0.00,,Y,A,-,N,,,,,,,,,,N,3,0,1,2,A,-,04,21703,,N,C,C,A,A,H,-,A,D,0,,,,,Y,,-,,0,1,0,0,0,0,0,0,0,"- ","- ",,,FRESNO,KINGSBURG,-119.55396270751953,36.515781402587891
8638787,2018,2018-06-21,1012,2018-05-19,2221,L167,FRESN,6,5,3,1012,0,0,0,,0,002,"N BUTTONWILLOW AV","E PARLIER AV",0.00,,Y,A,-,N,,,,,,,,,,N,4,0,2,2,A,-,09,21802,A,N,B,C,A,A,H,-,D,D,0,,,,,Y,,-,,0,0,2,0,0,0,0,0,0,"- ","- ",,,FRESNO,REEDLEY,-119.43083190917969,36.611339569091797
8638791,2018,2018-06-21,1012,2018-05-17,1527,L125,REEDL,4,5,3,1012,0,0,0,,0,001,"W MANNING AV","SAN JOAQUIN CIR",0.00,,Y,A,-,N,,,,,,,,,,N,4,0,1,3,A,-,03,22350,,N,A,C,A,A,H,-,A,D,0,,,,,Y,,-,,0,0,1,0,0,0,0,0,0,"- ","- ",,,FRESNO,REEDLEY,-119.45346069335938,36.604198455810547
8638795,2018,2018-06-21,1012,2018-05-11,1640,L118,REEDL,5,5,3,1012,0,0,0,,0,002,11TH,MANNING,0.00,,Y,A,-,N,,,,,,,,,,N,4,0,1,2,A,-,12,21453,A,N,C,C,A,A,H,-,A,A,0,,,,,Y,,-,,0,0,1,0,0,0,0,0,0,"- ","- ",,,FRESNO,REEDLEY,-119.43981170654297,36.604148864746094
8638834,2018,2018-07-19,1001,2018-05-31,1839,5465,,4,5,5,1001,0,0,0,,0,001,"WILLOW AV","ASHLAN AV",25.00,N,N,A,-,N,,,,,,,,,,N,4,0,2,2,A,-,21,22106,,N,C,C,A,A,A,H,A,A,0,,,,,Y,,-,,0,0,2,0,0,0,0,0,0,"- ","- ",36.794189453125,-119.72743988037109,FRESNO,CLOVIS,-119.72746276855469,36.794269561767578
8638842,2018,2018-07-26,1001,2018-05-27,2227,5601,,7,5,5,1001,0,0,0,,0,003,"TEMPERANCE AV",GETTYSBURG,200.00,N,N,A,-,N,,,,,,,,,,N,4,0,1,2,A,-,11,21955,,N,G,B,D,A,H,-,C,D,0,Y,,,,Y,Y,N,60,0,0,1,0,1,0,0,0,0,"- ","- ",36.801128387451172,-119.66400909423828,FRESNO,CLOVIS,-119.66402435302734,36.801677703857422
8639486,2018,2018-07-17,1001,2018-05-29,1501,5277,,2,5,5,1001,0,0,0,,0,007,"WILLOW AV","NEES AV",800.00,S,N,A,-,N,,,,,,,,,,N,3,0,1,2,A,-,05,21650,1,N,D,G,A,A,H,-,A,A,0,,Y,,,Y,,L,04,0,1,0,0,0,0,1,0,0,"- ","- ",,,FRESNO,CLOVIS,-119.72981262207031,36.850032806396484
8639490,2018,2018-07-17,1001,2018-05-30,1232,5277,,3,5,5,1001,0,0,0,,0,006,"SUNNYSIDE AV","PALO ALTO AV",52.00,S,N,A,-,N,,,,,,,,,,N,4,0,1,2,A,-,08,22102,,M,B,C,A,A,H,-,A,D,0,,,,,Y,,A,01,0,0,1,0,0,0,0,0,0,"- ","- ",,,FRESNO,CLOVIS,-119.69097137451172,36.834087371826172
8639494,2018,2018-07-20,1001,2018-05-16,2040,5465,,3,5,5,1001,0,0,0,,0,006,"NORTH CLOVIS AV","HERNDON AV",28.00,E,N,A,-,N,,,,,,,,,,N,4,0,1,2,A,-,03,22350,,N,C,C,A,A,H,-,C,A,0,,,,,Y,,A,07,0,0,1,0,0,0,0,0,0,"- ","- ",36.83721923828125,-119.70005798339844,FRESNO,CLOVIS,-119.70008850097656,36.837429046630859
8639498,2018,2018-07-24,1001,2018-05-22,1447,5277,,2,5,5,1001,0,0,0,,0,004,"VILLA AV","BULLARD AV",303.00,S,N,A,-,N,,,,,,,,,,Y,3,0,2,2,A,-,09,21804,A,N,D,C,A,A,H,-,A,D,0,,,,,Y,,A,01,0,1,1,0,0,0,0,0,0,"- ","- ",,,FRESNO,CLOVIS,-119.71341705322266,36.822238922119141
8639502,2018,2018-07-24,1001,2018-05-19,2110,5465,,6,5,5,1001,0,0,0,,0,004,"WILLOW AV","SHAW AV",744.00,N,N,A,-,N,,,,,,,,,,N,4,0,1,2,A,-,03,22350,,N,C,C,A,A,H,-,C,D,0,,,,,Y,,A,07,0,0,1,0,0,0,0,0,0,"- ","- ",36.808418273925781,-119.72725677490234,FRESNO,CLOVIS,-119.72734832763672,36.810611724853516