CASE_ID,ACCIDENT_YEAR,PROC_DATE,JURIS,COLLISION_DATE,COLLISION_TIME,OFFICER_ID,REPORTING_DISTRICT,DAY_OF_WEEK,CHP_SHIFT,POPULATION,CNTY_CITY_LOC,SPECIAL_COND,BEAT_TYPE,CHP_BEAT_TYPE,CITY_DIVISION_LAPD,CHP_BEAT_CLASS,BEAT_NUMBER,PRIMARY_RD,SECONDARY_RD,DISTANCE,DIRECTION,INTERSECTION,WEATHER_1,WEATHER_2,STATE_HWY_IND,CALTRANS_COUNTY,CALTRANS_DISTRICT,STATE_ROUTE,ROUTE_SUFFIX,POSTMILE_PREFIX,POSTMILE,LOCATION_TYPE,RAMP_INTERSECTION,SIDE_OF_HWY,TOW_AWAY,COLLISION_SEVERITY,NUMBER_KILLED,NUMBER_INJURED,PARTY_COUNT,PRIMARY_COLL_FACTOR,PCF_CODE_OF_VIOL,PCF_VIOL_CATEGORY,PCF_VIOLATION,PCF_VIOL_SUBSECTION,HIT_AND_RUN,TYPE_OF_COLLISION,MVIW,PED_ACTION,ROAD_SURFACE,ROAD_COND_1,ROAD_COND_2,LIGHTING,CONTROL_DEVICE,CHP_ROAD_TYPE,PEDESTRIAN_ACCIDENT,BICYCLE_ACCIDENT,MOTORCYCLE_ACCIDENT,TRUCK_ACCIDENT,NOT_PRIVATE_PROPERTY,ALCOHOL_INVOLVED,STWD_VEHTYPE_AT_FAULT,CHP_VEHTYPE_AT_FAULT,COUNT_SEVERE_INJ,COUNT_VISIBLE_INJ,COUNT_COMPLAINT_PAIN,COUNT_PED_KILLED,COUNT_PED_INJURED,COUNT_BICYCLIST_KILLED,COUNT_BICYCLIST_INJURED,COUNT_MC_KILLED,COUNT_MC_INJURED,PRIMARY_RAMP,SECONDARY_RAMP,LATITUDE,LONGITUDE,COUNTY,CITY,POINT_X,POINT_Y
8843626,2017,2019-05-24,1003,2017-01-11,0927,F008,FIREB,3,5,2,1003,0,0,0,,0,0FI,"RT 33","N ST 2500",0.00,,Y,B,-,Y,FRE,6,33,-,-,69.040,H,-,S,Y,4,0,1,2,A,-,09,21804,A,N,C,C,A,B,-,-,A,D,0,,,,,Y,,D,22,0,0,1,0,0,0,0,0,0,"- ","- ",,,FRESNO,FIREBAUGH,-120.44938926,36.843277890000003
8843631,2017,2019-05-22,1003,2017-05-15,0833,F040,FIREB,1,5,2,1003,0,0,0,,0,0FI,"RT 33","SIERRAS RD",10.00,N,N,A,-,Y,FRE,6,33,-,R,67.600,H,-,S,N,4,0,1,2,A,-,17,21700,,N,C,C,A,A,H,-,A,D,0,,,,,Y,,A,01,0,0,1,0,0,0,0,0,0,"- ","- ",,,FRESNO,FIREBAUGH,-120.43975609,36.825245809999998
8843635,2017,2019-05-22,1003,2017-04-30,1928,F047,FIREB,7,5,2,1003,0,0,0,,0,0FI,"RT 33","SIERRA AV",468.00,N,N,-,-,Y,FRE,6,33,-,R,67.680,H,-,S,N,2,0,1,1,B,-,22,,,N,-,-,A,-,-,-,-,-,0,,,,,Y,,A,07,1,0,0,0,0,0,0,0,0,"- ","- ",,,FRESNO,FIREBAUGH,-120.44054153,36.826163860000001
8846678,2018,2019-06-24,1003,2018-03-04,1842,F034,,7,5,2,1003,0,0,0,,0,0F1,"N ST","CLYDE FANNON",0.00,,Y,A,-,Y,FRE,6,33,-,-,70.850,H,-,N,N,4,0,1,2,D,-,00,,,N,G,B,E,A,H,-,D,D,0,Y,,,,Y,,-,"- ",0,0,1,0,1,0,0,0,0,"- ","- ",,,FRESNO,FIREBAUGH,-120.46437835693359,36.864494323730469
8846686,2018,2019-06-26,1003,2018-04-17,1522,F010,,2,5,2,1003,0,0,0,,0,0FI,"N ST","13TH ST",15.00,S,N,A,-,Y,FRE,6,33,-,-,70.090,H,-,N,Y,4,0,1,3,A,-,03,22350,,N,C,C,A,A,H,-,A,A,0,,,,,Y,,-,,0,0,1,0,0,0,0,0,0,"- ","- ",,,FRESNO,FIREBAUGH,-120.45529174804688,36.856117248535156
8847120,2019,2019-05-31,1001,2019-05-10,1028,5504,,5,5,5,1001,0,0,0,,0,004,"WILLOW AV","WEST BULLARD AV",0.00,,Y,B,-,N,,,,,,,,,,Y,4,0,2,2,A,-,12,21453,A,N,F,C,A,A,H,-,A,A,0,,,,,Y,,A,01,0,0,2,0,0,0,0,0,0,"- ","- ",36.823020935058594,-119.72895812988281,FRESNO,CLOVIS,-119.72901153564453,36.823040008544922
8847607,2019,2019-04-29,1001,2019-03-23,1528,5411,,6,5,5,1001,0,0,0,,0,001,"PEACH AV","WEST SHAW AV",0.00,,Y,B,-,N,,,,,,,,,,Y,4,0,2,2,A,-,09,21453,C,N,A,C,A,A,H,-,A,A,0,,,,,Y,,A,01,0,0,2,0,0,0,0,0,0,"- ","- ",36.808368682861328,-119.71820831298828,FRESNO,CLOVIS,-119.71820068359375,36.808551788330078
8847611,2019,2019-04-29,1001,2019-03-25,1500,5723,,1,5,5,1001,0,0,0,,0,006,"HERNDON AV","FOWLER AV",0.00,,Y,A,-,N,,,,,,,,,,Y,2,0,2,2,A,-,12,21453,A,N,A,C,A,A,H,-,A,A,0,,,,,Y,,A,07,1,0,1,0,0,0,0,0,0,"- ","- ",36.837390899658203,-119.68417358398438,FRESNO,CLOVIS,-119.68417358398438,36.837390899658203
8847615,2019,2019-04-22,1001,2019-03-20,1647,5708,,3,5,5,1001,0,0,0,,0,001,"WEST ASHLAN AV","PEACH AV",396.00,E,N,B,C,N,,,,,,,,,,N,4,0,1,2,-,-,"- ",,,N,F,B,F,A,H,-,-,D,0,Y,,,,Y,,-,"- ",0,0,1,0,1,0,0,0,0,"- ","- ",36.791900634765625,-119.71720123291016,FRESNO,CLOVIS,-119.71681213378906,36.794044494628906
8847619,2019,2019-05-02,1001,2019-03-20,2210,5699,,3,5,5,1001,0,0,0,,0,003,"CARSON AV","GETTYSBURG AV",0.00,,Y,A,-,N,,,,,,,,,,Y,4,0,1,1,A,-,01,23152,A,N,E,I,A,A,H,-,C,A,0,,,,,Y,Y,A,01,0,0,1,0,0,0,0,0,0,"- ","- ",36.801109313964844,-119.65882873535156,FRESNO,CLOVIS,-119.65882873535156,36.801109313964844
8847627,2019,2019-08-27,1001,2019-03-18,1050,5544,,1,5,5,1001,0,0,0,,0,007,"TEMPERANCE AV","RT 168",78.00,S,N,A,-,Y,FRE,6,168,-,R,8.914,R,4,E,Y,3,0,1,1,A,-,03,22350,1,N,E,J,A,A,H,-,A,A,0,,,,,Y,,A,01,0,1,0,0,0,0,0,0,0,"- ","- ",,,FRESNO,CLOVIS,-119.668212890625,36.841556549072266
8848853,2019,2019-05-07,1001,2019-04-05,1641,5014,,5,5,5,1001,0,0,0,,0,005,"5TH ST","WOODWORTH AV",0.00,,Y,A,-,N,,,,,,,,,,Y,4,0,2,2,A,-,09,21804,,N,D,C,A,A,H,-,A,A,0,,,,,Y,,A,01,0,0,2,0,0,0,0,0,0,"- ","- ",36.823940277099609,-119.70339202880859,FRESNO,CLOVIS,-119.70339202880859,36.823951721191406
8848857,2019,2019-05-07,1001,2019-04-09,1547,5771,,2,5,5,1001,0,0,0,,0,002,"GETTYSBURG AV","SIERRA VISTA PKWY",76.00,E,N,A,-,N,,,,,,,,,,N,4,0,1,2,A,-,21,22106,,N,C,C,A,A,-,-,A,A,0,,,,,Y,,A,07,0,0,1,0,0,0,0,0,0,"- ","- ",36.801231384277344,-119.69061279296875,FRESNO,CLOVIS,-119.69168090820312,36.801216125488281
8848861,2019,2019-05-07,1001,2019-04-18,1236,5465,,4,5,5,1001,0,0,0,,0,003,"FOWLER AV","SIERRA AV",80.00,N,N,A,-,N,,,,,,,,,,Y,4,0,2,2,A,-,03,22350,,N,C,C,A,A,H,-,A,A,0,,,,,Y,,A,01,0,0,2,0,0,0,0,0,0,"- ","- ",36.827068328857422,-119.68225860595703,FRESNO,CLOVIS,-119.68205261230469,36.830539703369141
8848865,2019,2019-04-30,1001,2019-04-07,1144,5504,,7,5,5,1001,0,0,0,,0,001,"SHAW AV","PEACH AV",180.00,W,N,A,-,N,,,,,,,,,,Y,4,0,3,3,A,-,22,23123,A,N,C,C,A,A,H,-,A,A,0,,,,,Y,,A,01,0,0,3,0,0,0,0,0,0,"- ","- ",36.808368682861328,-119.71820831298828,FRESNO,CLOVIS,-119.71881103515625,36.808551788330078
8849215,2019,2019-05-02,1011,2019-03-15,1819,K040,,5,5,3,1011,0,0,0,,0,,"WHITNER AV",MANNING,0.00,,Y,A,-,N,,,,,,,,,,Y,3,0,1,2,A,-,03,22350,,N,B,D,A,A,H,-,A,D,0,,,,,Y,,A,01,0,1,0,0,0,0,0,0,0,"- ","- ",36.604999542236328,-119.54778289794922,FRESNO,PARLIER,-119.54340362548828,36.604850769042969
8849316,2019,2019-08-27,1009,2019-01-20,2138,R054,MENDO,7,5,2,1009,0,0,0,,0,0ME,"OLLER ST","3RD ST",0.00,,Y,A,-,Y,FRE,6,180,-,-,23.650,I,5,E,N,4,0,1,2,A,-,01,23153,A,F,C,C,A,B,H,-,C,D,0,,,,,Y,Y,A,01,0,0,1,0,0,0,0,0,0,"- ","- ",,,FRESNO,MENDOTA,-120.38459014892578,36.759010314941406
8849317,2019,2019-08-27,1009,2019-01-23,0800,R082,MENDO,3,5,2,1009,0,0,0,,0,0ME,"RT 33","NAPLES ST",0.00,,Y,A,-,Y,FRE,6,33,-,R,62.300,I,5,N,N,4,0,2,2,A,-,04,21703,,N,C,C,A,A,H,-,A,D,0,,,,,Y,,A,01,0,0,2,0,0,0,0,0,0,"- ","- ",,,FRESNO,MENDOTA,-120.38665008544922,36.761920928955078
8850146,2019,2019-05-03,1012,2019-03-02,1613,L167,REEDL,6,5,3,1012,0,0,0,,0,002,"SHOEMAKE AV","DEL ALTAIR AV",0.00,,Y,A,-,N,,,,,,,,,,Y,3,0,2,2,A,-,09,21800,A,N,D,C,A,A,H,-,A,D,0,,,,,Y,,D,22,0,1,1,0,0,0,0,0,0,"- ","- ",,,FRESNO,REEDLEY,-119.44644927978516,36.5860595703125
8850348,2019,2019-05-08,1015,2019-04-20,1357,N265,SELMA,6,5,3,1015,0,0,0,,0,0SE,"HIGHLAND AV","NORTHHILL ST",0.00,,Y,A,-,N,,,,,,,,,,Y,3,0,1,3,A,-,00,21703,A,N,C,C,A,A,H,-,A,D,0,,,,,Y,,A,01,0,1,0,0,0,0,0,0,0,"- ","- ",,,FRESNO,SELMA,-119.62850952148438,36.586410522460938
8850665,2019,2019-04-30,1009,2019-02-17,1955,R029,MENDO,7,5,2,1009,0,0,0,,0,0ME,"I ST","2ND ST",95.00,N,N,A,-,N,,,,,,,,,,N,3,0,1,3,A,-,01,23153,B,N,C,E,A,A,H,-,C,D,0,,,,,Y,Y,-,,0,1,0,0,0,0,0,0,0,"- ","- ",,,FRESNO,MENDOTA,-120.38140869140625,36.765018463134766
8850677,2019,2019-04-30,1009,2019-02-14,1201,R081,MENDO,4,5,2,1009,0,0,0,,0,0ME,"BLACK AV","SANTA CRUZ ST",0.00,,Y,C,-,N,,,,,,,,,,Y,4,0,1,2,B,-,22,,,N,A,C,A,B,H,-,A,D,0,,,,,Y,,-,,0,0,1,0,0,0,0,0,0,"- ","- ",,,FRESNO,MENDOTA,-120.39253997802734,36.759368896484375
8850715,2019,2019-04-30,1009,2019-01-07,1609,R006,,1,5,2,1009,0,0,0,,0,0ME,"BASS AV","BARBOZA ST",0.00,,Y,A,-,N,,,,,,,,,,N,4,0,2,2,A,-,00,21601,A,N,C,C,A,B,A,-,A,A,0,,,,,Y,,-,,0,0,2,0,0,0,0,0,0,"- ","- ",,,FRESNO,MENDOTA,-120.38359832763672,36.765430450439453
8852791,2019,2019-05-23,1008,2019-04-03,1100,J264,,3,5,2,1008,0,0,0,,0,,"S GOLDEN STATE BL","S BETHEL AV",0.00,,Y,A,-,N,,,,,,,,,,Y,3,0,2,2,A,-,12,22450,A,N,D,C,A,A,H,-,A,A,0,,,,Y,Y,,A,08,0,2,0,0,0,0,0,0,0,"- ","- ",,,FRESNO,KINGSBURG,-119.57591247558594,36.533248901367188
8853441,2017,2019-05-24,1003,2017-12-26,1443,F040,FIREB,2,5,2,1003,0,0,0,,0,0FI,"RT 33","CLYDE FANNON RD",0.00,,Y,A,-,Y,FRE,6,33,-,-,70.928,I,5,N,N,4,0,2,2,A,-,09,21802,A,N,B,C,A,A,H,-,A,D,0,,,,,Y,,A,01,0,0,2,0,0,0,0,0,0,"- ","- ",,,FRESNO,FIREBAUGH,-120.46534611,36.865331990000001
8853447,2017,2019-05-10,1003,2017-09-01,1350,F047,FIREB,5,5,2,1003,0,0,0,,0,0FI,"P ST","CLINE ST",0.00,,Y,A,-,N,,,,,,,,,,N,4,0,1,4,A,-,01,23153,B,N,B,J,E,A,H,-,A,D,0,Y,,,,Y,Y,A,01,0,0,1,0,0,0,0,0,0,"- ","- ",,,FRESNO,FIREBAUGH,-120.45992993,36.863840099999997
8853449,2017,2019-05-10,1003,2017-02-08,1707,F047,FIREB,3,5,2,1003,0,0,0,,0,0FI,"CLINE ST","CLINE ST 1848",0.00,,Y,-,-,N,,,,,,,,,,N,4,0,1,2,C,-,18,,,N,G,B,A,-,H,-,B,D,0,,Y,,,Y,,-,"- ",0,0,1,0,0,0,1,0,0,"- ","- ",,,FRESNO,FIREBAUGH,-120.45794777,36.865138440000003
8853451,2017,2019-05-10,1003,2017-10-27,1719,F040,FIREB,5,5,2,1003,0,0,0,,0,0FI,13TH,"N ST",0.00,,Y,A,-,N,,,,,,,,,,N,4,0,1,2,A,-,04,21703,,N,C,C,A,A,H,-,A,D,0,,,,,Y,,-,,0,0,1,0,0,0,0,0,0,"- ","- ",,,FRESNO,FIREBAUGH,-120.10022986,36.208640080000002
8853454,2017,2019-05-10,1003,2017-08-22,1413,F055,,2,5,2,1003,0,0,0,,0,0FI,"13TH ST","O ST",0.00,,Y,A,-,N,,,,,,,,,,N,4,0,1,2,B,-,22,,,N,C,C,A,A,H,-,A,A,0,,,,,Y,,D,22,0,0,1,0,0,0,0,0,0,"- ","- ",,,FRESNO,FIREBAUGH,-120.4543199,36.856900109999998
8853466,2018,2019-06-24,1003,2018-08-12,0141,F053,,7,5,2,1003,0,0,0,,0,0FI,"AVE 7 1/2","RIVER DR",0.00,,-,A,-,N,,,,,,,,,,N,3,0,2,1,A,-,03,22349,B,N,F,I,A,A,H,-,D,D,0,,,,,Y,,A,01,0,1,1,0,0,0,0,0,0,"- ","- ",,,FRESNO,FIREBAUGH,-120.44251,36.858269999999997
8853493,2018,2019-05-20,1003,2018-10-03,1020,F056,,3,5,2,1003,0,0,0,,0,0FI,"CLYDE FANNON RD","MENDOZA DR",0.00,,Y,B,-,N,,,,,,,,,,N,4,0,3,2,B,-,22,,,N,A,C,A,B,H,-,A,D,0,,,,,Y,,-,,0,0,3,0,0,0,0,0,0,"- ","- ",,,FRESNO,FIREBAUGH,-120.46347045898438,36.86676025390625
8853512,2017,2019-05-10,1003,2017-09-10,1727,F040,,7,5,2,1003,0,0,0,,0,0FI,"REV KANTOR ST","REV KANTOR ST 740 BLK",0.00,,-,A,-,N,,,,,,,,,,N,4,0,2,2,A,-,08,22103,,N,C,C,A,A,H,-,A,D,0,,,,,Y,,-,,0,0,2,0,0,0,0,0,0,"- ","- ",,,FRESNO,FIREBAUGH,,
8853559,2019,2019-05-15,1012,2019-03-10,1414,L141,FRESN,7,5,3,1012,0,0,0,,0,002,"EL DORADO AV","CEDAR AV",90.00,E,N,A,-,N,,,,,,,,,,N,4,0,1,3,A,-,09,21804,A,N,D,C,A,A,H,-,A,D,0,,,,,Y,,A,01,0,0,1,0,0,0,0,0,0,"- ","- ",,,FRESNO,REEDLEY,-119.43236541748047,36.599067687988281
8853805,2019,2019-05-10,1004,2019-03-30,0745,G058,FOWLE,6,5,2,1004,0,0,0,,0,G020,"GOLDEN STATE BL","MANNING AV",16.00,N,N,A,-,N,,,,,,,,,,N,4,0,1,2,A,-,12,21453,A,N,D,C,A,A,H,-,A,A,0,,,,Y,Y,,A,01,0,0,1,0,0,0,0,0,0,"- ","- ",,,FRESNO,FOWLER,-119.65478515625,36.605503082275391
8854601,2018,2019-05-15,1003,2018-05-24,1456,F050,,4,5,2,1003,0,0,0,,0,0FI,"R ST","R ST 1478",0.00,,N,A,-,N,,,,,,,,,,N,4,0,1,2,C,-,18,,,N,D,E,A,A,H,-,A,D,0,,,,,Y,,-,"- ",0,0,1,0,0,0,0,0,0,"- ","- ",,,FRESNO,FIREBAUGH,-120.449731,36.857104
8854722,2019,2019-05-28,1001,2019-04-22,2154,5699,,1,5,5,1001,0,0,0,,0,002,"ASHLAN AV","BUNDY AV",0.00,,Y,A,-,N,,,,,,,,,,N,4,0,1,2,A,-,12,22450,A,M,B,C,A,A,H,-,C,A,0,,,,,Y,,K,45,0,0,1,0,0,0,0,0,0,"- ","- ",36.793998718261719,-119.68399810791016,FRESNO,CLOVIS,-119.68464660644531,36.794139862060547
8854738,2019,2019-05-21,1001,2019-04-20,1341,5605,,6,5,5,1001,0,0,0,,0,006,"SUNNYSIDE AV","5TH ST",0.00,,Y,A,-,N,,,,,,,,,,Y,3,0,1,1,A,-,"- ",,,N,E,I,A,A,H,-,A,A,0,,,,,Y,,-,"- ",0,1,0,0,0,0,0,0,0,"- ","- ",36.823040008544922,-119.69088745117188,FRESNO,CLOVIS,-119.69088745117188,36.823970794677734
8854785,2019,2019-05-29,1001,2019-03-21,0857,5277,,4,5,5,1001,0,0,0,,0,002,"ARMSTRONG AV","AUSTIN AV",117.00,S,N,B,-,N,,,,,,,,,,N,3,0,1,2,A,-,03,22350,I,N,D,C,A,A,H,-,A,D,0,,,Y,,Y,,C,02,0,1,0,0,0,0,0,0,1,"- ","- ",,,FRESNO,CLOVIS,-119.67311096191406,36.795040130615234
8854793,2019,2019-05-22,1001,2019-04-24,0838,5277,,3,5,5,1001,0,0,0,,0,002,"SHAW AV","ASH AV",207.00,W,N,A,-,N,,,,,,,,,,Y,3,0,2,2,A,-,03,22350,I,N,C,C,A,A,H,-,A,D,0,,,,,Y,,-,"- ",0,1,1,0,0,0,0,0,0,"- ","- ",,,FRESNO,CLOVIS,-119.67820739746094,36.808502197265625
8855036,2019,2019-05-17,1001,2019-04-23,1229,5277,,2,5,5,1001,0,0,0,,0,006,"FOWLER AV","WRENWOOD AV",0.00,,Y,A,-,N,,,,,,,,,,Y,4,0,1,2,A,-,09,21802,A,N,D,C,A,A,H,-,A,A,0,,,,,Y,,A,01,0,0,1,0,0,0,0,0,0,"- ","- ",,,FRESNO,CLOVIS,-119.68206787109375,36.819549560546875
8855040,2019,2019-05-17,1001,2019-04-18,1517,5455,,4,5,5,1001,0,0,0,,0,002,"CLOVIS AV","SHAW AV",172.00,S,N,A,-,N,,,,,,,,,,Y,4,0,1,2,A,-,03,22350,I,N,C,C,A,A,H,-,A,A,0,,,,,Y,,A,01,0,0,1,0,0,0,0,0,0,"- ","- ",36.808399200439453,-119.70036315917969,FRESNO,CLOVIS,-119.70043182373047,36.808578491210938
8855607,2019,2019-05-16,1011,2019-04-29,0924,K082,,1,5,3,1011,0,0,0,,0,,MANNING,"W ZEDIKER",18.00,E,N,A,-,N,,,,,,,,,,Y,4,0,2,2,A,-,09,21453,C,N,D,C,A,A,H,-,A,A,0,,,,,Y,,D,22,0,0,2,0,0,0,0,0,0,"- ","- ",36.605098724365234,-119.52174377441406,FRESNO,PARLIER,-119.52095031738281,36.604549407958984
8855624,2019,2019-05-20,1001,2019-04-30,1234,5277,,2,5,5,1001,0,0,0,,0,003,"ASHLAN AV","SOLANO AV",0.00,,Y,A,-,N,,,,,,,,,,Y,3,0,3,2,A,-,08,22107,1,N,D,C,A,A,H,-,A,D,0,,,,,Y,,-,"- ",0,1,2,0,0,0,0,0,0,"- ","- ",,,FRESNO,CLOVIS,,
8855628,2019,2019-08-27,1001,2019-04-28,1733,5722,,7,5,5,1001,0,0,0,,0,007,"HERNDON AV","RT 168",0.00,,Y,A,-,Y,FRE,6,168,-,R,6.689,R,4,E,N,4,0,1,2,A,-,12,21453,A,N,D,C,A,A,H,-,A,A,0,,,,,Y,,-,"- ",0,0,1,0,0,0,0,0,0,"- ",EF,,,FRESNO,CLOVIS,-119.70471954345703,36.835014343261719
8856003,2019,2019-05-16,1001,2019-05-02,1635,5605,,4,5,5,1001,0,0,0,,0,007,"SHEPHERD AV","N DE WITT AV",0.00,,Y,A,-,N,,,,,,,,,,Y,3,0,2,3,A,-,03,22350,,N,C,C,A,A,H,-,A,D,0,,,,,Y,,-,"- ",0,1,1,0,0,0,0,0,0,"- ","- ",36.866600036621094,-119.70648956298828,FRESNO,CLOVIS,-119.70651245117188,36.866550445556641
8856042,2019,2019-05-28,1001,2019-04-28,1007,5683,,7,5,5,1001,0,0,0,,0,006,"SHAW AV","LOCAN AV",0.00,,Y,A,-,N,,,,,,,,,,Y,3,0,4,2,A,-,12,21453,A,N,D,C,A,A,H,-,A,A,0,,,,,Y,,A,01,0,1,3,0,0,0,0,0,0,"- ","- ",36.808368682861328,-119.65498352050781,FRESNO,CLOVIS,-119.65500640869141,36.808429718017578
8856046,2019,2019-05-28,1001,2019-04-29,0728,5145,,1,5,5,1001,0,0,0,,0,,"SHEPHERD AV",LOCAN,589.00,W,N,A,-,N,,,,,,,,,,Y,3,0,3,3,A,-,03,22350,,N,C,C,A,A,H,-,A,A,0,,,,,Y,,A,01,0,2,1,0,0,0,0,0,0,"- ","- ",,,FRESNO,CLOVIS,-119.65882110595703,36.866363525390625
8856050,2019,2019-05-28,1001,2019-04-26,1303,5605,,5,5,5,1001,0,0,0,,0,005,"BARSTOW AV","BROOKHAVEN AV",240.00,W,N,A,-,N,,,,,,,,,,Y,4,0,2,2,A,-,08,22102,,N,D,C,A,A,H,-,A,D,0,,,,,Y,,A,01,0,0,2,0,0,0,0,0,0,"- ","- ",36.815528869628906,-119.69880676269531,FRESNO,CLOVIS,-119.69853973388672,36.815761566162109
8856054,2019,2019-05-28,1001,2019-04-30,1001,5277,,2,5,5,1001,0,0,0,,0,001,"PEACH AV","GETTYSBURG AV",60.00,N,N,A,-,N,,,,,,,,,,Y,3,0,1,1,A,-,08,22107,,N,E,I,A,A,H,-,A,D,0,,,,,Y,Y,A,07,0,1,0,0,0,0,0,0,0,"- ","- ",,,FRESNO,CLOVIS,-119.71819305419922,36.801364898681641
8857119,2019,2019-05-22,1011,2019-04-24,1024,K070,P,3,5,3,1011,0,0,0,,0,00P,ZEDIKER,"FRESNO ST",0.00,,Y,A,-,N,,,,,,,,,,N,3,0,2,2,A,-,"- ",,,N,C,C,A,A,H,-,A,D,0,,,,,Y,,D,83,0,2,0,0,0,0,0,0,0,"- ","- ",36.595130920410156,-119.52111053466797,FRESNO,PARLIER,-119.52095794677734,36.611309051513672
8857276,2019,2019-05-23,1013,2019-04-03,0700,M162,M390,3,5,3,1013,0,0,0,,0,B03,"ACADEMY AV","NORTH AV",0.00,,Y,A,-,N,,,,,,,,,,N,3,0,1,2,A,-,10,21950,A,N,G,B,B,A,H,-,A,A,0,Y,,,,Y,Y,D,72,0,1,0,0,1,0,0,0,0,"- ","- ",,,FRESNO,SANGER,-119.55412292480469,36.692180633544922
8857420,2018,2019-05-15,1003,2018-03-21,1359,F050,,3,5,2,1003,0,0,0,,0,0FI,"P ST","13TH ST",40.00,N,N,A,-,N,,,,,,,,,,N,4,0,1,2,A,-,04,21703,,N,C,C,A,A,H,-,A,A,0,,,,,Y,,-,,0,0,1,0,0,0,0,0,0,"- ","- ",,,FRESNO,FIREBAUGH,-120.45337677001953,36.857685089111328
8859290,2019,2019-05-28,1001,2019-05-07,1440,5277,,2,5,5,1001,0,0,0,,0,006,"BARSTOW AV","ARMSTRONG AV",0.00,,Y,A,-,N,,,,,,,,,,Y,4,0,1,2,A,-,12,21453,A,N,D,C,A,A,H,-,A,A,0,,,,,Y,,A,07,0,0,1,0,0,0,0,0,0,"- ","- ",,,FRESNO,CLOVIS,-119.67298889160156,36.815750122070312
8859365,2019,2019-05-24,1001,2019-04-27,0104,5465,,6,5,5,1001,0,0,0,,0,002,"CLOVIS AV","SHAW AV",0.00,,Y,A,-,N,,,,,,,,,,N,4,0,1,2,A,-,09,21453,B,N,D,C,A,A,H,-,C,A,0,,,Y,,Y,,C,02,0,0,1,0,0,0,0,0,1,"- ","- ",36.808399200439453,-119.70036315917969,FRESNO,CLOVIS,-119.70043182373047,36.808578491210938
8859401,2019,2019-05-21,1001,2019-04-29,1757,5711,,1,5,5,1001,0,0,0,,0,002,"MINNEWAWA AV","ASHLAN AV",0.00,,Y,A,-,N,,,,,,,,,,Y,4,0,1,2,A,-,12,21453,A,N,D,C,A,A,H,-,A,A,0,,,,,Y,,-,"- ",0,0,1,0,0,0,0,0,0,"- ","- ",36.794490814208984,-119.70913696289062,FRESNO,CLOVIS,-119.70913696289062,36.794460296630859
8860616,2019,2019-08-12,1012,2019-06-21,1647,L055,REEDL,5,5,3,1012,0,0,0,,0,002,"E DINUBA AV","S HEMLOCK AV",0.00,,Y,A,-,N,,,,,,,,,,N,4,0,1,2,A,-,03,22350,,N,C,C,A,A,H,-,A,D,0,,,,,Y,,A,01,0,0,1,0,0,0,0,0,0,"- ","- ",,,FRESNO,REEDLEY,-119.43598937988281,36.589679718017578
8860690,2018,2019-06-24,1003,2018-08-18,1449,F053,,6,5,2,1003,0,0,0,,0,0FI,"N ST","14TH ST",0.00,,N,A,-,Y,FRE,6,33,-,-,70.060,H,-,S,N,3,0,3,2,A,-,00,20001,,F,C,C,A,A,H,-,A,D,0,,,,,Y,,-,,0,1,2,0,0,0,0,0,0,"- ","- ",,,FRESNO,FIREBAUGH,-120.4549560546875,36.855800628662109
8860692,2018,2019-06-24,1003,2018-08-19,1400,F039,,7,5,2,1003,0,0,0,,0,0FI,"N ST","N ST 2000 BLK",0.00,,-,A,-,Y,FRE,6,33,-,R,68.540,H,-,S,N,3,0,2,1,A,-,01,23153,A,N,F,I,A,A,H,-,A,D,0,,,,,Y,Y,-,,0,2,0,0,0,0,0,0,0,"- ","- ",,,FRESNO,FIREBAUGH,-120.44754028320312,36.836990356445312
8860695,2018,2019-06-26,1003,2018-07-14,0007,F008,,6,5,2,1003,0,0,0,,0,0FI,"N ST","SAIPAN AV",0.00,,Y,A,-,Y,FRE,6,33,-,-,69.730,H,-,S,N,3,0,2,2,B,-,22,,,M,C,C,A,A,H,-,A,D,0,,,,,Y,Y,A,01,0,1,1,0,0,0,0,0,0,"- ","- ",,,FRESNO,FIREBAUGH,-120.45175170898438,36.851943969726562
8860696,2018,2019-06-24,1003,2018-10-12,0630,F055,,5,5,2,1003,0,0,0,,0,0FI,"N ST","13TH ST",0.00,,Y,A,-,Y,FRE,6,33,-,-,70.100,I,5,N,N,4,0,1,2,A,-,12,21453,A,N,H,D,A,A,H,-,A,A,0,,,,,Y,,A,01,0,0,1,0,0,0,0,0,0,"- ","- ",,,FRESNO,FIREBAUGH,-120.45540618896484,36.856220245361328
8861429,2019,2019-06-11,1001,2019-05-01,0720,5277,,3,5,5,1001,0,0,0,,0,006,"ARMSTRONG AV","VARTIKIAN AV",0.00,,Y,A,-,N,,,,,,,,,,N,4,0,1,2,A,-,17,21208,A,N,D,G,A,A,H,-,A,A,0,,Y,,,Y,,L,04,0,0,1,0,0,0,1,0,0,"- ","- ",,,FRESNO,CLOVIS,-119.67295837402344,36.828468322753906
8861851,2019,2019-07-15,1013,2019-04-29,1022,M136,B1,1,5,3,1013,0,0,0,,0,M170,"JENSEN AV","BETHEL AV",577.00,W,N,A,-,N,,,,,,,,,,Y,3,0,1,2,A,-,05,21650,,N,B,C,A,A,H,-,A,D,0,,,,,Y,,A,01,0,1,0,0,0,0,0,0,0,"- ","- ",,,FRESNO,SANGER,-119.57622528076172,36.706691741943359
8863005,2019,2019-06-06,1001,2019-04-18,1742,5465,,4,5,5,1001,0,0,0,,0,007,"N TEMPERANCE AV","HERNDON AV",165.00,N,N,A,-,N,,,,,,,,,,Y,3,0,5,6,A,-,03,22350,,N,C,C,A,-,H,-,A,A,0,,,,,Y,,A,01,0,1,4,0,0,0,0,0,0,"- ","- ",36.837398529052734,-119.66607666015625,FRESNO,CLOVIS,-119.66607666015625,36.837852478027344
8863071,2019,2019-06-04,1001,2019-05-07,0847,5145,,2,5,5,1001,0,0,0,,0,004,"MAGILL AV",HELM,220.00,W,N,A,-,N,,,,,,,,,,N,4,0,1,2,A,-,03,22350,,N,C,C,A,A,H,-,A,D,0,,,,,Y,,A,01,0,0,1,0,0,0,0,0,0,"- ","- ",,,FRESNO,CLOVIS,-119.72402954101562,36.8360595703125
8863081,2019,2019-06-04,1001,2019-05-06,1116,5145,,1,5,5,1001,0,0,0,,0,005,"POLLASKY AV","7TH ST",0.00,,Y,A,-,N,,,,,,,,,,Y,3,0,1,3,A,-,09,21802,A,N,D,C,A,A,H,-,A,A,0,,,,,Y,,A,01,0,1,0,0,0,0,0,0,0,"- ","- ",,,FRESNO,CLOVIS,-119.7020263671875,36.822059631347656