CASE_ID,ACCIDENT_YEAR,PROC_DATE,JURIS,COLLISION_DATE,COLLISION_TIME,OFFICER_ID,REPORTING_DISTRICT,DAY_OF_WEEK,CHP_SHIFT,POPULATION,CNTY_CITY_LOC,SPECIAL_COND,BEAT_TYPE,CHP_BEAT_TYPE,CITY_DIVISION_LAPD,CHP_BEAT_CLASS,BEAT_NUMBER,PRIMARY_RD,SECONDARY_RD,DISTANCE,DIRECTION,INTERSECTION,WEATHER_1,WEATHER_2,STATE_HWY_IND,CALTRANS_COUNTY,CALTRANS_DISTRICT,STATE_ROUTE,ROUTE_SUFFIX,POSTMILE_PREFIX,POSTMILE,LOCATION_TYPE,RAMP_INTERSECTION,SIDE_OF_HWY,TOW_AWAY,COLLISION_SEVERITY,NUMBER_KILLED,NUMBER_INJURED,PARTY_COUNT,PRIMARY_COLL_FACTOR,PCF_CODE_OF_VIOL,PCF_VIOL_CATEGORY,PCF_VIOLATION,PCF_VIOL_SUBSECTION,HIT_AND_RUN,TYPE_OF_COLLISION,MVIW,PED_ACTION,ROAD_SURFACE,ROAD_COND_1,ROAD_COND_2,LIGHTING,CONTROL_DEVICE,CHP_ROAD_TYPE,PEDESTRIAN_ACCIDENT,BICYCLE_ACCIDENT,MOTORCYCLE_ACCIDENT,TRUCK_ACCIDENT,NOT_PRIVATE_PROPERTY,ALCOHOL_INVOLVED,STWD_VEHTYPE_AT_FAULT,CHP_VEHTYPE_AT_FAULT,COUNT_SEVERE_INJ,COUNT_VISIBLE_INJ,COUNT_COMPLAINT_PAIN,COUNT_PED_KILLED,COUNT_PED_INJURED,COUNT_BICYCLIST_KILLED,COUNT_BICYCLIST_INJURED,COUNT_MC_KILLED,COUNT_MC_INJURED,PRIMARY_RAMP,SECONDARY_RAMP,LATITUDE,LONGITUDE,COUNTY,CITY,POINT_X,POINT_Y
90050210,2015,2015-11-13,9435,2015-11-03,1700,014650,,2,2,7,1005,0,1,3,,2,181,"SR-180 W/B",SR-99,1584.00,E,N,A,-,Y,,,180,,,,,,W,N,4,0,4,2,A,-,03,22350,,N,C,C,A,A,H,-,B,D,0,,,,,Y,,A,01,0,0,4,0,0,0,0,0,0,"- ","- ",36.743960000000001,-119.80953,FRESNO,FRESNO,-119.80949807,36.743900580000002
90050212,2015,2015-11-13,9435,2015-11-09,1400,017138,,1,2,9,1000,0,3,5,,2,040,"MANNING AVENUE","BETHEL AVE",0.00,,Y,C,-,N,,,,,,,,,,Y,4,0,2,2,A,-,09,21802,A,N,D,C,A,B,H,-,A,A,0,,,,,Y,,A,07,0,0,2,0,0,0,0,0,0,"- ","- ",36.361829999999998,-119.34293,FRESNO,UNINCORPORATED,-119.57483996000001,36.605190010000001
90050288,2015,2016-01-29,9435,2015-08-28,0314,019932,,5,3,9,1000,0,3,5,,2,040,"CORNELIA AVE","SUMNER AVE",650.00,N,N,A,-,N,,,,,,,,,,Y,1,2,0,1,A,-,08,22107,,N,E,I,A,A,H,-,D,D,0,,,,,Y,,A,07,0,0,0,0,0,0,0,0,0,"- ","- ",36.627719999999997,-119.88072,FRESNO,UNINCORPORATED,-119.88068908,36.628398689999997
90050389,2015,2015-11-13,9435,2015-11-02,2345,017165,,1,3,7,1005,0,1,3,,2,410,"SR-41 S/B","DAKOTA AVE. OVERCROSSING",507.00,N,N,C,-,Y,,,41,,,,,,S,Y,4,0,1,1,A,-,08,22107,,N,E,I,A,B,H,-,D,D,0,,,,,Y,,A,01,0,0,1,0,0,0,0,0,0,"- ","- ",36.788179999999997,-119.78437,FRESNO,FRESNO,-119.78444838999999,36.788179900000003
90050592,2015,2015-11-13,9435,2015-10-26,0838,016570,,1,1,9,1000,0,3,5,,2,020,"BLYTHE AVE","LINCOLN AVE",0.00,,Y,A,-,N,,,,,,,,,,Y,3,0,4,2,A,-,09,21802,A,N,D,C,A,A,H,-,A,A,0,,,,Y,Y,,F,26,0,2,2,0,0,0,0,0,0,"- ","- ",36.648530000000001,-119.87152,FRESNO,UNINCORPORATED,-119.87150991999999,36.648490070000001
90050707,2015,2015-11-13,9461,2015-11-05,0555,017493,,4,3,9,1000,0,1,1,,2,305,"I-5 S/B","RUSSELL AVE",7392.00,S,N,A,-,Y,,,5,,,,,,S,Y,3,0,1,1,A,-,08,22107,,N,F,A,A,A,H,-,B,D,0,,,,,Y,,A,01,0,1,0,0,0,0,0,0,0,"- ","- ",36.667099999999998,-120.64458,FRESNO,UNINCORPORATED,-120.64436465,36.667265290000003
90051094,2015,2015-11-16,9435,2015-10-23,1655,018914,,5,2,9,1000,0,3,5,,2,025,"MARINA DRIVE","MILLERTON ROAD",0.00,,Y,A,-,N,,,,,,,,,,Y,4,0,1,2,A,-,09,21802,A,N,D,C,A,A,H,-,B,D,0,,,,,Y,,A,01,0,0,1,0,0,0,0,0,0,"- ","- ",,,FRESNO,UNINCORPORATED,-119.65961249999999,36.984177000000003
90051116,2015,2015-11-16,9435,2015-10-30,1735,018934,,5,2,7,1005,0,1,3,,2,105,"SR-99 N/B","VENTURA ST",2640.00,S,N,A,-,Y,,,99,,,,,,N,N,4,0,1,2,A,-,03,22350,,N,C,C,A,A,H,-,A,D,0,,,,,Y,,A,01,0,0,1,0,0,0,0,0,0,"- ","- ",36.722140000000003,-119.78927,FRESNO,FRESNO,-119.78929711000001,36.72211008
90051123,2015,2015-11-16,9435,2015-10-31,1257,018934,,6,1,7,1005,0,1,3,,2,105,"SR-99 S/B TO SHIELDS AVE","SHIELDS AVE",73.00,N,N,A,-,Y,,,99,,,,R,,S,Y,3,0,2,1,A,-,03,22350,,N,F,A,A,A,H,-,A,D,0,,,Y,,Y,,C,02,0,2,0,0,0,0,0,0,2,"- ","- ",36.778530000000003,-119.84567,FRESNO,FRESNO,-119.84567,36.778530000000003
90051127,2015,2015-11-16,9435,2015-11-04,2000,016507,,3,2,9,1000,0,3,5,,2,060,"HOGBACK RD",SR-245,20064.00,S,N,A,-,N,,,,,,,,,,Y,2,0,1,1,A,-,08,22107,,N,E,I,A,A,H,-,D,D,0,,,,,Y,,A,07,1,0,0,0,0,0,0,0,0,"- ","- ",36.402900000000002,-119.0016,FRESNO,UNINCORPORATED,-119.00245517,36.645032380000004
90051130,2015,2015-11-16,9435,2015-11-05,1715,017489,,4,2,9,1000,0,3,5,,2,010,"VAN NESS AVENUE","CIRCLE DR N",0.00,,Y,A,-,N,,,,,,,,,,N,3,0,1,2,D,-,00,,,N,B,C,A,A,H,-,B,D,0,,,Y,,Y,,-,"- ",0,1,0,0,0,0,0,0,1,"- ","- ",36.78622,-119.80415000000001,FRESNO,UNINCORPORATED,-119.80407986,36.785760009999997
90051140,2015,2015-11-16,9435,2015-11-12,0840,017088,,4,1,9,1000,0,3,5,,2,060,"REED AVE.","VINO AVE",528.00,N,N,A,-,N,,,,,,,,,,Y,4,0,1,3,A,-,03,22350,,N,C,C,A,A,H,-,A,D,0,,,,Y,Y,,A,08,0,0,1,0,0,0,0,0,0,"- ","- ",36.393599999999999,-119.2727,FRESNO,UNINCORPORATED,-119.4575384,36.660008990000001
90051160,2015,2015-11-16,9435,2015-10-31,1245,017310,,6,1,7,1005,0,1,3,,2,410,"SR-41 S/B","BARSTOW AVE",200.00,S,N,A,-,Y,,,41,,,,,,S,Y,4,0,2,2,A,-,03,22350,,N,C,C,A,A,H,-,A,D,0,,,,,Y,,A,01,0,0,2,0,0,0,0,0,0,"- ","- ",36.814520000000002,-119.78552999999999,FRESNO,FRESNO,-119.78548257,36.814520610000002
90051197,2015,2015-11-16,9435,2015-11-01,2110,018934,,7,2,7,1005,0,1,3,,2,105,"SR-99 N/B FROM GOLDEN STATE BLVD","VENTURA ST",33.00,S,N,A,-,Y,,,99,,,,R,,N,Y,3,0,1,1,A,-,01,23152,A,N,E,I,A,A,H,-,C,D,0,,,,,Y,Y,A,01,0,1,0,0,0,0,0,0,0,"- ","- ",36.7254,-119.79185,FRESNO,FRESNO,-119.79185,36.7254
90051206,2015,2015-11-16,9435,2015-10-31,1315,019327,,6,1,9,1000,0,3,5,,2,040,"MENDOCINO AVE","DINUBA AVE",0.00,,Y,A,-,N,,,,,,,,,,Y,4,0,1,2,A,-,09,21802,A,N,D,C,A,A,H,-,A,A,0,,,,,Y,,D,22,0,0,1,0,0,0,0,0,0,"- ","- ",36.590440000000001,-119.54799,FRESNO,UNINCORPORATED,-119.54798995,36.590409999999999
90051240,2015,2015-11-16,9461,2015-11-12,2205,018670,,4,3,9,1000,0,1,1,,2,305,"I-5 S/B","RUSSELL AVE",475.00,S,N,A,-,Y,,,5,,,,,,S,Y,4,0,1,1,A,-,08,22107,,N,F,A,A,A,D,H,D,D,0,,,,,Y,,A,01,0,0,1,0,0,0,0,0,0,"- ","- ",36.673639999999999,-120.64939,FRESNO,UNINCORPORATED,-120.64929253,36.673715029999997
90051254,2015,2015-11-16,9435,2015-11-03,1758,012469,,2,2,7,1005,0,1,3,,2,182,"SR180 E/B TO SR168 E/B","CEDAR AVE",100.00,E,N,B,-,Y,,,180,,,,R,,E,Y,4,0,4,2,A,-,03,22350,,N,C,C,A,A,H,-,D,D,0,,,,,Y,,A,01,0,0,4,0,0,0,0,0,0,"- ","- ",36.754399999999997,-119.75385,FRESNO,FRESNO,-119.75385,36.754399999999997
90051267,2015,2015-11-16,9435,2015-10-24,0300,020062,,6,3,7,1005,0,1,3,,2,410,"SR-41 S/B","SHIELDS AVE",100.00,N,N,A,-,Y,,,41,,,,,,S,Y,3,0,1,3,A,-,01,23152,A,N,B,C,A,A,H,-,D,D,0,,,,,Y,Y,A,01,0,1,0,0,0,0,0,0,0,"- ","- ",36.779670000000003,-119.78492,FRESNO,FRESNO,-119.78492346,36.779670060000001
90051351,2015,2015-11-16,9435,2015-11-03,1035,018044,,2,1,9,1000,0,3,5,,2,010,"DAKOTA AVE","BLYTHE AVE",0.00,,Y,A,-,N,,,,,,,,,,Y,4,0,1,2,A,-,12,22450,A,N,D,C,A,A,H,-,A,A,0,,,,,Y,,A,01,0,0,1,0,0,0,0,0,0,"- ","- ",36.78633,-119.87127,FRESNO,UNINCORPORATED,-119.87132991999999,36.786360029999997
90051510,2015,2015-11-16,9435,2015-11-04,2118,019039,,3,2,9,1000,0,3,5,,2,010,"PALM AVENUE","GETTSBURG AVENUE",0.00,,Y,B,-,N,,,,,,,,,,Y,4,0,1,2,A,-,09,21801,A,N,D,C,A,A,H,-,C,A,0,,,,,Y,,A,07,0,0,1,0,0,0,0,0,0,"- ","- ",36.801310000000001,-119.80849000000001,FRESNO,UNINCORPORATED,-119.80857995,36.801140109999999
90051552,2015,2015-11-16,9435,2015-11-06,1734,015026,,5,2,7,1005,0,1,3,,2,181,"SR-180 E/B","FIRST ST.",5280.00,E,N,A,-,Y,,,,,,,,,,N,4,0,2,3,A,-,03,22350,,N,C,C,A,A,H,-,C,D,0,,,,,Y,,A,01,0,0,2,0,0,0,0,0,0,"- ","- ",,,FRESNO,FRESNO,-119.75462928,36.754829999999998
90051689,2015,2015-11-16,9435,2015-11-02,1917,019039,,1,2,9,1000,0,1,3,,1,183,"STATE ROUTE 180","NEWMARK AVENUE",0.00,,Y,C,-,Y,,,180,,,,,,,Y,4,0,1,2,A,-,09,21801,A,N,D,C,A,B,H,-,D,D,0,,,,,Y,,A,01,0,0,1,0,0,0,0,0,0,"- ","- ",36.736220000000003,-119.52936,FRESNO,UNINCORPORATED,-119.52936812999999,36.735601899999999
90051713,2015,2015-11-16,9435,2015-10-28,0815,015602,,3,1,9,1000,0,3,5,,2,034,"CEDAR AVE","PARKWAY DR",0.00,,Y,B,-,N,,,,,,,,,,Y,4,0,1,2,A,-,09,21802,A,N,D,C,A,B,H,-,A,A,0,,,,,Y,,A,08,0,0,1,0,0,0,0,0,0,"- ","- ",36.687559999999998,-119.75467999999999,FRESNO,UNINCORPORATED,-119.75469991,36.687510080000003
90051721,2015,2015-11-16,9435,2015-10-31,1200,017489,,6,1,7,1005,0,1,3,,2,410,"SR-41 S/B","GETTYSBURG AVENUE O/C S/EDGE",2.00,S,N,A,-,Y,,,41,,,,,,S,Y,4,0,1,2,A,-,08,22107,,F,B,C,A,A,D,-,A,A,0,,,,,Y,,A,01,0,0,1,0,0,0,0,0,0,"- ","- ",36.800710000000002,-119.78530000000001,FRESNO,FRESNO,-119.78545753,36.800710219999999
90051837,2015,2015-11-16,9435,2015-11-03,1735,018226,,2,2,7,1005,0,1,3,,2,410,"SR-41 S/B TO SR-168 E/B","1ST ST",500.00,E,N,B,-,Y,,,,,,,,,,Y,4,0,4,3,A,-,03,22350,,N,C,C,A,A,H,-,C,D,0,,,,,Y,,A,01,0,0,4,0,0,0,0,0,0,"- ","- ",36.754399999999997,-119.7706,FRESNO,FRESNO,,
90052063,2015,2015-11-17,9435,2015-11-03,0125,017518,,2,3,9,1000,0,3,5,,2,020,"FOWLER AVE","LETSON AVE",275.00,S,N,C,-,N,,,,,,,,,,Y,4,0,1,2,D,-,00,,,N,A,C,A,B,H,-,D,D,0,,,,,Y,,-,"- ",0,0,1,0,0,0,0,0,0,"- ","- ",36.441719999999997,-119.68989999999999,FRESNO,UNINCORPORATED,-119.68947624,36.441054729999998
90052608,2015,2015-11-17,9435,2015-11-06,1220,016860,,5,1,9,1000,0,1,3,,1,169,SR-168,"MALLARD MEADOWS LN",1056.00,E,N,A,-,Y,,,168,,,,,,,Y,3,0,1,1,A,-,08,22107,,N,E,I,A,A,H,-,A,D,0,,,,,Y,,D,22,0,1,0,0,0,0,0,0,0,"- ","- ",36.965769999999999,-119.52051,FRESNO,UNINCORPORATED,-119.52050776999999,36.96579217
90053050,2015,2015-11-18,9435,2015-10-20,2150,018354,,2,2,9,1000,0,3,5,,2,030,"RAINBOW AVE.","NEWMARK AVE.",0.00,,Y,A,-,N,,,,,,,,,,Y,3,0,1,1,A,-,01,23152,A,N,E,I,A,A,H,-,C,A,0,,,,,Y,Y,A,01,0,1,0,0,0,0,0,0,0,"- ","- ",36.70655,-119.54028,FRESNO,UNINCORPORATED,-119.54035991000001,36.70662007
90053052,2015,2015-12-22,9435,2015-10-02,2500,017489,,5,4,9,1000,0,3,5,,2,010,"SHAW AVENUE","HOWARD AVENUE",298.00,W,N,A,-,N,,,,,,,,,,Y,1,1,0,1,A,-,08,22107,,N,E,I,A,A,H,-,D,D,0,,,,,Y,,A,01,0,0,0,0,0,0,0,0,0,"- ","- ",36.807659999999998,-120.02555,FRESNO,UNINCORPORATED,-120.0256574,36.807710030000003
90053057,2015,2015-11-18,9435,2015-11-04,1243,015751,,3,1,9,1000,0,3,5,,2,030,"CLINTON AVE","MAPLE AVE",0.00,,Y,A,-,Y,,,,,,,,,,Y,4,0,1,2,A,-,12,21453,A,N,D,C,A,A,H,-,A,A,0,,,,,Y,,A,07,0,0,1,0,0,0,0,0,0,"- ","- ",36.772329999999997,-119.74545000000001,FRESNO,UNINCORPORATED,-119.74537986,36.772290089999998
90053191,2015,2015-11-18,9435,2015-11-09,1455,015026,,1,2,7,1005,0,1,3,,1,168,"SR-168 W/B FROM SHAW AVE W/B","SHAW AVE",39.00,E,N,B,-,Y,,,,,,,,,,Y,4,0,1,1,A,-,03,22350,,N,E,I,A,B,H,-,A,D,0,,,,,Y,,A,07,0,0,1,0,0,0,0,0,0,"- ","- ",,,FRESNO,FRESNO,-119.73375658,36.808533420000003
90053555,2015,2015-11-18,9435,2015-11-10,1551,015026,,2,2,7,1005,0,1,3,,2,410,"SR-41 N/B","BELMONT AVE",660.00,S,N,A,-,Y,,,,,,,,,,Y,4,0,3,3,A,-,03,22350,,N,C,C,A,A,H,-,A,D,0,,,,,Y,,A,01,0,0,3,0,0,0,0,0,0,"- ","- ",,,FRESNO,FRESNO,-119.77607816,36.74853014
90053566,2015,2015-11-18,9435,2015-11-09,1754,015026,,1,2,9,1000,0,3,5,,2,030,"CLINTON AVE","BOND AVE",528.00,E,N,B,C,N,,,,,,,,,,N,2,0,1,2,A,-,03,22350,,N,C,C,A,B,H,-,C,D,0,,,Y,,Y,,C,03,1,0,0,0,0,0,0,0,1,"- ","- ",,,FRESNO,UNINCORPORATED,-119.76608852,36.772299570000001
90053658,2015,2015-11-18,9435,2015-11-10,0955,16870,,2,1,9,1000,0,3,5,,2,010,"VAN NESS AVENUE","ASHLAN AVENUE",5.00,S,N,A,-,N,,,,,,,,,,N,4,0,1,2,A,-,03,22350,,N,C,G,A,A,H,-,A,A,0,,Y,,,Y,,A,01,0,0,1,0,0,0,1,0,0,"- ","- ",36.793810000000001,-119.80414,FRESNO,UNINCORPORATED,-119.80406000000001,36.793936279999997
90053702,2015,2015-11-18,9435,2015-11-10,1836,018860,,2,2,9,1000,0,3,5,,2,015,"MARKS AVE","NORTH AVE",0.00,,Y,A,-,N,,,,,,,,,,Y,3,0,1,2,A,-,12,22450,A,N,D,C,A,A,H,-,D,A,0,,,,,Y,,D,22,0,1,0,0,0,0,0,0,0,"- ","- ",36.692599999999999,-119.84453000000001,FRESNO,UNINCORPORATED,-119.84453997999999,36.692100050000001
90054188,2015,2015-11-19,9495,2015-10-11,0235,019755,,7,3,9,1000,0,1,3,,1,006,"STATE ROUTE 33","SUTTER AVE",2112.00,S,N,A,-,Y,,,33,,,,,,,Y,1,1,0,1,A,-,08,22107,,N,F,A,A,A,H,-,D,D,0,,,,,Y,,A,01,0,0,0,0,0,0,0,0,0,"- ","- ",36.047400000000003,-120.19532,FRESNO,UNINCORPORATED,-120.19526842,36.047442480000001
90054291,2015,2015-11-19,9435,2015-11-09,2040,019548,,1,2,9,1000,0,1,3,,1,169,"STATE ROUTE 168 (TOLLHOUSE RD.)","TOLLHOUSE RD",2112.00,W,N,B,-,Y,,,168,,,,,,,Y,4,0,1,1,A,-,03,22350,,N,E,I,A,B,H,-,D,D,0,,,,,Y,,A,01,0,0,1,0,0,0,0,0,0,"- ","- ",36.948129999999999,-119.50617,FRESNO,UNINCORPORATED,-119.50656853,36.947860730000002
90054432,2015,2015-11-19,9495,2015-10-03,0915,019205,,6,1,9,1000,0,1,3,,1,014,"STATE ROUTE 269 (LASSEN AVENUE)","HURON CITY LIMIT",1584.00,S,N,A,-,Y,,,,,,,,,,Y,2,0,2,1,A,-,08,22107,,N,F,A,A,A,H,-,A,D,0,,,,Y,Y,,F,21,1,0,1,0,0,0,0,0,0,"- ","- ",36.191310000000001,-120.60347,FRESNO,UNINCORPORATED,,
90054460,2015,2015-11-19,9435,2015-11-11,2049,015026,,3,2,7,1005,0,1,3,,2,410,"SR-41 S/B","HERNDON AVE",1056.00,S,N,A,-,Y,,,,,,,,,,Y,4,0,2,2,A,-,03,22350,,N,C,C,A,A,H,-,C,D,0,,,,,Y,,A,01,0,0,2,0,0,0,0,0,0,"- ","- ",,,FRESNO,FRESNO,-119.78517539000001,36.834651430000001
90054558,2015,2015-11-19,9495,2015-11-12,1725,019427,,4,2,9,1000,0,1,3,,1,006,"SR-33 (JAYNE AVENUE)","ALPINE AVE",400.00,N,N,A,-,Y,,,33,,,,,,,Y,4,0,1,2,A,-,03,22350,,N,C,C,A,A,D,H,C,A,0,,,,,Y,,A,01,0,0,1,0,0,0,0,0,0,"- ","- ",36.137,-120.27352999999999,FRESNO,UNINCORPORATED,-120.27352996,36.13697655
90055970,2015,2015-11-20,9435,2015-11-09,1645,018226,,1,2,7,1005,0,1,3,,2,105,"SR-99 S/B","HERNDON AVE",750.00,S,N,C,-,Y,,,99,,,,,,S,Y,4,0,1,1,A,-,03,22350,,N,F,A,A,B,H,-,A,D,0,,,,,Y,,A,07,0,0,1,0,0,0,0,0,0,"- ","- ",36.830770000000001,-119.91643999999999,FRESNO,FRESNO,-119.91620340999999,36.831064570000002
90055975,2015,2015-11-20,9435,2015-11-10,1800,019039,,2,2,9,1000,0,1,3,,2,106,"STATE ROUTE 99 NB","CEDAR AVENUE",528.00,S,N,A,-,Y,,,99,,,,,,N,Y,4,0,1,2,A,-,03,22350,,N,C,C,A,A,H,-,D,D,0,,,,,Y,,I,20,0,0,1,0,0,0,0,0,0,"- ","- ",36.685169999999999,-119.75003,FRESNO,UNINCORPORATED,-119.75000421,36.685200809999998
90055977,2015,2015-11-20,9435,2015-11-11,0210,015902,,3,3,9,1000,0,1,3,,1,169,"SR-168 (TOLLHOUSE ROAD)","BALSAM SNOW PARK",2112.00,E,N,A,-,Y,,,168,,,,,,,Y,2,0,3,1,A,-,03,22350,,N,E,I,A,A,H,-,D,A,0,,,,,Y,,A,01,1,1,1,0,0,0,0,0,0,"- ","- ",37.15793,-119.23651,FRESNO,UNINCORPORATED,-119.23650661000001,37.157915389999999
90055993,2015,2015-11-20,9435,2015-11-06,1325,017310,,5,1,9,1000,0,3,5,,2,034,"AMERICAN AVE","DEL REY AVE",0.00,,Y,A,-,N,,,,,,,,,,Y,4,0,1,2,A,-,09,21801,A,N,D,C,A,A,H,-,A,D,0,,,,Y,Y,,G,25,0,0,1,0,0,0,0,0,0,"- ","- ",36.663179999999997,-119.59251,FRESNO,UNINCORPORATED,-119.59248998,36.66320005
90055997,2015,2015-11-20,9435,2015-11-06,1735,016730,,5,2,9,1000,0,3,5,,2,025,"COPPER AVE","AUBERRY RD",0.00,,Y,A,-,N,,,,,,,,,,Y,4,0,1,2,A,-,09,21802,A,N,D,C,A,A,H,-,D,A,0,,,,,Y,,A,01,0,0,1,0,0,0,0,0,0,"- ","- ",36.895829999999997,-119.7158,FRESNO,UNINCORPORATED,-119.71568988999999,36.895780049999999
90056001,2015,2015-11-20,9435,2015-11-06,0955,015095,,5,1,9,1000,0,3,5,,2,040,"MAPLE AVENUE","ADAMS AVENUE",0.00,,Y,A,-,N,,,,,,,,,,Y,4,0,1,2,A,-,09,21802,A,N,D,C,A,A,H,-,A,A,0,,,,,Y,,D,22,0,0,1,0,0,0,0,0,0,"- ","- ",36.634450000000001,-119.74612,FRESNO,UNINCORPORATED,-119.74578986,36.63441005
90056003,2015,2015-11-20,9435,2015-11-07,0950,017489,,6,1,7,1005,0,1,3,,1,168,"SR-168 W/B FROM SHAW AVE W/B","SHAW AVE U/C N/EDGE",52.00,E,N,A,-,Y,,,168,,,,R,,W,Y,4,0,1,1,A,-,08,22107,,N,E,I,A,A,H,-,A,D,0,,,,,Y,,A,01,0,0,1,0,0,0,0,0,0,"- ","- ",36.80885,-119.73376,FRESNO,FRESNO,-119.73376,36.80885
90056012,2015,2015-11-20,9435,2015-11-06,2027,019610,,5,2,7,1005,0,1,3,,2,181,"SR-180 E/B","VAN NESS AVE",1320.00,W,N,A,-,Y,,,180,,,,,,E,Y,4,0,1,2,A,-,07,21658,A,F,B,C,A,A,H,-,C,D,0,,,,,Y,,-,99,0,0,1,0,0,0,0,0,0,"- ","- ",36.7498,-119.79967000000001,FRESNO,FRESNO,-119.79926128,36.749027570000003
90056060,2015,2015-11-20,9435,2015-11-07,1920,016507,,6,2,9,1000,0,1,3,,2,184,"STATE ROUTE 180","FRANKWOOD AVE",6336.00,E,N,A,-,Y,,,,,,,,,,Y,4,0,1,1,C,-,18,,,N,H,H,A,A,H,-,D,D,0,,,,,Y,,-,"- ",0,0,1,0,0,0,0,0,0,"- ","- ",36.425899999999999,-119.2542,FRESNO,UNINCORPORATED,-119.42759298,36.716057259999999
90056154,2015,2015-11-20,9435,2015-11-10,1810,015181,,2,2,9,1000,0,3,5,,2,040,"ADAMS AVENUE","MENDOCINO AVENUE",0.00,,Y,A,-,N,,,,,,,,,,Y,4,0,1,2,A,-,03,22350,,N,C,C,A,A,H,-,D,D,0,,,,,Y,,A,01,0,0,1,0,0,0,0,0,0,"- ","- ",36.715679999999999,-119.78479,FRESNO,UNINCORPORATED,-119.54755996,36.63403005
90056227,2015,2015-11-20,9435,2015-11-08,1526,016730,,7,2,7,1005,0,1,3,,2,410,"SR-41 N/B","ASHLAN AVE",370.00,S,N,A,-,Y,,,41,,,,,,N,Y,3,0,1,1,A,-,08,22107,,N,E,I,A,A,H,-,A,D,0,,,,,Y,,A,01,0,1,0,0,0,0,0,0,0,"- ","- ",36.793239999999997,-119.78453,FRESNO,FRESNO,-119.78458551,36.793229080000003
90056243,2015,2015-11-20,9495,2015-11-06,1825,019755,,5,2,9,1000,0,1,3,,1,008,"STATE ROUTE 198 (DORRIS AVENUE)","INTERSTATE 5",1554.00,W,N,A,-,Y,,,198,,,,,,,Y,3,0,1,2,A,-,08,22107,,N,B,C,A,A,H,-,C,D,0,,,,,Y,,A,07,0,1,0,0,0,0,0,0,0,"- ","- ",36.254260000000002,-120.24993000000001,FRESNO,UNINCORPORATED,-120.24993001999999,36.254262240000003
90056316,2015,2015-11-20,9435,2015-11-11,1444,018226,,3,2,9,1000,0,3,5,,2,010,"SHAW AVE","GRANTLAND AVE",0.00,,Y,A,-,N,,,,,,,,,,Y,3,0,2,2,A,-,12,22450,A,N,D,C,A,A,H,-,A,A,0,,,,,Y,,D,22,0,1,1,0,0,0,0,0,0,"- ","- ",36.808210000000003,-119.91629,FRESNO,UNINCORPORATED,-119.91647991000001,36.807940010000003
90056376,2015,2015-11-30,9435,2015-11-06,1619,019113,,5,2,7,1005,0,3,5,,2,040,"MENDOCINO AVENUE","HUNTSMAN AVENUE",528.00,S,N,A,-,N,,,,,,,,,,N,4,0,1,2,A,-,01,23152,A,N,C,C,A,A,H,-,A,D,0,,,,,Y,Y,D,22,0,0,1,0,0,0,0,0,0,"- ","- ",36.578569999999999,-119.54805,FRESNO,FRESNO,-119.54809203000001,36.581780899999998
90056436,2015,2015-11-20,9435,2015-11-12,0910,016048,,4,1,9,1000,0,3,5,,2,010,"SHAW AVE. E/B","GLENN AVE",185.00,W,N,A,-,N,,,,,,,,,,N,4,0,1,2,A,-,03,22350,,N,D,G,A,A,H,-,A,D,0,,Y,,,Y,,L,04,0,0,1,0,0,0,1,0,0,"- ","- ",36.80838,-119.79338,FRESNO,UNINCORPORATED,-119.79331152,36.808597220000003
90056603,2015,2015-11-20,9495,2015-11-07,0815,020021,,6,1,9,1000,0,1,1,,2,002,"INTERSTATE 5 NORTHBOUND",SR-198,2640.00,N,N,A,-,Y,,,5,,,,,,N,Y,2,0,2,1,A,-,08,22107,,N,E,I,A,A,H,-,A,D,0,,,,,Y,,A,01,1,0,1,0,0,0,0,0,0,"- ","- ",36.261290000000002,-120.24800999999999,FRESNO,UNINCORPORATED,-120.24810101,36.261232470000003
90056921,2015,2015-11-23,9435,2015-10-31,0546,020062,,6,3,9,1000,0,3,5,,2,025,"COPPER AVE","ARMSTRONG AVE",528.00,W,N,A,-,N,,,,,,,,,,Y,3,0,1,1,A,-,01,23152,A,N,E,I,A,A,H,-,D,D,0,,,,,Y,Y,A,01,0,1,0,0,0,0,0,0,0,"- ","- ",36.895350000000001,-119.67691000000001,FRESNO,UNINCORPORATED,-119.67662425,36.895502129999997
90056926,2015,2015-11-23,9435,2015-11-02,0810,016570,,1,1,9,1000,0,3,5,,2,034,"TEMPERANCE AVE","LINCOLN AVE",0.00,,Y,B,-,N,,,,,,,,,,N,4,0,1,2,A,-,09,21802,A,N,D,C,A,A,H,-,A,A,0,,,,,Y,,A,01,0,0,1,0,0,0,0,0,0,"- ","- ",36.649030000000003,-119.66416,FRESNO,UNINCORPORATED,-119.66406997999999,36.817420060000003
90056940,2015,2015-11-23,9435,2015-11-07,1526,016761,,6,2,7,1005,0,1,3,,2,410,"STATE ROUTE-41 N/B (YOSEMITE FREEWAY)","VENTURA STREET",495.00,S,N,A,-,Y,,,41,,,,,,N,Y,4,0,1,2,A,-,07,21658,A,N,B,C,A,A,H,-,A,D,0,,,,,Y,,-,"- ",0,0,1,0,0,0,0,0,0,"- ","- ",36.734380000000002,-119.77742000000001,FRESNO,FRESNO,-119.77752502,36.734401149999997
90056957,2015,2015-11-23,9435,2015-11-08,0202,019697,,7,3,9,1000,0,3,5,,2,034,"CENTRAL AVE","MINNEWAWA AVE",505.00,E,N,A,-,N,,,,,,,,,,Y,4,0,1,1,A,-,01,23152,A,M,E,I,A,A,H,-,D,D,0,,,,,Y,Y,A,01,0,0,1,0,0,0,0,0,0,"- ","- ",36.678139999999999,-119.7072,FRESNO,UNINCORPORATED,-119.70716946,36.678165210000003