CASE_ID,ACCIDENT_YEAR,PROC_DATE,JURIS,COLLISION_DATE,COLLISION_TIME,OFFICER_ID,REPORTING_DISTRICT,DAY_OF_WEEK,CHP_SHIFT,POPULATION,CNTY_CITY_LOC,SPECIAL_COND,BEAT_TYPE,CHP_BEAT_TYPE,CITY_DIVISION_LAPD,CHP_BEAT_CLASS,BEAT_NUMBER,PRIMARY_RD,SECONDARY_RD,DISTANCE,DIRECTION,INTERSECTION,WEATHER_1,WEATHER_2,STATE_HWY_IND,CALTRANS_COUNTY,CALTRANS_DISTRICT,STATE_ROUTE,ROUTE_SUFFIX,POSTMILE_PREFIX,POSTMILE,LOCATION_TYPE,RAMP_INTERSECTION,SIDE_OF_HWY,TOW_AWAY,COLLISION_SEVERITY,NUMBER_KILLED,NUMBER_INJURED,PARTY_COUNT,PRIMARY_COLL_FACTOR,PCF_CODE_OF_VIOL,PCF_VIOL_CATEGORY,PCF_VIOLATION,PCF_VIOL_SUBSECTION,HIT_AND_RUN,TYPE_OF_COLLISION,MVIW,PED_ACTION,ROAD_SURFACE,ROAD_COND_1,ROAD_COND_2,LIGHTING,CONTROL_DEVICE,CHP_ROAD_TYPE,PEDESTRIAN_ACCIDENT,BICYCLE_ACCIDENT,MOTORCYCLE_ACCIDENT,TRUCK_ACCIDENT,NOT_PRIVATE_PROPERTY,ALCOHOL_INVOLVED,STWD_VEHTYPE_AT_FAULT,CHP_VEHTYPE_AT_FAULT,COUNT_SEVERE_INJ,COUNT_VISIBLE_INJ,COUNT_COMPLAINT_PAIN,COUNT_PED_KILLED,COUNT_PED_INJURED,COUNT_BICYCLIST_KILLED,COUNT_BICYCLIST_INJURED,COUNT_MC_KILLED,COUNT_MC_INJURED,PRIMARY_RAMP,SECONDARY_RAMP,LATITUDE,LONGITUDE,COUNTY,CITY,POINT_X,POINT_Y
90061803,2015,2015-11-30,9435,2015-11-17,1805,019926,,2,2,7,1005,0,1,3,,2,105,"SR-99 N/B","TUOLUMNE ST",100.00,S,N,A,-,Y,,,,,,,,,,Y,4,0,3,2,A,-,03,22350,,N,C,C,A,A,H,-,D,D,0,,,,,Y,,A,08,0,0,3,0,0,0,0,0,0,"- ","- ",36.737310000000001,-119.80046,FRESNO,FRESNO,-119.80106318999999,36.732835180000002
90061808,2015,2015-11-30,9435,2015-11-18,1440,019926,,3,2,9,1000,0,1,3,,1,180,SR-180,"SONOMA AVE",300.00,E,N,A,-,Y,,,180,,,,,,,Y,4,0,3,2,A,-,03,22350,,N,C,C,A,A,H,-,A,D,0,,,,,Y,,A,01,0,0,3,0,0,0,0,0,0,"- ","- ",36.734369999999998,-120.24029,FRESNO,UNINCORPORATED,-120.24028992,36.734384550000001
90062302,2015,2015-12-01,9435,2015-11-04,1610,018226,,3,2,7,1005,0,1,3,,2,410,"SR-41 N/B","SHAW AVE",1000.00,S,N,A,-,Y,,,41,,,,,,N,Y,4,0,2,2,A,-,03,22350,,N,C,C,A,A,H,-,A,D,0,,,,,Y,,A,07,0,0,2,0,0,0,0,0,0,"- ","- ",36.804400000000001,-119.78506,FRESNO,FRESNO,-119.78511090000001,36.804400540000003
90062734,2015,2015-12-01,9461,2015-11-16,1145,017493,,1,1,9,1000,0,1,1,,2,305,"I-5 S/B","HERNDON AVE",7920.00,S,N,A,-,Y,,,5,,,,,,S,Y,4,0,1,2,A,-,07,21658,A,N,D,C,A,A,H,-,A,D,0,,,,,Y,,A,07,0,0,1,0,0,0,0,0,0,"- ","- ",36.815539999999999,-120.75032,FRESNO,UNINCORPORATED,-120.75025681,36.815583510000003
90062798,2015,2015-12-01,9435,2015-10-28,0745,014547,,3,1,7,1005,0,1,3,,2,410,"SR-41 S/B FROM SHAW AVE. E/B","SHAW AVE.",300.00,S,N,B,C,Y,,,,,,,,,,Y,4,0,1,1,A,-,03,22350,,N,E,I,A,B,H,-,A,D,0,,,,,Y,,A,01,0,0,1,0,0,0,0,0,0,"- ","- ",,,FRESNO,FRESNO,-119.78541779,36.807806530000001
90062870,2015,2015-12-01,9435,2015-11-17,0735,015602,,2,1,9,1000,0,1,3,,2,106,"SR-99 N/B","MERCED ST",800.00,N,N,A,-,Y,,,99,,,,,,N,Y,4,0,1,2,A,-,03,22350,,N,C,C,A,A,H,-,A,D,0,,,,,Y,,D,22,0,0,1,0,0,0,0,0,0,"- ","- ",36.633029999999998,-119.69138,FRESNO,UNINCORPORATED,-119.69133827,36.633075660000003
90062899,2015,2015-12-01,9435,2015-11-20,1152,013112,,5,1,9,1000,0,3,5,,2,015,"KEARNEY BLVD","HAYES AVE",855.00,E,N,A,-,N,,,,,,,,,,Y,3,0,2,1,A,-,08,22107,,N,E,I,A,A,H,-,A,D,0,,,,,Y,,A,01,0,2,0,0,0,0,0,0,0,"- ","- ",36.728189999999998,-119.89575000000001,FRESNO,UNINCORPORATED,-119.89584422,36.728139759999998
90062906,2015,2015-12-01,9435,2015-11-19,1432,018860,,4,2,9,1000,0,3,5,,2,034,"MENDOCINO AVE","HUNTSMAN AVE",0.00,,Y,A,-,N,,,,,,,,,,Y,3,0,4,2,A,-,12,22450,A,N,D,A,A,A,H,-,A,A,0,,,,,Y,,D,22,0,1,3,0,0,0,0,0,0,"- ","- ",36.583419999999997,-119.54814,FRESNO,UNINCORPORATED,-119.54807988,36.583230110000002
90062952,2015,2015-12-01,9435,2015-11-13,0220,016507,,5,3,9,1000,0,3,5,,2,060,"BUTTONWILLOW AVE","HUNTSMAN AVE",1056.00,S,N,A,-,N,,,,,,,,,,Y,4,0,1,1,A,-,01,23152,A,N,F,A,A,A,H,-,D,D,0,,,,,Y,Y,A,01,0,0,1,0,0,0,0,0,0,"- ","- ",36.57996,-119.43084,FRESNO,UNINCORPORATED,-119.43075711,36.580134530000002
90062971,2015,2015-12-01,9435,2015-11-06,2135,020060,,5,2,9,1000,0,3,5,,2,015,"CHESTNUT AVE","ADAMS AVE",1584.00,S,N,A,-,N,,,,,,,,,,Y,3,0,1,1,A,-,01,23152,A,M,E,I,A,A,H,-,C,D,0,,,,,Y,Y,D,22,0,1,0,0,0,0,0,0,0,"- ","- ",36.954819999999998,-119.78163000000001,FRESNO,UNINCORPORATED,-119.73684065,36.630082139999999
90063084,2015,2015-12-01,9435,2015-11-18,0800,015602,,3,1,9,1000,0,3,5,,2,015,"KEARNEY BLVD","HOWARD AVE",0.00,,Y,A,-,N,,,,,,,,,,Y,4,0,3,2,A,-,09,21802,A,N,D,C,A,A,H,-,A,A,0,,,,,Y,,D,22,0,0,3,0,0,0,0,0,0,"- ","- ",36.727690000000003,-119.02427,FRESNO,UNINCORPORATED,-120.02424990999999,36.727680030000002
90063134,2015,2015-12-01,9435,2015-11-20,1225,017489,,5,1,7,1005,0,1,3,,2,410,"SR-41 N/B TO SHAW AVENUE","SHAW AVENUE",528.00,S,N,A,-,Y,,,41,,,,R,,N,Y,4,0,2,2,A,-,03,22350,,N,C,C,A,A,H,-,A,A,0,,,,,Y,,A,01,0,0,2,0,0,0,0,0,0,"- ","- ",36.807960000000001,-119.78307,FRESNO,FRESNO,-119.78307,36.807960000000001
90063557,2015,2015-12-02,9461,2015-11-28,0310,020385,,6,3,9,1000,0,1,1,,2,305,"I-5 S/B","PANOCHE RD",5650.00,N,N,A,-,Y,,,5,,,,,,S,Y,3,0,2,1,A,-,08,22107,,N,F,A,A,A,H,-,D,D,0,,,,,Y,,B,08,0,2,0,0,0,0,0,0,0,"- ","- ",36.672249999999998,-120.64794999999999,FRESNO,UNINCORPORATED,-120.64808877,36.672144850000002
90063894,2015,2015-12-02,9495,2015-11-28,1500,020021,,6,2,9,1000,0,1,1,,2,002,"INTERSTATE 5 NORTHBOUND",SR-145,7392.00,N,N,A,-,Y,,,5,,,,,,N,Y,4,0,3,2,A,-,03,22350,,N,C,C,A,A,H,-,A,D,0,,,,,Y,,D,22,0,0,3,0,0,0,0,0,0,"- ","- ",36.311500000000002,-120.28238,FRESNO,UNINCORPORATED,-120.28240695,36.311476560000003
90064235,2015,2015-12-02,9435,2015-11-18,1630,015181,,3,2,9,1000,0,3,5,,2,015,"SPRINGFIELD AVENUE","FOWLER AVENUE",1056.00,E,N,A,-,N,,,,,,,,,,Y,2,0,1,1,C,-,18,,,N,H,H,A,A,H,-,A,D,0,,,Y,,Y,,-,"- ",1,0,0,0,0,0,0,0,1,"- ","- ",36.598179999999999,-119.67845,FRESNO,UNINCORPORATED,-119.67884533,36.598184269999997
90064239,2015,2015-12-02,9435,2015-11-19,0721,016570,,4,1,9,1000,0,3,5,,2,040,"CLARKSON AVE","MC CALL AVE",0.00,,Y,A,-,N,,,,,,,,,,Y,3,0,4,2,A,-,12,22450,A,N,D,C,A,A,H,-,A,A,0,,,,,Y,,A,08,0,1,3,0,0,0,0,0,0,"- ","- ",36.503619999999998,-119.61108,FRESNO,UNINCORPORATED,-119.61103995000001,36.503590109999998
90064480,2015,2015-12-03,9461,2015-11-24,1657,017029,,2,2,9,1000,0,1,1,,2,305,"I-5 S/B","SHIELDS AVE",6864.00,N,N,B,-,Y,,,5,,,,,,S,Y,4,0,1,2,A,-,03,22350,,N,C,C,A,A,H,-,D,D,0,,,,,Y,,A,01,0,0,1,0,0,0,0,0,0,"- ","- ",36.795209999999997,-120.73614000000001,FRESNO,UNINCORPORATED,-120.73621498999999,36.79515859
90064485,2015,2015-12-03,9461,2015-11-25,2135,017029,,3,2,9,1000,0,1,1,,2,305,"I-5 N/B","PANOCHE RD",5280.00,N,N,B,-,Y,,,5,,,,,,N,Y,4,0,2,2,A,-,04,21703,,N,C,C,A,A,D,H,D,D,0,,,,,Y,,A,08,0,0,2,0,0,0,0,0,0,"- ","- ",36.652760000000001,-120.63292,FRESNO,UNINCORPORATED,-120.63281886999999,36.65283719
90066457,2015,2015-12-07,9435,2015-11-03,1640,018609,,2,2,9,1000,0,1,3,,1,183,SR-180,"BETHEL AVE.",0.00,,Y,B,-,Y,,,180,,,,,,,Y,4,0,3,2,A,-,17,21451,A,N,D,C,A,A,H,-,A,A,0,,,,,Y,,A,01,0,0,3,0,0,0,0,0,0,"- ","- ",36.735900000000001,-119.57416000000001,FRESNO,UNINCORPORATED,-119.57416003,36.73590394
90066550,2015,2015-12-07,9495,2015-11-24,0610,019111,,2,1,9,1000,0,3,5,,2,053,"JAYNE AVENUE","GOLDENROD AVE",46.00,W,N,A,-,N,,,,,,,,,,Y,3,0,2,2,A,-,03,22350,,N,C,C,A,A,H,-,A,D,0,,,,,Y,,A,01,0,1,1,0,0,0,0,0,0,"- ","- ",36.082740000000001,-120.0291,FRESNO,UNINCORPORATED,-120.04886561000001,36.13797435
90066806,2015,2015-12-07,9435,2015-11-02,0925,014547,,1,1,7,1005,0,1,3,,2,105,"SR-99 S/B TO SR-180 E/B","SR-180 E/B",300.00,S,N,B,C,Y,,,,,,,,,,N,4,0,1,1,A,-,03,22350,,N,E,I,A,B,H,-,A,D,0,,,,,Y,,A,01,0,0,1,0,0,0,0,0,0,"- ","- ",,,FRESNO,FRESNO,,
90066831,2015,2015-12-07,9435,2015-10-13,1050,014547,,2,1,9,1000,0,3,5,,2,030,"WATTS VALLEY RD.","RIVERBEND AVE.",1056.00,E,N,A,-,N,,,,,,,,,,N,3,0,1,2,A,-,05,21460,A,N,F,A,A,A,H,-,A,D,0,,,Y,,Y,,A,07,0,1,0,0,0,0,0,0,1,"- ","- ",,,FRESNO,UNINCORPORATED,-119.50726748,36.793970289999997
90066859,2015,2015-12-07,9435,2015-10-21,0740,014547,,3,1,7,1005,0,1,3,,1,168,"SR-168 W/B FROM SHAW AVE. E/B","SHAW AVE.",1060.00,S,N,A,-,Y,,,,,,,,,,Y,4,0,1,3,A,-,03,22350,,N,C,C,A,A,H,-,A,A,0,,,,,Y,,A,07,0,0,1,0,0,0,0,0,0,"- ","- ",,,FRESNO,FRESNO,-119.73594264,36.806082259999997
90067387,2015,2015-12-08,9461,2015-11-26,2252,020351,,4,3,9,1000,0,1,1,,2,305,"I-5 N/B","PANOCHE RD",5280.00,N,N,A,-,Y,,,5,,,,,,N,Y,3,0,3,1,A,-,08,22107,,N,F,A,A,A,D,-,D,D,0,,,,,Y,,A,07,0,2,1,0,0,0,0,0,0,"- ","- ",36.653619999999997,-120.63333,FRESNO,UNINCORPORATED,-120.63338713,36.653575969999999
90067518,2015,2015-12-08,9435,2015-11-07,2110,020064,,6,2,9,1000,0,3,5,,2,015,"ELM AVENUE S/B","MORTON AVENUE",50.00,N,N,A,-,N,,,,,,,,,,Y,4,0,1,2,A,-,09,21804,A,N,D,C,A,A,H,-,C,D,0,,,,,Y,Y,A,01,0,0,1,0,0,0,0,0,0,"- ","- ",36.645229999999998,-119.79088,FRESNO,UNINCORPORATED,-119.79085114999999,36.645277249999999
90067610,2015,2015-12-08,9435,2015-11-06,1725,014547,,5,2,5,1001,0,1,3,,1,168,"SR-168 E/B FROM BULLARD AVE. W/B","BULLARD AVE.",1056.00,N,N,A,-,Y,,,,,,,,,,Y,4,0,1,2,A,-,03,22350,,N,C,C,A,A,H,-,B,A,0,,,,,Y,,A,07,0,0,1,0,0,0,0,0,0,"- ","- ",,,FRESNO,CLOVIS,-119.71697,36.823059999999998
90067692,2015,2015-12-08,9435,2015-11-10,0750,014547,,2,1,7,1005,0,1,3,,2,410,"SR-41 S/B","ALLUVIAL AVE.",300.00,N,N,B,-,Y,,,,,,,,,,Y,3,0,2,3,A,-,03,22350,,N,C,C,A,A,H,-,A,D,0,,,,,Y,,D,22,0,1,1,0,0,0,0,0,0,"- ","- ",,,FRESNO,FRESNO,-119.78512258000001,36.84551338
90067872,2015,2015-12-08,9435,2015-11-12,1044,015903,,4,1,7,1005,0,1,3,,2,105,"STATE ROUTE 99 (NORTHBOUND)","CLINTON AVE",3432.00,N,N,A,-,Y,,,99,,,,,,,Y,3,0,3,1,A,-,08,22107,,N,E,I,A,A,H,-,A,D,0,,,,,Y,,A,01,0,2,1,0,0,0,0,0,0,"- ","- ",36.779609999999998,-119.846,FRESNO,FRESNO,-119.84601721,36.77959096
90068350,2015,2015-12-09,9435,2015-11-10,1755,018914,,2,2,7,1005,0,1,3,,2,181,"SR-180 E/B","CEDAR AVENUE",3960.00,W,N,A,-,Y,,,,,,,,,,Y,2,0,7,4,A,-,01,23152,A,M,C,C,A,A,H,-,D,D,0,,,,,Y,Y,A,08,1,1,5,0,0,0,0,0,0,"- ","- ",,,FRESNO,FRESNO,-119.76811784,36.754860000000001
90068549,2015,2015-12-09,9495,2015-12-01,1838,019463,,2,2,9,1000,0,1,1,,2,003,"INTERSTATE-5 (NORTHBOUND)","JAYNE AVENUE",9504.00,N,N,A,-,Y,,,5,,,,,,,Y,4,0,1,1,A,-,08,22107,,N,F,A,A,A,H,-,D,D,0,,,,,Y,,A,01,0,0,1,0,0,0,0,0,0,"- ","- ",36.15945,-120.17833,FRESNO,UNINCORPORATED,-120.17842462,36.159364009999997
90068693,2015,2015-12-09,9495,2015-11-24,1535,018589,,2,2,9,1000,0,1,1,,2,001,"I-5 (WEST SIDE FREEWAY) S/B","PANOCHE ROAD",3960.00,S,N,B,C,Y,,,5,,,,,,S,N,4,0,2,2,A,-,04,21703,,N,C,C,A,B,H,-,A,D,0,,,,,Y,,A,01,0,0,2,0,0,0,0,0,0,"- ","- ",36.634619999999998,-120.61918,FRESNO,UNINCORPORATED,-120.61924775999999,36.634568029999997
90068943,2015,2015-12-09,9435,2015-11-15,1935,019113,,7,2,9,1000,0,3,5,,2,040,"MANNING AVENUE","RIO VISTA AVE",124.00,W,N,B,C,N,,,,,,,,,,Y,3,0,1,2,A,-,01,23152,A,N,C,C,A,B,H,-,D,D,0,,,,,Y,Y,A,01,0,1,0,0,0,0,0,0,0,"- ","- ",36.604529999999997,-119.47687999999999,FRESNO,UNINCORPORATED,-119.47594205,36.604454349999997
90069311,2015,2015-12-10,9435,2015-11-17,1550,015181,,2,2,9,1000,0,3,5,,2,015,"MCKAMEY STREET","ANTHONY STREET",40.00,W,N,A,-,N,,,,,,,,,,N,4,0,1,2,A,-,21,22106,,N,G,B,D,A,H,-,A,D,0,Y,,,,Y,,A,01,0,0,1,0,1,0,0,0,0,"- ","- ",36.648809999999997,-120.25335,FRESNO,UNINCORPORATED,-120.25319176000001,36.64887306
90069321,2015,2015-12-10,9461,2015-11-29,0405,020351,,7,3,9,1000,0,1,1,,2,305,"I-5 N/B","PANOCHE RD",5808.00,N,N,A,-,Y,,,5,,,,,,N,Y,4,0,3,1,A,-,08,22107,,N,E,J,A,A,D,-,D,D,0,,,,,Y,,A,07,0,0,3,0,0,0,0,0,0,"- ","- ",36.654980000000002,-120.63448,FRESNO,UNINCORPORATED,-120.63447174,36.654986350000001
90069370,2015,2015-12-10,9435,2015-11-21,0845,016507,,6,1,9,1000,0,3,5,,2,060,"FLORAL AVE","ENGLEHART AVE",0.00,,Y,A,-,N,,,,,,,,,,Y,4,0,2,2,A,-,09,21802,A,N,D,C,A,A,H,-,A,A,0,,,,,Y,,A,01,0,0,2,0,0,0,0,0,0,"- ","- ",36.575189999999999,-119.41307999999999,FRESNO,UNINCORPORATED,-119.41295991,36.575209999999998
90069509,2015,2015-12-10,9435,2015-11-21,1720,018934,,6,2,7,1005,0,1,3,,2,181,"SR-180 W/B",SR-99,2640.00,E,N,A,-,Y,,,180,,,,,,W,Y,3,0,1,2,A,-,03,22350,,N,B,C,A,A,H,-,C,D,0,,,,,Y,,A,01,0,1,0,0,0,0,0,0,0,"- ","- ",36.745060000000002,-119.80731,FRESNO,FRESNO,-119.80731507,36.745069569999998
90069577,2015,2015-12-10,9435,2015-11-22,1403,015902,,7,2,9,1000,0,3,5,,2,050,"PITTMAN HILL ROAD","TOLLHOUSE ROAD",0.00,,Y,A,-,N,,,,,,,,,,N,4,0,1,1,A,-,03,22350,,N,F,A,A,A,H,-,A,A,0,,,Y,,Y,,C,02,0,0,1,0,0,0,0,0,1,"- ","- ",36.961460000000002,-119.44561,FRESNO,UNINCORPORATED,-119.44642985999999,36.961430049999997
90069730,2015,2015-12-10,9435,2015-11-22,2052,019113,,7,2,7,1005,0,1,3,,2,105,"SR-99 S/B","TEILMAN AVENUE",880.00,S,N,A,-,Y,,,99,,,,,,S,Y,2,0,3,2,A,-,03,22350,,N,C,C,A,A,H,-,D,D,0,,,Y,,Y,,C,02,1,1,1,0,0,0,0,0,1,"- ","- ",36.74465,-119.82052,FRESNO,FRESNO,-119.82049258000001,36.744672340000001
90071871,2015,2015-12-14,9435,2015-11-17,1720,018914,,2,2,7,1005,0,1,3,,2,410,"SR-41 S/B","BULLARD AVENUE",1320.00,S,N,A,-,Y,,,,,,,,,,Y,4,0,1,4,A,-,03,22350,,N,C,C,A,A,H,-,A,D,0,,,,,Y,,A,01,0,0,1,0,0,0,0,0,0,"- ","- ",,,FRESNO,FRESNO,-119.78553405,36.819239699999997
90072252,2015,2015-12-14,9495,2015-11-26,1549,018639,,4,2,9,1000,0,1,1,,2,002,"INTERSTATE 5 NORTHBOUND","DERRICK AVENUE",23.00,S,N,A,-,Y,,,5,,,,,,N,Y,4,0,1,2,A,-,07,21658,A,N,B,C,A,A,H,-,A,D,0,,,,,Y,,M,47,0,0,1,0,0,0,0,0,0,"- ","- ",36.435639999999999,-120.39373999999999,FRESNO,UNINCORPORATED,-120.39380765,36.435579599999997
90072281,2015,2015-12-14,9435,2015-11-22,1723,019610,,7,2,7,1005,0,1,3,,2,410,"SR-41 S/B","MCKINLEY AVE",528.00,S,N,A,-,Y,,,41,,,,,,S,Y,3,0,2,2,A,-,03,22350,,N,C,C,A,A,H,-,B,D,0,,,Y,,Y,,C,02,0,1,1,0,0,0,0,0,1,"- ","- ",36.763309999999997,-119.77589,FRESNO,FRESNO,-119.77597283999999,36.763274299999999
90072352,2015,2015-12-14,9495,2015-11-28,2125,019755,,6,2,9,1000,0,1,1,,2,002,"INTERSTATE 5 NORTHBOUND","STATE ROUTE 145",550.00,S,N,A,-,Y,,,5,,,,,,N,Y,4,0,3,5,A,-,03,22350,,N,C,C,A,A,H,-,D,D,0,,,,,Y,,A,01,0,0,3,0,0,0,0,0,0,"- ","- ",36.292870000000001,-120.26819,FRESNO,UNINCORPORATED,-120.26810116,36.2929271
90072490,2015,2015-12-14,9435,2015-11-19,0750,015751,,4,1,9,1000,0,3,5,,2,010,"MCKINLEY AVE W/B","CARNEGIE AVE",202.00,E,N,A,-,N,,,,,,,,,,Y,4,0,1,1,A,-,01,23152,E,N,E,I,A,A,H,-,A,D,0,,,,,Y,,A,01,0,0,1,0,0,0,0,0,0,"- ","- ",36.76455,-119.89312,FRESNO,UNINCORPORATED,-119.89299086,36.764457210000003
90072520,2015,2015-12-14,9435,2015-11-22,2040,019327,,7,2,9,1000,0,3,5,,2,034,"ADAMS AVE","THOMPSON AVE",700.00,E,N,A,-,N,,,,,,,,,,Y,3,0,1,1,A,-,01,23152,A,N,E,I,A,A,H,-,D,D,0,,,,,Y,Y,A,01,0,1,0,0,0,0,0,0,0,"- ","- ",36.634439999999998,-119.6177,FRESNO,UNINCORPORATED,-119.61729612000001,36.634369999999997
90072532,2015,2016-04-26,9435,2015-11-22,1754,018912,,7,2,9,1000,0,1,3,,2,107,"SR99 (NORTHBOUND)","FLORAL AVENUE",7920.00,N,N,A,-,Y,,,99,,,,,,,Y,4,0,1,2,A,-,07,21658,A,N,B,C,A,A,H,-,D,D,0,,,,,Y,,A,07,0,0,1,0,0,0,0,0,0,"- ","- ",36.591790000000003,-119.64615000000001,FRESNO,UNINCORPORATED,-119.64616743000001,36.591770910000001
90072551,2015,2015-12-14,9435,2015-11-20,1818,019113,,5,2,9,1000,0,3,5,,2,040,"MOUNTAIN VIEW AVENUE","ZEDIKER AVENUE",40.00,W,N,A,-,N,,,,,,,,,,Y,4,0,1,2,A,-,03,22350,,N,C,C,A,A,H,-,D,D,0,,,,,Y,,A,07,0,0,1,0,0,0,0,0,0,"- ","- ",36.546750000000003,-119.5214,FRESNO,UNINCORPORATED,-119.52143605000001,36.546791229999997
90072558,2015,2015-12-14,9435,2015-11-21,1252,015095,,6,1,9,1000,0,1,3,,2,107,"SR-99 NORTHBOUND","MANNING AVENUE O/C",450.00,S,N,A,-,Y,,,99,,,,,,N,Y,4,0,1,3,A,-,03,22350,,N,C,C,A,A,D,-,A,D,0,,,,,Y,,D,22,0,0,1,0,0,0,0,0,0,"- ","- ",36.604120000000002,-119.65976000000001,FRESNO,UNINCORPORATED,-119.65969289,36.604194100000001
90072563,2015,2015-12-14,9435,2015-11-21,1928,016507,,6,2,9,1000,0,3,5,,2,060,"ALTA AVE","SUMNER AVE",528.00,N,N,A,-,N,,,,,,,,,,N,2,0,1,2,A,-,11,21954,A,N,G,B,D,A,H,-,D,D,0,Y,,,,Y,Y,N,60,1,0,0,0,1,0,0,0,0,"- ","- ",36.62012,-119.39491,FRESNO,UNINCORPORATED,-119.39480801000001,36.627118969999998
90072595,2015,2015-12-14,9435,2015-11-22,0030,016507,,7,3,9,1000,0,1,3,,1,630,"STATE ROUTE 63","AMERICAN AVE",1056.00,N,N,A,-,Y,,,63,,,,,,,Y,4,0,1,1,A,-,08,22107,,M,E,J,A,A,H,-,D,D,0,,,,,Y,,A,01,0,0,1,0,0,0,0,0,0,"- ","- ",36.664110000000001,-119.3048,FRESNO,UNINCORPORATED,-119.30467403,36.664111509999998
90072817,2015,2015-12-14,9461,2015-12-13,1930,020385,,7,2,9,1000,0,1,1,,2,305,"I-5 S/B","PANOCHE RD",13675.00,N,N,A,-,Y,,,5,,,,,,S,Y,4,0,1,1,A,-,08,22107,,N,E,I,A,A,H,-,D,D,0,,,,,Y,,A,08,0,0,1,0,0,0,0,0,0,"- ","- ",36.671480000000003,-120.64738,FRESNO,UNINCORPORATED,-120.64751022,36.671381330000003
90072962,2015,2015-12-15,9435,2015-11-24,2025,015026,,2,2,7,1005,0,1,3,,2,410,"SR-41 S/B FROM SHAW AVE E/B","SHAW AVE",120.00,S,N,B,-,Y,,,,,,,,,,N,4,0,1,1,A,-,03,22350,,N,E,I,A,B,H,-,C,D,0,,,,,Y,,A,01,0,0,1,0,0,0,0,0,0,"- ","- ",,,FRESNO,FRESNO,-119.78541954000001,36.808300610000003
90074630,2015,2015-12-15,9435,2015-11-23,1829,015181,,1,2,9,1000,0,3,5,,2,025,"SHEPHERD AVENUE","SUNNYSIDE AVENUE",1056.00,W,N,A,-,N,,,,,,,,,,Y,4,0,3,2,A,-,03,22350,,N,C,C,A,A,H,-,D,D,0,,,,,Y,,D,22,0,0,3,0,0,0,0,0,0,"- ","- ",36.866660000000003,-119.69627,FRESNO,UNINCORPORATED,-119.69662069,36.866526559999997
90074982,2015,2015-12-16,9435,2015-11-24,1624,014650,,2,2,7,1005,0,1,3,,1,411,"SR-41 S/B FROM W/B JENSEN AVE.","JENSEN AVE.",20.00,N,N,B,C,Y,,,41,,,,R,,S,Y,4,0,1,1,A,-,03,22350,,N,E,I,A,B,H,-,A,D,0,,,,,Y,,D,22,0,0,1,0,0,0,0,0,0,"- ","- ",36.707239999999999,-119.78516,FRESNO,FRESNO,-119.78516,36.707239999999999
90075016,2015,2015-12-16,9435,2015-11-18,1325,015602,,3,1,9,1000,0,3,5,,2,034,"SR-180 E/B","ACADEMY AVE",50.00,W,N,A,-,Y,,,180,,,,,,E,Y,4,0,1,2,A,-,03,22350,,N,C,C,A,A,H,-,A,A,0,,,,,Y,,D,22,0,0,1,0,0,0,0,0,0,"- ","- ",36.735939999999999,-119.55668,FRESNO,UNINCORPORATED,-119.55668015000001,36.73592343
90075023,2015,2015-12-16,9435,2015-11-19,0743,015602,,4,1,2,1004,0,1,3,,2,106,"SR-99 N/B","MERCED ST",5720.00,S,N,A,-,Y,,,99,,,,,,N,Y,3,0,1,2,A,-,03,22350,,N,C,C,A,A,H,-,A,A,0,,,,,Y,,A,01,0,1,0,0,0,0,0,0,0,"- ","- ",36.616900000000001,-119.67366,FRESNO,FOWLER,-119.67362240999999,36.616941300000001
90075131,2015,2015-12-16,9435,2015-11-12,1720,013660,,4,2,9,1000,0,3,5,,2,040,"MANNING AVE. W/B","BETHEL AVE",200.00,W,N,A,-,N,,,,,,,,,,Y,3,0,2,1,A,-,08,22107,,N,F,A,A,A,H,-,D,D,0,,,,,Y,,D,22,0,2,0,0,0,0,0,0,0,"- ","- ",36.612870000000001,-119.55616000000001,FRESNO,UNINCORPORATED,-119.57552083,36.60519
90075248,2015,2015-12-16,9435,2015-11-20,1740,019327,,5,2,9,1000,0,1,3,,1,411,"SR-41 N/B","CENTRAL AVE",980.00,S,N,A,-,Y,,,,,,,,,,Y,2,0,1,3,A,-,01,23152,A,N,C,C,A,A,H,-,D,D,0,,,,,Y,Y,A,07,1,0,0,0,0,0,0,0,0,"- ","- ",36.6755,-119.7873,FRESNO,UNINCORPORATED,-119.78573777,36.67524994
90075551,2015,2015-12-16,9435,2015-11-25,1905,015181,,3,2,9,1000,0,3,5,,2,015,"JENSEN AVENUE","LASSEN AVENUE",8.00,W,N,B,-,N,,,,,,,,,,Y,4,0,2,2,A,-,08,22107,,N,D,C,A,A,H,-,D,A,0,,,,,Y,,A,01,0,0,2,0,0,0,0,0,0,"- ","- ",36.705660000000002,-120.09712,FRESNO,UNINCORPORATED,-120.09680727999999,36.705599939999999
90075659,2015,2015-12-16,9435,2015-11-24,0610,018574,,2,1,9,1000,0,1,3,,1,412,"SR-41 S/B","ELKHORN AVE",0.00,,Y,E,-,Y,,,41,,,,,,S,Y,3,0,4,2,A,-,03,22350,,N,C,C,A,A,H,-,B,A,0,,,,Y,Y,,A,08,0,2,2,0,0,0,0,0,0,"- ","- ",36.489550000000001,-119.78943,FRESNO,UNINCORPORATED,-119.78952304000001,36.489589289999998