CASE_ID,ACCIDENT_YEAR,PROC_DATE,JURIS,COLLISION_DATE,COLLISION_TIME,OFFICER_ID,REPORTING_DISTRICT,DAY_OF_WEEK,CHP_SHIFT,POPULATION,CNTY_CITY_LOC,SPECIAL_COND,BEAT_TYPE,CHP_BEAT_TYPE,CITY_DIVISION_LAPD,CHP_BEAT_CLASS,BEAT_NUMBER,PRIMARY_RD,SECONDARY_RD,DISTANCE,DIRECTION,INTERSECTION,WEATHER_1,WEATHER_2,STATE_HWY_IND,CALTRANS_COUNTY,CALTRANS_DISTRICT,STATE_ROUTE,ROUTE_SUFFIX,POSTMILE_PREFIX,POSTMILE,LOCATION_TYPE,RAMP_INTERSECTION,SIDE_OF_HWY,TOW_AWAY,COLLISION_SEVERITY,NUMBER_KILLED,NUMBER_INJURED,PARTY_COUNT,PRIMARY_COLL_FACTOR,PCF_CODE_OF_VIOL,PCF_VIOL_CATEGORY,PCF_VIOLATION,PCF_VIOL_SUBSECTION,HIT_AND_RUN,TYPE_OF_COLLISION,MVIW,PED_ACTION,ROAD_SURFACE,ROAD_COND_1,ROAD_COND_2,LIGHTING,CONTROL_DEVICE,CHP_ROAD_TYPE,PEDESTRIAN_ACCIDENT,BICYCLE_ACCIDENT,MOTORCYCLE_ACCIDENT,TRUCK_ACCIDENT,NOT_PRIVATE_PROPERTY,ALCOHOL_INVOLVED,STWD_VEHTYPE_AT_FAULT,CHP_VEHTYPE_AT_FAULT,COUNT_SEVERE_INJ,COUNT_VISIBLE_INJ,COUNT_COMPLAINT_PAIN,COUNT_PED_KILLED,COUNT_PED_INJURED,COUNT_BICYCLIST_KILLED,COUNT_BICYCLIST_INJURED,COUNT_MC_KILLED,COUNT_MC_INJURED,PRIMARY_RAMP,SECONDARY_RAMP,LATITUDE,LONGITUDE,COUNTY,CITY,POINT_X,POINT_Y
90189599,2016,2016-05-31,9435,2016-05-15,1340,019895,,7,1,9,1000,0,3,5,,2,034,"CEDAR AVE","CALIFORNIA AVE",0.00,,Y,A,-,N,,,,,,,,,,Y,4,0,1,2,A,-,09,21802,A,N,D,C,A,A,H,-,A,D,0,,,,,Y,,A,01,0,0,1,0,0,0,0,0,0,"- ","- ",36.721359999999997,-119.75472000000001,FRESNO,UNINCORPORATED,-119.75465998999999,36.721340079999997
90189611,2016,2016-05-31,9435,2016-05-16,1540,015181,,1,2,9,1000,0,1,3,,1,430,"SR-43 (HIGHLAND AVENUE)","DAVIS AVENUE",500.00,N,N,A,-,Y,,,43,,,,,,,Y,3,0,1,1,A,-,01,23152,A,N,F,A,A,A,H,-,A,B,0,,,,,Y,Y,D,22,0,1,0,0,0,0,0,0,0,"- ","- ",36.474690000000002,-119.63616,FRESNO,UNINCORPORATED,-119.6361562,36.474690150000001
90189872,2016,2016-05-31,9435,2016-05-22,1301,017310,,7,1,9,1000,0,1,3,,2,410,"SR-41 N/B","GETTYSBURG AVE",300.00,S,N,A,-,Y,,,,,,,,,,Y,4,0,1,2,A,-,03,22350,,N,C,C,A,A,H,-,A,D,0,,,,,Y,,A,01,0,0,1,0,0,0,0,0,0,"- ","- ",36.799370000000003,-119.7851,FRESNO,UNINCORPORATED,-119.78514229,36.800476590000002
90190851,2016,2016-05-31,9435,2016-05-18,0105,015890,,3,3,9,1000,0,3,5,,2,010,"BLYTHE AVE","SHIELDS AVE",760.00,N,N,A,-,N,,,,,,,,,,Y,3,0,1,1,A,-,01,23152,A,N,E,I,A,A,H,-,D,D,0,,,,,Y,Y,A,01,0,1,0,0,0,0,0,0,0,"- ","- ",36.779069999999997,-119.87112999999999,FRESNO,UNINCORPORATED,-119.87130494,36.781156189999997
90190936,2016,2016-05-31,9461,2016-05-26,1916,017029,,4,2,9,1000,0,2,4,,1,325,"SHIELDS AVE","RUSSELL AVE",2640.00,E,N,A,-,N,,,,,,,,,,Y,4,0,1,1,A,-,08,22107,,N,E,I,A,A,H,-,A,D,0,,,,,Y,,A,01,0,0,1,0,0,0,0,0,0,"- ","- ",36.778320000000001,-120.64796,FRESNO,UNINCORPORATED,-120.64808735,36.778263469999999
90191031,2016,2016-05-31,9435,2016-05-20,1625,019980,,5,2,9,1000,0,3,5,,2,040,"ZEDIKER AVE","MOUNTAIN VIEW AVE",0.00,,Y,A,-,N,,,,,,,,,,Y,4,0,3,2,A,-,09,21802,A,N,D,C,A,A,H,-,A,A,0,,,,,Y,,D,22,0,0,3,0,0,0,0,0,0,"- ","- ",36.546759999999999,-119.52119,FRESNO,UNINCORPORATED,-119.52129999,36.546790090000002
90191153,2016,2016-05-31,9435,2016-05-25,1550,014650,,3,2,9,1000,0,1,3,,1,430,"SR-43 (HIGHLAND AVE.)","MOUNTAIN VIEW AVE",1584.00,S,N,A,-,Y,,,43,,,,,,,Y,4,0,3,2,A,-,03,22350,,N,C,C,A,A,H,-,A,D,0,,,,,Y,,A,01,0,0,3,0,0,0,0,0,0,"- ","- ",36.542789999999997,-119.62873,FRESNO,UNINCORPORATED,-119.62877297999999,36.5427903
90191236,2016,2016-05-31,9435,2016-05-26,1655,014650,,4,2,7,1005,0,1,3,,2,182,"SR-180 E/B","CEDAR AVE",100.00,W,N,A,-,Y,,,180,,,,,,E,Y,4,0,2,3,A,-,03,22350,,N,C,C,A,A,H,-,A,D,0,,,,Y,Y,,A,01,0,0,2,0,0,0,0,0,0,"- ","- ",36.754910000000002,-119.75633999999999,FRESNO,FRESNO,-119.75634005000001,36.75486978
90191594,2016,2016-05-31,9435,2016-05-27,1850,014650,,5,2,9,1000,0,3,5,,2,015,"MARKS AVE.","SOUTH AVE.",1056.00,S,N,A,-,N,,,,,,,,,,Y,3,0,3,3,A,-,09,21801,A,N,D,C,A,A,H,-,A,D,0,,,,,Y,,A,01,0,1,2,0,0,0,0,0,0,"- ","- ",36.61712,-119.84469,FRESNO,UNINCORPORATED,-119.84470607,36.616661219999997
90191614,2016,2016-05-31,9495,2016-05-20,1140,019369,,5,1,9,1000,0,1,1,,2,001,"I-5 (GOLDEN STATE FREEWAY)","PANOCHE ROAD",478.00,S,N,A,-,Y,,,5,,,,,,,Y,2,0,1,1,C,-,18,,,N,E,I,A,A,H,-,A,D,0,,,,,Y,,-,"- ",1,0,0,0,0,0,0,0,0,"- ","- ",36.638060000000003,-120.62217,FRESNO,UNINCORPORATED,-120.62201641999999,36.638177910000003
90191968,2016,2016-06-01,9435,2016-05-20,1150,012846,,5,1,7,1005,0,1,3,,2,410,"SR-41 N/B","GETTYSBURG AVE",100.00,S,N,A,-,Y,,,41,,,,,,N,N,4,0,2,2,D,-,00,,,N,C,C,A,A,H,-,A,D,0,,,,,Y,,-,"- ",0,0,2,0,0,0,0,0,0,"- ","- ",36.800939999999997,-119.78515,FRESNO,FRESNO,-119.78514454,36.800939990000003
90192081,2016,2016-06-01,9435,2016-05-21,0850,017489,,6,1,9,1000,0,3,5,,2,010,"MAROA AVENUE","BARSTOW AVENUE",0.00,,Y,A,-,N,,,,,,,,,,N,4,0,1,2,A,-,09,21801,A,F,D,C,A,A,H,-,A,A,0,,,,,Y,,A,08,0,0,1,0,0,0,0,0,0,"- ","- ",36.815669999999997,-119.79940999999999,FRESNO,UNINCORPORATED,-119.79941998,36.815660020000003
90192257,2016,2016-06-01,9435,2016-05-21,1450,020060,,6,2,7,1005,0,1,3,,2,181,"SR-180 W/B","G ST",700.00,E,N,A,-,Y,,,180,,,,,,W,Y,4,0,2,3,A,-,03,22350,,N,C,C,A,A,H,-,A,D,0,,,,,Y,,E,22,0,0,2,0,0,0,0,0,0,"- ","- ",36.743630000000003,-119.80987,FRESNO,FRESNO,-119.80989948,36.743684860000002
90192533,2016,2016-06-01,9435,2016-05-21,1927,016270,,6,2,9,1000,0,3,5,,2,060,"ADAMS AVE","CRAWFORD AVE",0.00,,Y,A,-,N,,,,,,,,,,Y,4,0,2,2,A,-,09,21802,A,N,D,C,A,A,H,-,A,A,0,,,,,Y,,A,07,0,0,2,0,0,0,0,0,0,"- ","- ",36.633029999999998,-119.41294000000001,FRESNO,UNINCORPORATED,-119.37634993,36.632690019999998
90192585,2016,2016-06-01,9435,2016-05-24,1815,015181,,2,2,9,1000,0,3,5,,2,040,"MT. WHITNEY AVENUE","CLOVIS AVENUE",3696.00,W,N,A,-,N,,,,,,,,,,Y,4,0,1,1,A,-,08,22107,,N,F,A,A,A,H,-,A,D,0,,,,,Y,,A,01,0,0,1,0,0,0,0,0,0,"- ","- ",36.43103,-119.72403,FRESNO,UNINCORPORATED,-119.72120464,36.430960050000003
90192756,2016,2016-06-01,9495,2016-05-23,2150,019834,,1,2,9,1000,0,1,3,,1,014,"STATE ROUTE 269 (LASSEN AVENUE)","AVENAL CUTOFF ROAD",0.00,,Y,B,-,Y,,,269,,,,,,,Y,4,0,3,3,A,-,09,21802,A,N,C,C,A,B,H,-,D,A,0,,,,,Y,,A,07,0,0,3,0,0,0,0,0,0,"- ","- ",36.072839999999999,-120.10242,FRESNO,UNINCORPORATED,-120.10241075,36.072837200000002
90193092,2016,2016-06-02,9435,2016-05-19,1150,019039,,4,1,9,1000,0,3,5,,2,030,"MAYWOOD DRIVE NORTH","ELEVENTH STREET",1584.00,S,N,A,-,N,,,,,,,,,,N,3,0,1,2,A,-,08,22107,,N,D,G,A,A,H,-,A,D,0,,Y,,,Y,,L,04,0,1,0,0,0,0,1,0,0,"- ","- ",36.765520000000002,-119.76239,FRESNO,UNINCORPORATED,-119.76095161000001,36.76764155
90193097,2016,2016-06-02,9435,2016-05-23,0820,016570,,1,1,9,1000,0,3,5,,2,010,"SHAW AVE. W/B","MAROA AVE",100.00,W,N,A,-,N,,,,,,,,,,N,4,0,1,2,A,-,03,22350,,N,C,C,A,A,H,-,A,D,0,,,,,Y,,A,01,0,0,1,0,0,0,0,0,0,"- ","- ",36.80856,-119.79996,FRESNO,UNINCORPORATED,-119.79979135000001,36.808557739999998
90193106,2016,2016-06-02,9435,2016-05-24,2335,015751,,2,3,7,1005,0,1,3,,2,410,"SR-41 S/B FROM HERNDON AVE W/B","HERNDON AVE",152.00,N,N,A,-,Y,,,41,,,,R,,S,Y,2,0,2,2,A,-,08,22107,,N,D,C,A,A,H,-,D,D,0,,,,,Y,,A,01,1,0,1,0,0,0,0,0,0,"- ","- ",36.83802,-119.78528,FRESNO,FRESNO,-119.78528,36.83802
90193427,2016,2016-06-02,9435,2016-05-23,2040,020297,,1,2,9,1000,0,3,5,,2,030,"CLOVIS AVE. N/B","SHIELDS AVE.",0.00,,N,A,-,N,,,,,,,,,,N,4,0,1,2,A,-,01,23152,A,N,B,C,A,A,H,-,C,D,0,,,,,Y,Y,A,01,0,0,1,0,0,0,0,0,0,"- ","- ",36.785559999999997,-119.70023,FRESNO,UNINCORPORATED,-119.70011995,36.779490099999997
90193449,2016,2016-06-02,9435,2016-05-21,1813,020060,,6,2,9,1000,0,3,5,,2,010,"FRUIT AVE","SCOTT AVE",60.00,N,N,A,-,N,,,,,,,,,,Y,2,0,4,2,A,-,01,23152,A,N,A,C,A,A,H,-,A,D,0,,,,,Y,Y,A,01,2,2,0,0,0,0,0,0,0,"- ","- ",36.811050000000002,-119.81740000000001,FRESNO,UNINCORPORATED,-119.81738811,36.811234689999999
90193455,2016,2016-06-02,9435,2016-05-15,1621,019610,,7,2,7,1005,0,1,3,,2,410,"SR-41 N/B TO SR-180 E/B/SR-168 E/B","FIRST STREET",1056.00,E,N,A,-,Y,,,,,,,,,,Y,3,0,1,2,A,-,05,21651,A,N,B,C,A,A,H,-,A,A,0,,,Y,,Y,,D,22,0,1,0,0,0,0,0,0,1,"- ","- ",36.754640000000002,-119.76876,FRESNO,FRESNO,,
90193459,2016,2016-06-02,9435,2016-05-24,1655,016833,,2,2,2,1004,0,1,3,,2,106,"SR-99 N/B","MERCED ST",47.00,N,N,A,-,Y,,,99,,,,,,N,Y,4,0,1,2,A,-,04,21703,,N,C,C,A,A,H,-,A,D,0,,,,,Y,,D,22,0,0,1,0,0,0,0,0,0,"- ","- ",36.6267,-119.68438,FRESNO,FOWLER,-119.68436579,36.62671563
90193464,2016,2016-06-02,9435,2016-05-24,1055,018226,,2,1,7,1005,0,1,3,,2,181,"SR-180 W/B","ABBY ST",150.00,E,N,A,-,Y,,,180,,,,,,W,Y,4,0,1,1,A,-,08,22107,,N,E,I,A,A,H,-,A,D,0,,,,,Y,,A,01,0,0,1,0,0,0,0,0,0,"- ","- ",36.752580000000002,-119.78876,FRESNO,FRESNO,-119.78874061,36.752487250000001
90193550,2016,2016-06-02,9435,2016-05-08,1220,013112,,7,1,9,1000,0,3,5,,2,040,"DEL REY AVE","CONEJO AVE",0.00,,Y,A,-,N,,,,,,,,,,Y,2,0,5,2,A,-,12,22450,A,F,D,C,A,A,H,-,A,A,0,,,,,Y,,A,01,3,1,1,0,0,0,0,0,0,"- ","- ",36.517949999999999,-119.59334,FRESNO,UNINCORPORATED,-119.59320991,36.518000020000002
90193590,2016,2016-06-17,9435,2016-05-24,1529,018823,,2,2,9,1000,0,3,5,,2,010,"GRANTLAND AVE","BELMONT AVE",0.00,,Y,B,-,N,,,,,,,,,,Y,3,0,5,2,A,-,09,21802,A,N,D,C,A,A,H,-,A,A,0,,,,,Y,,D,22,0,3,2,0,0,0,0,0,0,"- ","- ",36.7498,-119.9161,FRESNO,UNINCORPORATED,-119.91618986,36.749860040000002
90193597,2016,2016-06-02,9435,2016-05-24,1020,016570,,2,1,9,1000,0,3,5,,2,034,"CHURCH AVE","CEDAR AVE",0.00,,Y,A,-,N,,,,,,,,,,Y,4,0,1,2,A,-,09,21801,A,N,A,C,A,A,H,-,A,D,0,,,,,Y,,A,01,0,0,1,0,0,0,0,0,0,"- ","- ",36.714179999999999,-119.75476,FRESNO,UNINCORPORATED,-119.75468993,36.714170000000003
90193680,2016,2016-06-02,9495,2016-05-26,0715,019111,,4,1,9,1000,0,1,3,,1,014,"STATE ROUTE 269 (LASSEN AVENUE)","STATE ROUTE 198",1584.00,S,N,A,-,Y,,,,,,,,,,Y,4,0,1,1,A,-,08,22107,,N,E,I,A,A,H,-,A,D,0,,,,,Y,,A,07,0,0,1,0,0,0,0,0,0,"- ","- ",36.15164,-120.062,FRESNO,UNINCORPORATED,-120.10360394,36.251030960000001
90193829,2016,2016-06-03,9435,2016-05-20,1750,020060,,5,2,7,1005,0,1,3,,2,105,"SR-99 N/B","STANISLAUS ST",1000.00,N,N,A,-,Y,,,,,,,,,,Y,4,0,4,3,A,-,03,22350,,N,C,C,A,A,H,-,A,D,0,,,,,Y,,A,01,0,0,4,0,0,0,0,0,0,"- ","- ",36.74483,-119.80704,FRESNO,FRESNO,-119.80462828,36.736083989999997
90193862,2016,2016-09-07,9435,2016-04-18,2500,019962,,1,4,9,1000,0,3,5,,2,034,"CHURCH AVENUE","ORANGE AVENUE",181.00,E,N,A,-,N,,,,,,,,,,N,1,2,0,3,A,-,03,22350,,F,G,B,D,A,H,-,C,D,0,Y,,,,Y,,A,01,0,0,0,2,0,0,0,0,0,"- ","- ",36.714120000000001,-119.76251000000001,FRESNO,UNINCORPORATED,-119.76308302,36.714159850000001
90193905,2016,2016-06-03,9435,2016-05-20,1535,020064,,5,2,9,1000,0,3,5,,2,040,"FLORAL AVENUE","DE WOLF AVENUE",0.00,,Y,B,-,N,,,,,,,,,,Y,2,0,2,2,A,-,09,21802,A,N,D,C,A,A,H,-,A,A,0,,,,,Y,,D,22,1,0,1,0,0,0,0,0,0,"- ","- ",36.576309999999999,-119.64615999999999,FRESNO,UNINCORPORATED,-119.64658999,36.576350060000003
90193922,2016,2016-06-03,9435,2016-05-21,2340,019385,,6,3,9,1000,0,3,5,,2,025,"WILLOW AVENUE","SHEPHERD AVENUE",300.00,N,N,A,-,N,,,,,,,,,,N,4,0,2,2,A,-,03,22350,,N,C,C,A,A,H,-,D,D,0,,,,,Y,,A,01,0,0,2,0,0,0,0,0,0,"- ","- ",36.868209999999998,-119.72978999999999,FRESNO,UNINCORPORATED,-119.72994,36.867603430000003
90194097,2016,2016-06-03,9435,2016-05-26,0655,016507,,4,1,9,1000,0,1,3,,2,184,"STATE ROUTE 180","FRANKWOOD AVE",0.00,,Y,A,-,Y,,,180,,,,,,,Y,4,0,3,3,A,-,09,21801,A,N,A,C,A,A,H,-,A,A,0,,,,,Y,,A,07,0,0,3,0,0,0,0,0,0,"- ","- ",36.720030000000001,-119.44834,FRESNO,UNINCORPORATED,-119.44833995,36.720038709999997
90194102,2016,2016-06-03,9435,2016-05-26,1510,016507,,4,2,9,1000,0,1,3,,2,184,"STATE ROUTE 180","HUME LAKE RD",10560.00,E,N,A,-,Y,,,180,,,,,,,Y,4,0,1,1,A,-,08,22107,,N,F,A,A,A,H,-,A,D,0,,,,,Y,,M,47,0,0,1,0,0,0,0,0,0,"- ","- ",36.816580000000002,-118.9115,FRESNO,UNINCORPORATED,-118.91148837999999,36.816629970000001
90194108,2016,2016-06-03,9435,2016-05-01,0626,014479,,7,1,9,1000,0,3,5,,2,030,"MCKINLEY AVE W/B","NINTH STREET",180.00,E,N,A,-,N,,,,,,,,,,N,3,0,1,2,A,-,01,23152,A,M,E,I,A,A,H,-,A,D,0,,,,,Y,Y,A,01,0,1,0,0,0,0,0,0,0,"- ","- ",36.765189999999997,-119.75830000000001,FRESNO,UNINCORPORATED,-119.75835592,36.765153769999998
90194797,2016,2016-06-06,9461,2016-05-28,1940,017029,,6,2,9,1000,0,1,3,,1,604,"SR-33 S/B","PANOCHE RD",2640.00,N,N,B,-,Y,,,,,,,,,,Y,3,0,1,1,A,-,01,23152,A,N,F,A,A,A,H,-,D,A,0,,,,,Y,Y,A,07,0,1,0,0,0,0,0,0,0,"- ","- ",,,FRESNO,UNINCORPORATED,-120.38707155,36.727358690000003
90194843,2016,2016-06-06,9435,2016-05-26,0820,012846,,4,1,7,1005,0,1,3,,2,410,"SR-41 N/B","ASHLAN AVE",300.00,S,N,A,-,Y,,,41,,,,,,N,Y,3,0,2,1,A,-,07,21658,A,N,F,A,A,A,H,-,A,D,0,,,,,Y,,D,22,0,1,1,0,0,0,0,0,0,"- ","- ",36.792409999999997,-119.78419,FRESNO,FRESNO,-119.78443846,36.792375669999998
90194897,2016,2016-06-06,9435,2016-05-06,1405,019932,,5,2,9,1000,0,3,5,,2,040,"BETHEL AVE","MANNING AVE",0.00,,Y,A,-,N,,,,,,,,,,Y,4,0,1,2,A,-,09,21802,B,N,D,C,A,A,H,-,A,A,0,,,,Y,Y,,G,25,0,0,1,0,0,0,0,0,0,"- ","- ",36.60519,-119.57481,FRESNO,UNINCORPORATED,-119.57483996000001,36.605190010000001
90194906,2016,2016-06-06,9435,2016-05-26,1020,018226,,4,1,9,1000,0,1,3,,2,106,"SR-99 S/B","MERCED ST",800.00,S,N,A,-,Y,,,,,,,,,,Y,3,0,1,2,A,-,03,22350,,N,C,C,A,A,H,-,A,D,0,,,,,Y,,E,22,0,1,0,0,0,0,0,0,0,"- ","- ",36.624989999999997,-119.68291000000001,FRESNO,UNINCORPORATED,-119.68269105,36.62487101
90194926,2016,2016-06-06,9435,2016-05-23,0130,019962,,1,3,7,1005,0,1,3,,2,181,"STATE ROUTE 180 W/B TO BLACKSTONE AVE","BLACKSTONE AVENUE",200.00,W,N,A,-,Y,,,180,,,,R,,W,Y,3,0,4,1,A,-,01,23152,A,N,F,A,A,A,H,-,C,D,0,,,,,Y,Y,A,07,0,2,2,0,0,0,0,0,0,"- ","- ",36.752290000000002,-119.79169,FRESNO,FRESNO,-119.79169,36.752290000000002
90195135,2016,2016-06-06,9435,2016-05-12,0729,014479,,4,1,5,1001,0,1,3,,1,168,"SR-168 W/B (SIERRA FREEWAY)","HERNDON AVE",528.00,W,N,A,-,Y,,,168,,,,,,W,Y,4,0,2,3,A,-,07,21658,A,M,C,C,A,A,H,-,A,D,0,,,,,Y,,A,07,0,0,2,0,0,0,0,0,0,"- ","- ",36.833770000000001,-119.70567,FRESNO,CLOVIS,-119.70575757,36.833815999999999
90195240,2016,2016-06-06,9435,2016-05-22,2050,020064,,7,2,9,1000,0,3,5,,2,015,"ANNADALE AVENUE","WALNUT AVENUE",1056.00,W,N,B,-,N,,,,,,,,,,Y,4,0,3,2,A,-,05,21650,,N,B,C,A,A,E,-,A,D,0,,,,,Y,,A,01,0,0,3,0,0,0,0,0,0,"- ","- ",36.699530000000003,-119.81084,FRESNO,UNINCORPORATED,-119.81243974,36.699520020000001
90195607,2016,2016-06-07,9435,2016-05-24,1730,020297,,2,2,7,1005,0,1,3,,2,410,"SR-41 S/B","SHAW AVE.",0.00,,N,A,-,Y,,,41,,,,,,S,Y,4,0,1,1,A,-,03,22350,,N,E,I,A,A,H,-,A,D,0,,,,,Y,,A,01,0,0,1,0,0,0,0,0,0,"- ","- ",36.804279999999999,-119.78542,FRESNO,FRESNO,-119.7854277,36.804279999999999
90195612,2016,2016-06-07,9435,2016-05-14,2157,020122,,6,2,9,1000,0,3,5,,2,010,"FRUIT AVE","BARSTOW AVE",0.00,,Y,A,-,N,,,,,,,,,,Y,4,0,1,2,A,-,09,21801,A,N,A,C,A,A,H,-,C,A,0,,,,,Y,,A,01,0,0,1,0,0,0,0,0,0,"- ","- ",,,FRESNO,UNINCORPORATED,-119.81738987999999,36.815580070000003
90195628,2016,2016-06-07,9435,2016-05-27,1555,020060,,5,2,7,1005,0,1,3,,2,181,"SR-180 W/B","FULTON ST",100.00,E,N,A,-,Y,,,180,,,,,,W,Y,4,0,1,2,A,-,03,22350,,N,C,C,A,A,H,-,A,D,0,,,,,Y,,D,22,0,0,1,0,0,0,0,0,0,"- ","- ",36.74877,-119.80058,FRESNO,FRESNO,-119.80052394000001,36.748664069999997
90195660,2016,2016-06-07,9435,2016-05-24,0825,017591,,2,1,9,1000,0,3,5,,2,015,"CORNELIA AVE","JENSEN AVE",0.00,,Y,A,-,N,,,,,,,,,,Y,4,0,2,2,A,-,09,21802,,N,D,C,A,A,H,-,A,A,0,,,,,Y,,A,07,0,0,2,0,0,0,0,0,0,"- ","- ",36.706510000000002,-119.88055,FRESNO,UNINCORPORATED,-119.88051986000001,36.706420059999999
90195747,2016,2016-06-07,9435,2016-05-24,1840,016860,,2,2,9,1000,0,3,5,,2,050,"POWERHOUSE RD","WISH I AH RD",7392.00,N,N,A,-,N,,,,,,,,,,Y,4,0,1,1,A,-,08,22107,,N,F,A,A,A,H,-,A,D,0,,,,,Y,,D,22,0,0,1,0,0,0,0,0,0,"- ","- ",37.122810000000001,-119.51161999999999,FRESNO,UNINCORPORATED,-119.51224489000001,37.123244890000002
90195933,2016,2016-06-07,9435,2016-05-28,1214,017088,,6,1,9,1000,0,3,5,,2,060,"ELWOOD RD","BOREN LN",1584.00,N,N,A,-,N,,,,,,,,,,Y,3,0,1,1,A,-,03,22350,,N,F,A,A,A,H,-,A,A,0,,,Y,,Y,,C,02,0,1,0,0,0,0,0,0,1,"- ","- ",36.762419999999999,-119.25069999999999,FRESNO,UNINCORPORATED,-119.24226818,36.761295750000002
90195989,2016,2016-06-07,9435,2016-05-28,1645,020060,,6,2,9,1000,0,3,5,,2,015,"ADAMS AVE","WEST AVE",0.00,,Y,A,-,N,,,,,,,,,,Y,4,0,3,2,A,-,09,21802,A,N,D,C,A,A,H,-,A,A,0,,,,,Y,,A,01,0,0,3,0,0,0,0,0,0,"- ","- ",36.634500000000003,-119.82693999999999,FRESNO,UNINCORPORATED,-119.82682988000001,36.634140080000002
90196056,2016,2016-06-07,9435,2016-05-29,1938,016270,,7,2,9,1000,0,1,3,,2,184,"STATE ROUTE 180","KINGS RIVER",678.00,E,N,A,-,Y,,,180,,,,,,,Y,4,0,1,2,A,-,03,22350,,N,C,C,A,A,H,-,A,B,0,,,,,Y,,A,01,0,0,1,0,0,0,0,0,0,"- ","- ",36.730260000000001,-119.46959,FRESNO,UNINCORPORATED,-119.46960079999999,36.730232520000001
90196105,2016,2016-06-07,9435,2016-05-24,1648,015181,,2,2,9,1000,0,1,3,,1,430,"SR-43 (HIGHLAND AVENUE)","ELKHORN AVENUE",0.00,,Y,A,-,Y,,,43,,,,,,,Y,4,0,1,2,A,-,03,22350,,N,C,C,A,A,H,-,A,D,0,,,,,Y,,A,07,0,0,1,0,0,0,0,0,0,"- ","- ",36.488759999999999,-119.62924,FRESNO,UNINCORPORATED,-119.62912138,36.488752750000003
90196182,2016,2016-06-07,9435,2016-05-26,1350,015602,,4,1,9,1000,0,3,5,,2,040,"SHIELDS AVENUE","DICKENSON AVE",1056.00,W,N,A,-,N,,,,,,,,,,Y,4,0,1,2,A,-,09,21804,A,N,D,C,A,A,H,-,A,D,0,,,,,Y,,A,01,0,0,1,0,0,0,0,0,0,"- ","- ",36.778689999999997,-119.97365000000001,FRESNO,UNINCORPORATED,-119.97368375000001,36.778694170000001
90196251,2016,2016-06-07,9435,2016-05-16,1629,018920,,1,2,7,1005,0,1,3,,2,181,"SR-180 W/B","G STREET",238.00,W,N,A,-,Y,,,180,,,,,,W,Y,3,0,3,4,A,-,03,22350,,N,C,C,A,A,H,-,A,D,0,,,,,Y,,E,22,0,1,2,0,0,0,0,0,0,"- ","- ",36.744579999999999,-119.80835999999999,FRESNO,FRESNO,-119.80833172,36.744527380000001
90196274,2016,2016-06-07,9435,2016-05-26,1107,018920,,4,1,9,1000,0,3,5,,2,034,"JENSEN AVE","MCCALL AVENUE",0.00,,Y,A,-,N,,,,,,,,,,Y,2,0,1,3,A,-,12,21453,A,N,D,C,A,A,H,-,A,A,0,,,,,Y,,D,22,1,0,0,0,0,0,0,0,0,"- ","- ",36.706389999999999,-119.61033,FRESNO,UNINCORPORATED,-119.61022993,36.706610009999999
90196577,2016,2016-06-08,9435,2016-05-24,0754,018920,,2,1,7,1005,0,1,3,,2,105,"SR-99 S/B","OLIVE AVE",100.00,S,N,A,-,Y,,,99,,,,,,S,Y,4,0,1,3,A,-,04,21703,,M,C,C,A,A,H,-,A,D,0,,,,,Y,,D,22,0,0,1,0,0,0,0,0,0,"- ","- ",36.753810000000001,-119.82769999999999,FRESNO,FRESNO,-119.82767832,36.753822990000003
90196735,2016,2016-06-08,9435,2016-05-29,1230,017489,,7,1,7,1005,0,1,3,,2,181,"SR-180 W/B TO SR-99 N/B","NIELSEN AVENUE",528.00,E,N,A,-,Y,,,180,,,,R,,W,Y,4,0,1,2,A,-,03,22350,,N,C,C,A,A,H,-,A,D,0,,,,,Y,,A,01,0,0,1,0,0,0,0,0,0,"- ","- ",36.74212,-119.81713000000001,FRESNO,FRESNO,-119.81713000000001,36.74212
90196871,2016,2016-06-08,9435,2016-05-21,1350,020064,,6,1,9,1000,0,1,3,,1,412,"SR-41 N/B","FLORAL AVENUE",0.00,,Y,B,-,Y,,,41,,,,,,N,Y,4,0,1,2,A,-,09,21802,A,N,D,C,A,A,H,-,A,A,0,,,,,Y,,A,01,0,0,1,0,0,0,0,0,0,"- ","- ",36.57629,-119.78592,FRESNO,UNINCORPORATED,-119.78605664,36.576290989999997
90196879,2016,2016-06-08,9435,2016-05-26,1435,020064,,4,2,9,1000,0,1,3,,1,430,"SR-43 (HIGHLAND AVENUE)","SAGINAW AVENUE",250.00,S,N,A,-,Y,,,43,,,,,,,Y,4,0,2,4,A,-,03,22350,,N,C,C,A,A,H,-,A,D,0,,,,,Y,,D,22,0,0,2,0,0,0,0,0,0,"- ","- ",36.553750000000001,-119.62869999999999,FRESNO,UNINCORPORATED,-119.62873089999999,36.553750010000002
90196886,2016,2016-06-08,9435,2016-05-21,1635,020064,,6,2,9,1000,0,3,5,,2,015,"MAPLE AVENUE","AMERICAN AVENUE",0.00,,Y,B,-,N,,,,,,,,,,N,2,0,1,2,A,-,09,21801,A,N,D,C,A,A,H,-,A,A,0,,,Y,,Y,,A,08,1,0,0,0,0,0,0,0,1,"- ","- ",36.663449999999997,-119.74576999999999,FRESNO,UNINCORPORATED,-119.74571988,36.663460100000002