CASE_ID,ACCIDENT_YEAR,PROC_DATE,JURIS,COLLISION_DATE,COLLISION_TIME,OFFICER_ID,REPORTING_DISTRICT,DAY_OF_WEEK,CHP_SHIFT,POPULATION,CNTY_CITY_LOC,SPECIAL_COND,BEAT_TYPE,CHP_BEAT_TYPE,CITY_DIVISION_LAPD,CHP_BEAT_CLASS,BEAT_NUMBER,PRIMARY_RD,SECONDARY_RD,DISTANCE,DIRECTION,INTERSECTION,WEATHER_1,WEATHER_2,STATE_HWY_IND,CALTRANS_COUNTY,CALTRANS_DISTRICT,STATE_ROUTE,ROUTE_SUFFIX,POSTMILE_PREFIX,POSTMILE,LOCATION_TYPE,RAMP_INTERSECTION,SIDE_OF_HWY,TOW_AWAY,COLLISION_SEVERITY,NUMBER_KILLED,NUMBER_INJURED,PARTY_COUNT,PRIMARY_COLL_FACTOR,PCF_CODE_OF_VIOL,PCF_VIOL_CATEGORY,PCF_VIOLATION,PCF_VIOL_SUBSECTION,HIT_AND_RUN,TYPE_OF_COLLISION,MVIW,PED_ACTION,ROAD_SURFACE,ROAD_COND_1,ROAD_COND_2,LIGHTING,CONTROL_DEVICE,CHP_ROAD_TYPE,PEDESTRIAN_ACCIDENT,BICYCLE_ACCIDENT,MOTORCYCLE_ACCIDENT,TRUCK_ACCIDENT,NOT_PRIVATE_PROPERTY,ALCOHOL_INVOLVED,STWD_VEHTYPE_AT_FAULT,CHP_VEHTYPE_AT_FAULT,COUNT_SEVERE_INJ,COUNT_VISIBLE_INJ,COUNT_COMPLAINT_PAIN,COUNT_PED_KILLED,COUNT_PED_INJURED,COUNT_BICYCLIST_KILLED,COUNT_BICYCLIST_INJURED,COUNT_MC_KILLED,COUNT_MC_INJURED,PRIMARY_RAMP,SECONDARY_RAMP,LATITUDE,LONGITUDE,COUNTY,CITY,POINT_X,POINT_Y
90239721,2016,2016-08-08,9435,2016-07-29,0110,018944,,5,3,9,1000,0,1,3,,1,411,"SR-41 N/B","CENTRAL AVE.",0.00,,Y,A,-,Y,,,41,,,,,,N,Y,3,0,3,2,A,-,01,23152,A,F,D,C,A,A,H,-,C,A,0,,,,,Y,Y,A,01,0,1,2,0,0,0,0,0,0,"- ","- ",36.677900000000001,-119.78570000000001,FRESNO,UNINCORPORATED,-119.78574066,36.677900010000002
90239916,2016,2016-08-08,9435,2016-07-28,0905,019926,,4,1,9,1000,0,3,5,,2,010,"MAROA AVE","GETTYSBURG AVE",0.00,,Y,A,-,N,,,,,,,,,,Y,4,0,1,3,A,-,12,22450,A,N,D,C,A,A,H,-,A,A,0,,,,,Y,,A,01,0,0,1,0,0,0,0,0,0,"- ","- ",36.801229999999997,-119.79949000000001,FRESNO,UNINCORPORATED,-119.79947991,36.801220039999997
90239961,2016,2016-08-08,9435,2016-07-29,1713,019932,,5,2,9,1000,0,1,3,,1,180,"SR-180 (WHITESBRIDGE AVE.)","ROLINDA AVE",60.00,W,N,A,-,Y,,,180,,,,,,,Y,4,0,2,2,A,-,09,21804,A,N,D,C,A,A,H,-,A,D,0,,,,,Y,,A,01,0,0,2,0,0,0,0,0,0,"- ","- ",36.73509,-119.96131,FRESNO,UNINCORPORATED,-119.96130986,36.73506458
90240045,2016,2016-08-08,9495,2016-07-28,0400,019755,,4,3,9,1000,0,1,1,,2,003,"INTERSTATE 5 (NORTHBOUND)","EL DORADO AVENUE",528.00,S,N,A,-,Y,,,5,,,,,,,N,4,0,2,2,A,-,03,22350,,N,C,C,A,A,H,-,D,D,0,,,,,Y,,A,01,0,0,2,0,0,0,0,0,0,"- ","- ",36.202019999999997,-120.21083,FRESNO,UNINCORPORATED,-120.21084199000001,36.202012590000002
90240405,2016,2016-08-09,9435,2016-07-22,2222,020193,,5,3,2,1004,0,1,3,,2,106,"SR-99 S/B","MERCED ST",1700.00,N,N,A,-,Y,,,99,,,,,,S,Y,4,0,1,2,A,-,03,22350,,N,C,C,A,A,H,-,D,D,0,,,,,Y,Y,A,01,0,0,1,0,0,0,0,0,0,"- ","- ",36.630249999999997,-119.68844,FRESNO,FOWLER,-119.68852476000001,36.630159380000002
90240411,2016,2016-08-09,9435,2016-07-25,0120,018944,,1,3,9,1000,0,3,5,,2,015,"CORNELIA AVE","CLAYTON AVE",70.00,S,N,A,-,N,,,,,,,,,,Y,3,0,1,1,A,-,01,23152,A,N,E,I,A,A,H,-,D,D,0,,,,,Y,Y,D,22,0,1,0,0,0,0,0,0,0,"- ","- ",36.640900000000002,-119.8805,FRESNO,UNINCORPORATED,-119.88059106,36.640927840000003
90240464,2016,2016-08-09,9435,2016-07-24,0520,019980,,7,3,9,1000,0,3,5,,2,050,"TOLLHOUSE RD.","BURROUGH VALLEY RD",3960.00,N,N,A,-,N,,,,,,,,,,Y,4,0,1,1,A,-,08,22107,,N,E,J,A,A,H,-,B,D,0,,,,,Y,,A,07,0,0,1,0,0,0,0,0,0,"- ","- ",36.999090000000002,-119.40546999999999,FRESNO,UNINCORPORATED,-119.40504467,36.999629929999998
90240492,2016,2016-08-09,9435,2016-07-31,1520,016270,,7,2,9,1000,0,1,3,,2,245,"SR-245 (PINEHURST ROAD)","DARK CANYON RD",4224.00,S,N,A,-,Y,,,245,,,,,,,Y,4,0,1,1,A,-,03,22350,,N,F,A,A,A,H,-,A,D,0,,,,,Y,,A,01,0,0,1,0,0,0,0,0,0,"- ","- ",36.702159999999999,-119.00688,FRESNO,UNINCORPORATED,-119.0068406,36.702192189999998
90240720,2016,2016-08-09,9435,2016-07-31,2015,016270,,7,2,9,1000,0,1,3,,2,184,SR-180,"OLD OAK RD",5280.00,E,N,A,-,Y,,,180,,,,,,,Y,3,0,3,1,A,-,16,24002,A,N,E,I,A,A,H,-,A,D,0,,,,,Y,,M,47,0,1,2,0,0,0,0,0,0,"- ","- ",36.757950000000001,-119.1438,FRESNO,UNINCORPORATED,-119.14384348,36.758024079999998
90240755,2016,2016-08-09,9435,2016-07-31,2100,016860,,7,2,9,1000,0,1,3,,1,169,SR-168,"LITTLE SANDY RD",1584.00,W,N,A,-,Y,,,168,,,,,,,Y,3,0,2,2,A,-,03,22350,,N,C,C,A,A,H,-,D,D,0,,,,,Y,,A,07,0,1,1,0,0,0,0,0,0,"- ","- ",37.038890000000002,-119.50291,FRESNO,UNINCORPORATED,-119.50295409,37.038936820000004
90240845,2016,2016-08-09,9435,2016-08-01,1505,019980,,1,2,9,1000,0,3,5,,2,040,"MT. WHITNEY AVE.",SR-41,30.00,E,N,A,-,Y,,,,,,,,,,N,4,0,2,2,A,-,03,22350,,N,C,C,A,A,H,-,A,A,0,,,,,Y,,A,07,0,0,2,0,0,0,0,0,0,"- ","- ",36.431339999999999,-119.80058,FRESNO,UNINCORPORATED,-119.80119000000001,36.431060000000002
90240881,2016,2016-08-09,9435,2016-08-02,0935,019548,,2,1,9,1000,0,1,3,,1,169,"STATE ROUTE 168","WILDFLOWER LN",3696.00,E,N,A,-,Y,,,168,,,,,,,Y,3,0,1,1,A,-,01,23152,A,N,E,I,A,A,H,-,A,D,0,,,,,Y,Y,D,22,0,1,0,0,0,0,0,0,0,"- ","- ",37.009680000000003,-119.52906,FRESNO,UNINCORPORATED,-119.52898464,37.009710990000002
90240984,2016,2016-08-09,9435,2016-07-10,0918,019980,,7,1,9,1000,0,3,5,,2,010,"BULLARD AVE","VAN NESS BLVD",0.00,,Y,A,-,N,,,,,,,,,,Y,1,1,3,2,A,-,12,21453,A,N,D,C,A,A,H,-,A,A,0,,,,,Y,,A,01,0,2,1,0,0,0,0,0,0,"- ","- ",36.822749999999999,-119.83541,FRESNO,UNINCORPORATED,-119.83537993,36.822740019999998
90241016,2016,2016-08-09,9435,2016-07-20,1350,019039,,3,1,7,1005,0,1,3,,2,181,"STATE ROUTE 180 W/B","BLACKSTONE AVENUE",120.00,W,N,A,-,Y,,,180,,,,,,W,Y,2,0,2,2,A,-,03,22350,,N,C,C,A,A,H,-,A,D,0,,,,Y,Y,,G,26,1,1,0,0,0,0,0,0,0,"- ","- ",36.752090000000003,-119.79067000000001,FRESNO,FRESNO,-119.79066888,36.752084510000003
90241218,2016,2016-08-09,9435,2016-07-23,1000,013660,,6,1,9,1000,0,1,3,,2,410,"MANNING AVE","INDIANOLA AVE",521.00,E,N,A,-,N,,,,,,,,,,Y,3,0,1,1,A,-,08,22107,,N,E,I,A,A,H,-,A,D,0,,,,,Y,,A,01,0,1,0,0,0,0,0,0,0,"- ","- ",36.604959999999998,-119.58211,FRESNO,UNINCORPORATED,-119.58220648,36.605130000000003
90241241,2016,2016-08-09,9435,2016-08-05,0755,012846,Fresn,5,1,7,1005,0,1,3,,2,410,"SR-41 N/B","MCKINLEY AVE",550.00,S,N,A,-,Y,,,41,,,,,,N,N,4,0,1,2,A,-,03,22350,,N,C,C,A,A,H,-,A,D,0,,,,,Y,,A,01,0,0,1,0,0,0,0,0,0,"- ","- ",36.763509999999997,-119.77573,FRESNO,FRESNO,-119.7757455,36.763502729999999
90241454,2016,2016-08-10,9435,2016-07-26,0756,018920,,2,1,9,1000,0,3,5,,2,040,"DINUBA AVE","ZEDIKER AVE",0.00,,Y,A,-,N,,,,,,,,,,Y,2,0,3,3,A,-,12,22450,A,N,D,C,A,A,H,-,A,A,0,,,,,Y,,A,07,1,1,1,0,0,0,0,0,0,"- ","- ",36.590200000000003,-119.52113,FRESNO,UNINCORPORATED,-119.52112990000001,36.590170000000001
90241465,2016,2016-08-10,9435,2016-08-02,0530,017591,,2,3,9,1000,0,1,3,,1,146,"SR-145 (MADERA AVENUE)","AMERICAN AVENUE",0.00,,Y,A,-,Y,,,145,,,,,,,Y,3,0,1,2,A,-,09,21802,A,N,D,C,A,A,H,-,B,A,0,,,,,Y,,A,01,0,1,0,0,0,0,0,0,0,"- ","- ",36.661790000000003,-120.06098,FRESNO,UNINCORPORATED,-120.06109475,36.661790590000003
90241473,2016,2016-08-10,9435,2016-08-03,1335,016570,,3,1,7,1005,0,1,3,,2,410,"SR-41 N/B","MCKINLEY AVE. SOUTH ROADWAY EDGE",52.00,N,N,A,-,Y,,,41,,,,,,N,Y,3,0,1,2,A,-,08,22107,,N,E,I,A,A,H,-,A,D,0,,,,,Y,,A,01,0,1,0,0,0,0,0,0,0,"- ","- ",36.765050000000002,-119.77732,FRESNO,FRESNO,-119.77698159000001,36.765353060000002
90241548,2016,2016-08-10,9435,2016-07-26,0520,015181,,2,3,9,1000,0,3,5,,2,040,"MCCALL AVE","MOUNTAIN VIEW AVE",1056.00,S,N,A,-,N,,,,,,,,,,Y,4,0,4,2,A,-,08,22107,,N,C,C,A,A,H,-,A,D,0,,,,,Y,,A,08,0,0,4,0,0,0,0,0,0,"- ","- ",36.542900000000003,-119.61087999999999,FRESNO,UNINCORPORATED,-119.61089201999999,36.544121599999997
90241614,2016,2016-08-10,9435,2016-08-05,1447,019932,,5,2,7,1005,0,3,5,,2,034,"LEONARD AVE","SOUTH AVE",600.00,S,N,A,-,N,,,,,,,,,,Y,4,0,1,1,A,-,08,22107,,N,E,I,A,A,H,-,A,D,0,,,,,Y,,A,01,0,0,1,0,0,0,0,0,0,"- ","- ",36.618099999999998,-119.63739,FRESNO,FRESNO,-119.63737451999999,36.618173210000002
90241678,2016,2016-08-10,9435,2016-08-05,1800,020064,,5,2,7,1005,0,1,3,,2,410,"SR-41 N/B TO BULLARD AVENUE","BULLARD AVENUE",100.00,S,N,A,-,Y,,,41,,,,R,,N,N,4,0,1,2,A,-,03,22350,,N,C,C,A,A,H,-,A,A,0,,,,,Y,,A,07,0,0,1,0,0,0,0,0,0,"- ","- ",36.822609999999997,-119.78448,FRESNO,FRESNO,-119.78448,36.822609999999997
90241750,2016,2016-08-10,9435,2016-07-28,1700,019039,,4,2,9,1000,0,1,3,,1,630,"STATE ROUTE 63 (HILLS VALLEY ROAD)","STATE ROUTE 180 (KINGS CANYON ROAD)",3696.00,S,N,A,-,Y,,,63,,,,,,,Y,3,0,1,1,A,-,08,22107,,M,E,I,A,A,H,-,A,D,0,,,Y,,Y,,C,02,0,1,0,0,0,0,0,0,1,"- ","- ",36.723109999999998,-119.28498,FRESNO,UNINCORPORATED,-119.2849734,36.723114850000002
90241943,2016,2016-08-10,9435,2016-08-07,0035,019263,,7,3,9,1000,0,1,3,,1,169,SR-168,"LITTLEFIELD RD",528.00,W,N,A,-,Y,,,168,,,,,,,Y,3,0,1,1,A,-,01,23152,A,N,E,I,A,A,H,-,D,D,0,,,,,Y,Y,D,22,0,1,0,0,0,0,0,0,0,"- ","- ",37.079790000000003,-119.33445,FRESNO,UNINCORPORATED,-119.3343749,37.079689850000001
90242057,2016,2016-08-10,9435,2016-08-09,1640,020297,,2,2,7,1005,0,1,3,,2,410,"SR-41 N/B","SHAW AVE.",50.00,S,N,A,-,Y,,,41,,,,,,N,Y,3,0,3,2,A,-,03,22350,,N,C,C,A,A,H,-,A,D,0,,,,,Y,,A,01,0,2,1,0,0,0,0,0,0,"- ","- ",36.808230000000002,-119.78528,FRESNO,FRESNO,-119.78510891000001,36.808235119999999
90242079,2016,2016-08-10,9435,2016-08-03,1835,019039,,3,2,7,1005,0,1,3,,2,105,"SR99 N/B TO GOLDEN STATE BLVD","GOLDEN STATE BLVD",1584.00,S,N,A,-,Y,,,99,,,,R,,N,Y,3,0,1,1,A,-,01,23152,A,N,E,I,A,A,H,-,A,D,0,,,,,Y,Y,A,01,0,1,0,0,0,0,0,0,0,"- ","- ",36.790280000000003,-119.85795,FRESNO,FRESNO,-119.85795,36.790280000000003
90242199,2016,2016-08-10,9495,2016-07-29,0903,020481,,5,1,9,1000,0,3,5,,2,052,"LOS GATOS CREEK ROAD","DERRICK AVENUE",30624.00,W,N,A,-,N,,,,,,,,,,Y,2,0,1,1,A,-,03,22350,,N,E,I,A,A,H,-,A,D,0,,,Y,,Y,,C,02,1,0,0,0,0,0,0,0,1,"- ","- ",36.218400000000003,-120.47333,FRESNO,UNINCORPORATED,-120.47331333,36.218352170000003
90242210,2016,2016-08-10,9435,2016-08-02,1615,019263,,2,2,9,1000,0,1,3,,1,169,SR-168,"GOOSEBERRY LN",528.00,W,N,A,-,Y,,,168,,,,,,,Y,3,0,1,1,A,-,08,22107,,N,E,I,A,A,H,-,A,D,0,,,,,Y,,A,07,0,1,0,0,0,0,0,0,0,"- ","- ",37.016199999999998,-119.5253,FRESNO,UNINCORPORATED,-119.52534203,37.016185419999999
90242251,2016,2016-08-10,9495,2016-07-30,0453,019424,,6,3,9,1000,0,1,1,,2,002,"INTERSTATE 5 (SOUTHBOUND)","JEFFREY AVENUE",6864.00,S,N,A,-,Y,,,5,,,,,,,Y,3,0,2,2,A,-,08,22107,,N,C,C,A,A,H,-,D,D,0,,,,,Y,,A,01,0,2,0,0,0,0,0,0,0,"- ","- ",36.357520000000001,-120.32429,FRESNO,UNINCORPORATED,-120.32437071,36.357447909999998
90242479,2016,2016-08-11,9435,2016-08-08,1100,016570,,1,1,9,1000,0,3,5,,2,030,"CLINTON AVE","MAPLE AVE",150.00,W,N,A,-,N,,,,,,,,,,N,3,0,1,2,A,-,08,22107,,N,D,G,A,A,H,-,A,D,0,,,Y,,Y,,D,22,0,1,0,0,0,0,0,0,1,"- ","- ",36.772210000000001,-119.74603,FRESNO,UNINCORPORATED,-119.74589171,36.772297360000003
90242571,2016,2016-08-11,9435,2016-08-08,0805,016570,,1,1,7,1005,0,1,3,,2,410,"SR-41 N/B FROM TULARE AVE.","TULARE AVE",262.00,N,N,A,-,Y,,,41,,,,R,,N,Y,4,0,1,3,A,-,03,22350,,N,C,C,A,A,H,-,A,A,0,,,,,Y,,A,01,0,0,1,0,0,0,0,0,0,"- ","- ",36.744190000000003,-119.77634999999999,FRESNO,FRESNO,-119.77634999999999,36.744190000000003
90243498,2016,2016-08-12,9435,2016-08-06,1527,019932,,6,2,9,1000,0,1,3,,2,106,"SR-99 N/B","MERCED ST",1000.00,N,N,A,-,Y,,,99,,,,,,N,N,4,0,1,2,A,-,07,21658,A,N,B,C,A,A,H,-,A,D,0,,,,,Y,,E,22,0,0,1,0,0,0,0,0,0,"- ","- ",36.628959999999999,-119.68680000000001,FRESNO,UNINCORPORATED,-119.68681558,36.628942870000003
90243505,2016,2016-08-12,9435,2016-08-06,2115,020273,,6,2,7,1005,0,1,3,,2,105,"SR-99 N/B","STANISLAUS ST",850.00,N,N,A,-,Y,,,99,,,,,,N,Y,3,0,1,1,A,-,08,22107,,N,F,A,A,A,H,-,C,D,0,,,Y,,Y,,C,02,0,1,0,0,0,0,0,0,1,"- ","- ",36.736699999999999,-119.80524,FRESNO,FRESNO,-119.80526021999999,36.736676539999998
90243511,2016,2016-08-12,9435,2016-07-15,1703,019932,,5,2,9,1000,0,3,5,,2,034,"MANNING AVENUE E/B","SMITH AVE",0.00,,Y,A,-,N,,,,,,,,,,Y,4,0,1,2,A,-,09,21802,A,F,D,C,A,A,H,-,A,A,0,,,,,Y,,E,22,0,0,1,0,0,0,0,0,0,"- ","- ",36.604520000000001,-119.50247,FRESNO,UNINCORPORATED,-119.50245989,36.604500020000003
90243588,2016,2016-08-12,9435,2016-07-30,1115,013112,,6,1,9,1000,0,3,5,,2,020,"MANNING AVE","MCMULLIN GRADE",0.00,,Y,A,-,N,,,,,,,,,,Y,2,0,6,2,A,-,09,21802,A,N,D,C,A,A,H,-,A,A,0,,,,,Y,,A,07,1,3,2,0,0,0,0,0,0,"- ","- ",36.603839999999998,-120.04353,FRESNO,UNINCORPORATED,-120.04328995,36.603870110000003
90243597,2016,2016-08-12,9435,2016-08-02,0714,015602,,2,1,9,1000,0,3,5,,2,034,"BETHEL AVENUE","SOUTH AVENUE",0.00,,Y,A,-,N,,,,,,,,,,Y,4,0,1,2,A,-,09,21802,A,F,D,C,A,A,H,-,A,A,0,,,,,Y,,D,22,0,0,1,0,0,0,0,0,0,"- ","- ",36.619660000000003,-119.57489,FRESNO,UNINCORPORATED,-119.57480993,36.619650010000001
90243639,2016,2016-08-12,9435,2016-08-08,1718,019113,,1,2,9,1000,0,1,3,,1,430,"SR-43 (HIGHLAND AVENUE) SOUTHBOUND","NEBRASKA AVENUE",190.00,S,N,A,-,Y,,,43,,,,,,S,Y,4,0,1,2,A,-,01,23152,A,N,C,C,A,A,H,-,A,D,0,,,,,Y,Y,A,07,0,0,1,0,0,0,0,0,0,"- ","- ",36.561070000000001,-119.62891999999999,FRESNO,UNINCORPORATED,-119.62878133,36.56107008
90243668,2016,2016-08-12,9435,2016-08-09,1400,016833,,2,2,9,1000,0,3,5,,2,034,"CHESTNUT AVE",SR-99,342.00,N,N,A,-,N,,,,,,,,,,Y,4,0,2,2,A,-,03,22350,,N,C,C,A,A,H,-,A,D,0,,,,,Y,,A,07,0,0,2,0,0,0,0,0,0,"- ","- ",36.675150000000002,-119.73669,FRESNO,UNINCORPORATED,-119.73674776,36.675148729999997
90243907,2016,2016-08-12,9495,2016-08-02,1930,020298,,2,2,9,1000,0,1,1,,2,001,"INTERSTATE 5 NORTHBOUND","KAMM AVENUE",6336.00,N,N,A,-,Y,,,5,,,,,,N,Y,2,0,1,1,A,-,01,23152,A,N,E,I,A,A,H,-,A,D,0,,,,,Y,Y,A,01,1,0,0,0,0,0,0,0,0,"- ","- ",36.53687,-120.49558,FRESNO,UNINCORPORATED,-120.49562473,36.536809740000002
90244071,2016,2016-08-12,9495,2016-08-05,2240,020298,,5,3,9,1000,0,1,1,,2,001,"INTERSTATE 5 SOUTHBOUND","DERRICK AVE",16368.00,N,N,A,-,Y,,,5,,,,,,S,N,4,0,1,2,A,-,03,22350,,N,C,C,A,A,H,-,D,D,0,,,,,Y,,A,01,0,0,1,0,0,0,0,0,0,"- ","- ",36.49671,-120.45052,FRESNO,UNINCORPORATED,-120.45056098000001,36.496666650000002
90244083,2016,2016-08-12,9435,2016-08-01,2127,019980,,1,2,9,1000,0,3,5,,2,015,"SOUTH AVE.","ELM AVE.",1584.00,W,N,A,-,N,,,,,,,,,,N,3,0,1,1,C,-,18,,,N,H,A,A,A,H,-,D,D,0,,,,,Y,,-,"- ",0,1,0,0,0,0,0,0,0,"- ","- ",36.619729999999997,-119.79711,FRESNO,UNINCORPORATED,-119.79624393,36.619712300000003
90244643,2016,2016-08-15,9495,2016-08-05,1930,020332,,5,2,9,1000,0,1,1,,2,001,"INTERSTATE 5 S/B","DERRICK AVE",15840.00,N,N,A,-,Y,,,5,,,,,,S,Y,4,0,1,1,A,-,17,21711,,N,F,A,A,A,H,-,A,D,0,,,,,Y,,E,22,0,0,1,0,0,0,0,0,0,"- ","- ",36.47598,-120.43195,FRESNO,UNINCORPORATED,-120.43194865,36.475981279999999
90244663,2016,2016-08-15,9435,2016-08-05,1330,017310,,5,1,9,1000,0,1,3,,1,180,"SR-180 (WHITESBRIDGE AVE)","SR-180 (WHITESBRIDGE AVE.)",0.00,,Y,A,-,Y,,,180,,,,,,,Y,4,0,1,2,A,-,09,21802,A,N,D,C,A,A,H,-,A,A,0,,,,,Y,,A,07,0,0,1,0,0,0,0,0,0,"- ","- ",36.735019999999999,-119.96084,FRESNO,UNINCORPORATED,-119.96084046999999,36.735067260000001
90244720,2016,2016-08-15,9435,2016-08-08,0440,019603,,1,3,9,1000,0,3,5,,2,034,"JENSEN AVENUE W/B","DE WOLF AVENUE",1500.00,W,N,A,-,Y,,,,,,,,,,Y,4,0,1,2,A,-,03,22350,,N,C,C,A,A,H,-,D,D,0,,,,Y,Y,,A,01,0,0,1,0,0,0,0,0,0,"- ","- ",36.70749,-119.65139000000001,FRESNO,UNINCORPORATED,-119.65111062,36.707472950000003
90244757,2016,2016-08-15,9435,2016-08-06,0110,018944,,6,3,9,1000,0,3,5,,2,015,"MODOC AVE","JENSEN AVE.",4752.00,S,N,A,-,N,,,,,,,,,,Y,4,0,2,1,A,-,08,22107,,N,E,I,A,A,G,-,D,D,0,,,,,Y,,A,01,0,0,2,0,0,0,0,0,0,"- ","- ",36.700800000000001,-120.1782,FRESNO,UNINCORPORATED,-120.08776,36.69829
90244763,2016,2016-08-15,9435,2016-08-06,2150,018944,,6,2,9,1000,0,3,5,,2,015,"CALIFORNIA AVE.","MARKS AVE",640.00,E,N,A,-,N,,,,,,,,,,Y,4,0,1,1,A,-,01,23152,A,M,E,I,A,A,H,-,C,D,0,,,,,Y,Y,A,01,0,0,1,0,0,0,0,0,0,"- ","- ",36.721200000000003,-119.84229999999999,FRESNO,UNINCORPORATED,-119.84227776,36.721154679999998
90244804,2016,2016-08-15,9435,2016-08-05,1450,020419,,5,2,7,1005,0,1,3,,2,105,"SR-99 S/B","MCKINLEY AVE",490.00,N,N,A,-,Y,,,99,,,,,,S,Y,4,0,3,3,A,-,03,22350,,N,C,C,A,A,D,-,A,D,0,,,,,Y,,A,01,0,0,3,0,0,0,0,0,0,"- ","- ",36.765830000000001,-119.83490999999999,FRESNO,FRESNO,-119.83495855,36.765800609999999
90244822,2016,2016-08-15,9435,2016-07-18,0530,018809,,1,3,9,1000,0,3,5,,2,040,"MANNING AVENUE E/B","ZEDIKER AVE",0.00,,Y,A,-,N,,,,,,,,,,Y,4,0,5,2,A,-,12,21453,A,N,D,C,A,A,H,-,A,A,0,,,,,Y,,D,22,0,0,5,0,0,0,0,0,0,"- ","- ",36.604520000000001,-119.52126,FRESNO,UNINCORPORATED,-119.52100992,36.604550070000002
90244851,2016,2016-08-15,9495,2016-08-05,1459,018639,,5,2,9,1000,0,1,1,,2,003,"INTERSTATE 5 SOUTHBOUND","STATE ROUTE 269",3960.00,N,N,A,-,Y,,,,,,,,,,Y,3,0,1,2,A,-,17,23114,A,F,H,C,A,A,H,-,A,D,0,,,,,Y,,-,99,0,1,0,0,0,0,0,0,0,"- ","- ",36.087519999999998,-120.11166,FRESNO,UNINCORPORATED,-120.11074702000001,36.084818800000001
90244857,2016,2016-08-15,9435,2016-07-12,1030,015026,,2,1,9,1000,0,3,5,,2,025,"HERNDON AVE","MAINE AVE",21.00,E,N,A,-,N,,,,,,,,,,Y,4,0,3,2,A,-,03,22350,,N,C,C,A,A,H,-,A,D,0,,,,,Y,,D,22,0,0,3,0,0,0,0,0,0,"- ","- ",36.837420000000002,-119.65053,FRESNO,UNINCORPORATED,-119.65048829,36.837400000000002
90244981,2016,2016-08-15,9495,2016-08-06,0120,019453,,6,3,9,1000,0,1,1,,2,003,"INTERSTATE 5 N/B","JAYNE AVE",5280.00,N,N,A,-,Y,,,5,,,,,,N,Y,4,0,1,2,A,-,03,22350,,N,C,C,A,A,H,-,D,D,0,,,,,Y,,A,01,0,0,1,0,0,0,0,0,0,"- ","- ",36.154400000000003,-120.1738,FRESNO,UNINCORPORATED,-120.17384094000001,36.154362630000001
90244985,2016,2016-08-15,9435,2016-07-15,2105,020060,,5,2,9,1000,0,3,5,,2,015,"CHURCH AVE","HUGHES AVE",920.00,E,N,A,-,N,,,,,,,,,,Y,3,0,2,1,A,-,01,23152,A,N,E,I,A,A,H,-,D,D,0,,,,,Y,Y,A,07,0,1,1,0,0,0,0,0,0,"- ","- ",36.71405,-119.83268,FRESNO,UNINCORPORATED,-119.83268364,36.713957290000003
90245011,2016,2016-08-15,9435,2016-07-21,2043,020064,,4,2,9,1000,0,3,5,,2,050,"SJ&E ROAD","BULLPINE ROAD",81.00,S,N,A,-,N,,,,,,,,,,Y,2,0,1,1,A,-,01,23152,A,M,F,A,A,A,H,-,D,D,0,,,,,Y,Y,D,22,1,0,0,0,0,0,0,0,0,"- ","- ",37.065800000000003,-119.48029,FRESNO,UNINCORPORATED,-119.48041677000001,37.065890529999997
90245168,2016,2016-08-15,9495,2016-08-07,1528,019111,,7,2,9,1000,0,1,1,,2,002,"INTERSTATE 5 (N/B)","DERRICK AVENUE",200.00,N,N,A,-,Y,,,5,,,,,,,Y,3,0,2,2,A,-,04,21703,,N,C,C,A,A,H,-,A,D,0,,,,,Y,,A,01,0,1,1,0,0,0,0,0,0,"- ","- ",36.436419999999998,-120.39449,FRESNO,UNINCORPORATED,-120.39452473999999,36.43638962
90245179,2016,2016-08-15,9435,2016-08-09,0635,016570,,2,1,9,1000,0,1,3,,2,106,"SR-99 S/B","CENTRAL AVE",450.00,N,N,A,-,Y,,,99,,,,,,S,Y,4,0,1,2,A,-,08,22107,,N,C,C,A,A,H,-,B,D,0,,,,Y,Y,,A,01,0,0,1,0,0,0,0,0,0,"- ","- ",36.67886,-119.74271,FRESNO,UNINCORPORATED,-119.742722,36.678845860000003
90245502,2016,2016-08-16,9435,2016-08-04,0420,019473,,4,3,9,1000,0,3,5,,2,025,"FRIANT RD.","OLD FRIANT RD",0.00,,Y,A,-,N,,,,,,,,,,Y,3,0,5,2,A,-,09,21802,A,N,D,C,A,A,H,-,D,A,0,,,,,Y,,D,22,0,1,4,0,0,0,0,0,0,"- ","- ",36.911239999999999,-119.74272999999999,FRESNO,UNINCORPORATED,-119.76598998,36.895449999999997
90245737,2016,2016-08-16,9435,2016-08-10,0630,018574,,3,1,9,1000,0,3,5,,2,034,"GOLDEN STATE BLVD","AMERICAN AVE",800.00,N,N,A,-,N,,,,,,,,,,Y,4,0,1,1,A,-,08,22107,,M,E,I,A,A,H,-,A,D,0,,,,,Y,,A,07,0,0,1,0,0,0,0,0,0,"- ","- ",36.666020000000003,-119.72153,FRESNO,UNINCORPORATED,-119.72033336,36.665013629999997
90245789,2016,2017-05-30,9435,2016-08-08,0645,019523,,1,1,9,1000,0,3,5,,2,020,"MARKS AVE","KAMM AVE",0.00,,Y,A,-,N,,,,,,,,,,Y,1,1,1,2,A,-,12,22450,A,N,D,C,A,A,H,-,A,D,0,,,,,Y,,D,22,1,0,0,0,0,0,0,0,0,"- ","- ",36.832689999999999,-119.84520999999999,FRESNO,UNINCORPORATED,-119.84526986,36.532650019999998