CASE_ID,ACCIDENT_YEAR,PROC_DATE,JURIS,COLLISION_DATE,COLLISION_TIME,OFFICER_ID,REPORTING_DISTRICT,DAY_OF_WEEK,CHP_SHIFT,POPULATION,CNTY_CITY_LOC,SPECIAL_COND,BEAT_TYPE,CHP_BEAT_TYPE,CITY_DIVISION_LAPD,CHP_BEAT_CLASS,BEAT_NUMBER,PRIMARY_RD,SECONDARY_RD,DISTANCE,DIRECTION,INTERSECTION,WEATHER_1,WEATHER_2,STATE_HWY_IND,CALTRANS_COUNTY,CALTRANS_DISTRICT,STATE_ROUTE,ROUTE_SUFFIX,POSTMILE_PREFIX,POSTMILE,LOCATION_TYPE,RAMP_INTERSECTION,SIDE_OF_HWY,TOW_AWAY,COLLISION_SEVERITY,NUMBER_KILLED,NUMBER_INJURED,PARTY_COUNT,PRIMARY_COLL_FACTOR,PCF_CODE_OF_VIOL,PCF_VIOL_CATEGORY,PCF_VIOLATION,PCF_VIOL_SUBSECTION,HIT_AND_RUN,TYPE_OF_COLLISION,MVIW,PED_ACTION,ROAD_SURFACE,ROAD_COND_1,ROAD_COND_2,LIGHTING,CONTROL_DEVICE,CHP_ROAD_TYPE,PEDESTRIAN_ACCIDENT,BICYCLE_ACCIDENT,MOTORCYCLE_ACCIDENT,TRUCK_ACCIDENT,NOT_PRIVATE_PROPERTY,ALCOHOL_INVOLVED,STWD_VEHTYPE_AT_FAULT,CHP_VEHTYPE_AT_FAULT,COUNT_SEVERE_INJ,COUNT_VISIBLE_INJ,COUNT_COMPLAINT_PAIN,COUNT_PED_KILLED,COUNT_PED_INJURED,COUNT_BICYCLIST_KILLED,COUNT_BICYCLIST_INJURED,COUNT_MC_KILLED,COUNT_MC_INJURED,PRIMARY_RAMP,SECONDARY_RAMP,LATITUDE,LONGITUDE,COUNTY,CITY,POINT_X,POINT_Y
90245902,2016,2016-08-16,9435,2016-07-28,1915,020064,,4,2,7,1005,0,1,3,,2,410,"SR-41 S/B","SIERRA AVENUE O/C",425.00,S,N,A,-,Y,,,41,,,,,,S,Y,2,0,1,1,A,-,03,22350,,N,E,I,A,A,H,-,A,D,0,,,,,Y,,A,07,1,0,0,0,0,0,0,0,0,"- ","- ",36.828740000000003,-119.7851,FRESNO,FRESNO,-119.78520396,36.82874262
90245914,2016,2016-08-16,9435,2016-08-12,0635,017310,,5,1,9,1000,0,3,5,,2,040,"MANNING AVE. EASTBOUND","LEONARD AVE",2112.00,E,N,A,-,N,,,,,,,,,,N,4,0,1,1,A,-,08,22107,,N,E,I,A,A,H,-,A,D,0,,,,,Y,,A,01,0,0,1,0,0,0,0,0,0,"- ","- ",36.605359999999997,-119.62864,FRESNO,UNINCORPORATED,-119.63030203,36.605458849999998
90245948,2016,2016-08-16,9435,2016-08-12,0640,013112,,5,1,9,1000,0,1,3,,1,430,"SR43 (HIGHLAND AVE.) S/B","MOUNTAIN VIEW AVE",401.00,N,N,A,-,Y,,,43,,,,,,S,N,4,0,1,2,A,-,03,22350,,N,C,C,A,A,H,-,A,A,0,,,,Y,Y,,A,01,0,0,1,0,0,0,0,0,0,"- ","- ",36.548299999999998,-119.6289,FRESNO,UNINCORPORATED,-119.62873438,36.548299739999997
90245977,2016,2016-08-16,9435,2016-08-11,1643,016833,,4,2,9,1000,0,3,5,,2,034,"BETHEL AVE","AMERICAN AVE",2112.00,N,N,A,-,N,,,,,,,,,,Y,4,0,1,2,A,-,08,22107,,N,B,C,A,A,H,-,A,D,0,,,,,Y,,A,01,0,0,1,0,0,0,0,0,0,"- ","- ",36.668489999999998,-119.57444,FRESNO,UNINCORPORATED,-119.57441805000001,36.669006500000002
90246038,2016,2016-08-16,9435,2016-08-07,1640,019980,,7,2,7,1005,0,1,3,,2,410,"SR-41 S/B","MCKINLEY AVE",40.00,S,N,A,-,Y,,,41,,,,,,S,Y,4,0,1,1,A,-,08,22107,,N,E,I,A,A,H,-,A,D,0,,,,,Y,,A,01,0,0,1,0,0,0,0,0,0,"- ","- ",36.764830000000003,-119.77687,FRESNO,FRESNO,-119.77690267,36.764798659999997
90246052,2016,2016-08-16,9435,2016-07-18,1006,019980,,1,1,9,1000,0,3,5,,2,040,"ACADEMY AVE","ROSE AVE",0.00,,Y,A,-,N,,,,,,,,,,Y,3,0,2,2,A,-,09,21802,A,N,D,C,A,A,H,-,A,D,0,,,,,Y,,A,01,0,1,1,0,0,0,0,0,0,"- ","- ",36.569270000000003,-119.55559,FRESNO,UNINCORPORATED,-119.55679993,36.568700010000001
90246360,2016,2016-08-17,9435,2016-08-10,2352,018860,,3,3,7,1005,0,1,3,,2,105,"SR-99 N/B FROM VENTURA AVE.","VENTURA AVE.",53.00,N,N,A,-,Y,,,99,,,,R,,N,Y,4,0,1,1,A,-,01,23152,A,N,E,I,A,A,H,-,D,D,0,,,,,Y,Y,A,07,0,0,1,0,0,0,0,0,0,"- ","- ",36.725920000000002,-119.79295,FRESNO,FRESNO,-119.79295,36.725920000000002
90246385,2016,2016-08-17,9435,2016-08-11,0420,019385,,4,3,9,1000,0,3,5,,2,010,"ASHLAN AVENUE","FRUIT AVENUE",30.00,E,N,A,-,N,,,,,,,,,,Y,4,0,1,2,A,-,08,22107,,F,E,I,A,A,H,-,C,D,0,,,,,Y,,A,01,0,0,1,0,0,0,0,0,0,"- ","- ",36.79392,-119.81733,FRESNO,UNINCORPORATED,-119.81739763,36.793851859999997
90246522,2016,2016-08-17,9435,2016-08-09,0530,015181,,2,3,9,1000,0,3,5,,2,040,"MOUNTAIN VIEW AVENUE WESTBOUND","GOLDEN STATE BLVD",250.00,E,N,A,-,N,,,,,,,,,,N,4,0,1,2,A,-,03,22350,,N,C,C,A,A,H,-,A,A,0,,,,,Y,,D,22,0,0,1,0,0,0,0,0,0,"- ","- ",36.54674,-119.58935,FRESNO,UNINCORPORATED,-119.5901198,36.546988220000003
90246643,2016,2016-08-17,9435,2016-08-13,0720,015095,,6,1,9,1000,0,3,5,,2,034,"TEMPERANCE AVENUE","CENTRAL AVENUE",0.00,,Y,A,-,N,,,,,,,,,,Y,4,0,1,2,A,-,09,21802,A,N,D,C,A,A,H,-,A,A,0,,,,Y,Y,,A,01,0,0,1,0,0,0,0,0,0,"- ","- ",36.677250000000001,-119.66212,FRESNO,UNINCORPORATED,-119.66386992,36.678080020000003
90246718,2016,2016-08-24,9435,2016-07-28,1659,019039,,4,2,9,1000,0,1,3,,1,630,"STATE ROUTE 63 (HILLS VALLEY ROAD)","STATE ROUTE 180 (KINGS CANYON ROAD)",3168.00,S,N,A,-,Y,,,63,,,,,,,Y,1,1,0,1,A,-,03,22350,,N,E,I,A,A,H,-,A,D,0,,,Y,,Y,,C,02,0,0,0,0,0,0,0,1,0,"- ","- ",36.723109999999998,-119.28498,FRESNO,UNINCORPORATED,-119.2849734,36.723114850000002
90246841,2016,2016-08-17,9435,2016-08-13,2315,020078,,6,3,9,1000,0,1,3,,2,107,"SR-99 N/B FROM MOUNTAIN VIEW AVE","MOUNTAIN VIEW AVE",75.00,N,N,A,-,Y,,,99,,,,R,,N,Y,3,0,1,1,A,-,08,22107,,N,E,I,A,A,H,-,D,D,0,,,,,Y,,A,01,0,1,0,0,0,0,0,0,0,"- ","- ",36.547330000000002,-119.59578999999999,FRESNO,UNINCORPORATED,-119.59578999999999,36.547330000000002
90246843,2016,2016-08-17,9435,2016-08-13,1630,020060,,6,2,9,1000,0,3,5,,2,040,"FOWLER AVE","MANNING AVE",650.00,S,N,A,-,N,,,,,,,,,,Y,4,0,1,1,A,-,08,22107,,N,E,I,A,A,H,-,A,D,0,,,,,Y,,A,01,0,0,1,0,0,0,0,0,0,"- ","- ",36.603610000000003,-119.68235,FRESNO,UNINCORPORATED,-119.68240231,36.603665909999997
90246853,2016,2016-08-17,9435,2016-08-14,1100,017489,,7,1,9,1000,0,3,5,,2,025,"FRIANT ROAD","NORTH FORK ROAD",5.00,S,N,A,-,N,,,,,,,,,,N,4,0,2,2,A,-,03,22350,,N,C,C,A,A,H,-,A,A,0,,,,,Y,,A,01,0,0,2,0,0,0,0,0,0,"- ","- ",36.990290000000002,-119.71117,FRESNO,UNINCORPORATED,-119.71146988,36.990288800000002
90246909,2016,2016-08-17,9435,2016-08-14,1443,020122,,7,2,9,1000,0,3,5,,2,015,"SOUTH AVE","MAPLE AVE",150.00,W,N,A,-,N,,,,,,,,,,N,3,0,1,1,A,-,08,22107,,N,F,G,A,A,H,-,A,D,0,,,Y,,Y,,O,05,0,1,0,0,0,0,0,0,1,"- ","- ",36.619880000000002,-119.74728,FRESNO,UNINCORPORATED,-119.74636078,36.619880010000003
90246946,2016,2016-08-17,9435,2016-08-14,1140,015095,,7,1,9,1000,0,3,5,,2,034,"JENSEN AVENUE WESTBOUND","FOWLER AVENUE",45.00,E,N,A,-,N,,,,,,,,,,Y,3,0,1,2,A,-,03,22350,,N,C,C,A,A,H,-,A,A,0,,,,,Y,,A,01,0,1,0,0,0,0,0,0,0,"- ","- ",36.70384,-119.67408,FRESNO,UNINCORPORATED,-119.6818866,36.707480519999997
90247460,2016,2016-08-18,9435,2016-08-13,1005,017489,,6,1,7,1005,0,1,3,,1,180,"SR-180 E/B","HUGHES AVENUE",528.00,E,N,A,-,Y,,,180,,,,,,E,Y,2,0,2,1,A,-,08,22107,,N,E,I,A,A,H,-,A,D,0,,,,,Y,,A,01,1,1,0,0,0,0,0,0,0,"- ","- ",36.737839999999998,-119.82838,FRESNO,FRESNO,-119.82838357999999,36.738005630000004
90247467,2016,2016-08-18,9435,2016-08-12,0657,016833,,5,1,9,1000,0,3,5,,2,010,"PALM AVE","ASHLAN AVE",20.00,S,N,A,-,N,,,,,,,,,,N,4,0,3,1,D,-,00,,,F,H,J,A,A,H,-,A,D,0,,,,,Y,,-,"- ",0,0,3,0,0,0,0,0,0,"- ","- ",36.793880000000001,-119.80851,FRESNO,UNINCORPORATED,-119.80860122,36.793845109999999
90247549,2016,2016-08-18,9435,2016-08-13,1316,019932,,6,1,7,1005,0,3,5,,2,060,"MANNING AVE","ALTA AVE",60.00,E,N,A,-,N,,,,,,,,,,Y,4,0,2,2,A,-,09,21804,A,N,D,C,A,A,H,-,A,D,0,,,,,Y,,D,22,0,0,2,0,0,0,0,0,0,"- ","- ",36.603929999999998,-119.39448,FRESNO,FRESNO,-119.39474583000001,36.603936249999997
90247613,2016,2016-08-18,9435,2016-08-13,1731,019932,,6,2,9,1000,0,3,5,,2,040,"MANNING AVE. E/B","ACADEMY AVE.",2112.00,W,N,A,-,N,,,,,,,,,,Y,4,0,1,2,A,-,03,22350,,N,C,C,A,A,H,-,A,D,0,,,,,Y,,D,22,0,0,1,0,0,0,0,0,0,"- ","- ",36.604930000000003,-119.56021,FRESNO,UNINCORPORATED,-119.56414854000001,36.60513942
90247685,2016,2016-08-18,9435,2016-08-15,0535,013660,,1,3,9,1000,0,1,3,,1,145,"SR-145 (MADERA AVENUE)","CLINTON AVE",15.00,N,N,A,-,Y,,,145,,,,,,,Y,4,0,1,2,A,-,03,22350,,N,C,C,A,A,H,-,B,A,0,,,,,Y,,M,58,0,0,1,0,0,0,0,0,0,"- ","- ",36.7714,-120.06019999999999,FRESNO,UNINCORPORATED,-120.06019716,36.771400030000002
90247798,2016,2016-08-18,9495,2016-08-08,0745,019834,,1,1,9,1000,0,1,1,,2,002,"INTERSTATE 5 SOUTHBOUND","STATE ROUTE 145",4752.00,N,N,A,-,Y,,,5,,,,,,S,Y,3,0,2,1,A,-,08,22107,,N,F,A,A,A,H,-,A,D,0,,,,,Y,,A,01,0,1,1,0,0,0,0,0,0,"- ","- ",36.304549999999999,-120.27813999999999,FRESNO,UNINCORPORATED,-120.27806536,36.304617950000001
90247834,2016,2016-08-18,9495,2016-08-09,1615,019111,,2,2,9,1000,0,1,3,,1,013,"STATE ROUTE 145 (FRESNO COALINGA ROAD)","INTERSTATE 5",1000.00,N,N,A,-,Y,,,145,,,,,,,Y,3,0,1,2,A,-,08,22107,,N,D,C,A,A,H,-,A,D,0,,,,,Y,,A,01,0,1,0,0,0,0,0,0,0,"- ","- ",36.296439999999997,-120.2666,FRESNO,UNINCORPORATED,-120.26662519999999,36.29646975
90247861,2016,2016-08-18,9435,2016-07-31,0740,013112,,7,1,9,1000,0,3,5,,2,040,"EAST AVE","LAGUNA AVE",673.00,N,N,A,-,N,,,,,,,,,,Y,2,0,1,1,A,-,08,22107,,N,E,I,A,A,H,-,A,D,0,,,,,Y,,D,22,1,0,0,0,0,0,0,0,0,"- ","- ",36.418460000000003,-119.78042000000001,FRESNO,UNINCORPORATED,-119.7803802,36.418397400000003
90247876,2016,2016-08-18,9435,2016-08-08,1521,020419,,1,2,9,1000,0,3,5,,2,015,"CHURCH AVE","MARKS AVE",0.00,,Y,A,-,N,,,,,,,,,,Y,3,0,4,2,A,-,12,22450,A,N,D,C,A,A,H,-,A,A,0,,,,Y,Y,,A,01,0,3,1,0,0,0,0,0,0,"- ","- ",36.713889999999999,-119.84394,FRESNO,UNINCORPORATED,-119.84448985,36.713880080000003
90247892,2016,2016-08-18,9435,2016-08-15,1543,016833,,1,2,9,1000,0,3,5,,2,034,"FRONT AVE","GOULD AVE",170.00,S,N,A,-,N,,,,,,,,,,Y,3,0,1,2,A,-,06,21750,,N,D,C,A,A,H,-,A,D,0,,,,Y,Y,,D,22,0,1,0,0,0,0,0,0,0,"- ","- ",36.679279999999999,-119.73457000000001,FRESNO,UNINCORPORATED,-119.73452471,36.67931153
90247909,2016,2016-08-18,9435,2016-08-05,1550,020082,,5,2,9,1000,0,3,5,,2,010,"VALENTINE AVE","OLIVE AVE",0.00,,Y,A,-,N,,,,,,,,,,Y,4,0,1,2,A,-,09,21802,A,N,D,C,A,A,H,-,A,A,0,,,,,Y,,A,01,0,0,1,0,0,0,0,0,0,"- ","- ",36.757300000000001,-119.85306,FRESNO,UNINCORPORATED,-119.85322995,36.757360050000003
90249282,2016,2016-08-22,9435,2016-08-12,1720,020429,,5,2,9,1000,0,1,3,,1,183,SR-180,"OLIVER AVE",80.00,W,N,A,-,Y,,,180,,,,,,,Y,4,0,1,3,A,-,08,22107,,F,D,C,A,A,H,-,A,D,0,,,,,Y,,D,22,0,0,1,0,0,0,0,0,0,"- ","- ",36.73368,-119.49975999999999,FRESNO,UNINCORPORATED,-119.49975978000001,36.733683300000003
90249306,2016,2017-06-01,9435,2016-07-24,0726,016270,`,7,1,9,1000,0,3,5,,2,060,"ENNIS ROAD","GEORGE SMITH ROAD",60.00,S,N,A,-,N,,,,,,,,,,Y,1,1,0,1,A,-,03,22350,,N,F,A,A,A,H,-,A,D,0,,,,,Y,,D,22,0,0,0,0,0,0,0,0,0,"- ","- ",36.689250000000001,-119.21552,FRESNO,UNINCORPORATED,-119.2157,36.68918
90249317,2016,2016-08-22,9435,2016-08-12,1535,019962,,5,2,9,1000,0,3,5,,2,015,"SAN BENITO AVENUE","PANOCHE ROAD",8976.00,S,N,A,-,N,,,,,,,,,,Y,3,0,1,1,A,-,03,22350,,N,E,I,A,A,H,-,A,D,0,,,,Y,Y,,G,25,0,1,0,0,0,0,0,0,0,"- ","- ",36.70664,-120.36063,FRESNO,UNINCORPORATED,-120.36002999999999,36.728430000000003
90249386,2016,2016-08-22,9435,2016-08-13,1203,015095,,6,1,9,1000,0,3,5,,2,034,"NORTH AVENUE","CHESTNUT AVENUE",370.00,W,N,A,-,N,,,,,,,,,,Y,2,0,1,2,A,-,08,22107,,N,B,C,A,A,H,-,A,D,0,,,,,Y,,A,01,1,0,0,0,0,0,0,0,0,"- ","- ",36.692349999999998,-119.73802000000001,FRESNO,UNINCORPORATED,-119.73786104,36.692452729999999
90249412,2016,2016-08-22,9435,2016-08-15,1340,019980,,1,1,7,1005,0,1,3,,2,106,"SR-99 N/B","CEDAR AVE",575.00,N,N,A,-,Y,,,99,,,,,,N,Y,3,0,1,1,A,-,08,22107,,N,E,J,A,A,H,-,A,D,0,,,,,Y,,A,07,0,1,0,0,0,0,0,0,0,"- ","- ",36.690919999999998,-119.75609,FRESNO,FRESNO,-119.75641906,36.690526579999997
90249733,2016,2016-08-22,9435,2016-08-16,1050,012846,,2,1,7,1005,0,1,3,,1,168,"SR-168 E/B","SHIELDS AVENUE",700.00,W,N,A,-,Y,,,168,,,,,,E,Y,3,0,1,1,A,-,08,22107,,N,F,A,A,A,H,-,A,D,0,,,,,Y,,A,07,0,1,0,0,0,0,0,0,0,"- ","- ",36.777569999999997,-119.74899000000001,FRESNO,FRESNO,-119.74909911,36.777572149999997
90249806,2016,2016-08-22,9435,2016-08-14,1805,020060,,7,2,9,1000,0,3,5,,2,030,"MAPLE AVE","BROWN AVE",0.00,,Y,A,-,N,,,,,,,,,,Y,4,0,2,3,A,-,09,21802,A,N,D,C,A,A,H,-,A,A,0,,,,,Y,,A,01,0,0,2,0,0,0,0,0,0,"- ","- ",36.775010000000002,-119.74536000000001,FRESNO,UNINCORPORATED,-119.74534994,36.77499006
90249875,2016,2016-08-22,9435,2016-08-15,1155,016730,,1,1,7,1005,0,1,3,,2,181,"SR-180 E/B","CEDAR AVE",300.00,W,N,A,-,Y,,,180,,,,,,E,Y,4,0,1,3,A,-,03,22350,,N,C,C,A,A,H,-,A,D,0,,,,,Y,,A,01,0,0,1,0,0,0,0,0,0,"- ","- ",36.754800000000003,-119.75618,FRESNO,FRESNO,-119.75617991,36.754869579999998
90249888,2016,2016-08-22,9435,2016-08-16,1850,016833,,2,2,9,1000,0,3,5,,2,040,"ZEDIKER AVE","ROSE AVE",0.00,,Y,A,-,N,,,,,,,,,,Y,4,0,1,3,A,-,09,21802,A,N,D,C,A,A,H,-,A,D,0,,,,,Y,,A,01,0,0,1,0,0,0,0,0,0,"- ","- ",36.568510000000003,-119.52127,FRESNO,UNINCORPORATED,-119.52125998,36.568510099999997
90249919,2016,2016-08-22,9435,2016-08-15,0536,020680,,1,3,9,1000,0,3,5,,2,034,"ADAMS AVE.","SMITH AVE",640.00,W,N,A,-,N,,,,,,,,,,Y,2,0,5,4,A,-,16,24615,,N,A,C,A,A,H,-,D,D,0,,,,,Y,,M,46,3,0,2,0,0,0,0,0,0,"- ","- ",36.633499999999998,-119.5064,FRESNO,UNINCORPORATED,-119.50443909000001,36.633497460000001
90249989,2016,2016-08-22,9435,2016-08-19,0730,015095,,5,1,9,1000,0,3,5,,2,010,"ASHLAN AVENUE","PALM AVENUE",21.00,E,N,A,-,N,,,,,,,,,,Y,3,0,1,1,A,-,08,22107,,N,E,I,A,A,H,-,A,A,0,,,,,Y,,A,01,0,1,0,0,0,0,0,0,0,"- ","- ",36.790970000000002,-119.80370000000001,FRESNO,UNINCORPORATED,-119.80852833,36.793900000000001
90250007,2016,2016-08-22,9435,2016-08-19,0550,017489,,5,3,9,1000,0,3,5,,2,040,"KEARNEY BLVD","DICKENSON AVE",0.00,,Y,A,-,N,,,,,,,,,,Y,4,0,1,2,A,-,09,21802,A,N,D,C,A,A,H,-,B,A,0,,,,,Y,,A,08,0,0,1,0,0,0,0,0,0,"- ","- ",36.727339999999998,-119.96997,FRESNO,UNINCORPORATED,-119.96995994,36.727700050000003
90250042,2016,2016-08-22,9435,2016-08-15,1737,018609,,1,2,7,1005,0,1,3,,2,410,"SR-41 S/B","SHAW AVE",1000.00,N,N,A,-,Y,,,41,,,,,,S,Y,4,0,1,2,A,-,03,22350,,N,C,C,A,A,H,-,A,D,0,,,,,Y,,A,01,0,0,1,0,0,0,0,0,0,"- ","- ",36.811439999999997,-119.78543999999999,FRESNO,FRESNO,-119.78544691,36.811439929999999
90250189,2016,2016-08-23,9435,2016-08-17,1703,020297,,3,2,9,1000,0,3,5,,2,030,"SIERRA VISTA AVE.","SIMPSON AVE.",45.00,S,N,A,-,N,,,,,,,,,,N,3,0,1,2,A,-,09,21801,A,N,D,C,A,A,H,-,A,D,0,,,Y,,Y,,A,01,0,1,0,0,0,0,0,0,1,"- ","- ",36.778370000000002,-119.74078,FRESNO,UNINCORPORATED,-119.74081,36.77842648
90250364,2016,2016-08-23,9435,2016-08-18,2200,020060,,4,3,9,1000,0,3,5,,2,015,"MANNING AVE","MCMULLIN GRADE",0.00,,Y,A,-,N,,,,,,,,,,Y,4,0,3,2,A,-,12,22450,A,N,D,C,A,A,H,-,D,A,0,,,,Y,Y,,A,01,0,0,3,0,0,0,0,0,0,"- ","- ",36.603850000000001,-120.04326,FRESNO,UNINCORPORATED,-120.04328995,36.603870110000003
90250413,2016,2016-08-23,9435,2016-08-18,1720,020060,,4,2,9,1000,0,3,5,,2,015,"KEARNEY BLVD","DICKENSON AVE",4224.00,W,N,A,-,N,,,,,,,,,,Y,4,0,3,1,A,-,08,22107,,N,E,I,A,A,H,-,A,D,0,,,,,Y,,A,01,0,0,3,0,0,0,0,0,0,"- ","- ",36.727589999999999,-119.98471000000001,FRESNO,UNINCORPORATED,-119.9843657,36.727684850000003
90251012,2016,2016-08-23,9435,2016-08-18,1010,012846,,4,1,7,1005,0,1,3,,2,410,"SR-41 N/B FROM SHIELDS AVENUE W/B","SHIELDS AVENUE",540.00,N,N,A,-,Y,,,,,,,,,,Y,4,0,1,2,A,-,03,22350,,N,C,C,A,A,H,-,A,A,0,,,,,Y,,D,22,0,0,1,0,0,0,0,0,0,"- ","- ",36.367809999999999,-119.78425,FRESNO,FRESNO,-119.78454000000001,36.77975
90251037,2016,2016-08-23,9435,2016-08-20,1521,019932,,6,2,9,1000,0,3,5,,2,034,"ACADEMY AVE.","CENTRAL AVE.",0.00,,Y,A,-,N,,,,,,,,,,Y,4,0,1,2,A,-,12,22450,A,N,D,C,A,A,H,-,A,A,0,,,,,Y,,A,08,0,0,1,0,0,0,0,0,0,"- ","- ",36.67774,-119.55651,FRESNO,UNINCORPORATED,-119.55654989,36.677750109999998
90251084,2016,2016-08-23,9435,2016-08-19,0740,015026,,5,1,7,1005,0,1,3,,2,410,"SR-41 S/B","O ST",1056.00,N,N,A,-,Y,,,41,,,,,,S,Y,4,0,1,1,A,-,08,22107,,N,E,I,A,A,H,-,A,D,0,,,,,Y,,A,07,0,0,1,0,0,0,0,0,0,"- ","- ",36.736319999999999,-119.77764999999999,FRESNO,FRESNO,-119.77758882000001,36.736324089999997
90251114,2016,2016-08-23,9435,2016-08-19,2210,018944,,5,3,9,1000,0,1,3,,1,412,"SR-41 N/B","CONEJO AVE",200.00,N,N,A,-,Y,,,41,,,,,,N,Y,3,0,1,2,A,-,03,22350,,N,C,C,A,A,H,-,C,D,0,,,,Y,Y,,A,07,0,1,0,0,0,0,0,0,0,"- ","- ",36.518700000000003,-119.786,FRESNO,UNINCORPORATED,-119.78618315,36.518699300000002
90251159,2016,2016-08-23,9495,2016-08-15,0655,019111,,1,1,9,1000,0,1,3,,1,013,"STATE ROUTE 145","JEFFREY AVENUE",110.00,S,N,A,-,Y,,,145,,,,,,,Y,3,0,2,1,A,-,08,22107,,N,E,I,A,A,H,-,A,D,0,,,,,Y,,A,01,0,2,0,0,0,0,0,0,0,"- ","- ",36.371380000000002,-120.17856999999999,FRESNO,UNINCORPORATED,-120.17872921,36.371619619999997
90251346,2016,2016-08-24,9435,2016-08-15,1055,018574,,1,1,9,1000,0,1,3,,1,180,"SR-180 E/B","BRAWLEY AVE",0.00,,Y,A,-,Y,,,180,,,,,,E,Y,2,0,1,2,A,-,12,21453,A,N,D,C,A,A,H,-,A,A,0,,,,Y,Y,,A,01,1,0,0,0,0,0,0,0,0,"- ","- ",36.735520000000001,-119.86212999999999,FRESNO,UNINCORPORATED,-119.86212972,36.735498110000002
90251388,2016,2016-08-24,9435,2016-08-14,2030,017088,,7,2,9,1000,0,3,5,,2,060,"REED AVE.","LINCOLN AVE.",0.00,,Y,A,-,N,,,,,,,,,,Y,3,0,3,2,A,-,03,22350,,N,C,C,A,A,H,-,D,D,0,,,,,Y,,A,01,0,3,0,0,0,0,0,0,0,"- ","- ",36.385150000000003,-119.27273,FRESNO,UNINCORPORATED,-119.45758993,36.647700010000001
90251480,2016,2016-08-24,9435,2016-08-20,2037,019932,,6,2,9,1000,0,1,3,,2,106,"SR-99 S/B TO CENTRAL AVENUE","CENTRAL AVE.",0.00,,Y,A,-,Y,,,99,,,,R,,S,Y,4,0,2,2,A,-,09,21802,A,N,D,C,A,A,H,-,D,A,0,,,,,Y,,A,01,0,0,2,0,0,0,0,0,0,"- ","- ",36.67794,-119.74301,FRESNO,UNINCORPORATED,-119.74301,36.67794
90251568,2016,2016-08-24,9435,2016-08-22,0755,016730,,1,1,9,1000,0,3,5,,2,010,"HERNDON AVE.","PARKWAY DR",60.00,E,N,A,-,N,,,,,,,,,,N,4,0,2,2,A,-,03,22350,,N,C,C,A,A,H,-,A,D,0,,,,,Y,,A,01,0,0,2,0,0,0,0,0,0,"- ","- ",36.83182,-119.91812,FRESNO,UNINCORPORATED,-119.92417,36.836829999999999
90251673,2016,2016-08-24,9435,2016-08-22,1850,019113,,1,2,7,1005,0,1,3,,2,105,"SR-99 N/B TO SHAW AVENUE","SHAW AVENUE",1320.00,N,N,A,-,Y,,,99,,,,R,,N,N,3,0,1,1,A,-,03,22350,,N,F,A,A,A,H,-,A,D,0,,,Y,,Y,,C,02,0,1,0,0,0,0,0,0,1,"- ","- ",36.809429999999999,-119.88803,FRESNO,FRESNO,-119.88803,36.809429999999999
90252365,2016,2016-08-25,9435,2016-08-20,0910,017489,,6,1,9,1000,0,1,3,,2,106,"SR99 S/B TO CENTRAL AVE.","CENTRAL AVENUE",0.00,,Y,A,-,Y,,,99,,,,R,,S,N,4,0,1,2,A,-,09,21802,A,N,D,C,A,A,H,-,A,A,0,,,,,Y,,A,07,0,0,1,0,0,0,0,0,0,"- ","- ",36.678060000000002,-119.74317000000001,FRESNO,UNINCORPORATED,-119.74317000000001,36.678060000000002
90252373,2016,2016-08-25,9435,2016-08-22,1620,019895,,1,2,9,1000,0,3,5,,2,040,"FLORAL AVE","DE WOLF AVE",18.00,E,N,A,-,N,,,,,,,,,,Y,4,0,3,2,A,-,03,22350,,N,C,C,A,A,H,-,A,D,0,,,,,Y,,D,22,0,0,3,0,0,0,0,0,0,"- ","- ",36.576340000000002,-119.64660000000001,FRESNO,UNINCORPORATED,-119.64652873999999,36.576349860000001
90252378,2016,2016-08-25,9435,2016-08-19,1715,020429,,5,2,9,1000,0,1,3,,1,180,"SR-180 (WHITESBRIDGE AVE)","BISHOP AVE",0.00,,Y,A,-,Y,,,,,,,,,,Y,3,0,1,2,A,-,01,23152,A,N,A,C,A,A,H,-,A,D,0,,,,,Y,Y,A,01,0,1,0,0,0,0,0,0,0,"- ","- ",36.734960000000001,-119.00604,FRESNO,UNINCORPORATED,-120.006015,36.734951000000002
90252429,2016,2016-08-25,9435,2016-08-21,1710,019980,,7,2,7,1005,0,1,3,,2,181,"SR-180 W/B",SR-41,250.00,E,N,A,-,Y,,,180,,,,,,W,Y,4,0,2,1,A,-,03,22350,,N,E,I,A,A,H,-,A,D,0,,,,,Y,,A,08,0,0,2,0,0,0,0,0,0,"- ","- ",36.754899999999999,-119.77318,FRESNO,FRESNO,-119.77316779,36.754792070000001
90252539,2016,2016-08-25,9435,2016-08-21,2220,019263,,7,3,9,1000,0,1,3,,1,168,SR-168,"CRESSMAN RD",4224.00,E,N,A,-,Y,,,168,,,,,,,Y,2,0,1,1,A,-,08,22107,,N,E,I,A,A,H,-,D,D,0,,,,,Y,,A,01,1,0,0,0,0,0,0,0,0,"- ","- ",37.06962,-119.35460999999999,FRESNO,UNINCORPORATED,-119.35458694,37.069647279999998
90252713,2016,2016-08-25,9495,2016-08-19,1632,019205,,5,2,9,1000,0,1,1,,2,001,"INTERSTATE 5 FREEWAY (NORTHBOUND)","SR-33 (DERRICK AVENUE)",5280.00,N,N,A,-,Y,,,5,,,,,,,Y,4,0,1,2,A,-,03,22350,,N,C,C,A,A,H,-,A,D,0,,,,,Y,,A,01,0,0,1,0,0,0,0,0,0,"- ","- ",36.447099999999999,-120.40403999999999,FRESNO,UNINCORPORATED,-120.40406935999999,36.447073580000001