CASE_ID,ACCIDENT_YEAR,PROC_DATE,JURIS,COLLISION_DATE,COLLISION_TIME,OFFICER_ID,REPORTING_DISTRICT,DAY_OF_WEEK,CHP_SHIFT,POPULATION,CNTY_CITY_LOC,SPECIAL_COND,BEAT_TYPE,CHP_BEAT_TYPE,CITY_DIVISION_LAPD,CHP_BEAT_CLASS,BEAT_NUMBER,PRIMARY_RD,SECONDARY_RD,DISTANCE,DIRECTION,INTERSECTION,WEATHER_1,WEATHER_2,STATE_HWY_IND,CALTRANS_COUNTY,CALTRANS_DISTRICT,STATE_ROUTE,ROUTE_SUFFIX,POSTMILE_PREFIX,POSTMILE,LOCATION_TYPE,RAMP_INTERSECTION,SIDE_OF_HWY,TOW_AWAY,COLLISION_SEVERITY,NUMBER_KILLED,NUMBER_INJURED,PARTY_COUNT,PRIMARY_COLL_FACTOR,PCF_CODE_OF_VIOL,PCF_VIOL_CATEGORY,PCF_VIOLATION,PCF_VIOL_SUBSECTION,HIT_AND_RUN,TYPE_OF_COLLISION,MVIW,PED_ACTION,ROAD_SURFACE,ROAD_COND_1,ROAD_COND_2,LIGHTING,CONTROL_DEVICE,CHP_ROAD_TYPE,PEDESTRIAN_ACCIDENT,BICYCLE_ACCIDENT,MOTORCYCLE_ACCIDENT,TRUCK_ACCIDENT,NOT_PRIVATE_PROPERTY,ALCOHOL_INVOLVED,STWD_VEHTYPE_AT_FAULT,CHP_VEHTYPE_AT_FAULT,COUNT_SEVERE_INJ,COUNT_VISIBLE_INJ,COUNT_COMPLAINT_PAIN,COUNT_PED_KILLED,COUNT_PED_INJURED,COUNT_BICYCLIST_KILLED,COUNT_BICYCLIST_INJURED,COUNT_MC_KILLED,COUNT_MC_INJURED,PRIMARY_RAMP,SECONDARY_RAMP,LATITUDE,LONGITUDE,COUNTY,CITY,POINT_X,POINT_Y
90286371,2016,2016-10-07,9435,2016-09-29,1345,019980,,4,1,7,1005,0,3,5,,2,060,"CRAWFORD AVE","MANNING AVE",0.00,,Y,A,-,N,,,,,,,,,,Y,4,0,1,2,A,-,12,22450,A,N,D,C,A,A,H,-,A,A,0,,,,,Y,,A,01,0,0,1,0,0,0,0,0,0,"- ","- ",36.603700000000003,-119.37636999999999,FRESNO,FRESNO,-119.37669988,36.60369
90286383,2016,2016-10-07,9435,2016-09-30,1947,020419,,5,2,9,1000,0,3,5,,2,050,"FRAZIER RD","SPREADING OAK LN",300.00,E,N,A,-,N,,,,,,,,,,Y,2,0,3,1,A,-,03,22350,,N,E,I,A,A,H,-,D,D,0,,,,,Y,,A,01,1,1,1,0,0,0,0,0,0,"- ","- ",37.067779999999999,-119.50279999999999,FRESNO,UNINCORPORATED,-119.50283211999999,37.067719160000003
90286393,2016,2016-10-19,9435,2016-10-01,2355,020419,,6,3,9,1000,0,3,5,,2,034,"DE WOLF AVE","NORTH AVE",0.00,,Y,A,-,N,,,,,,,,,,Y,3,0,3,2,A,-,12,22450,A,N,D,C,A,A,H,-,D,A,0,,,,,Y,,A,07,0,2,1,0,0,0,0,0,0,"- ","- ",36.692549999999997,-119.64597000000001,FRESNO,UNINCORPORATED,-119.64596992,36.692549999999997
90286411,2016,2016-10-07,9435,2016-10-02,0220,020193,,7,3,9,1000,0,3,5,,2,020,"MANNING AVE","MARKS AVE",1500.00,E,N,A,-,N,,,,,,,,,,Y,3,0,1,1,A,-,01,23152,A,M,F,A,A,A,H,-,D,D,0,,,,,Y,Y,A,01,0,1,0,0,0,0,0,0,0,"- ","- ",36.605080000000001,-119.84021,FRESNO,UNINCORPORATED,-119.83969295999999,36.605123159999998
90286543,2016,2016-10-07,9435,2016-09-29,0835,017327,,4,1,7,1005,0,1,3,,2,410,"SR-41 S/B TO VAN NESS AVENUE","VAN NESS AVENUE",700.00,N,N,A,-,Y,,,41,,,,R,,S,Y,4,0,1,1,A,-,08,22107,,N,E,I,A,A,H,-,A,D,0,,,,,Y,,A,08,0,0,1,0,0,0,0,0,0,"- ","- ",36.731050000000003,-119.78046999999999,FRESNO,FRESNO,-119.78046999999999,36.731050000000003
90286595,2016,2016-10-07,9435,2016-09-30,2050,020082,,5,2,7,1005,0,1,3,,1,180,"SR-180 WESTBOUND","MARKS AVE",1712.00,E,N,A,-,Y,,,180,,,,,,W,N,4,0,1,2,A,-,03,22350,,F,C,C,A,A,H,-,A,D,0,,,,,Y,,-,99,0,0,1,0,0,0,0,0,0,"- ","- ",36.738390000000003,-119.83696999999999,FRESNO,FRESNO,-119.83697428000001,36.738348350000003
90286664,2016,2016-10-07,9435,2016-09-30,1833,020429,,5,2,9,1000,0,3,5,,2,020,"CENTRAL AVE","SR-41 S/B",130.00,W,N,A,-,Y,,,,,,,,,,Y,3,0,1,1,A,-,01,23152,A,M,F,A,A,A,H,-,A,D,0,,,,,Y,Y,A,01,0,1,0,0,0,0,0,0,0,"- ","- ",36.377780000000001,-119.78686,FRESNO,UNINCORPORATED,,
90286835,2016,2016-10-07,9435,2016-09-28,0800,019926,,3,1,7,1005,0,1,3,,2,410,"SR-41 N/B","VAN NESS AVE",100.00,S,N,A,-,Y,,,41,,,,,,N,Y,4,0,2,2,A,-,03,22350,,F,C,C,A,A,H,-,A,D,0,,,,,Y,,A,01,0,0,2,0,0,0,0,0,0,"- ","- ",36.727069999999998,-119.78386999999999,FRESNO,FRESNO,-119.78380765999999,36.727031320000002
90286864,2016,2016-10-07,9435,2016-09-25,0655,017310,,7,1,9,1000,0,3,5,,2,034,"LAC JAC AVE","MANNING AVE",0.00,,Y,A,-,N,,,,,,,,,,Y,4,0,3,2,A,-,12,21453,A,F,D,C,A,A,H,-,A,A,0,,,,,Y,,A,08,0,0,3,0,0,0,0,0,0,"- ","- ",36.604399999999998,-119.48443,FRESNO,UNINCORPORATED,-119.48448992,36.604390049999999
90287416,2016,2016-10-10,9435,2016-10-02,1845,020064,,7,2,7,1005,0,1,3,,2,410,"SR-41 N/B","SIERRA AVENUE O/C",200.00,S,N,A,-,Y,,,41,,,,,,N,Y,3,0,4,4,A,-,03,22350,,N,C,C,A,A,H,-,B,D,0,,,,,Y,,A,07,0,1,3,0,0,0,0,0,0,"- ","- ",36.830019999999998,-119.78489,FRESNO,FRESNO,-119.78490597,36.830021250000001
90287423,2016,2016-10-10,9435,2016-09-27,1610,019895,,2,2,9,1000,0,1,3,,1,180,SR-180,"MONROE AVE",150.00,W,N,A,-,Y,,,180,,,,,,,Y,3,0,3,2,A,-,03,22350,,N,C,C,A,A,H,-,A,A,0,,,,,Y,,A,01,0,1,2,0,0,0,0,0,0,"- ","- ",36.735219999999998,-119.94586,FRESNO,UNINCORPORATED,-119.9458597,36.735158599999998
90287428,2016,2016-10-10,9461,2016-10-03,2215,018354,,1,3,9,1000,0,2,4,,1,615,"NEES AVE.","WASHOE AVE.",105.00,E,N,A,-,N,,,,,,,,,,Y,4,0,1,1,A,-,08,22107,,N,E,I,A,A,H,-,D,D,0,,,,,Y,,A,07,0,0,1,0,0,0,0,0,0,"- ","- ",36.851179999999999,-120.46827999999999,FRESNO,UNINCORPORATED,-120.46806533,36.851213260000002
90287440,2016,2016-10-10,9435,2016-09-28,0748,018920,,3,1,9,1000,0,3,5,,2,015,"JENSEN AVE","BRAWLEY AVE",40.00,W,N,A,-,N,,,,,,,,,,Y,3,0,3,3,A,-,03,22350,,N,C,C,A,A,H,-,A,D,0,,,,Y,Y,,G,25,0,1,2,0,0,0,0,0,0,"- ","- ",36.706589999999998,-119.86179,FRESNO,UNINCORPORATED,-119.86250637000001,36.706519999999998
90287461,2016,2016-10-10,9435,2016-09-28,1940,019895,,3,2,9,1000,0,3,5,,2,020,"AMADOR AVE","CLARKSON AVE",350.00,E,N,A,-,N,,,,,,,,,,Y,3,0,2,1,A,-,08,22107,,N,E,I,A,A,H,-,B,D,0,,,,,Y,,A,01,0,1,1,0,0,0,0,0,0,"- ","- ",36.501019999999997,-120.26617,FRESNO,UNINCORPORATED,-120.26197847,36.496290809999998
90287583,2016,2016-10-10,9495,2016-09-30,0755,019205,,5,1,9,1000,0,1,1,,2,002,"INTERSTATE 5 FREEWAY (SOUTHBOUND)","DERRICK AVENUE",14784.00,S,N,A,-,Y,,,5,,,,,,,Y,4,0,1,2,A,-,03,22350,,N,C,C,A,A,H,-,A,D,0,,,,Y,Y,,A,01,0,0,1,0,0,0,0,0,0,"- ","- ",36.402090000000001,-120.36444,FRESNO,UNINCORPORATED,-120.3643558,36.402165310000001
90287586,2016,2016-10-10,9435,2016-09-29,0800,019926,,4,1,7,1005,0,3,5,,2,010,"SR-99 N/B TO OLIVE AVE","OLIVE AVE",200.00,S,N,A,-,Y,,,99,,,,R,,N,Y,4,0,1,1,A,-,08,22107,,N,E,I,A,A,H,-,A,D,0,,,,,Y,,A,01,0,0,1,0,0,0,0,0,0,"- ","- ",36.754890000000003,-119.82799,FRESNO,FRESNO,-119.82799,36.754890000000003
90287733,2016,2016-10-10,9435,2016-10-01,1035,013112,,6,1,9,1000,0,3,5,,2,040,"MOUNTAIN VIEW AVE","SR-41 N/B",111.00,E,N,A,-,N,,,,,,,,,,N,4,0,2,2,A,-,03,22350,,N,C,C,A,A,H,-,A,A,0,,,,,Y,,A,01,0,0,2,0,0,0,0,0,0,"- ","- ",36.547420000000002,-119.78532,FRESNO,UNINCORPORATED,-119.78563249,36.547325499999999
90287820,2016,2016-10-10,9495,2016-09-26,0750,018253,,1,1,9,1000,0,3,5,,2,053,"EL DORADO AVENUE","TORONADO AVENUE",75.00,S,N,A,-,N,,,,,,,,,,Y,3,0,1,2,A,-,09,21801,A,N,D,C,A,A,H,-,A,D,0,,,,Y,Y,,G,25,0,1,0,0,0,0,0,0,0,"- ","- ",36.195050000000002,-120.21091,FRESNO,UNINCORPORATED,-120.21072844,36.19528407
90287892,2016,2016-10-10,9435,2016-10-02,2327,020078,,7,3,9,1000,0,3,5,,2,030,"OLIVE AVE","WILLOW AVE",150.00,E,N,A,-,N,,,,,,,,,,Y,4,0,1,2,A,-,01,23152,A,N,C,C,A,A,H,-,D,D,0,,,,,Y,Y,D,22,0,0,1,0,0,0,0,0,0,"- ","- ",36.757440000000003,-119.7266,FRESNO,UNINCORPORATED,-119.72680832,36.757489999999997
90287955,2016,2016-10-10,9435,2016-09-21,2012,019895,,3,2,9,1000,0,3,5,,2,040,"THOMPSON AVE","MOUNTAIN VIEW AVE",0.00,,Y,A,-,N,,,,,,,,,,Y,1,1,0,2,A,-,12,22450,A,N,D,C,A,A,H,-,D,A,0,,,Y,,Y,,C,02,0,0,0,0,0,0,0,1,0,"- ","- ",36.547080000000001,-119.61987000000001,FRESNO,UNINCORPORATED,-119.61982990999999,36.547070009999999
90287968,2016,2016-10-10,9435,2016-09-18,0020,016270,,7,3,9,1000,0,3,5,,2,060,"DUNLAP RD","HOPEWELL RD",246.00,N,N,A,-,N,,,,,,,,,,Y,1,1,0,1,A,-,08,22107,,N,F,A,A,A,H,-,D,D,0,,,Y,,Y,Y,C,02,0,0,0,0,0,0,0,1,0,"- ","- ",36.746270000000003,-119.16364,FRESNO,UNINCORPORATED,-119.16335443,36.746056070000002
90288009,2016,2016-10-10,9495,2016-10-01,1930,019424,,6,2,9,1000,0,1,3,,2,005,"STATE ROUTE 33 (DERRICK AVENUE)","HARLAN AVENUE",5280.00,N,N,A,-,Y,,,33,,,,,,,Y,3,0,1,1,A,-,08,22107,,N,E,I,A,A,H,-,D,D,0,,,,,Y,,A,01,0,1,0,0,0,0,0,0,0,"- ","- ",36.457650000000001,-120.39346999999999,FRESNO,UNINCORPORATED,-120.39333685,36.45769499
90288041,2016,2016-10-10,9435,2016-09-24,0010,020680,,6,3,9,1000,0,3,5,,2,034,"GOLDEN STATE BLVD","MOUNTAIN VIEW AVE",620.00,S,N,A,-,N,,,,,,,,,,Y,3,0,1,1,A,-,01,23152,A,N,E,I,A,A,H,-,D,D,0,,,,,Y,Y,A,07,0,1,0,0,0,0,0,0,0,"- ","- ",36.545999999999999,-119.589,FRESNO,UNINCORPORATED,-119.58956341,36.54573207
90288075,2016,2016-10-10,9435,2016-10-03,0338,020419,,1,3,9,1000,0,1,3,,2,107,"SR-99 N/B","MANNNING AVE",3000.00,S,N,A,-,Y,,,99,,,,,,N,Y,3,0,1,1,C,-,18,,,N,E,J,A,A,H,-,D,D,0,,,,,Y,,-,"- ",0,1,0,0,0,0,0,0,0,"- ","- ",36.593350000000001,-119.64782,FRESNO,UNINCORPORATED,-119.64785463,36.593312089999998
90288174,2016,2016-10-10,9435,2016-09-29,1113,019610,,4,1,9,1000,0,3,5,,2,034,"CLOVIS AVE","JENSEN AVE",30.00,S,N,A,-,N,,,,,,,,,,Y,3,0,1,2,C,-,18,,,N,C,C,A,A,H,-,A,A,0,,,,,Y,,-,"- ",0,1,0,0,0,0,0,0,0,"- ","- ",36.706699999999998,-119.69970000000001,FRESNO,UNINCORPORATED,-119.70011923,36.707327659999997
90288233,2016,2016-10-10,9435,2016-09-30,1800,020273,,5,2,9,1000,0,3,5,,2,025,"HERNDON AVE","MCCALL AVE",0.00,,Y,A,-,N,,,,,,,,,,N,4,0,1,2,A,-,09,21802,A,N,B,C,A,A,H,-,A,A,0,,,Y,,Y,,A,01,0,0,1,0,0,0,0,0,1,"- ","- ",36.455120000000001,-119.49754,FRESNO,UNINCORPORATED,-119.60993995,36.837350010000002
90288376,2016,2016-10-10,9435,2016-10-01,1330,019263,,6,1,9,1000,0,3,5,,2,050,"AUBERRY RD","FRAZIER RD",95.00,S,N,A,-,N,,,,,,,,,,Y,3,0,2,1,A,-,08,22107,,N,F,A,A,A,H,-,A,D,0,,,Y,,Y,Y,C,02,0,2,0,0,0,0,0,0,2,"- ","- ",37.06718,-119.49411000000001,FRESNO,UNINCORPORATED,-119.49421,37.066089290000001
90288404,2016,2016-10-10,9435,2016-10-04,1050,017327,,2,1,9,1000,0,3,5,,2,040,"ELM AVENUE","CENTRAL AVENUE",0.00,,Y,A,-,N,,,,,,,,,,Y,4,0,1,2,A,-,09,21802,A,N,D,C,A,A,H,-,A,A,0,,,,,Y,,A,01,0,0,1,0,0,0,0,0,0,"- ","- ",36.677909999999997,-119.7907,FRESNO,UNINCORPORATED,-119.79076994,36.67794009
90288678,2016,2016-10-11,9435,2016-09-28,2210,019385,,3,3,9,1000,0,1,3,,1,183,"STATE ROUTE 180 EASTBOUND","MCCALL AVENUE",1056.00,E,N,B,-,Y,,,,,,,,,,Y,4,0,1,1,A,-,08,22107,,N,F,A,A,A,H,-,D,D,0,,,,,Y,,A,07,0,0,1,0,0,0,0,0,0,"- ","- ",36.735680000000002,-119.73568,FRESNO,UNINCORPORATED,-119.60647906,36.735759999999999
90288680,2016,2016-10-11,9435,2016-10-04,0040,019473,,2,3,9,1000,0,3,5,,2,015,"BISHOP AVE","AMERICAN AVE",136.00,S,N,A,-,N,,,,,,,,,,Y,4,0,1,1,A,-,08,22107,,N,F,A,A,A,H,-,D,D,0,,,,,Y,,A,01,0,0,1,0,0,0,0,0,0,"- ","- ",36.661740000000002,-120.00676,FRESNO,UNINCORPORATED,-120.00661074999999,36.661806740000003
90288975,2016,2016-10-11,9435,2016-10-04,1636,018609,,2,2,9,1000,0,3,5,,2,034,"JENSEN AVE.","PULLMAN ST",0.00,,Y,A,-,N,,,,,,,,,,N,4,0,1,2,A,-,09,21801,A,N,D,C,A,A,H,-,A,D,0,,,,,Y,,D,22,0,0,1,0,0,0,0,0,0,"- ","- ",36.706180000000003,-119.76038,FRESNO,UNINCORPORATED,-119.76031987,36.706890010000002
90288984,2016,2016-10-11,9435,2016-09-19,0058,020193,,1,3,9,1000,0,1,3,,1,180,SR-180,"CORNELIA AVE",1200.00,E,N,A,-,Y,,,180,,,,,,,Y,2,0,1,1,A,-,01,23152,A,N,E,I,A,A,H,-,D,D,0,,,,,Y,Y,A,01,1,0,0,0,0,0,0,0,0,"- ","- ",36.735439999999997,-119.87821,FRESNO,UNINCORPORATED,-119.87820996000001,36.735491570000001
90289002,2016,2016-10-11,9435,2016-10-03,1525,016507,,1,2,9,1000,0,3,5,,2,060,"ANNADALE AVE","MACDONOUGH AVE",1056.00,W,N,A,-,N,,,,,,,,,,Y,2,0,1,1,A,-,08,22107,,N,F,A,A,A,H,-,A,D,0,,,,,Y,,A,08,1,0,0,0,0,0,0,0,0,"- ","- ",36.7059,-119.48605000000001,FRESNO,UNINCORPORATED,-119.48646001,36.705847499999997
90289025,2016,2016-10-11,9435,2016-10-05,0807,016833,,3,1,7,1005,0,1,3,,2,105,"SR-99 S/B","TULARE ST",30.00,S,N,A,-,Y,,,99,,,,,,S,Y,4,0,1,2,A,-,03,22350,,N,C,C,A,A,H,-,A,D,0,,,,,Y,,D,22,0,0,1,0,0,0,0,0,0,"- ","- ",36.728819999999999,-119.79696,FRESNO,FRESNO,-119.79691412,36.728869369999998
90289047,2016,2016-10-11,9435,2016-10-06,1704,020082,,4,2,7,1005,0,1,3,,2,181,"SR-180 EASTBOUND","FRESNO ST.",296.00,W,N,A,-,Y,,,180,,,,,,E,Y,4,0,1,3,A,-,03,22350,,N,C,C,A,A,H,-,A,D,0,,,,,Y,,A,07,0,0,1,0,0,0,0,0,0,"- ","- ",36.753329999999998,-119.78294,FRESNO,FRESNO,-119.78293816,36.753317520000003
90289062,2016,2016-10-11,9435,2016-10-05,0755,012846,,3,1,7,1005,0,1,3,,2,181,"SR-180 W/B TO SR-41 S/B","BELMONT AVE",507.00,N,N,A,-,Y,,,,,,,,,,N,4,0,1,2,A,-,03,22350,,N,C,C,A,A,H,-,A,D,0,,,,,Y,,D,22,0,0,1,0,0,0,0,0,0,"- ","- ",36.776580000000003,-119.77658,FRESNO,FRESNO,-119.79530200000001,36.751012469999999
90289069,2016,2016-10-11,9435,2016-10-04,1506,018609,,2,2,9,1000,0,3,5,,2,034,"CLOVIS AVE. S/B","BUTLER AVE",100.00,N,N,A,-,N,,,,,,,,,,Y,3,0,2,2,A,-,03,22350,,N,C,C,A,A,H,-,A,A,0,,,,,Y,,A,01,0,1,1,0,0,0,0,0,0,"- ","- ",36.728839999999998,-119.70007,FRESNO,UNINCORPORATED,-119.70011119999999,36.728834480000003
90289095,2016,2016-10-11,9435,2016-10-06,1405,018914,,4,2,7,1005,0,1,3,,2,410,"SR-41 S/B","BARSTOW AVENUE",900.00,S,N,A,-,Y,,,41,,,,,,S,N,4,0,1,2,A,-,03,22350,,N,C,C,A,A,H,-,A,D,0,,,,,Y,,A,01,0,0,1,0,0,0,0,0,0,"- ","- ",36.812899999999999,-119.7855,FRESNO,FRESNO,-119.78546197999999,36.812900460000002
90289196,2016,2016-10-11,9495,2016-10-03,1515,019111,,1,2,9,1000,0,3,5,,2,052,"MT WHITNEY AVENUE","BUTTE AVE",1056.00,W,N,B,-,N,,,,,,,,,,Y,3,0,1,1,A,-,08,22107,,N,F,A,A,A,H,-,A,D,0,,,,,Y,,A,01,0,1,0,0,0,0,0,0,0,"- ","- ",36.429650000000002,-120.15835,FRESNO,UNINCORPORATED,-120.16062796,36.429486990000001
90289683,2016,2016-10-12,9435,2016-10-07,0715,012846,,5,1,9,1000,0,3,5,,2,025,"COPPER AVE","PEACH AVE",0.00,,Y,A,-,N,,,,,,,,,,N,4,0,1,2,A,-,03,22350,,N,C,C,A,A,H,-,A,D,0,,,,,Y,,A,01,0,0,1,0,0,0,0,0,0,"- ","- ",36.895879999999998,-119.7205,FRESNO,UNINCORPORATED,-119.72022993,36.895860089999999
90289694,2016,2016-10-12,9435,2016-10-03,1908,017518,,1,2,9,1000,0,3,5,,2,030,"WILLOW AVE","HARVEY AVE",0.00,,Y,B,-,N,,,,,,,,,,N,4,0,1,2,A,-,09,21801,A,N,D,C,A,A,H,-,D,D,0,,,Y,,Y,,A,01,0,0,1,0,0,0,0,0,1,"- ","- ",36.754130000000004,-119.72744,FRESNO,UNINCORPORATED,-119.7273299,36.754350000000002
90289710,2016,2016-10-12,9435,2016-10-03,1714,019113,,1,2,9,1000,0,3,5,,2,010,"SHAW AVENUE E/B","MAROA AVENUE",792.00,W,N,A,-,N,,,,,,,,,,Y,3,0,1,2,A,-,09,21804,A,N,C,C,A,A,H,-,A,D,0,,,,,Y,,A,01,0,1,0,0,0,0,0,0,0,"- ","- ",36.808349999999997,-119.80271,FRESNO,UNINCORPORATED,-119.80215353,36.808542080000002
90289717,2016,2016-10-12,9435,2016-10-11,0731,015026,,2,1,7,1005,0,1,3,,2,181,"SR-180 W/B","WILLOW AVE",1215.00,W,N,A,-,Y,,,180,,,,,,W,Y,3,0,2,2,A,-,03,22350,,N,C,C,A,A,H,-,A,D,0,,,,,Y,,A,01,0,1,1,0,0,0,0,0,0,"- ","- ",36.754019999999997,-119.73133,FRESNO,FRESNO,-119.7313338,36.753984879999997
90289725,2016,2016-10-12,9461,2016-10-10,0450,019637,,1,3,9,1000,0,1,3,,1,603,SR-33,"SHAIN AVE",1056.00,S,N,A,-,Y,,,,,,,,,,Y,3,0,3,1,A,-,08,22107,,N,E,I,A,A,H,-,D,D,0,,,,,Y,,A,01,0,3,0,0,0,0,0,0,0,"- ","- ",39.964649999999999,-120.63531,FRESNO,UNINCORPORATED,,
90289738,2016,2016-10-12,9435,2016-10-03,1430,017518,,1,2,7,1005,0,1,3,,2,410,"SR-41 N/B","OC'S NORTH EDGE",9.00,S,N,B,-,Y,,,41,,,,,,N,Y,4,0,1,2,A,-,03,22350,,N,C,C,A,A,H,-,A,D,0,,,,,Y,,A,01,0,0,1,0,0,0,0,0,0,"- ","- ",36.830170000000003,-119.78480999999999,FRESNO,FRESNO,-119.78489381999999,36.830176559999998
90289818,2016,2016-10-12,9435,2016-10-11,0745,015026,,2,1,7,1005,0,1,3,,1,168,"SR-168 W/B","CLINTON AVE",977.00,E,N,A,-,Y,,,,,,,,,,N,4,0,1,4,A,-,03,22350,,N,C,C,A,A,H,-,A,D,0,,,,,Y,,D,22,0,0,1,0,0,0,0,0,0,"- ","- ",36.775089999999999,-119.74936,FRESNO,FRESNO,-119.74948000000001,36.772300000000001
90289848,2016,2016-10-12,9435,2016-10-04,1553,017518,,2,2,7,1005,0,1,3,,2,182,"SR-180  E/B TO SR-168 E/B","CEDAR AVE",60.00,W,N,A,-,Y,,,180,,,,R,,E,Y,3,0,3,4,A,-,03,22350,,N,C,C,A,A,H,-,A,D,0,,,,,Y,,D,22,0,1,2,0,0,0,0,0,0,"- ","- ",36.754829999999998,-119.75447,FRESNO,FRESNO,-119.75447,36.754829999999998
90289891,2016,2017-03-23,9435,2016-09-17,1118,015095,,6,1,9,1000,0,3,5,,2,040,"MOUNTAIN VIEW AVENUE","ZEDIKER AVENUE",278.00,W,N,B,-,N,,,,,,,,,,N,1,1,1,3,A,-,03,22350,,F,F,A,A,A,D,-,A,D,0,,,Y,,Y,,C,02,1,0,0,0,0,0,0,1,1,"- ","- ",36.546729999999997,-119.52217,FRESNO,UNINCORPORATED,-119.52224554999999,36.546798520000003
90289895,2016,2016-10-12,9435,2016-10-06,1640,020273,,4,2,7,1005,0,1,3,,2,105,"SR-99 S/B","MCKINLEY AVE",350.00,S,N,A,-,Y,,,,,,,,,,Y,4,0,2,2,A,-,08,22107,,N,B,C,A,A,H,-,A,D,0,,,,,Y,,A,01,0,0,2,0,0,0,0,0,0,"- ","- ",36.45514,-119.49754,FRESNO,FRESNO,-119.83374603999999,36.763840649999999
90290183,2016,2016-10-12,9435,2016-10-11,0755,018574,,2,1,9,1000,0,1,3,,2,182,"SR-180 W/B","TEMPERANCE AVE",800.00,W,N,A,-,Y,,,180,,,,,,W,N,4,0,1,2,A,-,03,22350,,N,C,C,A,A,H,-,A,D,0,,,,,Y,,A,01,0,0,1,0,0,0,0,0,0,"- ","- ",36.745260000000002,-119.66997000000001,FRESNO,UNINCORPORATED,-119.66982688,36.74536707
90290214,2016,2016-10-12,9435,2016-10-11,1745,020297,,2,2,7,1005,0,1,3,,2,106,"SR-99 N/B","EL DORADO ST.",300.00,N,N,A,-,Y,,,99,,,,,,N,N,4,0,1,2,A,-,03,22350,,N,C,C,A,A,H,-,A,D,0,,,,,Y,,A,01,0,0,1,0,0,0,0,0,0,"- ","- ",36.738160000000001,-119.80725,FRESNO,FRESNO,-119.80723174000001,36.738188049999998
90290515,2016,2016-10-12,9435,2016-10-04,0615,014363,,2,1,9,1000,0,1,3,,2,106,"STATE ROUTE 99 (NORTHBOUND)","CLOVIS AVENUE",1150.00,S,N,A,-,Y,,,99,,,,,,,Y,4,0,1,2,A,-,07,21658,A,N,B,C,A,A,H,-,B,A,0,,,,,Y,,D,22,0,0,1,0,0,0,0,0,0,"- ","- ",36.639009999999999,-119.69758,FRESNO,UNINCORPORATED,-119.69766317,36.638924019999997
90291260,2016,2016-10-13,9435,2016-10-05,1651,018609,,3,2,9,1000,0,1,3,,2,106,"SR-99 S/B","CLOVIS AVE.",500.00,S,N,A,-,Y,,,99,,,,,,S,Y,4,0,2,4,A,-,03,22350,,N,C,C,A,A,H,-,A,D,0,,,,,Y,,D,22,0,0,2,0,0,0,0,0,0,"- ","- ",36.639589999999998,-119.69878,FRESNO,UNINCORPORATED,-119.69880652000001,36.63956116
90291263,2016,2016-10-13,9435,2016-10-08,1055,017088,,6,1,9,1000,0,1,3,,2,245,SR-245,"DUNLAP RD",2640.00,S,N,A,-,Y,,,245,,,,,,,Y,3,0,1,2,A,-,05,21650,,N,B,C,A,A,H,-,A,D,0,,,Y,,Y,,C,02,0,1,0,0,0,0,0,0,1,"- ","- ",36.67709,-119.01841,FRESNO,UNINCORPORATED,-119.01847682,36.67712882
90291301,2016,2016-10-13,9435,2016-10-11,0726,016833,,2,1,9,1000,0,3,5,,2,010,"GRANTLAND AVE","MCKINLEY AVE",0.00,,Y,A,-,N,,,,,,,,,,Y,4,0,1,2,A,-,09,21802,A,N,D,C,A,A,H,-,A,A,0,,,,,Y,,D,22,0,0,1,0,0,0,0,0,0,"- ","- ",36.764339999999997,-119.91625000000001,FRESNO,UNINCORPORATED,-119.91622999000001,36.764340070000003
90291306,2016,2016-10-13,9435,2016-09-26,1700,019113,,1,2,9,1000,0,3,5,,2,010,"SISKIYOU AVE","MCKINLEY AVENUE",0.00,,Y,A,-,N,,,,,,,,,,Y,4,0,1,2,A,-,01,23152,E,N,D,C,A,A,H,-,A,A,0,,,,,Y,,D,22,0,0,1,0,0,0,0,0,0,"- ","- ",36.76408,-120.07816,FRESNO,UNINCORPORATED,-120.07812994,36.764060100000002
90291316,2016,2016-10-13,9435,2016-10-11,0820,016833,,2,1,9,1000,0,3,5,,2,010,"SHAW AVE","FLOYD AVE",21.00,W,N,A,-,N,,,,,,,,,,Y,3,0,1,2,A,-,03,22350,,N,C,C,A,A,H,-,A,D,0,,,,,Y,,A,01,0,1,0,0,0,0,0,0,0,"- ","- ",36.807699999999997,-119.99760000000001,FRESNO,UNINCORPORATED,-119.99755168999999,36.807740209999999
90291339,2016,2016-10-13,9435,2016-09-30,2155,018809,,5,2,9,1000,0,3,5,,2,034,"PULLMAN STREET","JENSEN AVENUE E/B",0.00,,Y,A,-,N,,,,,,,,,,Y,2,0,2,3,A,-,01,23152,A,N,D,C,A,A,E,-,C,A,0,,,,,Y,Y,A,01,1,0,1,0,0,0,0,0,0,"- ","- ",36.706009999999999,-119.76033,FRESNO,UNINCORPORATED,-119.76031958999999,36.70599206
90291791,2016,2016-10-14,9435,2016-10-04,1540,017591,,2,2,9,1000,0,3,5,,2,040,"DINUBA AVE","ACADEMY AVE",20.00,W,N,A,-,N,,,,,,,,,,Y,4,0,1,2,A,-,01,23152,A,N,C,C,A,A,H,-,A,A,0,,,,,Y,Y,A,01,0,0,1,0,0,0,0,0,0,"- ","- ",36.590260000000001,-119.55697000000001,FRESNO,UNINCORPORATED,-119.55712807,36.590520210000001