CASE_ID,ACCIDENT_YEAR,PROC_DATE,JURIS,COLLISION_DATE,COLLISION_TIME,OFFICER_ID,REPORTING_DISTRICT,DAY_OF_WEEK,CHP_SHIFT,POPULATION,CNTY_CITY_LOC,SPECIAL_COND,BEAT_TYPE,CHP_BEAT_TYPE,CITY_DIVISION_LAPD,CHP_BEAT_CLASS,BEAT_NUMBER,PRIMARY_RD,SECONDARY_RD,DISTANCE,DIRECTION,INTERSECTION,WEATHER_1,WEATHER_2,STATE_HWY_IND,CALTRANS_COUNTY,CALTRANS_DISTRICT,STATE_ROUTE,ROUTE_SUFFIX,POSTMILE_PREFIX,POSTMILE,LOCATION_TYPE,RAMP_INTERSECTION,SIDE_OF_HWY,TOW_AWAY,COLLISION_SEVERITY,NUMBER_KILLED,NUMBER_INJURED,PARTY_COUNT,PRIMARY_COLL_FACTOR,PCF_CODE_OF_VIOL,PCF_VIOL_CATEGORY,PCF_VIOLATION,PCF_VIOL_SUBSECTION,HIT_AND_RUN,TYPE_OF_COLLISION,MVIW,PED_ACTION,ROAD_SURFACE,ROAD_COND_1,ROAD_COND_2,LIGHTING,CONTROL_DEVICE,CHP_ROAD_TYPE,PEDESTRIAN_ACCIDENT,BICYCLE_ACCIDENT,MOTORCYCLE_ACCIDENT,TRUCK_ACCIDENT,NOT_PRIVATE_PROPERTY,ALCOHOL_INVOLVED,STWD_VEHTYPE_AT_FAULT,CHP_VEHTYPE_AT_FAULT,COUNT_SEVERE_INJ,COUNT_VISIBLE_INJ,COUNT_COMPLAINT_PAIN,COUNT_PED_KILLED,COUNT_PED_INJURED,COUNT_BICYCLIST_KILLED,COUNT_BICYCLIST_INJURED,COUNT_MC_KILLED,COUNT_MC_INJURED,PRIMARY_RAMP,SECONDARY_RAMP,LATITUDE,LONGITUDE,COUNTY,CITY,POINT_X,POINT_Y
90291799,2016,2016-10-14,9435,2016-10-08,1030,017489,,6,1,9,1000,0,3,5,,2,020,"BELMONT AVENUE","DE WOLF AVENUE",50.00,E,N,A,-,N,,,,,,,,,,N,3,0,1,2,A,-,03,22350,,N,C,G,A,A,H,-,A,D,0,,Y,,,Y,,L,04,0,1,0,0,0,0,1,0,0,"- ","- ",36.750239999999998,-119.64585,FRESNO,UNINCORPORATED,-119.64573949,36.750267710000003
90291801,2016,2016-10-14,9435,2016-10-09,1550,019962,,7,2,7,1005,0,1,3,,2,410,"STATE ROUTE 41 NORTHBOUND","MCKINLEY AVENUE",400.00,N,N,A,-,Y,,,41,,,,,,N,Y,2,0,1,2,A,-,07,21658,A,N,E,I,A,A,H,-,A,D,0,,,Y,,Y,,A,01,1,0,0,0,0,0,0,0,1,"- ","- ",36.766530000000003,-119.7787,FRESNO,FRESNO,-119.77866858,36.76658991
90291875,2016,2016-10-14,9435,2016-10-04,0150,019385,,2,3,9,1000,0,3,5,,2,015,"AMERICAN AVENUE","STATE ROUTE 145",1056.00,W,N,A,-,N,,,,,,,,,,Y,4,0,1,1,A,-,01,23152,A,N,E,J,A,A,H,-,D,D,0,,,,,Y,Y,A,01,0,0,1,0,0,0,0,0,0,"- ","- ",36.662019999999998,-120.06468,FRESNO,UNINCORPORATED,-120.06468848999999,36.662024279999997
90291907,2016,2016-10-14,9435,2016-10-05,1730,018914,,3,2,9,1000,0,3,5,,2,030,"FOWLER AVENUE","FLORADORA AVENUE",528.00,S,N,A,-,N,,,,,,,,,,N,3,0,1,2,A,-,03,22350,,N,F,A,A,A,H,-,A,D,0,,,Y,,Y,,C,02,0,1,0,0,0,0,0,0,1,"- ","- ",36.759500000000003,-119.68210000000001,FRESNO,UNINCORPORATED,-119.68214616,36.75969078
90292061,2016,2016-10-14,9435,2016-10-03,0720,015468,,1,1,9,1000,0,3,5,,2,010,"SISKIYOU AVE","ASHLAN AVE",0.00,,Y,A,-,N,,,,,,,,,,Y,4,0,1,2,A,-,09,21802,A,N,D,C,A,A,H,-,A,D,0,,,,,Y,,A,01,0,0,1,0,0,0,0,0,0,"- ","- ",36.793129999999998,-120.07843,FRESNO,UNINCORPORATED,-120.07838986,36.793110079999998
90292154,2016,2016-10-14,9435,2016-10-10,1504,019113,,1,2,3,1015,0,1,3,,2,107,"SR-99 S/B","ROSE STREET",85.00,S,N,A,-,Y,,,99,,,,,,S,Y,4,0,1,2,A,-,01,23152,A,F,E,I,A,A,H,-,A,D,0,,,,,Y,Y,A,01,0,0,1,0,0,0,0,0,0,"- ","- ",36.568240000000003,-119.62042,FRESNO,SELMA,-119.62050698,36.568142530000003
90292929,2016,2016-10-17,9435,2016-10-12,0753,016833,,3,1,9,1000,0,3,5,,2,010,"WISHON AVE","SHAW AVE",11.00,N,N,A,-,N,,,,,,,,,,N,3,0,1,2,A,-,03,22350,,N,B,C,A,A,H,-,A,A,0,,,,,Y,,A,08,0,1,0,0,0,0,0,0,0,"- ","- ",36.80856,-119.80395,FRESNO,UNINCORPORATED,-119.80398,36.808349999999997
90292951,2016,2016-10-17,9435,2016-10-08,0233,020680,,6,3,7,1005,0,1,3,,2,410,"SR-41 N/B TO BULLARD AVE.","BULLARD AVE",45.00,S,N,A,-,Y,,,41,,,,R,,N,Y,4,0,1,3,A,-,01,23152,A,N,C,C,A,A,H,-,C,A,0,,,,,Y,Y,A,01,0,0,1,0,0,0,0,0,0,"- ","- ",36.822800000000001,-119.78440000000001,FRESNO,FRESNO,-119.78440000000001,36.822800000000001
90293004,2016,2016-10-17,9435,2016-10-13,1626,020060,,4,2,9,1000,0,3,5,,2,034,"DINUBA AVE","MENDOCINO AVE",0.00,,Y,A,-,N,,,,,,,,,,Y,4,0,3,3,A,-,09,21802,A,N,D,C,A,A,H,-,A,A,0,,,,,Y,,A,01,0,0,3,0,0,0,0,0,0,"- ","- ",36.590420000000002,-119.54798,FRESNO,UNINCORPORATED,-119.54798995,36.590409999999999
90293047,2016,2016-10-17,9435,2016-10-13,2030,020060,,4,2,9,1000,0,1,3,,1,183,"SR-180 E/B","BETHEL AVE",15.00,W,N,A,-,Y,,,180,,,,,,E,Y,4,0,3,2,A,-,03,22350,,N,C,C,A,A,H,-,C,A,0,,,,,Y,,A,01,0,0,3,0,0,0,0,0,0,"- ","- ",36.735709999999997,-119.57402999999999,FRESNO,UNINCORPORATED,-119.57403137,36.735904849999997
90293214,2016,2016-10-17,9435,2016-10-02,1150,013112,,7,1,9,1000,0,1,3,,1,411,"SR-41 S/B","MANNING AVE",0.00,,Y,A,-,Y,,,41,,,,,,S,Y,2,0,1,2,A,-,08,22101,D,N,D,C,A,A,H,-,A,A,0,,,,,Y,,A,07,1,0,0,0,0,0,0,0,0,"- ","- ",36.60519,-119.78664000000001,FRESNO,UNINCORPORATED,-119.78598949000001,36.6051918
90293245,2016,2016-10-17,9435,2016-10-10,1420,016570,,1,2,7,1005,0,1,3,,2,410,"SR-41 N/B","H ST",50.00,S,N,A,-,Y,,,41,,,,,,N,Y,4,0,1,1,A,-,08,22107,,N,E,I,A,A,H,-,A,D,0,,,,,Y,,A,07,0,0,1,0,0,0,0,0,0,"- ","- ",36.725369999999998,-119.78473,FRESNO,FRESNO,-119.78466326,36.725347839999998
90293248,2016,2016-10-17,9435,2016-10-15,1650,020060,,6,2,9,1000,0,3,5,,2,040,"MCCALL AVE","MANNING AVE",1200.00,S,N,A,-,N,,,,,,,,,,Y,4,0,1,2,A,-,03,22350,,N,C,C,A,A,H,-,A,D,0,,,,,Y,,A,01,0,0,1,0,0,0,0,0,0,"- ","- ",36.601820000000004,-119.61069999999999,FRESNO,UNINCORPORATED,-119.61069000000001,36.60209656
90293324,2016,2016-10-17,9435,2016-10-06,1920,018926,,4,2,3,1015,0,1,3,,2,107,"SR-99 S/B","FLORAL AVE",900.00,N,N,A,-,Y,,,99,,,,,,S,N,3,0,2,3,A,-,11,21954,A,N,G,B,E,A,H,-,D,D,0,Y,,,,Y,,N,60,0,1,1,0,1,0,0,0,0,"- ","- ",36.578569999999999,-119.63208,FRESNO,SELMA,-119.63204023999999,36.578612909999997
90293458,2016,2016-10-17,9435,2016-09-22,0805,019523,,4,1,7,1005,0,1,3,,2,182,"SR-180 W/B","CLOVIS AVE",528.00,W,N,A,-,Y,,,180,,,,,,W,Y,3,0,2,2,A,-,03,22350,,N,C,C,A,A,H,-,A,D,0,,,,,Y,,D,22,0,1,1,0,0,0,0,0,0,"- ","- ",36.75318,-119.70643,FRESNO,FRESNO,-119.70643385,36.753090040000004
90293552,2016,2016-10-17,9435,2016-10-07,1905,020060,,5,2,9,1000,0,3,5,,2,010,"BARSTOW AVE","MAROA AVE",0.00,,Y,A,-,N,,,,,,,,,,Y,4,0,1,2,A,-,01,23152,E,N,A,C,A,A,H,-,C,D,0,,,,,Y,,B,07,0,0,1,0,0,0,0,0,0,"- ","- ",36.815669999999997,-119.79940999999999,FRESNO,UNINCORPORATED,-119.79941998,36.815660020000003
90293556,2016,2016-10-17,9435,2016-09-30,1027,017310,,5,1,9,1000,0,1,3,,2,106,"SR-99 S/B","ADAMS AVE",6.00,N,N,A,-,Y,,,99,,,,,,S,Y,4,0,1,1,A,-,01,23152,A,N,E,I,A,A,H,-,A,D,0,,,,,Y,Y,A,01,0,0,1,0,0,0,0,0,0,"- ","- ",36.634540000000001,-119.69338,FRESNO,UNINCORPORATED,-119.69335157,36.63456935
90293586,2016,2016-10-17,9435,2016-10-08,0304,020419,,6,3,7,1005,0,1,3,,2,106,"STATE ROUTE-99 N/B","CLOVIS AVE UNDERCROSSING",1400.00,N,N,A,-,Y,,,,,,,,,,Y,2,0,2,2,A,-,01,23152,A,N,B,C,A,A,H,-,D,D,0,,,,Y,Y,Y,A,01,1,1,0,0,0,0,0,0,0,"- ","- ",36.646920000000001,-119.70649,FRESNO,FRESNO,,
90293649,2016,2016-10-17,9435,2016-10-12,1335,020297,,3,1,9,1000,0,3,5,,2,030,"CEDAR AVE. N/B","WELDON AVE.",0.00,,Y,A,-,N,,,,,,,,,,Y,3,0,1,2,A,-,09,21801,A,N,D,C,A,A,H,-,A,D,0,,,Y,,Y,,A,01,0,1,0,0,0,0,0,0,1,"- ","- ",36.76867,-119.75456,FRESNO,UNINCORPORATED,-119.75451993,36.768690040000003
90293721,2016,2016-10-17,9435,2016-10-02,0250,019648,,7,3,9,1000,0,1,3,,2,106,"SR-99 N/B","CLOVIS AVENUE",2640.00,N,N,A,-,Y,,,99,,,,,,N,Y,4,0,1,2,A,-,01,23152,A,N,C,C,A,A,H,-,D,D,0,,,,,Y,Y,A,01,0,0,1,0,0,0,0,0,0,"- ","- ",36.64499,-119.70447,FRESNO,UNINCORPORATED,-119.70442892,36.645035970000002
90293770,2016,2016-10-17,9435,2016-10-02,1718,020082,,7,2,7,1005,0,1,3,,2,105,"SR-99 NORTHBOUND","OLIVE AVE.",120.00,N,N,A,-,Y,,,99,,,,,,N,Y,4,0,1,1,A,-,08,22107,,N,F,A,A,A,H,-,A,D,0,,,,,Y,,A,01,0,0,1,0,0,0,0,0,0,"- ","- ",36.758009999999999,-119.82996,FRESNO,FRESNO,-119.82998438,36.757994439999997
90293773,2016,2016-10-18,9435,2016-09-30,0725,013112,,5,1,9,1000,1,4,S,,2,901,"WILSON STREET","SECOND STREET",35.00,S,N,A,-,N,,,,,,,,,,N,4,0,2,1,C,-,18,,,N,H,A,A,A,H,-,A,D,0,,,,,Y,,-,"- ",0,0,2,0,0,0,0,0,0,"- ","- ",36.562519999999999,-119.6176,FRESNO,UNINCORPORATED,-119.61742164,36.562637670000001
90293824,2016,2016-10-17,9435,2016-10-02,1330,020273,,7,1,9,1000,0,3,5,,2,025,"AUBERRY RD","COPPER AVE",7392.00,N,N,A,-,N,,,,,,,,,,N,4,0,1,2,D,-,00,,,M,B,G,A,A,H,-,A,D,0,,Y,,,Y,,-,"- ",0,0,1,0,0,0,1,0,0,"- ","- ",36.916499999999999,-119.7153,FRESNO,UNINCORPORATED,-119.71562600999999,36.916053959999999
90294365,2016,2016-10-26,9435,2016-09-30,2054,020060,,5,2,9,1000,0,3,5,,2,034,"ZEDIKER AVE","ADAMS AVE",2000.00,S,N,A,-,N,,,,,,,,,,Y,2,0,1,2,A,-,11,21954,A,F,G,B,E,A,H,-,D,D,0,Y,,,,Y,Y,N,60,1,0,0,0,1,0,0,0,0,"- ","- ",36.625880000000002,-119.52076,FRESNO,UNINCORPORATED,-119.52077427,36.628251130000002
90294549,2016,2016-10-18,9435,2016-10-04,1635,015181,,2,2,9,1000,0,3,5,,2,040,"CHERRY AVENUE","NEBRASKA AVENUE",0.00,,Y,A,-,N,,,,,,,,,,Y,3,0,2,2,A,-,09,21802,A,N,D,C,A,A,H,-,A,D,0,,,,,Y,,A,07,0,2,0,0,0,0,0,0,0,"- ","- ",36.561790000000002,-119.78216999999999,FRESNO,UNINCORPORATED,-119.7818999,36.561830030000003
90294558,2016,2016-10-18,9435,2016-10-04,1818,015181,,2,2,9,1000,0,3,5,,2,020,"MANNING AVENUE","MCMULLIN GRADE",0.00,,Y,A,-,N,,,,,,,,,,Y,2,0,3,2,A,-,09,21802,A,N,D,C,A,A,H,-,A,D,0,,,,,Y,,A,07,1,1,1,0,0,0,0,0,0,"- ","- ",36.604120000000002,-120.04318000000001,FRESNO,UNINCORPORATED,-120.04328995,36.603870110000003
90294861,2016,2016-10-18,9435,2016-10-11,1635,019369,,2,2,7,1005,0,1,3,,2,105,"SR-99 S/B","DAKOTA AVENUE",1584.00,S,N,A,-,Y,,,99,,,,,,S,Y,3,0,2,2,A,-,03,22350,,N,C,C,A,A,H,-,A,D,0,,,,Y,Y,,G,25,0,1,1,0,0,0,0,0,0,"- ","- ",36.783459999999998,-119.85054,FRESNO,FRESNO,-119.85053037,36.783470649999998
90294870,2016,2016-10-18,9435,2016-10-11,1431,017518,,2,2,9,1000,0,3,5,,2,040,"MOUNTAIN VIEW AVE","ZEDIKER AVE",20.00,E,N,A,-,N,,,,,,,,,,N,3,0,2,2,A,-,03,22350,,N,C,C,A,A,H,-,A,D,0,,,,,Y,,A,01,0,1,1,0,0,0,0,0,0,"- ","- ",36.546770000000002,-119.52117,FRESNO,UNINCORPORATED,-119.52123197,36.546790180000002
90295304,2016,2016-10-19,9435,2016-09-07,0809,018920,,3,1,7,1005,0,1,3,,2,410,"SR-41 N/B","SHAW AVE",20.00,N,N,A,-,Y,,,,,,,,,,Y,1,1,0,2,A,-,11,21950,B,N,G,B,D,A,H,-,A,D,0,Y,,,,Y,,N,60,0,0,0,1,0,0,0,0,0,"- ","- ",36.808480000000003,-119.28512000000001,FRESNO,FRESNO,-119.78375,36.808771
90295356,2016,2017-06-01,9435,2016-08-30,2355,015181,,2,3,9,1000,0,3,5,,2,015,"KEARNEY BLVD","CORNELIA AVENUE",1056.00,E,N,A,-,N,,,,,,,,,,Y,1,1,0,1,A,-,01,23152,A,N,E,J,A,A,H,-,D,D,0,,,,,Y,Y,D,22,0,0,0,0,0,0,0,0,0,"- ","- ",36.724870000000003,-119.8766,FRESNO,UNINCORPORATED,-119.87802172000001,36.726111770000003
90295384,2016,2016-10-19,9435,2016-10-12,0820,017327,,3,1,9,1000,0,3,5,,2,040,"TAHOE STREET","HENDERSON AVENUE",81.00,S,N,A,-,N,,,,,,,,,,N,4,0,1,2,A,-,08,22107,,F,D,E,A,A,H,-,A,D,0,,,,,Y,,A,08,0,0,1,0,0,0,0,0,0,"- ","- ",36.542439999999999,-119.83297,FRESNO,UNINCORPORATED,-119.83290770000001,36.542445100000002
90295406,2016,2016-10-19,9435,2016-10-15,1515,020082,,6,2,9,1000,0,3,5,,2,010,"SHAW AVE.","BUNGALOW LN",119.00,E,N,A,-,N,,,,,,,,,,N,4,0,1,2,A,-,03,22350,,N,C,C,A,A,H,-,A,D,0,,,,,Y,,A,07,0,0,1,0,0,0,0,0,0,"- ","- ",36.808529999999998,-119.79787,FRESNO,UNINCORPORATED,-119.7979138,36.808573629999998
90295711,2016,2016-10-19,9435,2016-10-18,1130,012846,,2,1,7,1005,0,1,3,,2,182,"SR-180 E/B TO CLOVIS AVENUE N/B","CLOVIS AVENUE",35.00,W,N,A,-,Y,,,180,,,,R,,E,N,3,0,2,2,A,-,03,22350,,N,C,C,A,A,H,-,A,A,0,,,,,Y,,A,07,0,1,1,0,0,0,0,0,0,"- ","- ",36.752079999999999,-119.70044,FRESNO,FRESNO,-119.70044,36.752079999999999
90295988,2016,2016-10-19,9435,2016-10-17,1539,018609,,1,2,9,1000,0,3,5,,2,034,"AMERICAN AVE","GOLDEN STATE BLVD",0.00,,N,A,-,N,,,,,,,,,,Y,3,0,1,2,A,-,08,22107,,N,D,C,A,A,H,-,A,A,0,,,,,Y,,A,01,0,1,0,0,0,0,0,0,0,"- ","- ",36.663670000000003,-119.71839,FRESNO,UNINCORPORATED,-119.71853993000001,36.66336003
90296013,2016,2016-10-19,9435,2016-10-10,0825,015026,,1,1,9,1000,0,3,5,,2,025,"CLOVIS AVE","DONNER AVE",0.00,,Y,A,-,N,,,,,,,,,,Y,3,0,2,2,A,-,09,21801,A,N,D,C,A,A,H,-,A,A,0,,,,,Y,,A,01,0,1,1,0,0,0,0,0,0,"- ","- ",36.79974,-119.70043,FRESNO,UNINCORPORATED,-119.70069993,36.799689999999998
90296174,2016,2016-10-19,9495,2016-09-27,1238,018253,,2,1,9,1000,0,1,3,,2,005,"STATE ROUTE 33 (COALINGA-MENDOTA ROAD)","INTERSTATE 5 S/B TO STATE ROUTE 33",0.00,,Y,A,-,Y,,,33,,,,,,,Y,3,0,2,2,A,-,09,21802,A,N,D,C,A,A,H,-,A,D,0,,,,Y,Y,,A,01,0,2,0,0,0,0,0,0,0,"- ","- ",36.293199999999999,-120.2704,FRESNO,UNINCORPORATED,-120.27051557,36.293348790000003
90296181,2016,2016-10-19,9435,2016-10-10,0833,015026,,1,1,9,1000,0,3,5,,2,025,"CLOVIS AVE","DONNER AVE",237.00,S,N,A,-,N,,,,,,,,,,Y,4,0,1,2,A,-,03,22350,,N,C,C,A,A,H,-,A,D,0,,,,,Y,,A,01,0,0,1,0,0,0,0,0,0,"- ","- ",36.799160000000001,-119.70048,FRESNO,UNINCORPORATED,-119.7007,36.799689999999998
90296224,2016,2016-10-19,9495,2016-07-27,1644,018639,,3,2,9,1000,0,1,3,,1,008,"STATE ROUTE 198","MADERA AVENUE",2640.00,E,N,A,-,Y,,,198,,,,,,,Y,1,1,1,2,A,-,08,22107,,N,A,C,A,A,H,-,A,D,0,,,,Y,Y,,A,01,0,1,0,0,0,0,0,0,0,"- ","- ",36.255409999999998,-120.05852,FRESNO,UNINCORPORATED,-120.05852004,36.255458760000003
90296640,2016,2016-10-20,9435,2016-10-11,1635,017518,,2,2,7,1005,0,1,3,,2,106,"SR-99 S/B","NORTH AVE",1056.00,N,N,A,-,Y,,,99,,,,,,S,N,4,0,2,3,A,-,03,22350,,N,C,C,A,A,H,-,A,D,0,,,,,Y,,A,07,0,0,2,0,0,0,0,0,0,"- ","- ",36.696129999999997,-119.76356,FRESNO,FRESNO,-119.76355359,36.69613734
90296646,2016,2016-10-20,9435,2016-10-11,1719,018609,,2,2,9,1000,0,3,5,,2,020,"TAHOE ST","HENDERSON RD",0.00,,Y,A,-,N,,,,,,,,,,Y,4,0,1,2,A,-,09,21801,A,N,D,C,A,A,H,-,A,A,0,,,,,Y,,D,22,0,0,1,0,0,0,0,0,0,"- ","- ",36.542610000000003,-119.83271999999999,FRESNO,UNINCORPORATED,-119.83270987,36.542600090000001
90296883,2016,2016-10-20,9495,2016-10-17,0538,019111,,1,3,9,1000,0,1,1,,2,001,"INTERSTATE 5 (N/B)","HUDSON AVENUE",5280.00,S,N,A,-,Y,,,,,,,,,,Y,3,0,1,1,A,-,08,22107,,N,F,A,A,A,H,-,D,D,0,,,,Y,Y,,G,25,0,1,0,0,0,0,0,0,0,"- ","- ",36.585079999999998,-120.53333000000001,FRESNO,UNINCORPORATED,-120.53810289,36.568495149999997
90297571,2016,2016-10-20,9495,2016-10-09,1350,017312,,7,1,9,1000,0,1,3,,1,014,"STATE ROUTE 269 (LASSEN AVENUE)","GALE AVENUE",0.00,,Y,A,-,Y,,,269,,,,,,,Y,3,0,3,2,A,-,12,22450,A,N,D,C,A,A,H,-,A,A,0,,,,,Y,,D,22,0,2,1,0,0,0,0,0,0,"- ","- ",36.181440000000002,-120.10342,FRESNO,UNINCORPORATED,-120.10328287,36.181447230000003
90298919,2016,2016-10-24,9435,2016-10-18,1750,017518,,2,2,7,1005,0,1,3,,2,410,"SR-41 S/B","DAKOTA AVE",300.00,N,N,A,-,Y,,,41,,,,,,S,Y,4,0,1,2,A,-,03,22350,,N,C,C,A,A,H,-,A,D,0,,,,,Y,,A,01,0,0,1,0,0,0,0,0,0,"- ","- ",36.789619999999999,-119.78429,FRESNO,FRESNO,-119.78445401,36.789616379999998
90298935,2016,2016-10-24,9435,2016-10-11,0740,016570,,2,1,7,1005,0,1,3,,2,105,"SR-99 S/B","SHAW AVE",2640.00,S,N,A,-,Y,,,99,,,,,,S,Y,3,0,1,3,A,-,01,23152,E,M,C,C,A,A,H,-,A,D,0,,,,,Y,,A,07,0,1,0,0,0,0,0,0,0,"- ","- ",36.803400000000003,-119.88012999999999,FRESNO,FRESNO,-119.8801366,36.803390180000001
90298939,2016,2016-10-24,9435,2016-10-11,1815,017591,,2,2,9,1000,0,3,5,,2,034,"RIVERBEND AVE","RAINBOW AVE",2220.00,S,N,A,-,N,,,,,,,,,,Y,4,0,1,3,A,-,03,22350,,N,C,C,A,A,H,-,B,D,0,,,,,Y,,A,01,0,0,1,0,0,0,0,0,0,"- ","- ",36.72681,-119.51285,FRESNO,UNINCORPORATED,-119.510963,36.719219670000001
90298943,2016,2016-10-24,9435,2016-10-02,2250,018809,,7,3,7,1005,0,1,3,,2,105,"STATE ROUTE-99 N/B","CLINTON AVENUE",350.00,N,N,A,-,Y,,,99,,,,,,N,Y,4,0,2,3,A,-,03,22350,,N,C,C,A,A,H,-,C,A,0,,,,,Y,,A,01,0,0,2,0,0,0,0,0,0,"- ","- ",36.773580000000003,-119.8396,FRESNO,FRESNO,-119.8396139,36.773569010000003
90298948,2016,2016-10-24,9435,2016-10-17,0410,019263,,1,3,9,1000,0,1,3,,1,168,SR-168,"TOLLHOUSE RD",2112.00,W,N,B,C,Y,,,168,,,,,,,Y,4,0,1,1,A,-,03,22350,,N,E,I,A,B,H,-,D,D,0,,,,,Y,,A,07,0,0,1,0,0,0,0,0,0,"- ","- ",36.947499999999998,-119.50633999999999,FRESNO,UNINCORPORATED,-119.50638951000001,36.947487379999998
90298955,2016,2016-10-24,9435,2016-10-15,0825,019610,,6,1,9,1000,0,3,5,,2,034,"AMERICAN AVE","ACADEMY AVE N/B",0.00,,Y,A,-,N,,,,,,,,,,Y,4,0,1,2,A,-,09,21802,A,N,D,C,A,A,H,-,A,A,0,,,,,Y,,A,01,0,0,1,0,0,0,0,0,0,"- ","- ",36.66319,-119.55633,FRESNO,UNINCORPORATED,-119.55636084,36.663193679999999
90298976,2016,2016-10-24,9435,2016-10-10,0313,020078,,1,3,9,1000,0,3,5,,2,025,"FRIANT RD","BLUFF VIEW AVE",2766.00,S,N,A,-,N,,,,,,,,,,Y,2,0,4,2,A,-,01,23152,A,N,A,C,A,A,H,-,D,D,0,,,,,Y,Y,A,01,4,0,0,0,0,0,0,0,0,"- ","- ",36.94558,-119.73029,FRESNO,UNINCORPORATED,-119.72592,36.95241
90298982,2016,2016-10-24,9435,2016-10-16,1625,020082,,7,2,9,1000,0,3,5,,2,015,"SOUTH AVE.","CLOVIS AVE.",0.00,,Y,B,-,N,,,,,,,,,,Y,3,0,1,2,A,-,09,21802,A,N,D,C,A,A,H,-,A,A,0,,,,,Y,,A,01,0,1,0,0,0,0,0,0,0,"- ","- ",36.620330000000003,-119.70025,FRESNO,UNINCORPORATED,-119.70021995,36.619930009999997
90299001,2016,2016-10-24,9435,2016-10-17,1725,020297,,1,2,7,1005,0,1,3,,2,181,"SR-180 E/B TO SR-41 N/B","OLIVE AVE.",50.00,N,N,A,-,Y,,,,,,,,,,Y,4,0,1,2,A,-,03,22350,,N,C,C,A,A,H,-,A,D,0,,,,,Y,,A,01,0,0,1,0,0,0,0,0,0,"- ","- ",36.757750000000001,-119.77513,FRESNO,FRESNO,,
90299010,2016,2016-10-24,9435,2016-10-14,1500,020273,,5,2,7,1005,0,1,3,,2,410,"SR-41 N/B","MCKINLEY AVE",125.00,S,N,A,-,Y,,,41,,,,,,N,N,4,0,1,2,A,-,03,22350,,N,C,C,A,A,H,-,A,D,0,,,,,Y,,A,01,0,0,1,0,0,0,0,0,0,"- ","- ",36.779400000000003,-119.78449999999999,FRESNO,FRESNO,-119.78458402,36.779405570000002
90299035,2016,2016-10-24,9435,2016-10-08,1241,014479,,6,1,9,1000,0,3,5,,2,030,"BELMONT AVE","BETHEL AVE",0.00,,Y,A,-,N,,,,,,,,,,Y,3,0,1,3,A,-,01,23152,A,N,D,C,A,A,H,-,A,D,0,,,,,Y,Y,A,01,0,1,0,0,0,0,0,0,0,"- ","- ",36.750149999999998,-119.57375,FRESNO,UNINCORPORATED,-119.57404988,36.750150040000001
90299112,2016,2016-10-24,9435,2016-10-06,1330,013112,,4,1,9,1000,0,1,3,,1,411,"SR-41 S/B","ADAMS AVE",0.00,,Y,A,-,Y,,,,,,,,,,Y,3,0,3,2,A,-,12,21453,A,N,D,C,A,A,H,-,A,A,0,,,,,Y,,A,01,0,1,2,0,0,0,0,0,0,"- ","- ",36.63438,-119.78465,FRESNO,UNINCORPORATED,-119.78611995,36.634240009999999
90299192,2016,2016-10-24,9435,2016-10-12,1130,019548,,3,1,9,1000,0,3,5,,2,050,"AUBERRY RD.","THUNDERBIRD RD.",452.00,W,N,A,-,N,,,,,,,,,,Y,4,0,1,1,A,-,08,22107,,N,E,I,A,A,H,-,A,D,0,,,,,Y,,A,01,0,0,1,0,0,0,0,0,0,"- ","- ",37.03557,-119.52338,FRESNO,UNINCORPORATED,-119.52368446,37.035454459999997
90299215,2016,2016-10-24,9435,2016-10-16,0820,019610,,7,1,9,1000,0,3,5,,2,030,"CLINTON AVE","CHESTNUT AVE",0.00,,Y,B,-,N,,,,,,,,,,Y,4,0,2,2,A,-,12,21453,A,N,D,C,A,A,H,-,A,A,0,,,,,Y,,A,01,0,0,2,0,0,0,0,0,0,"- ","- ",36.77225,-119.73631,FRESNO,UNINCORPORATED,-119.73640998,36.772240019999998
90299270,2016,2016-10-24,9435,2016-10-17,0650,017327,,1,1,9,1000,0,1,3,,1,412,"SR-41 N/B","RIVERDALE AVENUE",280.00,N,N,A,-,Y,,,41,,,,,,N,Y,3,0,1,2,A,-,06,21751,,N,A,C,A,A,H,-,A,D,0,,,,,Y,,D,22,0,1,0,0,0,0,0,0,0,"- ","- ",36.439219999999999,-119.79940999999999,FRESNO,UNINCORPORATED,-119.79949043000001,36.43923685
90299296,2016,2016-10-24,9435,2016-10-14,2146,020078,,5,2,7,1005,0,1,3,,2,410,"SR-41 N/B TO SR-180 E/B","BELMONT AVE. O/C",750.00,N,N,A,-,Y,,,41,,,,R,,N,Y,3,0,1,1,A,-,01,23152,A,N,E,I,A,A,H,-,D,D,0,,,,,Y,Y,D,22,0,1,0,0,0,0,0,0,0,"- ","- ",36.752719999999997,-119.77561,FRESNO,FRESNO,-119.77561,36.752719999999997
90299300,2016,2016-10-24,9435,2016-10-16,0245,020429,,7,3,9,1000,0,3,5,,2,060,"MONSON AVE","MANNING AVE",500.00,S,N,B,-,N,,,,,,,,,,Y,4,0,1,1,A,-,08,22107,,N,F,A,A,A,H,-,D,D,0,,,,,Y,,A,07,0,0,1,0,0,0,0,0,0,"- ","- ",36.601999999999997,-119.33177999999999,FRESNO,UNINCORPORATED,-119.33172042,36.601647960000001
90299314,2016,2016-10-31,9435,2016-09-27,1810,014286,,2,2,9,1000,0,3,5,,2,040,"SOUTH AVENUE","EAST AVENUE",0.00,,Y,A,-,N,,,,,,,,,,Y,1,1,0,2,A,-,05,21752,D,N,D,A,A,A,H,-,A,D,0,,,Y,,Y,,C,02,0,0,0,0,0,0,0,1,0,"- ","- ",36.619750000000003,-119.77275,FRESNO,UNINCORPORATED,-119.77286991,36.619790000000002