CASE_ID,ACCIDENT_YEAR,PROC_DATE,JURIS,COLLISION_DATE,COLLISION_TIME,OFFICER_ID,REPORTING_DISTRICT,DAY_OF_WEEK,CHP_SHIFT,POPULATION,CNTY_CITY_LOC,SPECIAL_COND,BEAT_TYPE,CHP_BEAT_TYPE,CITY_DIVISION_LAPD,CHP_BEAT_CLASS,BEAT_NUMBER,PRIMARY_RD,SECONDARY_RD,DISTANCE,DIRECTION,INTERSECTION,WEATHER_1,WEATHER_2,STATE_HWY_IND,CALTRANS_COUNTY,CALTRANS_DISTRICT,STATE_ROUTE,ROUTE_SUFFIX,POSTMILE_PREFIX,POSTMILE,LOCATION_TYPE,RAMP_INTERSECTION,SIDE_OF_HWY,TOW_AWAY,COLLISION_SEVERITY,NUMBER_KILLED,NUMBER_INJURED,PARTY_COUNT,PRIMARY_COLL_FACTOR,PCF_CODE_OF_VIOL,PCF_VIOL_CATEGORY,PCF_VIOLATION,PCF_VIOL_SUBSECTION,HIT_AND_RUN,TYPE_OF_COLLISION,MVIW,PED_ACTION,ROAD_SURFACE,ROAD_COND_1,ROAD_COND_2,LIGHTING,CONTROL_DEVICE,CHP_ROAD_TYPE,PEDESTRIAN_ACCIDENT,BICYCLE_ACCIDENT,MOTORCYCLE_ACCIDENT,TRUCK_ACCIDENT,NOT_PRIVATE_PROPERTY,ALCOHOL_INVOLVED,STWD_VEHTYPE_AT_FAULT,CHP_VEHTYPE_AT_FAULT,COUNT_SEVERE_INJ,COUNT_VISIBLE_INJ,COUNT_COMPLAINT_PAIN,COUNT_PED_KILLED,COUNT_PED_INJURED,COUNT_BICYCLIST_KILLED,COUNT_BICYCLIST_INJURED,COUNT_MC_KILLED,COUNT_MC_INJURED,PRIMARY_RAMP,SECONDARY_RAMP,LATITUDE,LONGITUDE,COUNTY,CITY,POINT_X,POINT_Y
90307953,2016,2016-11-01,9435,2016-10-23,1235,013112,,7,1,9,1000,0,3,5,,2,020,"ELKHORN AVE","ELM AVE",267.00,W,N,A,-,N,,,,,,,,,,Y,3,0,1,1,A,-,08,22107,,N,E,I,A,A,H,-,A,D,0,,,,,Y,,A,01,0,1,0,0,0,0,0,0,0,"- ","- ",36.489379999999997,-119.79852,FRESNO,UNINCORPORATED,-119.79850768,36.489317130000003
90308293,2016,2016-11-01,9435,2016-10-24,1930,019369,,1,2,9,1000,0,3,5,,2,015,"CORNELIA AVENUE","CALIFORNIA AVENUE",0.00,,Y,A,-,N,,,,,,,,,,Y,3,0,1,2,A,-,09,21802,A,N,D,C,A,A,H,-,D,A,0,,,,,Y,,A,01,0,1,0,0,0,0,0,0,0,"- ","- ",36.720950000000002,-119.88054,FRESNO,UNINCORPORATED,-120.36556996,36.149100079999997
90308714,2016,2017-05-01,9435,2016-10-24,1017,016730,,1,1,7,1005,0,1,3,,2,410,"SR-41 N/B","BROADWAY ST",75.00,S,N,B,-,Y,,,41,,,,,,N,Y,4,0,1,1,A,-,08,22107,,N,E,I,A,A,H,-,A,D,0,,,,Y,Y,,F,26,0,0,1,0,0,0,0,0,0,"- ","- ",36.726289999999999,-119.78434,FRESNO,FRESNO,-119.78425887,36.726252330000001
90308723,2016,2016-11-01,9435,2016-10-24,0210,020064,,1,3,9,1000,0,3,5,,2,050,"AUBERRY ROAD","GREEN MEADOW LANE",1056.00,N,N,B,-,N,,,,,,,,,,Y,4,0,1,1,A,-,08,22107,,N,E,I,A,B,H,-,D,D,0,,,,,Y,Y,A,07,0,0,1,0,0,0,0,0,0,"- ","- ",36.838830000000002,-119.78259,FRESNO,UNINCORPORATED,-119.58601784,37.00718758
90308728,2016,2016-11-01,9435,2016-10-24,1652,018914,,1,2,9,1000,0,3,5,,2,030,"CLOVIS AVENUE N/B","ASHLAN AVENUE",100.00,S,N,A,-,N,,,,,,,,,,Y,4,0,1,2,A,-,03,22350,,N,C,C,A,A,H,-,A,A,0,,,,,Y,,D,22,0,0,1,0,0,0,0,0,0,"- ","- ",36.792499999999997,-119.70001999999999,FRESNO,UNINCORPORATED,-119.70045578,36.79290554
90308836,2016,2016-11-01,9435,2016-10-29,1950,018920,,6,2,9,1000,0,3,5,,2,010,"MAROA AVE","BARSTOW AVE",0.00,,Y,B,-,N,,,,,,,,,,Y,3,0,4,2,A,-,09,21800,D,N,D,C,A,A,H,-,E,B,0,,,,,Y,,A,07,0,2,2,0,0,0,0,0,0,"- ","- ",36.815669999999997,-119.79939,FRESNO,UNINCORPORATED,-119.79941998,36.815660020000003
90308879,2016,2016-11-01,9495,2016-10-17,1505,017312,,1,2,9,1000,0,1,1,,2,003,"INTERSTATE 5, NORTHBOUND","JAYNE AVENUE",7920.00,N,N,A,-,Y,,,5,,,,,,N,Y,4,0,2,2,A,-,03,22350,,N,C,C,A,A,H,-,A,D,0,,,,Y,Y,,A,01,0,0,2,0,0,0,0,0,0,"- ","- ",36.156730000000003,-120.17587,FRESNO,UNINCORPORATED,-120.17594194,36.156664329999998
90308908,2016,2016-11-01,9495,2016-10-19,1930,020021,,3,2,9,1000,0,1,3,,1,013,"STATE ROUTE 145","INTERSTATE 5",10032.00,E,N,A,-,Y,,,145,,,,,,,Y,3,0,1,1,A,-,01,23152,A,N,F,A,A,A,H,-,D,D,0,,,,,Y,Y,A,07,0,1,0,0,0,0,0,0,0,"- ","- ",36.312629999999999,-120.24760000000001,FRESNO,UNINCORPORATED,-120.24758962999999,36.312617760000002
90309608,2016,2016-11-02,9435,2016-10-20,1650,018914,,4,2,9,1000,0,3,5,,2,010,"VALENTINE AVENUE","MCKINLEY AVENUE",0.00,,Y,A,-,N,,,,,,,,,,N,2,0,1,2,A,-,09,21802,A,N,D,C,A,A,H,-,A,A,0,,,,,Y,,A,07,1,0,0,0,0,0,0,0,0,"- ","- ",36.764600000000002,-119.8533,FRESNO,UNINCORPORATED,-119.85328995,36.764610009999998
90309611,2016,2016-11-02,9435,2016-10-23,0156,020062,,7,3,7,1005,0,1,3,,2,106,"SR-99 S/B","JENSEN AVE",1584.00,N,N,A,-,Y,,,99,,,,,,S,Y,4,0,1,1,A,-,08,22107,,N,E,I,A,A,H,-,D,D,0,,,,,Y,,A,01,0,0,1,0,0,0,0,0,0,"- ","- ",36.710509999999999,-119.77768,FRESNO,FRESNO,-119.77771285,36.710477189999999
90309615,2016,2016-11-02,9435,2016-10-25,0745,016730,,2,1,9,1000,0,3,5,,2,010,"SWIFT AVE","THORNE AVE",4.00,E,N,A,-,N,,,,,,,,,,N,4,0,1,2,A,-,03,22350,,N,G,G,A,A,H,-,A,A,0,,Y,,,Y,,A,07,0,0,1,0,0,0,1,0,0,"- ","- ",36.795659999999998,-119.81301000000001,FRESNO,UNINCORPORATED,-119.813,36.795699999999997
90309620,2016,2016-11-02,9435,2016-10-25,1705,019926,,2,2,9,1000,0,3,5,,2,010,"BULLARD AVE","COLONIAL AVE",10.00,W,N,A,-,N,,,,,,,,,,Y,4,0,2,2,A,-,03,22350,,N,C,C,A,A,H,-,A,D,0,,,,,Y,,A,01,0,0,2,0,0,0,0,0,0,"- ","- ",36.822879999999998,-119.80342,FRESNO,UNINCORPORATED,-119.80387414,36.822879999999998
90309939,2016,2016-11-02,9495,2016-10-21,1720,019834,,5,2,9,1000,0,1,3,,1,006,"STATE ROUTE 33","SUTTER AVENUE",10032.00,S,N,A,-,Y,,,33,,,,,,,Y,3,0,1,1,A,-,08,22107,,N,F,A,A,A,H,-,A,D,0,,,,,Y,,A,07,0,1,0,0,0,0,0,0,0,"- ","- ",36.029640000000001,-120.17419,FRESNO,UNINCORPORATED,-120.17416469,36.029670619999997
90310412,2016,2016-11-03,9435,2016-10-24,1725,016507,,1,2,9,1000,0,1,3,,2,184,"STATE ROUTE 180","ALTA AVE",600.00,W,N,A,-,Y,,,180,,,,,,,Y,4,0,1,1,A,-,08,22107,,N,E,J,A,A,H,-,A,D,0,,,,,Y,,A,08,0,0,1,0,0,0,0,0,0,"- ","- ",36.719850000000001,-119.39587,FRESNO,UNINCORPORATED,-119.39586909000001,36.719894420000003
90310416,2016,2016-11-03,9435,2016-10-27,0901,016833,,4,1,7,1005,0,1,3,,2,105,"SR-99 N/B","STANISLAUS ST",1056.00,N,N,B,-,Y,,,99,,,,,,N,Y,4,0,1,3,A,-,03,22350,,N,C,C,A,A,H,-,A,D,0,,,,,Y,,J,48,0,0,1,0,0,0,0,0,0,"- ","- ",36.736750000000001,-119.80517,FRESNO,FRESNO,-119.80524478,36.736663229999998
90310428,2016,2016-11-03,9435,2016-10-31,1452,017518,,1,2,9,1000,0,1,3,,1,180,"SR-180 (WHITESBRIDGE AVENUE)","BISHOP AVE",0.00,,Y,B,-,Y,,,180,,,,,,,Y,4,0,1,2,A,-,03,22350,,N,C,C,A,A,H,-,A,D,0,,,,,Y,,A,01,0,0,1,0,0,0,0,0,0,"- ","- ",36.734949999999998,-120.00604,FRESNO,UNINCORPORATED,-120.00604,36.734947040000002
90310431,2016,2016-11-03,9435,2016-10-25,1845,017591,,2,2,9,1000,0,3,5,,2,034,"BETHEL AVE","DINUBA AVE",0.00,,Y,A,-,N,,,,,,,,,,Y,3,0,2,2,A,-,12,22450,A,N,D,C,A,A,H,-,D,A,0,,,,,Y,,A,01,0,2,0,0,0,0,0,0,0,"- ","- ",36.59055,-119.57461000000001,FRESNO,UNINCORPORATED,-119.57488986,36.590610089999998
90310434,2016,2016-11-03,9435,2016-10-27,1133,019610,,4,1,5,1001,0,1,3,,1,168,"SR-168 E/B","BULLARD AVE",2640.00,W,N,A,-,Y,,,168,,,,,,E,Y,3,0,1,1,A,-,08,22107,,N,E,I,A,A,H,-,A,A,0,,,,,Y,,A,01,0,1,0,0,0,0,0,0,0,"- ","- ",36.82002,-119.72082,FRESNO,CLOVIS,-119.72071855,36.819902669999998
90310601,2016,2017-02-13,9435,2016-10-25,1310,019369,,2,1,7,1005,0,1,3,,2,410,"SR-41 S/B","SIERRA AVE",844.00,N,N,A,-,Y,,,41,,,,,,S,Y,3,0,1,2,A,-,07,21658,A,N,E,I,A,A,H,-,A,D,0,,,,,Y,,D,22,0,1,0,0,0,0,0,0,0,"- ","- ",36.832979999999999,-119.78519,FRESNO,FRESNO,-119.78518629,36.832980020000001
90310838,2016,2016-11-03,9435,2016-11-01,1735,018609,,2,2,7,1005,0,1,3,,2,106,"SR-99 S/B","ORANGE AVE",850.00,N,N,A,-,Y,,,99,,,,,,S,Y,3,0,1,3,A,-,03,22350,,N,C,C,A,A,H,-,A,D,0,,,,,Y,,A,01,0,1,0,0,0,0,0,0,0,"- ","- ",36.698140000000002,-119.76561,FRESNO,FRESNO,-119.76563997,36.698110460000002
90311408,2016,2016-11-04,9495,2016-10-22,1050,019205,,6,1,9,1000,0,1,1,,2,001,"INTERSTATE 5 (S/B) TO MANNING AVENUE","MANNING AVENUE",25.00,N,N,A,-,Y,,,5,,,,R,,,Y,4,0,2,1,A,-,03,22350,,N,F,A,A,A,H,-,A,A,0,,,,Y,Y,,G,25,0,0,2,0,0,0,0,0,0,"- ","- ",36.604430000000001,-120.58786000000001,FRESNO,UNINCORPORATED,-120.58786000000001,36.604430000000001
90311462,2016,2016-11-04,9435,2016-10-16,1000,013112,,7,1,9,1000,0,3,5,,2,040,"FOWLER AVE","RIVERDALE AVE",0.00,,Y,A,-,N,,,,,,,,,,Y,2,0,2,2,A,-,09,21802,A,N,D,C,A,A,H,-,A,A,0,,,,,Y,,A,01,1,0,1,0,0,0,0,0,0,"- ","- ",36.438119999999998,-119.68805999999999,FRESNO,UNINCORPORATED,-119.68792988,36.43811006
90311467,2016,2016-11-04,9435,2016-10-28,1345,015095,,5,1,9,1000,0,3,5,,2,040,"BETHEL AVENUE","MOUNTAIN VIEW AVENUE W/B",0.00,,Y,B,-,N,,,,,,,,,,Y,4,0,2,2,A,-,12,22450,A,N,D,C,A,A,D,-,A,A,0,,,,,Y,,A,07,0,0,2,0,0,0,0,0,0,"- ","- ",36.546680000000002,-119.57559000000001,FRESNO,UNINCORPORATED,-119.57514882,36.546877299999998
90311481,2016,2016-11-04,9435,2016-10-21,1715,018926,,5,2,7,1005,0,1,3,,2,181,"SR-180 E/B TO SR-168 E/B","CEDAR AVE",250.00,W,N,A,-,Y,,,180,,,,R,,E,Y,4,0,2,3,A,-,03,22350,,N,C,C,A,A,H,-,A,D,0,,,,,Y,,D,22,0,0,2,0,0,0,0,0,0,"- ","- ",36.756970000000003,-119.75017,FRESNO,FRESNO,-119.75017,36.756970000000003
90311485,2016,2016-11-04,9435,2016-10-29,0655,019548,,6,1,9,1000,0,1,3,,1,169,"SR-168 E/B","BEAL FIRE ROAD",2640.00,E,N,A,-,Y,,,168,,,,,,E,Y,2,0,2,1,A,-,01,23152,A,N,E,I,A,B,H,-,A,D,0,,,,,Y,Y,D,22,2,0,0,0,0,0,0,0,0,"- ","- ",37.047499999999999,-119.40877,FRESNO,UNINCORPORATED,-119.40885255000001,37.047439009999998
90311488,2016,2016-11-04,9435,2016-10-27,0748,019610,,4,1,9,1000,0,3,5,,2,030,"HAMMOND AVE","DE WOLF AVE",0.00,,Y,A,-,N,,,,,,,,,,Y,4,0,3,5,A,-,09,21800,B,N,D,C,A,A,H,-,A,D,0,,,,,Y,,A,01,0,0,3,0,0,0,0,0,0,"- ","- ",36.75902,-119.64603,FRESNO,UNINCORPORATED,-119.64598995,36.758670029999998
90311493,2016,2016-11-04,9435,2016-10-22,1100,019210,,6,1,7,1005,0,1,3,,2,105,"SR-99 S/B FROM OLIVE AVE","OLIVE AVE",730.00,S,N,A,-,Y,,,99,,,,R,,S,Y,4,0,1,2,A,-,03,22350,,N,C,C,A,A,H,-,A,D,0,,,,,Y,,A,01,0,0,1,0,0,0,0,0,0,"- ","- ",36.755629999999996,-119.8289,FRESNO,FRESNO,-119.8289,36.755629999999996
90311496,2016,2016-11-04,9435,2016-10-24,0204,020062,,1,3,9,1000,0,1,3,,2,105,"SR99 N/B","MCKINLEY AVE",1320.00,S,N,B,-,Y,,,,,,,,,,Y,4,0,1,2,A,-,03,22350,,M,C,C,A,B,H,-,C,D,0,,,,Y,Y,,A,01,0,0,1,0,0,0,0,0,0,"- ","- ",36.762720000000002,-119.83257999999999,FRESNO,UNINCORPORATED,-119.83209728,36.76144274
90311509,2016,2016-11-04,9435,2016-10-21,1500,020273,,5,2,9,1000,0,3,5,,2,015,"MADSEN AVE","CARUTHERS AVE",0.00,,Y,A,-,N,,,,,,,,,,Y,4,0,1,2,A,-,12,22450,A,N,D,C,A,A,H,-,A,A,0,,,,,Y,,E,22,0,0,1,0,0,0,0,0,0,"- ","- ",36.539560000000002,-119.53874999999999,FRESNO,UNINCORPORATED,-119.53880995,36.539520039999999
90311514,2016,2016-11-04,9435,2016-10-21,2020,020273,,5,2,9,1000,0,3,5,,2,034,"BETHEL AVE","AMERICAN AVE",3100.00,N,N,A,-,N,,,,,,,,,,N,2,0,1,2,A,-,11,21954,A,N,G,B,D,A,H,-,D,D,0,Y,,,,Y,Y,N,60,1,0,0,0,1,0,0,0,0,"- ","- ",36.667499999999997,-119.57449,FRESNO,UNINCORPORATED,-119.57440309,36.671718120000001
90311516,2016,2016-11-04,9435,2016-10-29,1830,020273,,6,2,9,1000,0,3,5,,2,040,"EXCELSIOR AVE","WALNUT ST",1207.00,W,N,A,-,N,,,,,,,,,,Y,4,0,4,3,A,-,03,22350,,N,C,C,A,A,H,-,D,D,0,,,,,Y,,D,22,0,0,4,0,0,0,0,0,0,"- ","- ",36.402009999999997,-119.81836,FRESNO,UNINCORPORATED,-119.82027846,36.402036410000001
90311521,2016,2016-11-04,9435,2016-10-23,1105,013112,,7,1,9,1000,0,1,3,,1,147,"SR-145 (LASSEN AVE) S/B","CLARKSON AVE",1056.00,N,N,A,-,Y,,,145,,,,,,S,Y,3,0,2,1,A,-,08,22107,,N,F,A,A,A,H,-,A,D,0,,,,,Y,,A,01,0,2,0,0,0,0,0,0,0,"- ","- ",36.510150000000003,-120.09818,FRESNO,UNINCORPORATED,-120.09812907,36.510149599999998
90311584,2016,2016-11-04,9495,2016-10-08,0345,019424,,6,3,9,1000,0,1,1,,2,003,"INTERSTATE 5 (SOUTHBOUND)","JAYNE AVENUE",14256.00,S,N,A,-,Y,,,5,,,,,,,Y,3,0,3,2,A,-,03,22350,,N,C,C,A,A,H,-,D,D,0,,,,Y,Y,,G,25,0,1,2,0,0,0,0,0,0,"- ","- ",36.097090000000001,-120.12157999999999,FRESNO,UNINCORPORATED,-120.12153567999999,36.097130309999997
90311604,2016,2016-11-04,9435,2016-11-03,1105,013112,,4,1,9,1000,0,1,3,,1,412,"SR-41 N/B","MANNING AVE",181.00,S,N,A,-,Y,,,41,,,,,,N,N,4,0,3,3,A,-,03,22350,,N,C,C,A,A,H,-,A,A,0,,,,,Y,,A,01,0,0,3,0,0,0,0,0,0,"- ","- ",36.604469999999999,-119.78592,FRESNO,UNINCORPORATED,-119.7859875,36.604469809999998
90311611,2016,2016-11-04,9435,2016-11-04,0700,018574,,5,1,9,1000,0,1,3,,1,411,"SR-41 S/B","SOUTH AVE",0.00,,Y,A,-,Y,,,41,,,,,,S,Y,4,0,1,2,A,-,09,21802,A,N,D,C,A,A,H,-,B,A,0,,,,,Y,,A,01,0,0,1,0,0,0,0,0,0,"- ","- ",36.619720000000001,-119.78667,FRESNO,UNINCORPORATED,-119.78596868,36.619720000000001
90311832,2016,2016-11-04,9495,2016-10-20,1106,018639,,4,1,9,1000,0,1,3,,1,006,"STATE ROUTE 33 (JAYNE AVENUE)","SAN JOAQUIN AVENUE",0.00,,Y,A,-,Y,,,33,,,,,,,Y,3,0,1,2,A,-,03,22350,,N,C,C,A,A,H,-,A,D,0,,,,,Y,,A,01,0,1,0,0,0,0,0,0,0,"- ","- ",36.136830000000003,-120.30801,FRESNO,UNINCORPORATED,-120.30800954,36.136771469999999
90311930,2016,2016-11-04,9495,2016-10-22,1142,020434,,6,1,9,1000,0,3,5,,2,053,"JAYNE AVE","SOUTH EL DORADO AVE",0.00,,Y,A,-,Y,,,,,,,,,,Y,3,0,1,3,A,-,03,22350,,N,C,C,A,A,H,-,A,A,0,,,Y,,Y,,D,22,0,1,0,0,0,0,0,0,1,"- ","- ",36.137500000000003,-120.21025,FRESNO,UNINCORPORATED,-120.21050995,36.137450000000001
90312665,2016,2016-11-07,9435,2016-10-28,1605,019895,,5,2,9,1000,0,3,5,,2,034,"JENSEN AVE W/B","CLOVIS AVE",165.00,E,N,A,-,N,,,,,,,,,,Y,4,0,1,2,A,-,09,21804,A,N,C,C,A,A,H,-,A,D,0,,,,,Y,,D,22,0,0,1,0,0,0,0,0,0,"- ","- ",36.707590000000003,-119.69986,FRESNO,UNINCORPORATED,-119.69955752,36.707410000000003
90312689,2016,2016-11-07,9435,2016-10-29,1837,019895,,6,2,9,1000,0,3,5,,2,034,"JENSEN AVE","DE WOLF AVE",0.00,,Y,A,-,N,,,,,,,,,,Y,4,0,1,2,A,-,09,21801,A,N,D,C,A,A,H,-,B,D,0,,,,,Y,,A,01,0,0,1,0,0,0,0,0,0,"- ","- ",36.707320000000003,-119.64601,FRESNO,UNINCORPORATED,-119.64599988000001,36.707470030000003
90312705,2016,2016-11-07,9435,2016-10-28,1720,020082,,5,2,9,1000,0,1,3,,1,145,"SR-145 (MADERA AVE.)","CLINTON AVE.",71.00,N,N,B,-,Y,,,145,,,,,,,N,4,0,1,2,A,-,03,22350,,N,C,C,A,A,H,-,A,D,0,,,,,Y,Y,D,22,0,0,1,0,0,0,0,0,0,"- ","- ",36.771650000000001,-120.06027,FRESNO,UNINCORPORATED,-120.06019981999999,36.771650749999999
90312873,2016,2016-11-07,9435,2016-10-23,1818,019895,,7,2,9,1000,0,3,5,,2,034,"JENSEN AVE","SUNNYSIDE AVE",0.00,,Y,A,-,N,,,,,,,,,,Y,3,0,2,2,A,-,08,22100,A,N,B,C,A,A,H,-,B,A,0,,,,,Y,,A,01,0,1,1,0,0,0,0,0,0,"- ","- ",36.707529999999998,-119.6909,FRESNO,UNINCORPORATED,-119.69101988,36.707510050000003
90312882,2016,2016-11-07,9435,2016-10-27,2058,019895,,4,2,7,1005,0,1,3,,2,106,"SR-99 S/B","JENSEN AVE",100.00,S,N,A,-,Y,,,99,,,,,,S,Y,4,0,2,2,A,-,03,22350,,N,A,C,A,B,H,-,D,D,0,,,,,Y,,D,22,0,0,2,0,0,0,0,0,0,"- ","- ",36.706960000000002,-119.77424999999999,FRESNO,FRESNO,-119.77426681999999,36.706945519999998
90312886,2016,2016-11-07,9435,2016-10-28,0755,017088,,5,1,9,1000,0,3,5,,2,060,"FRANKWOOD AVE.","CENTRAL AVE",0.00,,Y,B,-,N,,,,,,,,,,Y,2,0,2,2,A,-,09,21802,A,N,D,C,A,B,H,-,A,A,0,,,,,Y,,A,01,1,1,0,0,0,0,0,0,0,"- ","- ",36.67698,-119.44846,FRESNO,UNINCORPORATED,-119.44848994,36.676720019999998
90313054,2016,2016-11-07,9435,2016-10-16,0300,018809,,7,3,9,1000,0,3,5,,2,010,"GOLDENROD AVE","BARSTOW AVENUE",0.00,,N,B,-,N,,,,,,,,,,Y,3,0,1,1,A,-,01,23152,A,N,E,I,A,A,H,-,D,D,0,,,,,Y,Y,A,01,0,1,0,0,0,0,0,0,0,"- ","- ",36.814999999999998,-120.04289,FRESNO,UNINCORPORATED,-120.04286989000001,36.81500003
90313249,2016,2016-11-07,9435,2016-11-03,1910,020060,,4,2,9,1000,0,3,5,,2,010,"BULLARD AVE","DEL MAR AVE",10.00,E,N,A,-,N,,,,,,,,,,Y,4,0,1,2,A,-,03,22350,,N,C,C,A,A,H,-,C,D,0,,,,,Y,,A,01,0,0,1,0,0,0,0,0,0,"- ","- ",36.822929999999999,-119.79483999999999,FRESNO,UNINCORPORATED,-119.79483586000001,36.822899999999997
90313261,2016,2016-11-07,9435,2016-10-26,1148,012846,,3,1,7,1005,0,1,3,,2,181,"SR-180 W/B TO SR-41 S/B","BELMONT AVE",1000.00,N,N,A,-,Y,,,,,,,,,,Y,4,0,1,3,A,-,01,23152,A,N,C,C,A,A,H,-,A,D,0,,,,,Y,Y,A,01,0,0,1,0,0,0,0,0,0,"- ","- ",36.532649999999997,-119.77643999999999,FRESNO,FRESNO,-119.79369705000001,36.751413990000003
9031330,2020,2020-03-27,1001,2020-01-03,1201,5605,,5,5,5,1001,0,0,0,,0,007,"W SHEPHERD AV","N PEACH AV",0.00,,Y,A,-,N,,,,,,,,,,Y,3,0,3,2,A,-,09,21802,A,N,D,C,A,A,H,-,A,A,0,,,,,Y,,A,01,0,2,1,0,0,0,0,0,0,"- ","- ",36.866710662841797,-119.7200927734375,FRESNO,CLOVIS,-119.7200927734375,36.866649627685547
9031334,2020,2020-03-27,1001,2020-01-10,0130,5515,,5,5,5,1001,0,0,0,,0,007,"WEST HERNDON AV","VILLA AV",14.00,E,N,A,-,N,,,,,,,,,,Y,3,0,1,3,A,-,01,23152,A,N,E,I,A,A,H,-,C,A,0,,,,,Y,Y,-,"- ",0,1,0,0,0,0,0,0,0,"- ","- ",36.823020935058594,-119.72895812988281,FRESNO,CLOVIS,-119.71366882324219,36.837638854980469
9031338,2020,2020-03-27,1001,2020-01-02,1832,5465,,4,5,5,1001,0,0,0,,0,007,"SHEPHERD AV","N  PEACH AV",0.00,,Y,A,-,N,,,,,,,,,,Y,4,0,1,2,A,-,09,21801,A,N,D,C,A,A,H,-,C,A,0,,,,,Y,,A,07,0,0,1,0,0,0,0,0,0,"- ","- ",36.866710662841797,-119.7200927734375,FRESNO,CLOVIS,-119.7200927734375,36.866649627685547
90313937,2016,2016-11-08,9435,2016-10-26,0959,014363,,3,1,9,1000,0,1,3,,2,106,"STATE ROUTE 99 (NORTHBOUND)","AMERICAN AVENUE",4500.00,S,N,A,-,Y,,,99,,,,,,,Y,4,0,1,2,A,-,08,22107,,N,B,C,A,A,H,-,A,D,0,,,,Y,Y,,A,01,0,0,1,0,0,0,0,0,0,"- ","- ",36.646920000000001,-119.70622,FRESNO,UNINCORPORATED,-119.70634448,36.646785010000002
90313954,2016,2016-11-08,9435,2016-11-02,1735,017591,,3,2,9,1000,0,3,5,,2,040,"MANNING AVE E/B","LAC JAC AVE",2437.00,W,N,A,-,N,,,,,,,,,,Y,3,0,2,1,A,-,08,22107,,N,E,I,A,A,H,-,A,D,0,,,,,Y,,A,01,0,1,1,0,0,0,0,0,0,"- ","- ",36.604370000000003,-119.49645,FRESNO,UNINCORPORATED,-119.49278510000001,36.604443099999997
90313962,2016,2016-11-08,9435,2016-11-04,1345,018926,,5,1,7,1005,0,1,3,,2,410,"SR-41 N/B","SHIELDS AVE",3960.00,N,N,B,-,Y,,,41,,,,,,N,Y,4,0,1,2,A,-,03,22350,,N,C,C,A,A,H,-,A,D,0,,,,,Y,,A,01,0,0,1,0,0,0,0,0,0,"- ","- ",36.783099999999997,-119.78453,FRESNO,FRESNO,-119.78439849,36.783115629999998
90314047,2016,2016-11-08,9435,2016-11-04,0650,013112,,5,1,9,1000,0,3,5,,2,015,"MCMULLIN GRADE","JAMESON AVE",5280.00,S,N,E,-,N,,,,,,,,,,Y,4,0,1,1,A,-,08,22107,,N,E,I,A,A,H,-,B,D,0,,,,,Y,,A,01,0,0,1,0,0,0,0,0,0,"- ","- ",36.635539999999999,-120.00403,FRESNO,UNINCORPORATED,-120.00317979,36.636306900000001
90314057,2016,2016-11-08,9435,2016-10-27,0830,019210,,4,1,9,1000,0,3,5,,2,010,"VAN NESS BLVD","SIERRA AVE",20.00,N,N,A,-,N,,,,,,,,,,Y,4,0,2,2,A,-,03,22350,,N,C,C,A,A,H,-,A,A,0,,,,,Y,,A,01,0,0,2,0,0,0,0,0,0,"- ","- ",36.829819999999998,-119.83544000000001,FRESNO,UNINCORPORATED,-119.83537973999999,36.830034900000001
90314581,2016,2017-02-28,9435,2016-10-04,0957,016833,,2,1,9,1000,0,1,3,,1,180,SR-180,"SHASTA AVE",0.00,,Y,A,-,Y,,,180,,,,,,,Y,1,1,0,2,A,-,09,21802,A,N,D,C,A,A,H,-,A,A,0,,,Y,,Y,,D,22,0,0,0,0,0,0,0,1,0,"- ","- ",36.734729999999999,-120.10538,FRESNO,UNINCORPORATED,-120.10537998,36.734712870000003
90314769,2016,2016-11-09,9435,2016-10-31,0745,016570,,1,1,9,1000,0,3,5,,2,034,"BETHEL AVE","LINCOLN AVE",750.00,S,N,B,-,N,,,,,,,,,,Y,3,0,1,1,A,-,08,22107,,N,E,I,A,A,H,-,A,D,0,,,,,Y,,A,07,0,1,0,0,0,0,0,0,0,"- ","- ",36.647010000000002,-119.5748,FRESNO,UNINCORPORATED,-119.57467905,36.646651570000003
90314779,2016,2016-11-09,9435,2016-11-02,1645,017518,,3,2,9,1000,0,1,3,,1,180,"SR-180 (WHITESBRIDGE AVENUE)","DICKENSON AVE",800.00,E,N,A,-,Y,,,180,,,,,,,Y,3,0,4,4,A,-,03,22350,,N,C,C,A,A,H,-,A,A,0,,,,,Y,,D,22,0,2,2,0,0,0,0,0,0,"- ","- ",36.735030000000002,-119.96986,FRESNO,UNINCORPORATED,-119.96985995999999,36.735021609999997
90314910,2016,2016-11-09,9435,2016-11-02,1557,018914,,3,2,9,1000,0,3,5,,2,030,"CLINTON AVENUE","MAPLE AVENUE",0.00,,Y,A,-,N,,,,,,,,,,N,3,0,1,2,A,-,17,21451,A,N,G,B,B,A,H,-,A,A,0,Y,,,,Y,,A,01,0,1,0,0,1,0,0,0,0,"- ","- ",36.772199999999998,-119.7454,FRESNO,UNINCORPORATED,-119.74537986,36.772290089999998