CASE_ID,ACCIDENT_YEAR,PROC_DATE,JURIS,COLLISION_DATE,COLLISION_TIME,OFFICER_ID,REPORTING_DISTRICT,DAY_OF_WEEK,CHP_SHIFT,POPULATION,CNTY_CITY_LOC,SPECIAL_COND,BEAT_TYPE,CHP_BEAT_TYPE,CITY_DIVISION_LAPD,CHP_BEAT_CLASS,BEAT_NUMBER,PRIMARY_RD,SECONDARY_RD,DISTANCE,DIRECTION,INTERSECTION,WEATHER_1,WEATHER_2,STATE_HWY_IND,CALTRANS_COUNTY,CALTRANS_DISTRICT,STATE_ROUTE,ROUTE_SUFFIX,POSTMILE_PREFIX,POSTMILE,LOCATION_TYPE,RAMP_INTERSECTION,SIDE_OF_HWY,TOW_AWAY,COLLISION_SEVERITY,NUMBER_KILLED,NUMBER_INJURED,PARTY_COUNT,PRIMARY_COLL_FACTOR,PCF_CODE_OF_VIOL,PCF_VIOL_CATEGORY,PCF_VIOLATION,PCF_VIOL_SUBSECTION,HIT_AND_RUN,TYPE_OF_COLLISION,MVIW,PED_ACTION,ROAD_SURFACE,ROAD_COND_1,ROAD_COND_2,LIGHTING,CONTROL_DEVICE,CHP_ROAD_TYPE,PEDESTRIAN_ACCIDENT,BICYCLE_ACCIDENT,MOTORCYCLE_ACCIDENT,TRUCK_ACCIDENT,NOT_PRIVATE_PROPERTY,ALCOHOL_INVOLVED,STWD_VEHTYPE_AT_FAULT,CHP_VEHTYPE_AT_FAULT,COUNT_SEVERE_INJ,COUNT_VISIBLE_INJ,COUNT_COMPLAINT_PAIN,COUNT_PED_KILLED,COUNT_PED_INJURED,COUNT_BICYCLIST_KILLED,COUNT_BICYCLIST_INJURED,COUNT_MC_KILLED,COUNT_MC_INJURED,PRIMARY_RAMP,SECONDARY_RAMP,LATITUDE,LONGITUDE,COUNTY,CITY,POINT_X,POINT_Y
90384761,2017,2017-02-02,9435,2017-01-28,1827,019610,,6,2,9,1000,0,1,3,,1,168,"SR-168 W/B","ACADEMY AVE",1320.00,E,N,B,-,Y,,,168,,,,,,W,Y,4,0,1,2,A,-,03,22350,,N,C,C,A,A,H,-,C,D,0,,,,,Y,,A,01,0,0,1,0,0,0,0,0,0,"- ","- ",36.875300000000003,-119.5553,FRESNO,UNINCORPORATED,-119.55538212,36.875401600000004
90384906,2017,2017-02-02,9435,2017-01-24,0754,014547,,2,1,7,1005,0,1,3,,2,182,"SR-180 W/B","CLOVIS AVE.",2112.00,W,N,B,-,Y,,,180,,,,,,W,Y,4,0,2,2,A,-,03,22350,,N,C,C,A,A,H,-,A,D,0,,,,,Y,,A,07,0,0,2,0,0,0,0,0,0,"- ","- ",36.753120000000003,-119.70791,FRESNO,FRESNO,-119.7079093,36.753143280000003
90384982,2016,2017-02-02,9435,2016-12-25,1306,019610,,7,1,9,1000,0,3,5,,2,020,"WESTLAWN AVENUE (DIRT EXTENSION)","MOUNTAIN VIEW AVE",2640.00,S,N,B,-,N,,,,,,,,,,N,2,0,1,2,C,-,18,,,N,G,B,E,A,H,-,A,D,0,Y,,,,Y,,-,"- ",1,0,0,0,1,0,0,0,0,"- ","- ",36.538649999999997,-119.95372,FRESNO,UNINCORPORATED,-119.95361,36.546849999999999
90385384,2017,2017-02-03,9435,2017-01-25,2015,015181,,3,2,9,1000,0,3,5,,2,020,"CHATEAU FRESNO AVE","DAVIS AVENUE",528.00,S,N,A,-,N,,,,,,,,,,Y,4,0,1,1,A,-,03,22350,,N,E,J,A,A,H,-,D,D,0,,,,,Y,,A,01,0,0,1,0,0,0,0,0,0,"- ","- ",36.470350000000003,-119.94132,FRESNO,UNINCORPORATED,-119.94122,36.47270048
90385409,2016,2017-02-03,9435,2016-12-04,2030,020064,,7,2,9,1000,0,1,3,,1,180,"STATE ROUTE 180 (WHITESBRIDGE AVENUE)","SAN BENITO AVENUE",4224.00,E,N,B,-,Y,,,180,,,,,,,Y,1,1,3,2,A,-,01,23152,A,F,A,C,A,A,H,-,D,D,0,,,,,Y,Y,A,07,2,1,0,0,0,0,0,0,0,"- ","- ",36.732930000000003,-120.34096,FRESNO,UNINCORPORATED,-120.34096259,36.73296414
90386207,2017,2017-02-06,9435,2017-01-30,0540,018912,,1,3,9,1000,0,3,5,,2,010,"SHAW AVE","HAYES AVENUE",0.00,,Y,A,-,N,,,,,,,,,,Y,3,0,1,1,A,-,01,23152,A,N,E,I,A,A,H,-,D,D,0,,,,,Y,Y,A,07,0,1,0,0,0,0,0,0,0,"- ","- ",36.807839999999999,-119.89868,FRESNO,UNINCORPORATED,-119.89846986000001,36.807989999999997
90386228,2017,2017-02-06,9435,2017-01-28,0010,018912,,6,3,9,1000,0,3,5,,2,010,"WISHON AVE","ASHLAN AVE",0.00,,Y,A,-,N,,,,,,,,,,Y,2,0,1,3,A,-,12,22450,A,F,D,C,A,A,H,-,C,A,0,,,,,Y,Y,A,07,1,0,0,0,0,0,0,0,0,"- ","- ",36.793990000000001,-119.80242,FRESNO,UNINCORPORATED,-119.80235992999999,36.793990039999997
90386600,2017,2017-02-06,9435,2017-01-26,1547,019980,,4,2,9,1000,0,3,5,,2,034,"AMERICAN AVENUE","GOLDEN STATE BLVD N/B",0.00,,Y,A,-,N,,,,,,,,,,Y,1,1,1,2,A,-,09,21802,A,N,D,C,A,A,H,-,A,A,0,,,,,Y,,A,01,0,1,0,0,0,0,0,0,0,"- ","- ",36.663510000000002,-119.71838,FRESNO,UNINCORPORATED,-119.71835910999999,36.663469079999999
90386607,2017,2017-02-06,9435,2017-01-13,2500,016730,,5,4,9,1000,0,3,5,,2,034,"NEWMARK AVENUE","CENTRAL AVENUE",2890.00,S,N,B,-,N,,,,,,,,,,Y,1,1,0,1,A,-,08,22107,,N,E,I,A,A,H,-,D,D,0,,,,,Y,,A,01,0,0,0,0,0,0,0,0,0,"- ","- ",36.669400000000003,-119.54801,FRESNO,UNINCORPORATED,-119.54680999999999,36.677729999999997
9038664,2019,2020-06-11,1002,2019-05-24,1728,E0606,,5,5,3,1002,0,0,0,,0,,"ELM AV","CHERRY LN",0.00,,Y,-,-,Y,FRE,6,33,-,-,16.330,H,-,S,N,4,0,2,2,A,-,03,22350,,N,-,-,A,-,-,-,-,-,0,,,,,Y,,-,"- ",0,0,2,0,0,0,0,0,0,"- ","- ",36.147171020507812,-120.35444641113281,FRESNO,COALINGA,-120.35441589355469,36.147426605224609
90387625,2017,2017-02-07,9461,2017-01-31,1601,017029,,2,2,9,1000,0,2,4,,1,310,"RUSSELL AVE","ALTHEA AVE",8976.00,N,N,B,-,N,,,,,,,,,,Y,4,0,2,2,A,-,09,21801,A,N,D,C,A,A,H,-,A,D,0,,,,,Y,,A,01,0,0,2,0,0,0,0,0,0,"- ","- ",36.916440000000001,-120.65467,FRESNO,UNINCORPORATED,-120.65458086,36.915347850000003
90387711,2017,2017-02-07,9435,2017-02-02,1750,017088,,4,2,9,1000,0,1,3,,2,184,"SR-180 (KINGS CANYON RD)","REED AVE",1584.00,W,N,B,-,Y,,,180,,,,,,,Y,4,0,1,2,A,-,03,22350,,N,C,C,A,A,H,-,D,D,0,,,,,Y,,A,01,0,0,1,0,0,0,0,0,0,"- ","- ",36.72383,-119.45789000000001,FRESNO,UNINCORPORATED,-119.45778500999999,36.723945960000002
90387824,2017,2017-02-07,9435,2017-01-27,0045,018944,,5,3,9,1000,0,1,3,,2,107,"SR-99 S/B","MOUNTAIN VIEW AVE",3168.00,S,N,A,-,Y,,,99,,,,,,S,Y,3,0,2,1,A,-,01,23152,E,N,E,I,A,A,H,-,D,D,0,,,,,Y,,A,01,0,1,1,0,0,0,0,0,0,"- ","- ",36.541930000000001,-119.59049,FRESNO,UNINCORPORATED,-119.59043086,36.542001450000001
90387882,2017,2017-02-07,9435,2017-01-30,1720,015181,,1,2,9,1000,0,3,5,,2,040,"NEBRASKA AVENUE","SR-43(HIGHLAND AVE)",250.00,W,N,A,-,N,,,,,,,,,,Y,3,0,1,2,A,-,09,21804,A,N,C,C,A,A,H,-,A,D,0,,,Y,,Y,,A,01,0,1,0,0,0,0,0,0,1,"- ","- ",36.561660000000003,-119.62952,FRESNO,UNINCORPORATED,-119.62968349000001,36.561647800000003
90388185,2017,2017-02-08,9435,2017-02-01,0945,012846,,3,1,7,1005,0,1,3,,2,410,"SR-41 N/B","GETTYSBURG AVE",5.00,S,N,A,-,Y,,,41,,,,,,N,Y,4,0,1,3,A,-,03,22350,,N,C,C,A,A,H,-,A,D,0,,,,,Y,,A,07,0,0,1,0,0,0,0,0,0,"- ","- ",36.801189999999998,-119.7851,FRESNO,FRESNO,-119.78514398,36.801190099999999
90388267,2017,2017-02-08,9435,2017-02-01,1810,019369,,3,2,7,1005,0,1,3,,2,181,"SR-180 W/B",SR-99,1056.00,E,N,A,-,Y,,,180,,,,,,W,Y,4,0,1,2,A,-,03,22350,,N,C,C,A,A,H,-,C,D,0,,,,,Y,,D,22,0,0,1,0,0,0,0,0,0,"- ","- ",36.744660000000003,-119.80800000000001,FRESNO,FRESNO,-119.80801903,36.744695409999999
90388285,2017,2017-02-08,9435,2017-01-28,1000,019263,,6,1,9,1000,0,1,3,,1,169,SR-168,"ROCK CREEK ROAD",6864.00,W,N,A,-,Y,,,168,,,,,,,Y,3,0,3,1,A,-,08,22107,,N,E,I,A,C,H,-,A,D,0,,,,,Y,,D,22,0,1,2,0,0,0,0,0,0,"- ","- ",37.15784,-119.22409,FRESNO,UNINCORPORATED,-119.22409094,37.158028649999999
90389151,2017,2017-02-24,9435,2017-02-08,0720,016833,,3,1,9,1000,0,3,5,,2,034,"JENSEN AVE W/B","DEL REY AVE",47.00,W,N,B,-,N,,,,,,,,,,Y,4,0,1,2,A,-,12,22450,A,N,B,C,A,A,H,-,A,A,0,,,,,Y,,A,01,0,0,1,0,0,0,0,0,0,"- ","- ",36.706699999999998,-119.5427,FRESNO,UNINCORPORATED,-119.59223021,36.706739779999999
90389404,2017,2017-02-09,9435,2017-02-01,2140,015751,,3,2,7,1005,0,1,3,,1,168,"SR-168 E/B","GETTYSBURG AVE",174.00,N,N,A,-,Y,,,168,,,,,,E,Y,4,0,1,1,A,-,01,23152,A,N,E,I,A,A,H,-,D,D,0,,,,,Y,Y,A,01,0,0,1,0,0,0,0,0,0,"- ","- ",36.80189,-119.73943,FRESNO,FRESNO,-119.73940096,36.801862569999997
90389456,2017,2017-02-09,9435,2017-01-19,0742,014547,,4,1,9,1000,0,3,5,,2,030,"FLORADORA AVE.","TEMPERANCE AVE.",0.00,,Y,B,-,N,,,,,,,,,,Y,3,0,3,2,A,-,09,21802,A,N,D,C,A,B,H,-,A,A,0,,,,Y,Y,,A,01,0,1,2,0,0,0,0,0,0,"- ","- ",36.76117,-119.66401,FRESNO,UNINCORPORATED,-119.66403999000001,36.761140019999999
90389551,2017,2017-02-09,9435,2017-02-02,1512,018609,,4,2,9,1000,0,3,5,,2,025,"FRIANT RD","WILLOW AVE",6864.00,N,N,A,-,N,,,,,,,,,,Y,3,0,3,1,C,-,18,,,N,E,I,A,A,H,-,A,D,0,,,,,Y,,-,"- ",0,1,2,0,0,0,0,0,0,"- ","- ",36.940449999999998,-119.7304,FRESNO,UNINCORPORATED,-119.73028963,36.939486270000003
90389631,2017,2017-02-09,9461,2017-01-29,1315,019724,,7,1,9,1000,0,1,1,,2,305,"I-5 N/B","SHIELD AVE",290.00,N,N,A,-,Y,,,5,,,,,,N,Y,3,0,1,1,A,-,01,23152,A,N,F,A,A,A,H,-,A,D,0,,,,,Y,Y,D,22,0,1,0,0,0,0,0,0,0,"- ","- ",36.778700000000001,-120.72453,FRESNO,UNINCORPORATED,-120.72450463,36.778717520000001
90390121,2017,2017-02-10,9435,2017-02-04,2320,019603,,6,3,7,1005,0,3,5,,2,034,"PISMO AVE","CARMEL AVE",60.00,W,N,A,-,N,,,,,,,,,,N,3,0,1,1,A,-,01,23152,A,N,E,I,A,A,H,-,D,D,0,,,,,Y,Y,A,01,0,1,0,0,0,0,0,0,0,"- ","- ",36.658630000000002,-119.59669,FRESNO,FRESNO,-119.59760823000001,36.65852177
90390130,2017,2017-02-10,9435,2017-02-03,1825,020082,,5,2,9,1000,0,3,5,,2,010,"DEL NORTE AVE","BELMONT AVE.",0.00,,Y,B,-,N,,,,,,,,,,Y,4,0,1,2,A,-,12,22450,A,N,D,C,A,A,H,-,D,A,0,,,,,Y,,A,08,0,0,1,0,0,0,0,0,0,"- ","- ",36.749630000000003,-120.06899,FRESNO,UNINCORPORATED,-120.06897995999999,36.749530049999997
90390303,2017,2017-02-10,9435,2017-02-05,1125,017310,,7,1,9,1000,0,3,5,,2,010,"HAYES AVE","BELMONT AVE",0.00,,Y,A,-,N,,,,,,,,,,Y,3,0,1,2,A,-,09,21802,A,N,D,C,A,A,H,-,A,A,0,,,,,Y,,D,22,0,1,0,0,0,0,0,0,0,"- ","- ",36.749969999999998,-119.89819,FRESNO,UNINCORPORATED,-119.89814987,36.749960020000003
90390314,2017,2017-02-10,9435,2017-02-05,1930,020082,,7,2,9,1000,0,3,5,,2,010,"MAROA AVE.","BULLARD AVE",0.00,,Y,B,C,N,,,,,,,,,,Y,3,0,2,2,A,-,12,21453,A,N,D,C,A,B,H,-,C,A,0,,,,,Y,,D,22,0,1,1,0,0,0,0,0,0,"- ","- ",36.822940000000003,-119.79940999999999,FRESNO,UNINCORPORATED,-119.79933989,36.822890049999998
90390406,2017,2017-02-10,9435,2017-02-08,1030,017489,,3,1,9,1000,0,3,5,,2,020,"MOUNT WHITNEY AVENUE","DICKENSON AVENUE",100.00,E,N,B,-,N,,,,,,,,,,Y,4,0,1,2,A,-,03,22350,,N,C,C,A,A,H,-,A,D,0,,,,,Y,,E,22,0,0,1,0,0,0,0,0,0,"- ","- ",36.430030000000002,-119.97703,FRESNO,UNINCORPORATED,-119.97682179,36.430080459999999
90390428,2017,2017-02-10,9435,2017-02-03,0430,020078,,5,3,7,1005,0,1,3,,2,105,"SR-99 S/B","OLIVE AVE",110.00,N,N,A,-,Y,,,99,,,,,,S,Y,2,0,2,2,C,-,18,,,N,D,C,A,A,H,-,C,D,0,,,,,Y,,-,"- ",1,0,1,0,0,0,0,0,0,"- ","- ",36.757629999999999,-119.83007000000001,FRESNO,FRESNO,-119.82998756000001,36.757684439999998
90390431,2017,2017-02-10,9435,2017-02-03,0429,020078,,5,3,7,1005,0,1,3,,2,105,"SR-99 S/B","OLIVE AVE",45.00,N,N,A,-,Y,,,99,,,,,,S,Y,2,0,2,2,A,-,07,21658,A,N,B,C,A,A,H,-,C,D,0,,,,,Y,Y,A,01,1,1,0,0,0,0,0,0,0,"- ","- ",36.75788,-119.8302,FRESNO,FRESNO,-119.83014199,36.757918310000001
90390445,2017,2017-02-10,9435,2017-02-09,0843,013112,,4,1,9,1000,0,3,5,,2,040,"MCCALL AVE","CLARKSON AVE",1056.00,N,N,B,-,N,,,,,,,,,,Y,3,0,1,1,A,-,08,22107,,N,E,I,A,A,H,-,A,D,0,,,,,Y,,D,22,0,1,0,0,0,0,0,0,0,"- ","- ",36.507440000000003,-119.61109,FRESNO,UNINCORPORATED,-119.61103002,36.506488400000002
90390456,2017,2017-02-10,9435,2017-02-09,2220,017088,,4,3,9,1000,0,3,5,,2,060,"ELWOOD RD.","PIEDRA RD",15840.00,E,N,C,-,N,,,,,,,,,,Y,4,0,1,1,C,-,18,,,N,H,H,A,B,H,-,D,D,0,,,,,Y,,-,"- ",0,0,1,0,0,0,0,0,0,"- ","- ",36.81523,-119.33803,FRESNO,UNINCORPORATED,-119.33483334,36.813664940000002
90390535,2017,2017-02-10,9456,2017-02-02,1730,021555,,4,2,9,1000,0,2,S,,2,904,"JENSEN AVENUE E/B","MCCALL AVENUE",0.00,,Y,B,-,N,,,,,,,,,,Y,2,0,2,2,A,-,12,21453,A,N,D,C,A,A,H,-,C,A,0,,,,Y,Y,,A,07,1,1,0,0,0,0,0,0,0,"- ","- ",36.706479999999999,-119.61024,FRESNO,UNINCORPORATED,-119.61022993,36.706610009999999
90390543,2017,2017-02-10,9435,2017-02-09,1705,020082,,4,2,7,1005,0,1,3,,2,181,"SR-180 WESTBOUND","FULTON ST.",121.00,W,N,B,-,Y,,,180,,,,,,W,Y,4,0,1,1,A,-,08,22107,,N,E,I,A,A,H,-,A,D,0,,,,,Y,,A,01,0,0,1,0,0,0,0,0,0,"- ","- ",36.747990000000001,-119.80159,FRESNO,FRESNO,-119.8016354,36.74807577
90390685,2017,2017-02-10,9435,2017-01-31,1500,015181,,2,2,9,1000,0,1,3,,1,412,"SR-41 S/B","CONEJO AVENUE",0.00,,Y,B,-,Y,,,41,,,,,,S,Y,3,0,2,2,A,-,12,21453,A,N,D,C,A,A,H,-,A,A,0,,,,,Y,,D,22,0,2,0,0,0,0,0,0,0,"- ","- ",36.518360000000001,-119.78634,FRESNO,UNINCORPORATED,-119.78618184,36.518360549999997
90391273,2017,2017-02-13,9435,2017-02-04,1947,019980,,6,2,9,1000,0,3,5,,2,034,"LINCOLN AVE","BETHEL AVE",0.00,,Y,A,-,N,,,,,,,,,,Y,2,0,2,2,A,-,12,22450,A,N,D,C,A,A,H,-,D,A,0,,,,,Y,,A,01,1,0,1,0,0,0,0,0,0,"- ","- ",36.648739999999997,-119.57465999999999,FRESNO,UNINCORPORATED,-119.57466994000001,36.648710090000002
90391402,2017,2017-02-13,9435,2017-02-07,1300,016860,,2,1,9,1000,0,3,5,,2,025,"MILLERTON ROAD","AUBERRY ROAD",0.00,,Y,C,-,N,,,,,,,,,,Y,3,0,3,1,A,-,12,22450,A,N,E,I,A,B,H,-,A,A,0,,,,,Y,,D,22,0,1,2,0,0,0,0,0,0,"- ","- ",36.969709999999999,-119.62442,FRESNO,UNINCORPORATED,-119.62438991,36.969830000000002
90391647,2017,2017-02-13,9435,2017-02-10,1130,015095,,5,1,9,1000,0,1,3,,1,183,SR-180,"OLIVER AVENUE",75.00,E,N,B,C,Y,,,,,,,,,,N,4,0,1,2,A,-,03,22350,,N,C,C,A,B,H,-,A,D,0,,,,,Y,,A,07,0,0,1,0,0,0,0,0,0,"- ","- ",36.715679999999999,-119.45332000000001,FRESNO,UNINCORPORATED,-119.49878547,36.733620119999998
90391772,2017,2018-01-11,9435,2017-01-20,1918,020308,,5,2,9,1000,0,3,5,,2,025,"NEES AVENUE","ARMSTRONG AVENUE",0.00,,Y,B,C,N,,,,,,,,,,Y,1,1,0,1,A,-,01,23152,A,N,E,I,A,B,H,-,C,A,0,,,,,Y,Y,A,01,0,0,0,0,0,0,0,0,0,"- ","- ",36.85192,-119.67572,FRESNO,UNINCORPORATED,-119.67506992,36.851940079999999
90391816,2017,2017-02-13,9435,2017-01-31,2130,020429,,2,2,3,1015,0,1,3,,2,107,"SR-99 S/B","2ND ST",761.00,N,N,A,-,Y,,,99,,,,,,S,Y,3,0,1,1,A,-,08,22107,,N,E,I,A,A,H,-,C,D,0,,,,,Y,,D,22,0,1,0,0,0,0,0,0,0,"- ","- ",36.566330000000001,-119.61855,FRESNO,SELMA,-119.61853074,36.56635078
90391881,2017,2017-02-13,9435,2017-02-11,0640,017310,,6,1,7,1005,0,1,3,,2,181,"SR-180 W/B TO SR-99 N/B","NIELSON AVE",528.00,S,N,A,-,Y,,,180,,,,R,,W,Y,4,0,1,1,A,-,08,22107,,N,E,I,A,A,H,-,A,D,0,,,,,Y,,A,01,0,0,1,0,0,0,0,0,0,"- ","- ",36.7423,-119.81721,FRESNO,FRESNO,-119.81721,36.7423
90392583,2017,2017-02-14,9435,2017-02-13,0845,016833,,1,1,9,1000,0,1,3,,2,106,"SR-99 N/B","CLOVIS AVE",528.00,S,N,A,-,Y,,,99,,,,,,N,N,4,0,1,2,A,-,03,22350,,N,C,C,A,A,H,-,A,D,0,,,,,Y,,D,22,0,0,1,0,0,0,0,0,0,"- ","- ",36.640500000000003,-119.69929999999999,FRESNO,UNINCORPORATED,-119.69934105,36.640455719999999
90392646,2017,2017-02-14,9435,2017-02-11,1820,020308,,6,2,9,1000,0,3,5,,2,040,"DINUBA AVE","MENDOCINO AVE",0.00,,Y,B,-,N,,,,,,,,,,Y,4,0,1,3,A,-,09,21802,A,N,D,C,A,A,H,-,C,A,0,,,,,Y,,A,07,0,0,1,0,0,0,0,0,0,"- ","- ",36.352499999999999,-119.3253,FRESNO,UNINCORPORATED,-119.54798995,36.590409999999999
90392953,2017,2017-02-14,9435,2017-02-10,1710,019926,,5,2,7,1005,0,1,3,,2,105,"SR-99 N/B","SR-99 S/B TO SR-180 E/B O/C",700.00,S,N,B,C,Y,,,99,,,,,,N,N,4,0,1,2,A,-,03,22350,,N,C,C,A,B,H,-,A,D,0,,,,,Y,,A,01,0,0,1,0,0,0,0,0,0,"- ","- ",36.739899999999999,-119.81102,FRESNO,FRESNO,-119.81107819,36.739727719999998
90393044,2017,2017-02-14,9435,2017-02-07,1945,015181,,2,2,9,1000,0,3,5,,2,040,"FOWLER AVENUE","NARES AVENUE",50.00,S,N,B,-,N,,,,,,,,,,Y,4,0,1,2,A,-,03,22350,,N,C,C,A,A,H,-,C,D,0,,,,,Y,Y,A,01,0,0,1,0,0,0,0,0,0,"- ","- ",36.431319999999999,-119.68661,FRESNO,UNINCORPORATED,-119.68663393999999,36.431355310000001
90393085,2017,2017-02-14,9461,2017-02-08,1621,017029,,3,2,9,1000,0,3,5,,2,060,"HUDSON AVE","SHAIN AVE",1056.00,S,N,B,-,N,,,,,,,,,,N,4,0,1,2,A,-,21,22106,,N,E,C,A,A,H,-,A,D,0,,,,,Y,,D,22,0,0,1,0,0,0,0,0,0,"- ","- ",36.963050000000003,-120.54537999999999,FRESNO,UNINCORPORATED,-120.54536775,36.964120319999999
90393423,2017,2017-02-15,9435,2017-02-13,1044,016570,,1,1,9,1000,0,1,3,,2,106,"SR-99 N/B","CLOVIS AVE",329.00,S,N,A,-,Y,,,,,,,,,,Y,4,0,1,2,A,-,03,22350,,N,C,C,A,A,H,-,A,D,0,,,,,Y,,D,22,0,0,1,0,0,0,0,0,0,"- ","- ",36.640180000000001,-119.61914,FRESNO,UNINCORPORATED,-119.69992000000001,36.640929999999997
90393440,2017,2017-02-15,9435,2017-02-13,1119,016570,,1,1,9,1000,0,1,3,,2,106,"SR-99 N/B","ADAMS AVE",865.00,S,N,A,-,Y,,,99,,,,,,N,Y,4,0,1,3,A,-,03,22350,,N,C,C,A,A,H,-,A,D,0,,,,,Y,,A,01,0,0,1,0,0,0,0,0,0,"- ","- ",36.632640000000002,-119.69088000000001,FRESNO,UNINCORPORATED,-119.69087162,36.63264916
90394004,2017,2017-02-15,9435,2017-02-13,1637,017518,,1,2,7,1005,0,1,3,,2,410,"SR-41 S/B","GETTYSBURG AVE",140.00,S,N,A,-,Y,,,41,,,,,,S,Y,4,0,2,2,A,-,07,21658,A,F,F,A,A,A,H,-,A,D,0,,,,,Y,,D,22,0,0,2,0,0,0,0,0,0,"- ","- ",36.800800000000002,-119.7852,FRESNO,FRESNO,-119.78545741000001,36.800800350000003
90394506,2017,2017-02-16,9435,2017-02-07,1800,018609,,2,2,9,1000,0,3,5,,2,030,"CHESTNUT AVE. S/B","PRINCETON AVE.",25.00,S,N,B,C,N,,,,,,,,,,N,2,0,1,2,A,-,11,21954,A,N,G,B,D,B,H,-,D,D,0,Y,,,,Y,,N,60,1,0,0,0,1,0,0,0,0,"- ","- ",36.775739999999999,-119.73636999999999,FRESNO,UNINCORPORATED,-119.73640150999999,36.775801389999998
90394532,2017,2017-02-16,9435,2017-02-06,0950,015026,,1,1,7,1005,0,1,3,,2,105,"SR-99 S/B TO SR-41 S/B","CHURCH AVE",1200.00,E,N,A,-,Y,,,99,,,,R,,S,Y,4,0,1,2,A,-,08,22107,,N,E,I,A,A,H,-,A,D,0,,,,Y,Y,,A,01,0,0,1,0,0,0,0,0,0,"- ","- ",36.717550000000003,-119.78518,FRESNO,FRESNO,-119.78518,36.717550000000003
90394565,2017,2017-02-16,9435,2017-02-11,0126,019648,,6,3,7,1005,0,1,3,,2,181,"SR-180 W/B FROM FULTON STREET","FULTON STREET",500.00,W,N,A,-,Y,,,180,,,,R,,W,Y,2,0,2,1,A,-,01,23152,A,N,F,I,A,A,H,-,D,D,0,,,,,Y,Y,A,01,1,0,1,0,0,0,0,0,0,"- ","- ",36.748759999999997,-119.80139,FRESNO,FRESNO,-119.80139,36.748759999999997
90394666,2017,2017-02-16,9495,2017-02-12,0549,020021,,7,3,9,1000,0,3,5,,2,053,"JAYNE AVENUE","GLENN AVENUE",2640.00,W,N,A,-,N,,,,,,,,,,Y,4,0,1,2,A,-,03,22350,,N,C,C,A,A,H,-,D,D,0,,,,Y,Y,,J,48,0,0,1,0,0,0,0,0,0,"- ","- ",36.137770000000003,-120.17368999999999,FRESNO,UNINCORPORATED,-120.17341639999999,36.137695600000001
90394750,2017,2017-02-16,9435,2017-02-14,1709,018609,,2,2,9,1000,0,1,3,,2,181,"SR-180 E/B TO SR-168 E/B","CEDAR AVE",50.00,W,N,A,-,Y,,,,,,,,,,N,4,0,1,2,A,-,03,22350,,N,C,C,A,A,H,-,A,D,0,,,,,Y,,A,01,0,0,1,0,0,0,0,0,0,"- ","- ",36.754379999999998,-119.75492,FRESNO,UNINCORPORATED,-119.75478056,36.754829999999998
90394760,2017,2017-02-16,9435,2017-02-16,0750,017489,,4,1,9,1000,0,1,3,,1,180,"BLYTHE AVENUE","SR180 (WHITESBRIDGE AVE.)",0.00,,Y,B,C,Y,,,,,,,,,,Y,4,0,2,2,A,-,09,21802,A,N,D,C,A,B,H,-,A,A,0,,,,,Y,,A,07,0,0,2,0,0,0,0,0,0,"- ","- ",36.735599999999998,-119.8723,FRESNO,UNINCORPORATED,,
90394809,2017,2017-02-16,9435,2017-02-09,1730,019980,,4,2,9,1000,0,3,5,,2,034,"JENSEN AVE","CLOVIS AVE",216.00,E,N,B,-,N,,,,,,,,,,Y,3,0,1,2,A,-,07,21658,A,N,D,C,A,A,H,-,A,D,0,,,,Y,Y,,A,01,0,1,0,0,0,0,0,0,0,"- ","- ",36.707560000000001,-119.69916000000001,FRESNO,UNINCORPORATED,-119.69938367,36.707410000000003
90395973,2017,2017-02-20,9495,2017-02-10,1038,018639,,5,1,9,1000,0,1,1,,2,002,"INTERSTATE 5 NORTHBOUND","STATE ROUTE 33 (DERRICK AVENUE)",15312.00,S,N,B,-,Y,,,5,,,,,,N,Y,3,0,1,1,A,-,08,22107,,N,E,I,A,B,H,-,A,D,0,,,,Y,Y,,G,25,0,1,0,0,0,0,0,0,0,"- ","- ",36.40307,-120.36462,FRESNO,UNINCORPORATED,-120.36466118,36.403033100000002
9039648,2019,2020-07-09,1002,2019-10-28,0744,E0879,,1,5,3,1002,0,0,0,,0,,"POLK W",BARKER,178.00,W,N,A,-,Y,KER,6,33,-,-,72.690,H,-,N,N,3,0,2,3,A,-,11,21954,A,N,D,B,D,A,H,-,A,D,0,Y,,,,Y,,N,60,0,2,0,0,2,0,0,0,0,"- ","- ",36.136600494384766,-120.35793304443359,FRESNO,COALINGA,-119.97486114501953,35.775493621826172
9039652,2019,2020-07-09,1002,2019-10-22,1257,E0879,,2,5,3,1002,0,0,0,,0,,POLK,"WILLOW SPRINGS",0.00,,Y,A,-,Y,FRE,6,33,-,-,14.228,I,5,N,Y,4,0,2,2,A,-,09,21802,A,N,A,D,A,A,H,-,A,A,0,,,,,Y,,A,01,0,0,2,0,0,0,0,0,0,"- ","- ",36.136001586914062,-120.33200073242188,FRESNO,COALINGA,-120.33447265625,36.136608123779297
90396690,2017,2017-02-21,9456,2017-02-10,1445,021555,,5,2,9,1000,0,2,S,,2,030,"CLINTON AVENUE","SIXTH STREET",150.00,W,N,B,-,N,,,,,,,,,,N,4,0,1,2,A,-,07,21658,A,N,B,C,A,B,H,-,A,D,0,,,,,Y,,A,07,0,0,1,0,0,0,0,0,0,"- ","- ",36.772350000000003,-119.76499,FRESNO,UNINCORPORATED,-119.76495178,36.772292970000002