CASE_ID,ACCIDENT_YEAR,PROC_DATE,JURIS,COLLISION_DATE,COLLISION_TIME,OFFICER_ID,REPORTING_DISTRICT,DAY_OF_WEEK,CHP_SHIFT,POPULATION,CNTY_CITY_LOC,SPECIAL_COND,BEAT_TYPE,CHP_BEAT_TYPE,CITY_DIVISION_LAPD,CHP_BEAT_CLASS,BEAT_NUMBER,PRIMARY_RD,SECONDARY_RD,DISTANCE,DIRECTION,INTERSECTION,WEATHER_1,WEATHER_2,STATE_HWY_IND,CALTRANS_COUNTY,CALTRANS_DISTRICT,STATE_ROUTE,ROUTE_SUFFIX,POSTMILE_PREFIX,POSTMILE,LOCATION_TYPE,RAMP_INTERSECTION,SIDE_OF_HWY,TOW_AWAY,COLLISION_SEVERITY,NUMBER_KILLED,NUMBER_INJURED,PARTY_COUNT,PRIMARY_COLL_FACTOR,PCF_CODE_OF_VIOL,PCF_VIOL_CATEGORY,PCF_VIOLATION,PCF_VIOL_SUBSECTION,HIT_AND_RUN,TYPE_OF_COLLISION,MVIW,PED_ACTION,ROAD_SURFACE,ROAD_COND_1,ROAD_COND_2,LIGHTING,CONTROL_DEVICE,CHP_ROAD_TYPE,PEDESTRIAN_ACCIDENT,BICYCLE_ACCIDENT,MOTORCYCLE_ACCIDENT,TRUCK_ACCIDENT,NOT_PRIVATE_PROPERTY,ALCOHOL_INVOLVED,STWD_VEHTYPE_AT_FAULT,CHP_VEHTYPE_AT_FAULT,COUNT_SEVERE_INJ,COUNT_VISIBLE_INJ,COUNT_COMPLAINT_PAIN,COUNT_PED_KILLED,COUNT_PED_INJURED,COUNT_BICYCLIST_KILLED,COUNT_BICYCLIST_INJURED,COUNT_MC_KILLED,COUNT_MC_INJURED,PRIMARY_RAMP,SECONDARY_RAMP,LATITUDE,LONGITUDE,COUNTY,CITY,POINT_X,POINT_Y
90673468,2017,2018-03-02,9435,2017-12-17,0215,020062,,7,3,9,1000,0,1,3,,2,105,"SR99 S/B","HERNDON AVE",6336.00,S,N,A,-,Y,,,,,,,,,,Y,2,0,1,3,A,-,03,22350,,F,C,C,A,A,H,-,D,D,0,,,,,Y,,A,01,1,0,0,0,0,0,0,0,0,"- ","- ",36.818629999999999,-119.90067000000001,FRESNO,UNINCORPORATED,-119.90228392,36.81998591
90673709,2018,2018-03-02,9435,2018-02-22,1740,020078,,4,2,9,1000,0,3,5,,2,034,"DEL REY AVE","NORTH AVE",0.00,,Y,A,-,N,,,,,,,,,,Y,2,0,1,2,A,-,01,23152,A,F,D,C,A,A,H,-,A,A,0,,,,,Y,Y,A,07,1,0,0,0,0,0,0,0,0,"- ","- ",36.692150115966797,-119.59227752685547,FRESNO,UNINCORPORATED,-119.59220123291016,36.692150115966797
90673758,2018,2018-03-02,9435,2018-02-25,1744,020586,,7,2,9,1000,0,3,5,,2,040,"AMERICAN AVE","CHESTNUT AVE",0.00,,Y,A,-,N,,,,,,,,,,N,4,0,3,2,A,-,12,22450,A,N,D,C,A,A,H,-,B,A,0,,,,,Y,,A,01,0,0,3,0,0,0,0,0,0,"- ","- ",36.663528442382812,-119.73667144775391,FRESNO,UNINCORPORATED,-119.73679351806641,36.663421630859375
90673767,2018,2018-03-02,9435,2018-02-24,2009,020205,,6,2,7,1005,0,1,3,,2,410,"SR-41 S/B","MCKINLEY AVE",410.00,S,N,A,-,Y,,,41,,,,,,S,Y,4,0,1,3,A,-,07,21658,A,F,B,A,A,A,H,-,D,D,0,,,,,Y,,D,22,0,0,1,0,0,0,0,0,0,"- ","- ",36.763988494873047,-119.77635955810547,FRESNO,FRESNO,-119.77632141113281,36.764011383056641
90673783,2018,2018-03-02,9435,2018-02-21,0638,014547,,3,1,9,1000,0,1,3,,1,183,"SR-180 E/B","DE WOLF AVENUE",1320.00,W,N,A,-,Y,,,180,,,,,,E,Y,4,0,1,1,D,-,00,,,N,F,A,A,A,H,-,A,D,0,,,,,Y,,-,"- ",0,0,1,0,0,0,0,0,0,"- ","- ",36.736919403076172,-119.64942169189453,FRESNO,UNINCORPORATED,-119.64942169189453,36.736942291259766
90674495,2018,2018-03-05,9435,2018-02-25,1340,020205,,7,1,7,1005,0,1,3,,2,410,"SR-41 N/B","ASHLAN AVE",40.00,N,N,A,-,Y,,,41,,,,,,N,Y,4,0,3,4,A,-,03,22350,,N,C,C,A,A,H,-,A,D,0,,,,,Y,,A,07,0,0,3,0,0,0,0,0,0,"- ","- ",36.79425048828125,-119.78471374511719,FRESNO,FRESNO,-119.78472900390625,36.794246673583984
90674519,2018,2018-03-05,9435,2018-02-23,1630,020733,,5,2,7,1005,0,1,3,,2,106,"SR-99 S/B","CHURCH AVE",860.00,S,N,A,-,Y,,,99,,,,,,S,Y,4,0,1,2,A,-,03,22350,,N,C,C,A,A,H,-,A,D,0,,,,,Y,,A,01,0,0,1,0,0,0,0,0,0,"- ","- ",36.712261199951172,-119.77945709228516,FRESNO,FRESNO,-119.77947235107422,36.712245941162109
90674546,2018,2018-03-05,9435,2018-02-24,2045,020419,,6,2,9,1000,0,3,5,,2,010,"BRAWLEY AVE","WELDON AVE",375.00,S,N,A,-,N,,,,,,,,,,Y,4,0,1,2,A,-,09,21801,A,N,D,C,A,A,H,-,D,D,0,,,,,Y,,A,01,0,0,1,0,0,0,0,0,0,"- ","- ",36.767520904541016,-119.86224365234375,FRESNO,UNINCORPORATED,-119.86225128173828,36.767581939697266
90674564,2018,2018-03-05,9435,2018-02-24,1747,020586,,6,2,9,1000,0,1,3,,1,412,SR-41,"MT WHITNEY AVE",1000.00,N,N,A,-,Y,,,41,,,,,,,N,4,0,1,4,A,-,04,21703,,N,C,C,A,A,H,-,D,D,0,,,,,Y,,A,07,0,0,1,0,0,0,0,0,0,"- ","- ",36.433498382568359,-119.80075836181641,FRESNO,UNINCORPORATED,-119.80067443847656,36.433483123779297
90674854,2018,2018-03-05,9435,2018-02-27,1509,018926,,2,2,9,1000,0,1,3,,2,107,"SR-99 N/B TO BETHEL AVE.","KAMM AVE",528.00,S,N,B,-,Y,,,99,,,,R,,N,Y,3,0,5,1,A,-,03,22350,,N,F,A,A,A,H,-,A,D,0,,,,,Y,,A,08,0,2,3,0,0,0,0,0,0,"- ","- ",36.530799865722656,-119.57502746582031,FRESNO,UNINCORPORATED,-119.57502746582031,36.530799865722656
90674995,2018,2018-03-05,9495,2018-02-23,0505,021073,,5,3,9,1000,0,1,1,,2,002,"INTERSTATE 5 NORTHBOUND",SR-198,1584.00,N,N,A,-,Y,,,5,,,,,,N,Y,3,0,2,1,A,-,08,22107,,N,E,I,A,A,H,-,D,D,0,,,,,Y,,A,01,0,1,1,0,0,0,0,0,0,"- ","- ",36.258388519287109,-120.24624633789062,FRESNO,UNINCORPORATED,-120.24629211425781,36.258365631103516
90675104,2018,2018-03-05,9435,2018-02-21,0750,014547,,3,1,9,1000,0,3,5,,2,030,"HELM AVENUE","BELMONT AVENUE",5.00,N,N,A,-,N,,,,,,,,,,N,2,0,1,2,A,-,09,21453,B,N,G,B,B,A,H,-,A,A,0,Y,,,,Y,,A,08,1,0,0,0,1,0,0,0,0,"- ","- ",36.750568389892578,-119.72284698486328,FRESNO,UNINCORPORATED,-119.72277069091797,36.750503540039062
90675194,2018,2018-03-05,9435,2018-02-22,2115,020078,,4,2,9,1000,0,3,5,,2,034,"KINGS CANYON RD","TEMPERANCE AVE",2006.00,E,N,A,-,Y,,,,,,,,,,Y,2,0,1,1,A,-,01,23152,A,N,E,J,A,A,H,-,C,D,0,,,,,Y,Y,D,22,1,0,0,0,0,0,0,0,0,"- ","- ",36.736759185791016,-119.65717315673828,FRESNO,UNINCORPORATED,-119.65727233886719,36.736831665039062
90675239,2018,2018-03-05,9495,2018-02-15,1422,019424,,4,2,9,1000,0,3,5,,2,053,"JAYNE AVENUE","BUTTE AVENUE",20.00,E,N,A,-,N,,,,,,,,,,Y,3,0,1,2,A,-,09,21802,A,F,E,I,A,A,H,-,A,A,0,,,,Y,Y,,-,99,0,1,0,0,0,0,0,0,0,"- ","- ",36.137748718261719,-120.15640258789062,FRESNO,UNINCORPORATED,-120.15631103515625,36.137779235839844
90675445,2018,2018-03-06,9435,2018-02-24,1240,017310,,6,1,9,1000,0,3,5,,2,034,"NEWMARK AVE","MANNING AVE",0.00,,Y,A,-,N,,,,,,,,,,Y,3,0,1,2,A,-,12,21453,A,N,D,C,A,A,H,-,A,A,0,,,,,Y,,A,08,0,1,0,0,0,0,0,0,0,"- ","- ",36.604698181152344,-119.53000640869141,FRESNO,UNINCORPORATED,-119.52993011474609,36.604801177978516
90675452,2018,2018-03-06,9435,2018-02-27,1545,019895,,2,2,7,1005,0,1,3,,2,106,"SR-99 S/B","NORTH AVE",100.00,N,N,A,-,Y,,,99,,,,,,S,Y,4,0,1,5,A,-,03,22350,,N,C,C,A,A,H,-,A,D,0,,,,,Y,,D,22,0,0,1,0,0,0,0,0,0,"- ","- ",36.692440032958984,-119.75906372070312,FRESNO,FRESNO,-119.75907897949219,36.692420959472656
90675510,2018,2018-03-23,9495,2018-02-25,0125,020942,,7,3,9,1000,0,1,1,,2,003,"I-5 N/B (WEST SIDE FREEWAY)","JAYNE AVE.",10032.00,S,N,A,-,Y,,,5,,,,,,N,Y,2,0,3,1,A,-,08,22107,,N,E,I,A,A,H,-,D,D,0,,,,,Y,,A,01,1,2,0,0,0,0,0,0,0,"- ","- ",36.112480163574219,-120.13545989990234,FRESNO,UNINCORPORATED,-120.13550567626953,36.112438201904297
90675596,2018,2018-03-06,9435,2018-02-25,1339,020450,,7,1,9,1000,0,3,5,,2,030,"OLIVE AVE","WILLOW AVE",0.00,,Y,A,-,N,,,,,,,,,,Y,4,0,1,3,A,-,01,23152,A,F,D,C,A,A,H,-,A,A,0,,,,,Y,Y,A,07,0,0,1,0,0,0,0,0,0,"- ","- ",36.757358551025391,-119.72733306884766,FRESNO,UNINCORPORATED,-119.72731781005859,36.757488250732422
90675661,2018,2018-03-06,9435,2018-02-26,0629,019610,,1,1,9,1000,0,3,5,,2,020,"CORNELIA AVE","DAVIS AVE",528.00,N,N,B,-,N,,,,,,,,,,Y,3,0,2,1,A,-,08,22107,,N,E,I,A,A,H,-,A,A,0,,,,,Y,,D,22,0,1,1,0,0,0,0,0,0,"- ","- ",36.476600646972656,-119.88715362548828,FRESNO,UNINCORPORATED,-119.88707733154297,36.475910186767578
90675687,2018,2018-03-06,9435,2018-02-28,0730,015095,,3,1,9,1000,0,3,5,,2,030,"FOWLER AVENUE NORTHBOUND","SR-180 W/B (TO FOWLER AVE)",35.00,S,N,A,-,Y,,,,,,,,,,Y,3,0,3,2,A,-,03,22350,,N,C,C,A,A,H,-,A,A,0,,,,,Y,,A,01,0,2,1,0,0,0,0,0,0,"- ","- ",36.754501342773438,-119.68119812011719,FRESNO,UNINCORPORATED,,
90675697,2018,2018-03-06,9435,2018-02-23,1620,020078,,5,2,9,1000,0,3,5,,2,034,"ANNADALE AVE","RIVERBEND AVE",50.00,W,N,A,-,N,,,,,,,,,,Y,4,0,2,2,A,-,03,22350,,N,C,C,A,A,H,-,A,D,0,,,,,Y,,D,22,0,0,2,0,0,0,0,0,0,"- ","- ",36.699188232421875,-119.51210021972656,FRESNO,UNINCORPORATED,-119.51219177246094,36.699184417724609
90675875,2018,2018-03-06,9435,2018-02-23,1105,015026,,5,1,7,1005,0,1,3,,2,182,"SR-180 E/B TO CLOVIS AVE","CLOVIS AVE",10.00,W,N,A,-,Y,,,180,,,,R,,E,N,4,0,2,2,A,-,21,22106,,N,C,C,A,A,H,-,A,A,0,,,,,Y,,A,01,0,0,2,0,0,0,0,0,0,"- ","- ",36.752010345458984,-119.70057678222656,FRESNO,FRESNO,-119.70057678222656,36.752010345458984
90675884,2018,2018-03-06,9435,2018-03-01,1545,016507,,4,2,9,1000,0,3,5,,2,060,"CRAWFORD AVE","HUNTSMAN AVE",1056.00,S,N,B,C,N,,,,,,,,,,Y,4,0,1,2,A,-,03,22350,,N,C,C,A,B,H,-,A,D,0,,,,,Y,,A,01,0,0,1,0,0,0,0,0,0,"- ","- ",36.578701019287109,-119.37689208984375,FRESNO,UNINCORPORATED,-119.37696075439453,36.579032897949219
90675930,2018,2018-03-06,9435,2018-03-01,0830,019980,,4,1,9,1000,0,3,5,,2,015,"ELM AVE","LARSEN AVE",250.00,N,N,C,-,N,,,,,,,,,,Y,4,0,2,2,A,-,09,21804,A,N,D,C,A,B,H,-,A,D,0,,,,,Y,,A,01,0,0,2,0,0,0,0,0,0,"- ","- ",36.646888732910156,-119.79080200195312,FRESNO,UNINCORPORATED,-119.79084777832031,36.647014617919922
90676455,2018,2018-03-07,9435,2018-02-28,1510,019895,,3,2,9,1000,0,1,3,,1,183,SR-180,"RIO VISTA AVE",75.00,W,N,A,-,Y,,,180,,,,,,,Y,4,0,1,2,A,-,03,22350,,N,C,C,A,A,H,-,A,D,0,,,Y,,Y,,C,02,0,0,1,0,0,0,0,0,1,"- ","- ",36.731960296630859,-119.47731781005859,FRESNO,UNINCORPORATED,-119.47731781005859,36.731967926025391
90676469,2018,2018-03-07,9435,2018-02-23,0800,014547,,5,1,7,1005,0,1,3,,2,410,"SR-41 S/B","BELMONT AVENUE",220.00,S,N,B,-,Y,,,41,,,,,,S,Y,4,0,1,2,A,-,03,22350,,N,C,A,A,A,H,-,A,D,0,,,,,Y,,A,08,0,0,1,0,0,0,0,0,0,"- ","- ",36.749660491943359,-119.77645874023438,FRESNO,FRESNO,-119.77637481689453,36.749652862548828
90676639,2018,2018-03-07,9435,2018-02-25,0245,020064,,7,3,9,1000,0,3,5,,2,040,"MENDOCINO AVENUE","MOUNTAIN VIEW AVENUE",2640.00,S,N,A,-,N,,,,,,,,,,Y,2,0,2,2,A,-,01,23152,G,N,E,I,F,A,H,-,D,D,0,Y,,,,Y,,A,01,1,1,0,0,1,0,0,0,0,"- ","- ",36.541629791259766,-119.54795837402344,FRESNO,UNINCORPORATED,-119.5479736328125,36.539592742919922
90676669,2018,2018-03-07,9435,2018-02-28,1840,019523,,3,2,9,1000,0,3,5,,2,015,"JENSEN AVE","MODOC AVE",630.00,E,N,A,-,N,,,,,,,,,,Y,4,0,2,2,A,-,03,22350,,N,C,C,A,A,H,-,D,D,0,,,,,Y,,A,07,0,0,2,0,0,0,0,0,0,"- ","- ",36.705650329589844,-120.08547210693359,FRESNO,UNINCORPORATED,-120.08550262451172,36.705581665039062
90676701,2018,2018-03-07,9435,2018-03-01,1355,018944,,4,1,9,1000,0,3,5,,2,020,"CONEJO AVE","ELM AVE.",0.00,,Y,B,-,N,,,,,,,,,,Y,4,0,1,2,A,-,09,21802,A,N,D,C,A,A,H,-,A,A,0,,,,,Y,,A,01,0,0,1,0,0,0,0,0,0,"- ","- ",36.518291473388672,-119.79109191894531,FRESNO,UNINCORPORATED,-119.79109191894531,36.518291473388672
90676716,2018,2018-03-07,9435,2018-03-02,0710,015095,,5,1,7,1005,0,1,3,,2,182,"SR-180 WESTBOUND","CLOVIS AVE O/C'S EAST EDGE",17.00,W,N,C,-,Y,,,180,,,,,,W,Y,4,0,1,1,A,-,03,22350,,N,E,I,A,B,H,-,A,D,0,,,,,Y,,A,01,0,0,1,0,0,0,0,0,0,"- ","- ",36.752769470214844,-119.70066833496094,FRESNO,FRESNO,-119.70066833496094,36.752841949462891
90676726,2018,2018-03-07,9435,2018-02-23,1235,019263,,5,1,9,1000,0,1,3,,1,169,SR-168,"SAMPLE RD",2112.00,E,N,A,-,Y,,,168,,,,,,,Y,3,0,1,2,A,-,08,22107,,N,B,C,A,A,H,-,A,D,0,,,,,Y,,D,22,0,1,0,0,0,0,0,0,0,"- ","- ",36.909839630126953,-119.51963806152344,FRESNO,UNINCORPORATED,-119.51975250244141,36.909763336181641
90676992,2018,2018-03-07,9435,2018-03-02,0853,019980,,5,1,7,1005,0,1,3,,2,410,"SR-41 N/B","SHAW AVE",30.00,S,N,C,-,Y,,,41,,,,,,N,N,4,0,1,2,A,-,03,22350,,N,C,C,A,B,H,-,A,D,0,,,,,Y,,A,01,0,0,1,0,0,0,0,0,0,"- ","- ",36.808811187744141,-119.78518676757812,FRESNO,FRESNO,-119.78511810302734,36.808811187744141
90677036,2018,2018-03-07,9435,2018-03-01,1545,019548,,4,2,9,1000,0,3,5,,2,050,"BURROUGH VALLEY RD","TERESA SPRINGS RD",30.00,E,N,C,-,N,,,,,,,,,,N,4,0,1,1,A,-,03,22350,,N,E,I,A,B,H,-,A,D,0,,,,,Y,,A,01,0,0,1,0,0,0,0,0,0,"- ","- ",36.980758666992188,-119.39502716064453,FRESNO,UNINCORPORATED,-119.39495849609375,36.980705261230469
90677057,2018,2018-03-07,9435,2018-03-01,1520,019548,,4,2,9,1000,0,3,5,,2,050,"TOLLHOUSE RD.","LODGE RD.",2112.00,W,N,C,-,N,,,,,,,,,,Y,3,0,1,1,A,-,03,22350,,N,E,I,A,B,H,-,A,D,0,,,,,Y,,D,22,0,1,0,0,0,0,0,0,0,"- ","- ",37.001029968261719,-119.40611267089844,FRESNO,UNINCORPORATED,-119.40625,37.005470275878906
90677102,2018,2018-03-07,9435,2018-03-01,1900,019523,,4,2,9,1000,0,1,3,,2,410,"SR-41 N/B","E/B HERNDON AVE",40.00,N,N,C,-,Y,,,,,,,,,,Y,4,0,1,3,A,-,07,21658,A,N,B,C,A,B,H,-,C,D,0,,,,,Y,,A,07,0,0,1,0,0,0,0,0,0,"- ","- ",36.837429046630859,-119.78476715087891,FRESNO,UNINCORPORATED,,
90677425,2018,2018-03-08,9435,2018-02-27,1140,018914,,2,1,7,1005,0,1,3,,2,410,"SR-41 S/B","CLINTON AVE",200.00,N,N,A,-,Y,,,41,,,,,,S,Y,4,0,1,2,A,-,08,22107,,N,B,C,A,B,H,-,A,D,0,,,,,Y,,D,22,0,0,1,0,0,0,0,0,0,"- ","- ",36.772201538085938,-119.78500366210938,FRESNO,FRESNO,-119.78492736816406,36.772228240966797
90677678,2018,2018-03-08,9435,2018-03-02,0654,016833,,5,1,9,1000,0,3,5,,2,040,"MANNING AVE","WEST AVE",0.00,,Y,A,-,N,,,,,,,,,,Y,4,0,2,2,A,-,09,21801,A,N,D,C,A,A,H,-,A,D,0,,,,,Y,,A,01,0,0,2,0,0,0,0,0,0,"- ","- ",36.605148315429688,-119.82689666748047,FRESNO,UNINCORPORATED,-119.82685852050781,36.605171203613281
90677704,2018,2018-03-08,9435,2018-02-26,1025,017310,,1,1,9,1000,0,3,5,,2,034,"MANNING AVE E/B","LAC JAC AVE",35.00,W,N,A,-,N,,,,,,,,,,N,4,0,1,2,A,-,21,22106,,N,C,C,A,A,H,-,A,A,0,,,,,Y,,A,07,0,0,1,0,0,0,0,0,0,"- ","- ",36.604450225830078,-119.48475646972656,FRESNO,UNINCORPORATED,-119.48461151123047,36.604393005371094
90677920,2018,2018-03-08,9435,2018-03-03,1458,017088,,6,2,9,1000,0,3,5,,2,060,"ALTA AVE.","SOUTH AVE",1056.00,N,N,B,-,N,,,,,,,,,,Y,2,0,2,1,A,-,01,23152,A,N,E,I,A,B,H,-,A,D,0,,,,,Y,Y,A,01,1,0,1,0,0,0,0,0,0,"- ","- ",36.371631622314453,-119.23419952392578,FRESNO,UNINCORPORATED,-119.39481353759766,36.621326446533203
90677978,2018,2018-03-20,9435,2018-03-03,1138,019980,,6,1,9,1000,0,3,5,,2,040,"BETHEL AVE","NEBRASKA AVE",0.00,,Y,A,-,N,,,,,,,,,,Y,1,1,1,2,A,-,01,23152,F,F,D,C,A,A,H,-,A,A,0,,,,,Y,,A,01,0,1,0,0,0,0,0,0,0,"- ","- ",36.561450958251953,-119.57508087158203,FRESNO,UNINCORPORATED,-119.57508087158203,36.561439514160156
90678060,2018,2018-03-08,9435,2018-02-27,1255,017310,,2,1,9,1000,0,3,5,,2,034,"CLOVIS AVENUE S/B","NORTH AVENUE",50.00,S,N,A,-,N,,,,,,,,,,N,4,0,1,3,A,-,12,21453,,F,B,C,A,A,H,-,A,A,0,,,,,Y,,D,22,0,0,1,0,0,0,0,0,0,"- ","- ",36.692779541015625,-119.69996643066406,FRESNO,UNINCORPORATED,-119.69995880126953,36.692703247070312
90678158,2018,2018-03-08,9435,2018-03-03,1920,018892,,6,2,9,1000,0,3,5,,2,025,"AUBERRY RD","COPPER AVE",7181.00,N,N,D,-,N,,,,,,,,,,Y,3,0,1,2,A,-,03,22350,,N,A,C,A,C,H,-,D,D,0,,,,,Y,,A,01,0,1,0,0,0,0,0,0,0,"- ","- ",36.916511535644531,-119.71530914306641,FRESNO,UNINCORPORATED,-119.71577453613281,36.915489196777344
90678433,2018,2018-03-09,9435,2018-03-03,1605,021031,,6,2,9,1000,0,3,5,,2,040,"FLORAL AVENUE","TEMPERANCE AVENUE",302.00,E,N,B,-,N,,,,,,,,,,Y,4,0,1,2,A,-,09,21801,A,N,B,C,A,A,H,-,A,D,0,,,,,Y,,A,07,0,0,1,0,0,0,0,0,0,"- ","- ",36.576358795166016,-119.66319274902344,FRESNO,UNINCORPORATED,-119.66352081298828,36.576358795166016
90678516,2018,2018-03-09,9435,2018-03-02,1630,019926,,5,2,7,1005,0,1,3,,2,105,"SR-99 N/B","OLIVE AVE",850.00,S,N,B,-,Y,,,99,,,,,,N,N,4,0,1,3,A,-,03,22350,,N,C,C,A,A,H,-,A,D,0,,,,,Y,,A,01,0,0,1,0,0,0,0,0,0,"- ","- ",36.755180358886719,-119.82836151123047,FRESNO,FRESNO,-119.82830047607422,36.755214691162109
90678709,2018,2018-03-09,9435,2018-03-06,0540,017489,,2,3,9,1000,0,1,3,,2,107,"SR-99 N/B","FLORAL AVENUE",4752.00,N,N,A,-,Y,,,99,,,,,,N,Y,4,0,1,2,D,-,00,,,N,B,C,A,A,H,-,A,D,0,,,,,Y,,-,"- ",0,0,1,0,0,0,0,0,0,"- ","- ",36.586299896240234,-119.63999938964844,FRESNO,UNINCORPORATED,-119.64006805419922,36.586227416992188
90678722,2018,2018-10-30,9435,2018-01-02,2006,020450,,2,2,9,1000,0,3,5,,2,020,"MADSEN AVENUE","HERNDON AVENUE",1901.00,N,N,A,-,N,,,,,,,,,,Y,1,1,0,1,A,-,01,23152,A,N,E,I,A,A,H,-,D,D,0,,,,,Y,Y,D,22,0,0,0,0,0,0,0,0,0,"- ","- ",36.846981048583984,-119.53926086425781,FRESNO,UNINCORPORATED,-119.53923797607422,36.842494964599609
90679532,2018,2018-03-12,9435,2018-03-01,2042,014479,,4,2,9,1000,0,3,5,,2,030,"ARDEN DR  S","WELDON AVE",0.00,,Y,C,-,N,,,,,,,,,,N,4,0,4,2,A,-,03,22350,,F,D,C,A,B,H,-,D,A,0,,,,,Y,,A,07,0,0,4,0,0,0,0,0,0,"- ","- ",36.768791198730469,-119.75637817382812,FRESNO,UNINCORPORATED,-119.75634002685547,36.768901824951172
90679537,2018,2018-03-12,9435,2018-03-05,1706,019610,,1,2,9,1000,0,1,3,,2,106,"SR-99 S/B","CENTRAL AVE",1056.00,N,N,B,-,Y,,,99,,,,,,S,N,3,0,1,2,A,-,17,23114,A,N,H,J,A,A,H,-,A,A,0,,,,,Y,,B,07,0,1,0,0,0,0,0,0,0,"- ","- ",36.681270599365234,-119.7452392578125,FRESNO,UNINCORPORATED,-119.74538421630859,36.68109130859375
90679554,2018,2018-03-12,9435,2018-03-06,1630,019895,,2,2,9,1000,0,3,5,,2,034,"BETHEL AVE","SOUTH AVE",0.00,,Y,A,-,N,,,,,,,,,,Y,4,0,2,2,A,-,03,22350,,N,D,C,A,A,H,-,A,A,0,,,,,Y,,A,01,0,0,2,0,0,0,0,0,0,"- ","- ",36.619300842285156,-119.57479095458984,FRESNO,UNINCORPORATED,-119.57480621337891,36.619651794433594
90679583,2018,2018-03-12,9435,2018-03-04,2015,021031,,7,2,7,1005,0,1,3,,2,181,"SR-180 EASTBOUND TO SR-41","FRESNO STREET",500.00,E,N,A,-,Y,,,180,,,,R,,E,N,4,0,1,2,A,-,07,21658,A,N,C,C,A,A,H,-,C,D,0,,,,,Y,,A,01,0,0,1,0,0,0,0,0,0,"- ","- ",36.752128601074219,-119.77670288085938,FRESNO,FRESNO,-119.77670288085938,36.752128601074219
90679596,2018,2018-03-12,9435,2018-02-28,0750,014547,,3,1,7,1005,0,1,3,,2,410,"SR-41 S/B","HUNTINGTON BOULDEVARD",100.00,S,N,B,-,Y,,,41,,,,,,S,Y,4,0,2,4,A,-,03,22350,,N,C,C,A,A,H,-,A,D,0,,,,,Y,,A,01,0,0,2,0,0,0,0,0,0,"- ","- ",36.738449096679688,-119.77771759033203,FRESNO,FRESNO,-119.77765655517578,36.738452911376953
90679947,2018,2018-03-12,9495,2018-03-06,0440,20716,,2,3,9,1000,0,1,1,,2,002,"INTERSTATE 5 SOUTHBOUND (WEST SIDE FWY)","STATE ROUTE 145",1320.00,S,N,A,-,Y,,,,,,,,,,Y,4,0,1,1,A,-,08,22107,,N,F,A,A,A,H,-,C,D,0,,,,,Y,,A,01,0,0,1,0,0,0,0,0,0,"- ","- ",36.1727294921875,-120.16024780273438,FRESNO,UNINCORPORATED,,
90680059,2018,2018-03-12,9435,2018-03-05,1720,019895,,1,2,9,1000,0,3,5,,2,034,"GOODFELLOW AVE","CHANNEL RD",1000.00,S,N,A,-,N,,,,,,,,,,Y,4,0,1,1,A,-,08,22107,,N,F,A,A,A,H,-,B,D,0,,,,,Y,,A,07,0,0,1,0,0,0,0,0,0,"- ","- ",36.671989440917969,-119.53809356689453,FRESNO,UNINCORPORATED,-119.53799438476562,36.672374725341797
90680065,2018,2018-03-12,9435,2018-03-06,0730,012846,,2,1,7,1005,0,1,3,,1,168,"SR-168 W/B","DAKOTA AVE",500.00,W,N,A,-,Y,,,168,,,,,,W,N,4,0,1,3,A,-,03,22350,,F,C,C,A,A,H,-,A,D,0,,,,,Y,,A,01,0,0,1,0,0,0,0,0,0,"- ","- ",36.785358428955078,-119.74925231933594,FRESNO,FRESNO,-119.74924468994141,36.785358428955078
90680322,2018,2018-03-12,9435,2018-03-05,1029,013793,,1,1,7,1005,0,1,3,,2,410,"SR-41 (SOUTHBOUND)","M STREET",348.00,S,N,A,-,Y,,,41,,,,,,,Y,3,0,2,4,A,-,03,22350,,N,C,C,A,A,H,-,A,D,0,,,,,Y,,A,01,0,1,1,0,0,0,0,0,0,"- ","- ",36.730770111083984,-119.78050994873047,FRESNO,FRESNO,-119.78050994873047,36.73077392578125
90680526,2018,2018-03-13,9435,2018-03-03,1210,019263,,6,1,9,1000,0,1,3,,1,169,"SR-168 E/B","LAKEVIEW DR",2112.00,W,N,D,-,Y,,,168,,,,,,E,N,3,0,1,3,C,-,18,,,N,G,B,E,C,E,-,A,D,0,Y,,,,Y,,-,"- ",0,1,0,0,1,0,0,0,0,"- ","- ",37.132610321044922,-119.31012725830078,FRESNO,UNINCORPORATED,-119.31016540527344,37.132610321044922
90680532,2018,2018-03-13,9435,2018-03-06,2139,020062,,2,2,7,1005,0,1,3,,2,181,"SR180 W/B","FULTON ST",1584.00,E,N,A,-,Y,,,180,,,,,,W,Y,3,0,1,2,A,-,01,23152,F,N,C,C,A,A,H,-,D,D,0,,,,,Y,,A,07,0,1,0,0,0,0,0,0,0,"- ","- ",36.751041412353516,-119.79521179199219,FRESNO,FRESNO,-119.79521179199219,36.751052856445312