CASE_ID,ACCIDENT_YEAR,PROC_DATE,JURIS,COLLISION_DATE,COLLISION_TIME,OFFICER_ID,REPORTING_DISTRICT,DAY_OF_WEEK,CHP_SHIFT,POPULATION,CNTY_CITY_LOC,SPECIAL_COND,BEAT_TYPE,CHP_BEAT_TYPE,CITY_DIVISION_LAPD,CHP_BEAT_CLASS,BEAT_NUMBER,PRIMARY_RD,SECONDARY_RD,DISTANCE,DIRECTION,INTERSECTION,WEATHER_1,WEATHER_2,STATE_HWY_IND,CALTRANS_COUNTY,CALTRANS_DISTRICT,STATE_ROUTE,ROUTE_SUFFIX,POSTMILE_PREFIX,POSTMILE,LOCATION_TYPE,RAMP_INTERSECTION,SIDE_OF_HWY,TOW_AWAY,COLLISION_SEVERITY,NUMBER_KILLED,NUMBER_INJURED,PARTY_COUNT,PRIMARY_COLL_FACTOR,PCF_CODE_OF_VIOL,PCF_VIOL_CATEGORY,PCF_VIOLATION,PCF_VIOL_SUBSECTION,HIT_AND_RUN,TYPE_OF_COLLISION,MVIW,PED_ACTION,ROAD_SURFACE,ROAD_COND_1,ROAD_COND_2,LIGHTING,CONTROL_DEVICE,CHP_ROAD_TYPE,PEDESTRIAN_ACCIDENT,BICYCLE_ACCIDENT,MOTORCYCLE_ACCIDENT,TRUCK_ACCIDENT,NOT_PRIVATE_PROPERTY,ALCOHOL_INVOLVED,STWD_VEHTYPE_AT_FAULT,CHP_VEHTYPE_AT_FAULT,COUNT_SEVERE_INJ,COUNT_VISIBLE_INJ,COUNT_COMPLAINT_PAIN,COUNT_PED_KILLED,COUNT_PED_INJURED,COUNT_BICYCLIST_KILLED,COUNT_BICYCLIST_INJURED,COUNT_MC_KILLED,COUNT_MC_INJURED,PRIMARY_RAMP,SECONDARY_RAMP,LATITUDE,LONGITUDE,COUNTY,CITY,POINT_X,POINT_Y
90687754,2018,2018-03-22,9435,2018-03-20,1335,019263,,2,1,9,1000,0,3,5,,2,050,"AUBERRY RD","JOSE BASIN RD",10032.00,E,N,C,-,N,,,,,,,,,,Y,4,0,1,1,A,-,03,22350,,N,E,I,A,B,H,-,A,D,0,,,,,Y,,A,07,0,0,1,0,0,0,0,0,0,"- ","- ",37.078868865966797,-119.45716857910156,FRESNO,UNINCORPORATED,-119.45684051513672,37.078838348388672
90687806,2018,2018-03-22,9435,2018-03-21,0550,015095,,3,3,9,1000,0,3,5,,2,025,"MILLERTON ROAD","SKY HARBOUR RD",4224.00,E,N,B,C,N,,,,,,,,,,Y,3,0,1,1,A,-,01,23152,A,N,E,I,A,B,H,-,D,D,0,,,,,Y,Y,A,01,0,1,0,0,0,0,0,0,0,"- ","- ",36.951229095458984,-119.58537292480469,FRESNO,UNINCORPORATED,-119.62910461425781,36.97760009765625
90687807,2018,2018-03-22,9435,2018-03-21,1128,015095,,3,1,9,1000,0,3,5,,2,030,"HIGHLAND AVENUE","BELMONT AVENUE",1056.00,S,N,C,-,N,,,,,,,,,,Y,4,0,1,1,A,-,03,22350,,N,E,I,A,B,F,-,A,D,0,,,,,Y,,D,22,0,0,1,0,0,0,0,0,0,"- ","- ",36.747089385986328,-119.62786102294922,FRESNO,UNINCORPORATED,-119.62789154052734,36.747280120849609
90688312,2018,2018-03-23,9435,2018-03-21,2217,020586,,3,3,7,1005,0,1,3,,2,105,"SR-99 N/B","CLINTON AVE",900.00,S,N,C,-,Y,,,99,,,,,,N,Y,4,0,3,1,A,-,03,22350,,N,E,I,A,B,H,-,D,D,0,,,,,Y,,A,07,0,0,3,0,0,0,0,0,0,"- ","- ",36.76885986328125,-119.83653259277344,FRESNO,FRESNO,-119.83655548095703,36.768844604492188
90688328,2018,2018-03-23,9435,2018-03-16,1740,020205,,5,2,7,1005,0,1,3,,2,410,"SR-41 S/B","SHAW AVE",350.00,N,N,B,C,Y,,,41,,,,,,S,Y,4,0,2,2,A,-,03,22350,,N,C,C,A,B,H,-,A,D,0,,,,,Y,,A,07,0,0,2,0,0,0,0,0,0,"- ","- ",36.810070037841797,-119.78549957275391,FRESNO,FRESNO,-119.78543090820312,36.810070037841797
90688638,2018,2018-04-03,9435,2018-03-12,0755,013793,,1,1,9,1000,0,3,5,,2,025,"ASHLAN AVENUE","GREENWOOD AVENUE",0.00,,Y,A,-,N,,,,,,,,,,Y,3,0,1,2,A,-,09,21801,A,N,D,C,A,A,H,-,A,D,0,,,,,Y,,A,08,0,1,0,0,0,0,0,0,0,"- ","- ",36.793701171875,-119.56501007080078,FRESNO,UNINCORPORATED,-119.56503295898438,36.793701171875
90688645,2018,2018-03-23,9435,2018-03-19,0620,018049,,1,1,9,1000,0,3,5,,2,015,"LINCOLN AVE","MARKS AVE",0.00,,Y,A,-,N,,,,,,,,,,Y,2,0,1,2,A,-,09,21801,A,N,A,C,A,A,H,-,D,A,0,,,,,Y,,A,08,1,0,0,0,0,0,0,0,0,"- ","- ",36.648578643798828,-119.84442138671875,FRESNO,UNINCORPORATED,-119.844482421875,36.648601531982422
90688658,2018,2018-03-23,9435,2018-03-15,1830,019926,,4,2,7,1005,0,1,3,,2,105,"SR-99 N/B","CLINTON AVE",2112.00,N,N,A,-,Y,,,99,,,,,,N,Y,4,0,2,1,A,-,08,22107,,N,E,I,A,A,H,-,A,D,0,,,,,Y,,A,01,0,0,2,0,0,0,0,0,0,"- ","- ",36.776069641113281,-119.84194946289062,FRESNO,FRESNO,-119.84203338623047,36.775978088378906
90688754,2018,2018-03-23,9435,2018-03-13,1204,015026,,2,1,7,1005,0,1,3,,2,181,"SR-180 E/B TO CLOVIS AVE","CLOVIS AVE",20.00,W,N,B,-,Y,,,180,,,,R,,E,N,4,0,1,3,A,-,03,22350,,N,C,C,A,B,H,-,A,A,0,,,,,Y,,A,01,0,0,1,0,0,0,0,0,0,"- ","- ",36.751998901367188,-119.70053863525391,FRESNO,FRESNO,-119.70053863525391,36.751998901367188
90689316,2018,2018-03-26,9435,2018-03-15,1030,015026,,4,1,7,1005,0,3,5,,2,010,"SHAW  AVE","MAROA AVE",93.00,W,N,A,-,N,,,,,,,,,,Y,4,0,3,3,A,-,04,21703,,N,C,C,A,A,H,-,A,D,0,,,,,Y,,A,01,0,0,3,0,0,0,0,0,0,"- ","- ",36.808559417724609,-119.79989624023438,FRESNO,FRESNO,-119.79976654052734,36.808559417724609
90689324,2018,2018-03-26,9435,2018-03-15,1610,018892,,4,2,7,1005,0,1,3,,2,410,"SR-41 S/B","MCKINLEY AVE",1056.00,N,N,A,-,Y,,,41,,,,,,S,Y,4,0,3,3,A,-,03,22350,,N,C,C,A,A,H,-,A,D,0,,,,,Y,,A,01,0,0,3,0,0,0,0,0,0,"- ","- ",36.767131805419922,-119.78044128417969,FRESNO,FRESNO,-119.78040313720703,36.767192840576172
90689332,2018,2018-03-26,9435,2018-03-14,1545,018944,,3,2,7,1005,1,3,5,,2,010,"SHAW AVE.","HARRISON AVE.",0.00,,Y,A,-,N,,,,,,,,,,Y,3,0,1,3,A,-,09,21801,A,N,D,C,A,A,H,-,A,D,0,,,,,Y,,A,07,0,1,0,0,0,0,0,0,0,"- ","- ",36.820259094238281,-119.81069946289062,FRESNO,FRESNO,-119.81069183349609,36.808490753173828
90689385,2018,2018-03-26,9435,2018-03-16,1500,018892,,5,2,7,1005,0,1,3,,2,410,"SR-41 S/B","CHURCH AVE",1584.00,N,N,B,C,Y,,,41,,,,,,S,Y,3,0,4,2,A,-,03,22350,,N,C,C,A,B,H,-,A,D,0,,,,,Y,,A,01,0,1,3,0,0,0,0,0,0,"- ","- ",36.719650268554688,-119.78520202636719,FRESNO,FRESNO,-119.78516387939453,36.719657897949219
90689435,2018,2018-03-26,9435,2018-03-17,0110,020680,,6,3,9,1000,0,1,3,,2,106,"SR-99 S/B","CENTRAL AVE",1557.00,N,N,B,-,Y,,,99,,,,,,S,Y,4,0,1,2,A,-,01,23152,F,M,B,C,A,B,H,-,C,D,0,,,,,Y,,A,01,0,0,1,0,0,0,0,0,0,"- ","- ",36.680950164794922,-119.74517059326172,FRESNO,UNINCORPORATED,-119.74518585205078,36.680931091308594
90689480,2018,2018-03-26,9435,2018-03-18,1433,020205,,7,2,7,1005,0,1,3,,2,410,"SR-41 N/B","GETTYSBURG AVE",20.00,N,N,A,-,Y,,,41,,,,,,N,N,4,0,1,3,A,-,03,22350,,N,C,C,A,A,H,-,A,D,0,,,,,Y,,A,01,0,0,1,0,0,0,0,0,0,"- ","- ",36.801448822021484,-119.78514099121094,FRESNO,FRESNO,-119.78514099121094,36.801448822021484
90689504,2018,2018-03-26,9435,2018-03-16,1530,018912,,5,2,7,1005,0,1,3,,2,410,"STATE ROUTE 41 (SOUTHBOUND)","TULARE STREET",50.00,S,N,C,-,Y,,,41,,,,,,,N,4,0,1,2,A,-,03,22350,,N,C,C,A,B,F,-,A,D,0,,,,,Y,,A,01,0,0,1,0,0,0,0,0,0,"- ","- ",36.742321014404297,-119.77764129638672,FRESNO,FRESNO,-119.77758026123047,36.7423095703125
90689577,2018,2018-03-26,9435,2018-03-20,1525,020837,,2,2,7,1005,0,1,3,,2,105,"STATE ROUTE 99 NORTHBOUND","STANISLAUS STREET",200.00,N,N,B,C,Y,,,99,,,,,,N,N,3,0,2,2,A,-,03,22350,,N,C,C,A,B,H,-,A,D,0,,,,,Y,,A,07,0,1,1,0,0,0,0,0,0,"- ","- ",36.734600067138672,-119.80307006835938,FRESNO,FRESNO,-119.80302429199219,36.734653472900391
90689736,2018,2018-03-26,9495,2018-03-18,0945,019205,,7,1,9,1000,0,1,3,,2,005,"STATE ROUTE 33 (DERRICK AVENUE)","MANNING AVENUE",0.00,,Y,B,-,Y,,,33,,,,,,,Y,3,0,3,2,A,-,09,21802,A,N,D,C,A,A,H,-,A,A,0,,,,,Y,,D,22,0,2,1,0,0,0,0,0,0,"- ","- ",36.603359222412109,-120.38851165771484,FRESNO,UNINCORPORATED,-120.3885498046875,36.603363037109375
90689739,2018,2018-03-26,9435,2018-03-19,2341,020592,,1,3,7,1005,0,1,3,,1,168,"SR-168 E/B","SHIELDS AVE",488.00,E,N,A,-,Y,,,168,,,,,,E,Y,4,0,1,1,A,-,08,22107,,N,E,I,A,A,H,-,C,D,0,,,,,Y,,A,01,0,0,1,0,0,0,0,0,0,"- ","- ",36.781341552734375,-119.74909210205078,FRESNO,FRESNO,-119.74903869628906,36.781337738037109
90689804,2018,2018-03-26,9435,2018-03-24,0600,017489,,6,1,2,1004,0,1,3,,2,106,"SR-99 N/B","MERCED STREET",2112.00,S,N,A,-,Y,,,99,,,,,,N,Y,4,0,1,1,A,-,08,22107,,N,E,I,A,A,H,-,D,D,0,,,,,Y,,A,01,0,0,1,0,0,0,0,0,0,"- ","- ",36.624500274658203,-119.68150329589844,FRESNO,FOWLER,-119.68169403076172,36.624286651611328
90689832,2018,2018-03-26,9435,2018-03-20,0635,015026,,2,1,7,1005,0,1,3,,2,410,"SR-41 S/B","DIVISADERO ST",25.00,N,N,A,-,Y,,,41,,,,,,S,Y,4,0,1,2,A,-,03,22350,,N,C,C,A,A,H,-,A,D,0,,,,,Y,,A,01,0,0,1,0,0,0,0,0,0,"- ","- ",36.743450164794922,-119.77738189697266,FRESNO,FRESNO,-119.77733612060547,36.743434906005859
90690333,2018,2018-03-27,9435,2018-03-15,1610,018914,,4,2,7,1005,0,1,3,,2,410,"SR-41 S/B","MCKINLEY AVENUE",735.00,N,N,A,-,Y,,,,,,,,,,Y,4,0,1,2,A,-,03,22350,,N,C,C,A,A,H,-,A,D,0,,,,,Y,,D,22,0,0,1,0,0,0,0,0,0,"- ","- ",36.761100769042969,-119.78032684326172,FRESNO,FRESNO,-119.77899169921875,36.766437530517578
90690646,2018,2018-03-27,9435,2018-03-15,0728,014547,,4,1,7,1005,0,1,3,,2,181,"SR-168 W/B TO SR-180 W/B AND SR-41","NINTH STREET",500.00,E,N,A,-,Y,,,,,,,,,,N,4,0,2,3,A,-,07,21658,A,N,C,C,A,A,H,-,A,D,0,,,,,Y,,D,22,0,0,2,0,0,0,0,0,0,"- ","- ",36.755561828613281,-119.75752258300781,FRESNO,FRESNO,-119.65769195556641,36.846569061279297
90690655,2018,2018-03-27,9435,2018-03-24,0945,017489,,6,1,9,1000,0,3,5,,2,034,"TEMPERANCE AVENUE","CENTRAL AVENUE",0.00,,Y,A,-,N,,,,,,,,,,Y,4,0,1,2,A,-,09,21802,A,N,D,C,A,A,H,-,A,A,0,,,,Y,Y,,A,01,0,0,1,0,0,0,0,0,0,"- ","- ",36.6781005859375,-119.6636962890625,FRESNO,UNINCORPORATED,-119.66387176513672,36.678081512451172
90690669,2018,2018-03-27,9435,2018-03-20,0235,019548,,2,3,9,1000,0,1,3,,1,169,"STATE ROUTE 168","SAMPLE RD",8448.00,E,N,B,-,Y,,,168,,,,,,,Y,2,0,1,1,A,-,01,23152,F,N,F,A,A,A,H,-,D,D,0,,,,,Y,,D,22,1,0,0,0,0,0,0,0,0,"- ","- ",36.925609588623047,-119.51434326171875,FRESNO,UNINCORPORATED,-119.51435089111328,36.925621032714844
90690734,2018,2018-03-27,9435,2018-03-12,0740,014547,,1,1,7,1005,0,1,3,,2,181,"SR-180 WB TO SR-41 SB","BELMONT AVENUE",1056.00,N,N,B,-,Y,,,180,,,,R,,W,N,4,0,1,2,D,-,00,,,N,C,C,A,A,H,-,A,D,0,,,,,Y,,-,"- ",0,0,1,0,0,0,0,0,0,"- ","- ",36.753311157226562,-119.77639770507812,FRESNO,FRESNO,-119.77639770507812,36.753311157226562
90691036,2018,2018-03-27,9435,2018-03-19,0809,015468,,1,1,9,1000,0,3,5,,2,010,"SIERRA AVENUE","BERGERON AVE",0.00,,Y,A,-,N,,,,,,,,,,Y,3,0,2,2,A,-,03,22350,,N,C,C,A,A,H,-,A,D,0,,,,,Y,,A,01,0,2,0,0,0,0,0,0,0,"- ","- ",36.830120086669922,-119.796142578125,FRESNO,UNINCORPORATED,-119.79605102539062,36.830120086669922
90691041,2018,2018-03-27,9435,2018-03-15,2135,019962,,4,2,9,1000,0,3,5,,2,040,"MANNING AVENUE","DEL REY AVENUE",365.00,E,N,A,-,N,,,,,,,,,,Y,4,0,2,2,A,-,03,22350,,N,C,C,A,A,H,-,D,D,0,,,,,Y,,A,01,0,0,2,0,0,0,0,0,0,"- ","- ",36.604888916015625,-119.59188842773438,FRESNO,UNINCORPORATED,-119.5914306640625,36.605129241943359
90691332,2018,2018-03-28,9435,2018-03-16,1410,018914,,5,2,9,1000,0,3,5,,2,034,"ACADEMY AVE","NEBRASKA AVE",0.00,,Y,B,C,N,,,,,,,,,,Y,3,0,2,2,A,-,09,21802,A,N,D,C,A,B,H,-,A,A,0,,,,,Y,,A,01,0,2,0,0,0,0,0,0,0,"- ","- ",36.561389923095703,-119.55664825439453,FRESNO,UNINCORPORATED,-119.55652618408203,36.561378479003906
90691365,2018,2018-03-28,9435,2018-03-27,2210,020680,,2,3,9,1000,0,3,5,,2,025,"CLINTON AVE","BOND ST",0.00,,Y,A,-,N,,,,,,,,,,N,2,0,1,2,A,-,08,22107,,F,B,G,A,A,H,-,C,D,0,,Y,,,Y,,-,99,1,0,0,0,0,0,1,0,0,"- ","- ",36.772380828857422,-119.76785278320312,FRESNO,UNINCORPORATED,-119.76789093017578,36.772308349609375
90691513,2018,2018-03-28,9435,2018-03-17,1635,020837,,6,2,9,1000,0,3,5,,2,034,"JENSEN AVENUE","ARMSTRONG AVENUE",0.00,,Y,B,-,N,,,,,,,,,,Y,3,0,2,2,A,-,09,21801,A,N,D,C,A,A,H,-,A,D,0,,,,,Y,,E,22,0,1,1,0,0,0,0,0,0,"- ","- ",36.707340240478516,-119.67320251464844,FRESNO,UNINCORPORATED,-119.67302703857422,36.707511901855469
90691551,2018,2018-03-28,9435,2018-03-16,0206,015755,,5,3,9,1000,0,1,3,,1,411,"SR-41 S/B","AMERICAN AVE",2112.00,N,N,B,-,Y,,,41,,,,,,S,Y,3,0,2,2,A,-,03,22350,,F,C,C,A,A,H,-,D,D,0,,,,Y,Y,,D,22,0,2,0,0,0,0,0,0,0,"- ","- ",36.672561645507812,-119.78604888916016,FRESNO,UNINCORPORATED,-119.78609466552734,36.672561645507812
90691727,2018,2018-03-28,9435,2018-03-16,1440,020078,,5,2,9,1000,0,3,5,,2,040,"NEBRASKA AVE","WILLOW AVE",800.00,E,N,C,-,N,,,,,,,,,,Y,2,0,1,2,A,-,03,22350,,F,C,C,A,B,H,-,A,D,0,,,,,Y,,-,99,1,0,0,0,0,0,0,0,0,"- ","- ",36.561851501464844,-119.72495269775391,FRESNO,UNINCORPORATED,-119.72612762451172,36.561794281005859
90692136,2018,2018-03-28,9435,2018-03-18,1950,019523,,7,2,9,1000,0,1,3,,1,411,"SR-41 N/B","FLORAL AVE",0.00,,Y,A,-,Y,,,41,,,,,,N,Y,4,0,1,2,A,-,09,21801,A,N,D,C,A,A,H,-,C,D,0,,,,,Y,,D,22,0,0,1,0,0,0,0,0,0,"- ","- ",36.576301574707031,-119.78587341308594,FRESNO,UNINCORPORATED,-119.78605651855469,36.576301574707031
90692541,2018,2018-03-29,9435,2018-03-21,2125,018892,,3,2,9,1000,0,1,3,,1,183,"SR-180 W/B","FOWLER AVE",1056.00,W,N,C,-,Y,,,180,,,,,,W,N,4,0,1,2,A,-,08,22107,,N,B,C,A,B,H,-,D,D,0,,,,,Y,,A,01,0,0,1,0,0,0,0,0,0,"- ","- ",36.753589630126953,-119.68846893310547,FRESNO,UNINCORPORATED,-119.6884765625,36.753635406494141
90692638,2018,2018-03-29,9435,2018-03-20,1453,019791,,2,2,9,1000,0,3,5,,2,034,"CENTRAL AVE","DEL REY AVE",0.00,,Y,B,C,N,,,,,,,,,,Y,3,0,2,2,A,-,09,21802,A,N,D,C,A,B,H,-,A,A,0,,,,,Y,,A,01,0,2,0,0,0,0,0,0,0,"- ","- ",36.677608489990234,-119.59297943115234,FRESNO,UNINCORPORATED,-119.59239196777344,36.677669525146484
90692675,2018,2018-03-29,9435,2018-03-16,1445,016860,,5,2,9,1000,0,1,3,,1,169,SR-168,"HUNTINGTON LAKE RD",8448.00,E,N,D,-,Y,,,168,,,,,,,Y,2,0,1,2,A,-,03,22350,,N,F,C,A,C,H,-,A,D,0,,,,,Y,,A,07,1,0,0,0,0,0,0,0,0,"- ","- ",37.151191711425781,-119.27632141113281,FRESNO,UNINCORPORATED,-119.27632141113281,37.151172637939453
90692704,2018,2018-03-29,9435,2018-03-21,1913,019791,,3,2,7,1005,0,1,3,,2,181,"SR-180 E/B TO SR-99 S/B",SR-99,600.00,W,N,B,C,Y,,,180,,,,R,,E,Y,3,0,1,1,A,-,01,23152,A,N,E,I,A,B,H,-,E,D,0,,,,,Y,Y,A,07,0,1,0,0,0,0,0,0,0,"- ","- ",36.739208221435547,-119.81730651855469,FRESNO,FRESNO,-119.81730651855469,36.739208221435547
90692709,2018,2018-03-29,9495,2018-03-23,1007,019205,,5,1,9,1000,0,1,1,,2,001,"INTERSTATE 5 FREEWAY (SOUTHBOUND)","PANOCHE JUNTION O/C",3168.00,N,N,A,-,Y,,,5,,,,,,,Y,2,0,1,2,A,-,03,22350,,N,C,C,A,A,H,-,A,D,0,,,,,Y,,A,07,1,0,0,0,0,0,0,0,0,"- ","- ",36.559089660644531,-120.52574920654297,FRESNO,UNINCORPORATED,-120.52573394775391,36.559108734130859
90692772,2018,2018-03-29,9435,2018-03-22,0945,015986,,4,1,7,1005,0,1,3,,2,105,"SR-99 S/B","BELMONT AVENUE",300.00,S,N,A,-,Y,,,99,,,,,,S,Y,4,0,2,2,A,-,03,22350,,N,C,C,A,A,H,-,A,D,0,,,,,Y,,A,01,0,0,2,0,0,0,0,0,0,"- ","- ",36.746978759765625,-119.82260894775391,FRESNO,FRESNO,-119.82246398925781,36.747093200683594
90692996,2018,2018-03-29,9435,2018-03-23,1450,018609,,5,2,9,1000,0,3,5,,2,025,"BEHYMER AVE","FOWLER AVE",0.00,,Y,A,-,N,,,,,,,,,,Y,2,0,2,2,A,-,12,22450,A,N,D,C,A,A,H,-,A,A,0,,,,,Y,,D,22,1,1,0,0,0,0,0,0,0,"- ","- ",36.881069183349609,-119.68392944335938,FRESNO,UNINCORPORATED,-119.6839599609375,36.881038665771484
90693053,2018,2018-03-29,9435,2018-03-25,1100,017310,,7,1,9,1000,0,3,5,,2,040,"ROSE AVE","BETHEL AVE",0.00,,Y,A,-,N,,,,,,,,,,Y,4,0,3,2,A,-,09,21802,,N,D,C,A,A,H,-,A,A,0,,,,,Y,,A,01,0,0,3,0,0,0,0,0,0,"- ","- ",36.568748474121094,-119.57508087158203,FRESNO,UNINCORPORATED,-119.57502746582031,36.568729400634766
90693104,2018,2018-03-29,9495,2018-03-21,1922,019424,,3,2,9,1000,0,1,3,,1,008,"STATE ROUTE 198","INTERSTATE 5",1056.00,W,N,B,C,Y,,,198,,,,,,,Y,4,0,3,2,A,-,09,21804,A,N,D,C,A,B,H,-,C,A,0,,,,,Y,,A,07,0,0,3,0,0,0,0,0,0,"- ","- ",36.254291534423828,-120.24967193603516,FRESNO,UNINCORPORATED,-120.24967193603516,36.254264831542969
90693157,2018,2018-03-29,9435,2018-03-22,1206,013793,,4,1,7,1005,0,1,3,,2,181,"SR-180 WESTBOUND","G STREET",200.00,E,N,B,-,Y,,,180,,,,,,W,Y,4,0,1,2,A,-,03,22350,,N,C,C,A,A,H,-,A,D,0,,,,,Y,,A,07,0,0,1,0,0,0,0,0,0,"- ","- ",36.744338989257812,-119.80874633789062,FRESNO,FRESNO,-119.80873107910156,36.744312286376953
90695577,2018,2018-03-30,9435,2018-03-21,0810,012846,,3,1,9,1000,0,3,5,,2,025,"BULLARD AVE","HIGHLAND AVE",0.00,,Y,B,C,N,,,,,,,,,,Y,4,0,1,2,A,-,03,22350,,N,C,C,A,B,H,-,A,D,0,,,,,Y,,A,01,0,0,1,0,0,0,0,0,0,"- ","- ",36.822879791259766,-119.6279296875,FRESNO,UNINCORPORATED,-119.6279296875,36.822830200195312
90695598,2018,2018-03-30,9435,2018-03-21,1305,013112,,3,1,9,1000,0,3,5,,2,015,"MAPLE AVENUE","LINCOLN AVENUE",0.00,,Y,B,-,N,,,,,,,,,,Y,4,0,1,2,A,-,09,21802,A,N,D,C,A,B,H,-,A,A,0,,,,Y,Y,,F,26,0,0,1,0,0,0,0,0,0,"- ","- ",36.648200988769531,-119.74569702148438,FRESNO,UNINCORPORATED,-119.74578094482422,36.648941040039062
90695675,2018,2018-03-30,9435,2018-03-20,0638,014547,,2,1,7,1005,0,1,3,,2,410,"SR-41 S/B","NEVADA AVE. PED O/C",50.00,N,N,B,-,Y,,,41,,,,,,S,Y,4,0,1,6,A,-,03,22350,,M,C,C,A,A,H,-,A,D,0,,,,,Y,,D,22,0,0,1,0,0,0,0,0,0,"- ","- ",36.745998382568359,-119.77662658691406,FRESNO,FRESNO,-119.77659606933594,36.745994567871094
90695699,2018,2018-03-30,9435,2018-03-20,0745,014547,,2,1,7,1005,0,1,3,,2,410,"SR-41 S/B","SIERRA AVENUE",100.00,S,N,B,-,Y,,,41,,,,,,S,Y,4,0,1,3,A,-,03,22350,,N,C,C,A,A,H,-,A,D,0,,,,,Y,,D,22,0,0,1,0,0,0,0,0,0,"- ","- ",36.829769134521484,-119.78527069091797,FRESNO,FRESNO,-119.78517913818359,36.829769134521484
90696194,2018,2018-04-02,9435,2018-03-21,1235,015468,,3,1,9,1000,0,3,5,,2,034,"GOLDEN STATE BLVD","AMERICAN AVE",0.00,,Y,B,-,N,,,,,,,,,,Y,4,0,1,2,A,-,09,21802,A,N,D,C,A,A,H,-,A,A,0,,,,,Y,,E,22,0,0,1,0,0,0,0,0,0,"- ","- ",36.663501739501953,-119.7183837890625,FRESNO,UNINCORPORATED,-119.71853637695312,36.663360595703125
90696215,2018,2018-04-02,9435,2018-03-24,0130,020871,,6,3,9,1000,0,1,3,,2,106,"SR-99 N/B","MERCED ST",1584.00,S,N,A,-,Y,,,,,,,,,,Y,3,0,1,1,A,-,08,22107,,N,E,I,A,A,H,-,D,D,0,,,,,Y,,A,01,0,1,0,0,0,0,0,0,0,"- ","- ",36.623138427734375,-119.68029022216797,FRESNO,UNINCORPORATED,-119.68072509765625,36.623405456542969
90696227,2018,2018-04-02,9435,2018-03-21,0655,015026,,3,1,7,1005,0,1,3,,2,105,"SR-99 N/B","CLINTON AVE",274.00,S,N,B,C,Y,,,99,,,,,,N,Y,4,0,1,2,A,-,08,22107,,N,E,I,A,B,H,-,A,D,0,,,,Y,Y,,A,01,0,0,1,0,0,0,0,0,0,"- ","- ",36.774459838867188,-119.84059143066406,FRESNO,FRESNO,-119.84049987792969,36.774551391601562
90696338,2018,2018-04-02,9435,2018-03-24,0330,020592,,6,3,9,1000,0,3,5,,2,034,"CHURCH AVENUE","ARMSTRONG AVENUE",8.00,E,N,A,-,N,,,,,,,,,,N,4,0,1,1,A,-,01,23152,A,N,E,I,A,A,H,-,D,A,0,,,,,Y,Y,A,01,0,0,1,0,0,0,0,0,0,"- ","- ",36.714820861816406,-119.67301177978516,FRESNO,UNINCORPORATED,-119.67303466796875,36.714851379394531
90696358,2018,2018-04-02,9435,2018-03-25,0715,015986,,7,1,7,1005,0,1,3,,2,181,"SR-180 E/B TO SR-41 S/B","SR-41 S/B",300.00,W,N,A,-,Y,,,180,,,,R,,E,Y,3,0,1,1,A,-,01,23152,A,N,E,I,A,A,H,-,A,D,0,,,,,Y,Y,A,01,0,1,0,0,0,0,0,0,0,"- ","- ",36.753170013427734,-119.77735900878906,FRESNO,FRESNO,-119.77735900878906,36.753170013427734
90696382,2018,2018-04-02,9435,2018-03-24,1110,015179,,6,1,9,1000,0,3,5,,2,040,"CALIFORNIA AVE","DICKENSON AVE",3696.00,W,N,A,-,N,,,,,,,,,,Y,3,0,5,2,A,-,09,21801,A,N,D,C,A,A,H,-,A,D,0,,,,,Y,,A,01,0,2,3,0,0,0,0,0,0,"- ","- ",36.720508575439453,-119.96774291992188,FRESNO,UNINCORPORATED,-119.98262023925781,36.720409393310547
90696423,2018,2018-10-08,9435,2018-03-23,1752,020122,,5,2,9,1000,0,3,5,,2,040,"AVENELL AVE","CHESTNUT AVE",500.00,W,N,A,-,N,,,,,,,,,,N,2,0,1,2,A,-,08,22107,,N,G,B,E,A,H,-,A,D,0,Y,,,,Y,,A,01,1,0,0,0,1,0,0,0,0,"- ","- ",36.565010070800781,-119.73876953125,FRESNO,UNINCORPORATED,-119.73866271972656,36.565017700195312
90696429,2018,2018-04-02,9435,2018-03-22,1455,016507,,4,2,9,1000,0,3,5,,2,060,"REED AVE","CENTRAL AVE",15.00,N,N,C,-,N,,,,,,,,,,Y,3,0,2,3,A,-,03,22350,,N,C,C,A,B,H,-,A,D,0,,,,,Y,,A,07,0,1,1,0,0,0,0,0,0,"- ","- ",36.676799774169922,-119.45752716064453,FRESNO,UNINCORPORATED,-119.45745086669922,36.676891326904297