CASE_ID,ACCIDENT_YEAR,PROC_DATE,JURIS,COLLISION_DATE,COLLISION_TIME,OFFICER_ID,REPORTING_DISTRICT,DAY_OF_WEEK,CHP_SHIFT,POPULATION,CNTY_CITY_LOC,SPECIAL_COND,BEAT_TYPE,CHP_BEAT_TYPE,CITY_DIVISION_LAPD,CHP_BEAT_CLASS,BEAT_NUMBER,PRIMARY_RD,SECONDARY_RD,DISTANCE,DIRECTION,INTERSECTION,WEATHER_1,WEATHER_2,STATE_HWY_IND,CALTRANS_COUNTY,CALTRANS_DISTRICT,STATE_ROUTE,ROUTE_SUFFIX,POSTMILE_PREFIX,POSTMILE,LOCATION_TYPE,RAMP_INTERSECTION,SIDE_OF_HWY,TOW_AWAY,COLLISION_SEVERITY,NUMBER_KILLED,NUMBER_INJURED,PARTY_COUNT,PRIMARY_COLL_FACTOR,PCF_CODE_OF_VIOL,PCF_VIOL_CATEGORY,PCF_VIOLATION,PCF_VIOL_SUBSECTION,HIT_AND_RUN,TYPE_OF_COLLISION,MVIW,PED_ACTION,ROAD_SURFACE,ROAD_COND_1,ROAD_COND_2,LIGHTING,CONTROL_DEVICE,CHP_ROAD_TYPE,PEDESTRIAN_ACCIDENT,BICYCLE_ACCIDENT,MOTORCYCLE_ACCIDENT,TRUCK_ACCIDENT,NOT_PRIVATE_PROPERTY,ALCOHOL_INVOLVED,STWD_VEHTYPE_AT_FAULT,CHP_VEHTYPE_AT_FAULT,COUNT_SEVERE_INJ,COUNT_VISIBLE_INJ,COUNT_COMPLAINT_PAIN,COUNT_PED_KILLED,COUNT_PED_INJURED,COUNT_BICYCLIST_KILLED,COUNT_BICYCLIST_INJURED,COUNT_MC_KILLED,COUNT_MC_INJURED,PRIMARY_RAMP,SECONDARY_RAMP,LATITUDE,LONGITUDE,COUNTY,CITY,POINT_X,POINT_Y
90696465,2018,2018-04-02,9435,2018-03-23,1350,020205,,5,1,7,1005,0,1,3,,2,410,"SR-41 N/B","GETTYSBURG AVE",100.00,S,N,A,-,Y,,,41,,,,,,N,Y,4,0,1,2,A,-,03,22350,,N,C,C,A,A,H,-,A,D,0,,,,,Y,,A,01,0,0,1,0,0,0,0,0,0,"- ","- ",36.801151275634766,-119.78511810302734,FRESNO,FRESNO,-119.78514099121094,36.801151275634766
90696475,2018,2018-04-02,9435,2018-03-23,1824,020078,,5,2,9,1000,0,3,5,,2,040,"MOUNTAIN VIEW AVE","CEDAR AVE",0.00,,Y,A,-,N,,,,,,,,,,Y,3,0,4,2,A,-,09,21802,A,N,D,C,A,A,H,-,A,A,0,,,,,Y,,A,01,0,1,3,0,0,0,0,0,0,"- ","- ",36.547359466552734,-119.75507354736328,FRESNO,UNINCORPORATED,-119.75499725341797,36.547370910644531
90696489,2018,2018-04-02,9435,2018-03-25,1400,020078,,7,2,7,1005,0,3,5,,2,015,"JENSEN AVE","BLYTHE AVE",0.00,,Y,A,-,N,,,,,,,,,,Y,4,0,2,2,A,-,12,22450,A,N,D,C,A,A,H,-,A,A,0,,,,,Y,,A,01,0,0,2,0,0,0,0,0,0,"- ","- ",36.70684814453125,-119.87142944335938,FRESNO,FRESNO,-119.87146759033203,36.706459045410156
90696501,2018,2018-04-02,9435,2018-03-23,0725,012846,,5,1,7,1005,0,1,3,,1,168,"SR-168 W/B","SUNNYSIDE AVE",690.00,W,N,A,-,Y,,,,,,,,,,Y,4,0,1,1,C,-,18,,,N,E,I,A,A,H,-,A,D,0,,,,,Y,,-,"- ",0,0,1,0,0,0,0,0,0,"- ","- ",36.840999603271484,-119.69548034667969,FRESNO,FRESNO,-119.69529724121094,36.84100341796875
90696563,2018,2018-04-02,9435,2018-03-25,0015,020592,,7,3,9,1000,0,3,5,,2,015,"ELM AVE","LINCOLN AVE",0.00,,Y,A,-,N,,,,,,,,,,N,4,0,1,2,A,-,12,21453,A,N,D,C,A,A,H,-,C,A,0,,,,Y,Y,,A,01,0,0,1,0,0,0,0,0,0,"- ","- ",36.648788452148438,-119.79093170166016,FRESNO,UNINCORPORATED,-119.79084014892578,36.648761749267578
90697022,2018,2018-04-02,9435,2018-03-29,1207,015095,,4,1,9,1000,0,3,5,,2,010,"MENLO AVENUE","ANNAPOLIS AVENUE",115.00,W,N,A,-,N,,,,,,,,,,Y,2,0,2,2,A,-,03,22350,,N,A,C,A,A,H,-,A,D,0,,,Y,,Y,,C,02,1,1,0,0,0,0,0,0,1,"- ","- ",36.831150054931641,-119.92057037353516,FRESNO,UNINCORPORATED,-119.92059326171875,36.831157684326172
90697028,2018,2018-04-02,9435,2018-03-29,1620,018860,,4,2,9,1000,0,3,5,,2,034,"MOUNTAIN VIEW AVE","SR-99 N/B FROM MOUNTAIN VIEW AVE",0.00,,Y,A,-,N,,,,,,,,,,Y,3,0,1,2,A,-,09,21801,A,N,D,C,A,A,H,-,A,D,0,,,,,Y,,A,01,0,1,0,0,0,0,0,0,0,"- ","- ",36.547260284423828,-119.5955810546875,FRESNO,UNINCORPORATED,-119.594285,36.546985999999997
90697151,2018,2018-04-03,9435,2018-03-26,2155,019263,,1,2,9,1000,0,3,5,,2,050,"AUBERRY RD","UPPITY-UPPITY RD",1056.00,W,N,A,-,N,,,,,,,,,,Y,3,0,1,1,A,-,01,23152,A,N,F,A,A,A,H,-,D,D,0,,,,,Y,Y,A,01,0,1,0,0,0,0,0,0,0,"- ","- ",37.082820892333984,-119.47952270507812,FRESNO,UNINCORPORATED,-119.48000335693359,37.082473754882812
90697351,2018,2018-04-03,9435,2018-03-22,1230,014547,,4,1,7,1005,0,1,3,,2,410,"SR-41 NB","MCKINLEY AVENUE",528.00,N,N,B,-,Y,,,41,,,,,,N,N,4,0,1,2,A,-,03,22350,,N,C,C,A,A,H,-,A,A,0,,,,,Y,,D,22,0,0,1,0,0,0,0,0,0,"- ","- ",36.766448974609375,-119.77799987792969,FRESNO,FRESNO,-119.77810668945312,36.766277313232422
90697415,2018,2018-04-03,9435,2018-03-31,1936,020429,,6,2,7,1005,0,1,3,,2,181,"SR-180 E/B",SR-41,830.00,E,N,A,-,Y,,,180,,,,,,E,Y,4,0,1,1,A,-,08,22107,,N,E,I,A,A,C,-,B,D,0,,,,,Y,,A,01,0,0,1,0,0,0,0,0,0,"- ","- ",36.755680084228516,-119.76811218261719,FRESNO,FRESNO,-119.76810455322266,36.754852294921875
90697447,2018,2018-04-03,9435,2018-03-28,1430,020540,,3,2,9,1000,0,3,5,,2,010,"DICKENSON AVENUE","BELMONT AVENUE",67.00,N,N,A,-,N,,,,,,,,,,N,4,0,1,2,A,-,03,22350,,N,C,C,A,A,H,-,A,D,0,,,,,Y,,A,07,0,0,1,0,0,0,0,0,0,"- ","- ",36.750148773193359,-119.96999359130859,FRESNO,UNINCORPORATED,-119.96990203857422,36.749794006347656
90697635,2018,2018-04-03,9435,2018-03-23,1140,017310,,5,1,9,1000,0,1,3,,2,106,"SR-99 S/B","CENTRAL AVE",2640.00,N,N,A,-,Y,,,99,,,,,,S,Y,2,0,2,6,A,-,03,22350,,N,C,C,A,A,H,-,A,D,0,,,,,Y,,M,59,1,1,0,0,0,0,0,0,0,"- ","- ",36.68280029296875,-119.74752807617188,FRESNO,UNINCORPORATED,-119.74749755859375,36.682838439941406
90697862,2018,2018-09-21,9461,2018-03-31,2025,021188,,6,2,9,1000,0,3,5,,2,060,"CALIFORNIA AVE.","WASHOE AVE.",560.00,W,N,A,-,N,,,,,,,,,,Y,3,0,2,2,A,-,01,23152,A,N,B,C,A,A,H,-,D,D,0,,,,,Y,Y,A,01,0,2,0,0,0,0,0,0,0,"- ","- ",36.720001220703125,-120.46122741699219,FRESNO,UNINCORPORATED,-120.46144866943359,36.719921112060547
90698129,2018,2018-04-04,9435,2018-03-25,1455,020095,,7,2,9,1000,0,3,5,,2,025,"MINNEWAWA AVE","BEHYMER AVE",0.00,,Y,A,-,N,,,,,,,,,,N,3,0,1,2,D,-,00,,,N,D,C,A,A,H,-,A,A,0,,,,,Y,,-,"- ",0,1,0,0,0,0,0,0,0,"- ","- ",36.881179809570312,-119.71118927001953,FRESNO,UNINCORPORATED,-119.711181640625,36.881149291992188
90698398,2018,2018-04-04,9435,2018-03-28,1255,012846,,3,1,7,1005,0,1,3,,2,181,"SR-180 W/B","G STREET",1240.00,W,N,A,-,Y,,,180,,,,,,W,Y,4,0,1,2,A,-,03,22350,,N,C,C,A,A,H,-,A,D,0,,,,,Y,,A,07,0,0,1,0,0,0,0,0,0,"- ","- ",36.742290496826172,-119.81288146972656,FRESNO,FRESNO,-119.81279754638672,36.742130279541016
90698406,2018,2018-05-18,9435,2018-03-27,1530,020837,,2,2,9,1000,0,3,5,,2,034,"PULLMAN STREET","JENSEN AVENUE BYPASS",10.00,N,N,A,-,N,,,,,,,,,,N,4,0,1,2,A,-,03,22350,,M,C,C,A,A,H,-,A,D,0,,,,,Y,,-,99,0,0,1,0,0,0,0,0,0,"- ","- ",36.706340789794922,-119.76039886474609,FRESNO,UNINCORPORATED,-119.76032257080078,36.706916809082031
90698465,2018,2018-04-04,9495,2018-03-27,1508,019424,,2,2,9,1000,0,1,1,,2,003,"I-5 NB TO STATE ROUTE 198","STATE ROUTE 198",551.00,S,N,A,-,Y,,,5,,,,R,,N,Y,3,0,4,1,A,-,08,22107,,N,F,A,A,A,H,-,A,D,0,,,,,Y,,A,07,0,2,2,0,0,0,0,0,0,"- ","- ",36.253219604492188,-120.24212646484375,FRESNO,UNINCORPORATED,-120.24212646484375,36.253219604492188
90698586,2018,2018-04-04,9435,2018-03-23,1950,021031,,5,2,9,1000,0,3,5,,2,034,"MOUNTAIN VIEW AVENUE WESTBOUND","GOLDEN STATE BOULEVARD",170.00,E,N,A,-,N,,,,,,,,,,Y,4,0,2,3,A,-,01,23152,A,F,A,C,A,A,H,-,C,A,0,,,,,Y,Y,A,01,0,0,2,0,0,0,0,0,0,"- ","- ",36.546989440917969,-119.58994293212891,FRESNO,UNINCORPORATED,-119.59039306640625,36.546989440917969
90698709,2018,2018-04-04,9435,2018-04-02,1145,017489,,1,1,9,1000,0,1,3,,1,180,SR-180,"SAN MATEO AVENUE",528.00,E,N,A,-,Y,,,180,,,,,,,N,4,0,1,2,A,-,03,22350,,N,C,C,A,A,H,-,A,D,0,,,,,Y,,D,22,0,0,1,0,0,0,0,0,0,"- ","- ",36.734378814697266,-120.31211853027344,FRESNO,UNINCORPORATED,-120.31211853027344,36.734367370605469
90698911,2018,2018-04-04,9435,2018-03-29,1545,018892,,4,2,7,1005,0,1,3,,2,181,"SR-180 W/B","BROADWAY ST",75.00,W,N,A,-,Y,,,180,,,,,,W,Y,3,0,2,4,A,-,03,22350,,N,C,C,A,A,H,-,A,D,0,,,,,Y,,A,07,0,1,1,0,0,0,0,0,0,"- ","- ",36.747249603271484,-119.80320739746094,FRESNO,FRESNO,-119.80320739746094,36.747245788574219
90699034,2018,2018-04-05,9435,2018-03-30,1650,018892,,5,2,9,1000,0,3,5,,2,034,"ACADEMY AVE","ADAMS AVE",2112.00,S,N,A,-,N,,,,,,,,,,Y,4,0,1,1,A,-,08,22107,,N,F,A,A,A,H,-,A,D,0,,,,,Y,,A,01,0,0,1,0,0,0,0,0,0,"- ","- ",36.627391815185547,-119.55654144287109,FRESNO,UNINCORPORATED,-119.5567626953125,36.628334045410156
90699040,2018,2018-04-05,9435,2018-03-30,1404,017088,,5,2,9,1000,0,3,5,,2,060,"COVE AVE","AMERICAN AVE",0.00,,Y,A,-,N,,,,,,,,,,Y,3,0,3,2,A,-,12,22450,A,N,D,C,A,A,H,-,A,A,0,,,,,Y,,D,22,0,1,2,0,0,0,0,0,0,"- ","- ",36.661151885986328,-119.35001373291016,FRESNO,UNINCORPORATED,-119.34957885742188,36.661201477050781
90699081,2018,2018-04-05,9435,2018-04-03,1145,013703,,2,1,9,1000,0,1,3,,2,107,"SR-99 N/B","BETHEL AVENUE",4224.00,N,N,A,-,Y,,,99,,,,,,N,Y,4,0,1,3,A,-,03,22350,,N,C,C,A,A,H,-,A,D,0,,,,Y,Y,,A,07,0,0,1,0,0,0,0,0,0,"- ","- ",36.538341522216797,-119.58570861816406,FRESNO,UNINCORPORATED,-119.58573150634766,36.538314819335938
90699580,2018,2018-04-05,9435,2018-03-30,1340,019548,,5,1,9,1000,0,1,3,,1,169,"STATE ROUTE 168","GOOSEBERRY LN",50.00,W,N,A,-,Y,,,168,,,,,,,Y,2,0,1,1,A,-,08,22107,,N,E,I,A,A,H,-,A,D,0,,,Y,,Y,,C,02,1,0,0,0,0,0,0,0,1,"- ","- ",37.017158508300781,-119.52616882324219,FRESNO,UNINCORPORATED,-119.52619934082031,37.017139434814453
90699583,2018,2018-04-05,9435,2018-03-30,1915,019548,,5,2,9,1000,0,3,5,,2,050,"AUBERRY RD.","ROCKTREE RD.",528.00,S,N,A,-,N,,,,,,,,,,Y,3,0,1,1,A,-,08,22107,,N,E,I,A,A,H,-,D,D,0,,,,,Y,,A,01,0,1,0,0,0,0,0,0,0,"- ","- ",37.071758270263672,-119.48709869384766,FRESNO,UNINCORPORATED,-119.48709869384766,37.072101593017578
90699648,2018,2018-04-05,9435,2018-04-01,0005,019210,,7,3,3,1015,0,1,3,,2,107,"SR-99 S/B","SR-43 (HIGHLAND AVE)",600.00,S,N,A,-,Y,,,99,,,,,,S,Y,3,0,6,2,A,-,01,23152,A,N,C,C,A,A,H,-,A,D,0,,,,,Y,Y,A,01,0,4,2,0,0,0,0,0,0,"- ","- ",36.574081420898438,-119.62700653076172,FRESNO,SELMA,-119.62702941894531,36.574058532714844
90699656,2018,2018-04-05,9435,2018-04-04,1705,019895,,3,2,9,1000,0,1,3,,2,106,"SR-99 S/B","MANNING AVE",900.00,N,N,A,-,Y,,,99,,,,,,S,Y,3,0,2,2,A,-,03,22350,,N,C,C,A,A,H,-,A,D,0,,,,,Y,,A,07,0,1,1,0,0,0,0,0,0,"- ","- ",36.607269287109375,-119.66336822509766,FRESNO,UNINCORPORATED,-119.66339111328125,36.607246398925781
90699971,2018,2018-04-06,9435,2018-04-02,1440,018944,,1,2,9,1000,0,1,3,,1,145,"SR-145 (MADERA AVE)","BELMONT AVE.",40.00,N,N,A,-,Y,,,145,,,,,,,Y,4,0,2,3,A,-,03,22350,,N,C,C,A,A,H,-,A,A,0,,,,,Y,,D,22,0,0,2,0,0,0,0,0,0,"- ","- ",36.749790191650391,-120.06002044677734,FRESNO,UNINCORPORATED,-120.06002044677734,36.749790191650391
90700392,2018,2018-04-06,9435,2018-04-03,1644,019610,,2,2,7,1005,0,1,3,,2,410,"SR-41 S/B","MCKINLEY AVE",1320.00,N,N,A,-,Y,,,41,,,,,,S,Y,4,0,1,3,A,-,03,22350,,N,C,C,A,A,H,-,A,A,0,,,,,Y,,A,07,0,0,1,0,0,0,0,0,0,"- ","- ",36.770469665527344,-119.78421020507812,FRESNO,FRESNO,-119.78410339355469,36.770538330078125
90700432,2018,2018-04-06,9435,2018-03-28,0640,015026,,3,1,7,1005,0,1,3,,1,183,"SR-180 E/B","FOWLER AVE",120.00,E,N,A,-,Y,,,180,,,,,,E,Y,4,0,1,3,A,-,03,22350,,N,C,C,A,A,C,-,A,D,0,,,,,Y,,A,01,0,0,1,0,0,0,0,0,0,"- ","- ",36.752910614013672,-119.68179321289062,FRESNO,FRESNO,-119.68180084228516,36.752876281738281
90700436,2018,2018-04-11,9435,2018-03-28,1130,015026,,3,1,7,1005,0,1,3,,1,180,"SR-180 E/B","MARKS AVE",2112.00,E,N,A,-,Y,,,180,,,,,,E,Y,3,0,4,2,A,-,03,22350,,N,C,C,A,A,H,-,A,D,0,,,,,Y,,A,07,0,1,3,0,0,0,0,0,0,"- ","- ",36.737991333007812,-119.83692932128906,FRESNO,FRESNO,-119.83692932128906,36.738002777099609
9070093,2020,2020-08-24,1011,2020-05-06,2123,K069,PA,3,5,3,1011,0,0,0,,0,0PA,"E PARLIER AV","MADSON AV",0.00,,Y,A,-,N,,,,,,,,,,N,2,0,1,2,A,-,11,21955,,N,G,B,D,A,H,-,C,D,0,Y,,,,Y,Y,N,60,1,0,0,0,1,0,0,0,0,"- ","- ",,,FRESNO,PARLIER,-119.53884124755859,36.612159729003906
90700977,2018,2018-04-09,9435,2018-04-01,1945,019523,,7,2,9,1000,0,3,5,,2,015,"JENSEN AVE","MARKS AVE",0.00,,Y,A,-,Y,,,,,,,,,,Y,3,0,1,2,A,-,01,23152,A,N,D,C,A,A,H,-,D,A,0,,,,,Y,Y,A,01,0,1,0,0,0,0,0,0,0,"- ","- ",36.706630706787109,-119.84449768066406,FRESNO,UNINCORPORATED,-119.84449768066406,36.706630706787109
90700990,2018,2018-04-09,9435,2018-03-26,0855,013793,,1,1,9,1000,0,3,5,,2,025,"FRIANT ROAD","MERRILL AVENUE",2640.00,S,N,A,-,N,,,,,,,,,,Y,2,0,3,2,A,-,08,22107,,N,A,C,A,A,H,-,A,D,0,,,,,Y,,A,01,1,0,2,0,0,0,0,0,0,"- ","- ",36.9451904296875,-119.73024749755859,FRESNO,UNINCORPORATED,-119.73030853271484,36.946090698242188
90701042,2018,2018-04-09,9435,2018-03-31,1800,020078,,6,2,9,1000,0,3,5,,2,015,"DICKENSON AVE","KEARNEY BLVD",0.00,,Y,A,-,N,,,,,,,,,,Y,3,0,5,2,A,-,09,21802,A,N,D,C,A,A,H,-,A,A,0,,,,,Y,,D,22,0,1,4,0,0,0,0,0,0,"- ","- ",36.727718353271484,-119.96994781494141,FRESNO,UNINCORPORATED,-119.96996307373047,36.727699279785156
90701192,2018,2018-04-09,9435,2018-04-01,1818,020078,,7,2,9,1000,0,3,5,,2,015,"AMERICAN AVE","WEST AVE",0.00,,Y,A,-,N,,,,,,,,,,Y,3,0,6,2,A,-,12,22450,A,N,D,C,A,A,H,-,A,A,0,,,,,Y,Y,A,01,0,3,3,0,0,0,0,0,0,"- ","- ",36.663188934326172,-119.82682037353516,FRESNO,UNINCORPORATED,-119.82679748535156,36.663200378417969
90701267,2018,2018-04-09,9435,2018-04-01,2010,019263,,7,2,9,1000,0,1,3,,1,169,SR-168,"TOLLHOUSE RD",2112.00,W,N,A,-,Y,,,168,,,,,,,Y,3,0,1,1,A,-,08,22107,,N,E,I,A,A,H,-,D,D,0,,,Y,,Y,,C,02,0,1,0,0,0,0,0,0,1,"- ","- ",36.947639465332031,-119.50653076171875,FRESNO,UNINCORPORATED,-119.50646209716797,36.947677612304688
90701422,2018,2018-04-09,9495,2018-04-01,0010,021029,,7,3,9,1000,0,1,1,,2,002,"INTERSTATE 5 N/B (GOLDEN STATE FREEWAY)","DOMENGINE RD U/C (BRIDGE # 42-027)",30.00,S,N,A,-,Y,,,5,,,,,,N,Y,4,0,1,1,A,-,08,22107,,N,E,I,A,A,H,-,D,D,0,,,,,Y,,A,01,0,0,1,0,0,0,0,0,0,"- ","- ",36.352729797363281,-120.31958770751953,FRESNO,UNINCORPORATED,-120.31964874267578,36.352680206298828
90701723,2018,2018-04-09,9435,2018-03-30,1947,021031,,5,2,7,1005,0,1,3,,2,106,"STATE ROUTE 99 NORTHBOUND","AMERICAN AVENUE",30.00,S,N,A,-,Y,,,,,,,,,,Y,4,0,1,1,A,-,01,23152,A,N,E,I,A,A,H,-,D,D,0,,,,,Y,Y,D,22,0,0,1,0,0,0,0,0,0,"- ","- ",36.663471221923828,-119.72445678710938,FRESNO,FRESNO,-119.72460174560547,36.663478851318359
90701861,2018,2018-04-09,9495,2018-04-02,1514,019424,,1,2,9,1000,0,1,1,,2,002,"INTERSTATE 5 (NORTHBOUND)","JEFFREY AVENUE",5808.00,S,N,A,-,Y,,,,,,,,,,Y,4,0,6,2,A,-,03,22350,,N,C,C,A,A,H,-,A,D,0,,,,,Y,,A,01,0,0,6,0,0,0,0,0,0,"- ","- ",36.256740570068359,-120.32341766357422,FRESNO,UNINCORPORATED,,
90701957,2018,2018-04-10,9435,2018-03-30,1740,015890,,5,2,9,1000,0,3,5,,2,030,"JUDY AVE","ASHLAN AVE",0.00,,Y,A,-,N,,,,,,,,,,Y,4,0,1,2,A,-,09,21802,A,N,A,C,A,A,H,-,A,A,0,,,,,Y,,D,22,0,0,1,0,0,0,0,0,0,"- ","- ",36.793201446533203,-119.69941711425781,FRESNO,UNINCORPORATED,-119.69940185546875,36.793178558349609
90702055,2018,2018-04-10,9435,2018-04-04,0620,014363,,3,1,9,1000,0,3,5,,2,034,"MUSCAT AVENUE","CHESTNUT AVENUE",0.00,,Y,A,-,N,,,,,,,,,,Y,4,0,3,2,A,-,09,21802,A,N,D,C,A,A,H,-,B,A,0,,,,,Y,,D,22,0,0,3,0,0,0,0,0,0,"- ","- ",36.685150146484375,-119.73628997802734,FRESNO,UNINCORPORATED,-119.73677825927734,36.685218811035156
90702072,2018,2018-04-10,9435,2018-04-04,0800,015468,,3,1,7,1005,0,1,3,,2,182,"SR-180 W/B TO SR-41 S/B","BELMONT AVE",800.00,N,N,A,-,Y,,,180,,,,R,,W,N,3,0,1,2,A,-,03,22350,,N,C,C,A,A,H,-,A,A,0,,,,,Y,,A,01,0,1,0,0,0,0,0,0,0,"- ","- ",36.752670288085938,-119.77661895751953,FRESNO,FRESNO,-119.77661895751953,36.752670288085938
90702405,2018,2018-04-10,9435,2018-04-01,1655,019263,,7,2,9,1000,0,1,3,,1,169,"SR-168 (AUBERRY ROAD)","LITTLE SANDY RD",20.00,E,N,A,-,Y,,,168,,,,,,,Y,3,0,2,2,A,-,09,21804,A,N,D,C,A,A,H,-,A,D,0,,,,,Y,,D,22,0,2,0,0,0,0,0,0,0,"- ","- ",37.042018890380859,-119.50034332275391,FRESNO,UNINCORPORATED,-119.50045776367188,37.042171478271484
90702449,2018,2018-04-10,9435,2018-04-03,2210,016507,,2,3,9,1000,0,3,5,,2,060,"ENGLEHART AVE","PARLIER AVE",528.00,N,N,A,-,N,,,,,,,,,,N,3,0,1,1,A,-,08,22107,,M,E,I,A,A,H,-,D,D,0,,,,,Y,,A,01,0,1,0,0,0,0,0,0,0,"- ","- ",36.612869262695312,-119.41304779052734,FRESNO,UNINCORPORATED,-119.41297912597656,36.612709045410156
90702561,2018,2018-04-10,9495,2018-03-31,2250,20716,,6,3,9,1000,0,1,1,,2,003,"INTERSTATE 5 SOUTHBOUND (WEST SIDE FWY)","STATE ROUTE 269 (LASSEN AVENUE)",3168.00,N,N,A,-,Y,,,,,,,,,,Y,2,0,2,2,A,-,03,22350,,N,C,C,A,A,H,-,D,D,0,,,,,Y,,A,01,1,0,1,0,0,0,0,0,0,"- ","- ",36.045928955078125,-120.06330871582031,FRESNO,UNINCORPORATED,-120.10914611816406,36.083076477050781
90702608,2018,2018-04-10,9495,2018-03-31,2253,20716,,6,3,9,1000,0,1,1,,2,003,"INTERSTATE 5 SOUTHBOUND (WEST SIDE FWY)","STATE ROUTE 269",3168.00,N,N,A,-,Y,,,,,,,,,,Y,4,0,1,2,A,-,03,22350,,N,C,C,A,A,H,-,D,D,0,,,,,Y,,A,01,0,0,1,0,0,0,0,0,0,"- ","- ",36.045928955078125,-120.06330871582031,FRESNO,UNINCORPORATED,-120.10914611816406,36.083076477050781
90703091,2018,2018-04-11,9461,2018-04-05,1638,019052,,4,2,9,1000,0,2,4,,1,625,"BELMONT AVE","SAN DIEGO AVE",560.00,E,N,A,-,N,,,,,,,,,,Y,2,0,1,1,A,-,08,22107,,N,E,I,A,A,H,-,A,D,0,,,,,Y,Y,A,01,1,0,0,0,0,0,0,0,0,"- ","- ",36.749088287353516,-120.43892669677734,FRESNO,UNINCORPORATED,-120.43944549560547,36.749038696289062
90703165,2018,2018-04-11,9435,2018-03-31,1415,018892,,6,2,9,1000,0,3,5,,2,025,"COPPER AVE","ARMSTRONG AVE",44.00,E,N,A,-,N,,,,,,,,,,Y,2,0,2,2,A,-,03,22350,,N,C,C,A,A,H,-,A,D,0,,,Y,,Y,Y,C,02,1,0,1,0,0,0,0,0,2,"- ","- ",36.895439147949219,-119.67263793945312,FRESNO,UNINCORPORATED,-119.67466735839844,36.895488739013672
90703737,2018,2018-04-11,9435,2018-03-30,0814,014547,,5,1,7,1005,0,1,3,,2,410,"SR-41 S/B","GETTYSBURG AVENUE",1056.00,S,N,A,-,Y,,,41,,,,,,S,N,4,0,3,2,A,-,07,21658,,N,C,C,A,A,H,-,A,D,0,,,,,Y,,A,01,0,0,3,0,0,0,0,0,0,"- ","- ",36.798698425292969,-119.78546142578125,FRESNO,FRESNO,-119.78546905517578,36.798698425292969
90703870,2018,2018-04-12,9435,2018-04-04,0945,014363,,3,1,9,1000,0,3,5,,2,034,"HIGHLAND AVENUE","JENSEN AVENUE",0.00,,Y,A,-,N,,,,,,,,,,Y,2,0,1,2,A,-,09,21802,A,N,D,C,A,A,H,-,A,A,0,,,,,Y,,A,01,1,0,0,0,0,0,0,0,0,"- ","- ",36.706771850585938,-119.62795257568359,FRESNO,UNINCORPORATED,-119.62792205810547,36.706718444824219
90703905,2018,2018-04-12,9435,2018-04-04,1229,015986,,3,1,9,1000,0,3,5,,2,034,"CEDAR AVENUE","CHURCH AVENUE",150.00,N,N,A,-,N,,,,,,,,,,Y,2,0,3,4,A,-,01,23152,F,N,C,C,A,A,H,-,A,A,0,,,,,Y,,D,22,2,0,1,0,0,0,0,0,0,"- ","- ",36.714229583740234,-119.75472259521484,FRESNO,UNINCORPORATED,-119.75469207763672,36.714580535888672
90703920,2018,2018-04-12,9435,2018-04-05,0545,013660,,4,3,9,1000,0,1,3,,2,106,"SR99 N/B","CLOVIS AVENUE",2640.00,N,N,A,-,Y,,,,,,,,,,Y,4,0,1,2,D,-,00,,,N,H,C,A,A,H,-,D,D,0,,,,,Y,,-,"- ",0,0,1,0,0,0,0,0,0,"- ","- ",36.384628295898438,-119.42201995849609,FRESNO,UNINCORPORATED,-119.70600128173828,36.646499633789062
90703939,2018,2018-04-12,9435,2018-04-02,1810,021031,,1,2,9,1000,0,3,5,,2,040,"CALIFORNIA AVENUE EASTBOUND","BLYTHE AVENUE",200.00,W,N,A,-,N,,,,,,,,,,Y,3,0,1,1,A,-,01,23152,A,N,F,I,A,A,H,-,A,D,0,,,,,Y,Y,A,01,0,1,0,0,0,0,0,0,0,"- ","- ",36.720981597900391,-119.87226867675781,FRESNO,UNINCORPORATED,-119.87218475341797,36.720958709716797
90704191,2018,2018-04-12,9435,2018-04-05,0100,019603,,4,3,9,1000,0,1,3,,2,106,"SR-99 N/B","AMERICAN AVE",1150.00,S,N,A,-,Y,,,99,,,,,,N,Y,4,0,1,2,A,-,03,22350,,N,C,C,A,A,H,-,D,D,0,,,,,Y,,A,01,0,0,1,0,0,0,0,0,0,"- ","- ",36.66094970703125,-119.72178649902344,FRESNO,UNINCORPORATED,-119.72182464599609,36.660911560058594
90704210,2018,2018-04-12,9495,2018-03-31,1102,019205,,6,1,9,1000,0,1,1,,2,001,"INTERSTATE 5 FREEWAY (SOUTHBOUND)","STATE ROUTE 33 (DERRICK AVENUE)",1320.00,N,N,A,-,Y,,,5,,,,,,,Y,3,0,1,2,A,-,07,21658,A,F,E,I,A,A,H,-,A,D,0,,,,,Y,,A,07,0,1,0,0,0,0,0,0,0,"- ","- ",36.443389892578125,-120.40101623535156,FRESNO,UNINCORPORATED,-120.40088653564453,36.443504333496094