CASE_ID,ACCIDENT_YEAR,PROC_DATE,JURIS,COLLISION_DATE,COLLISION_TIME,OFFICER_ID,REPORTING_DISTRICT,DAY_OF_WEEK,CHP_SHIFT,POPULATION,CNTY_CITY_LOC,SPECIAL_COND,BEAT_TYPE,CHP_BEAT_TYPE,CITY_DIVISION_LAPD,CHP_BEAT_CLASS,BEAT_NUMBER,PRIMARY_RD,SECONDARY_RD,DISTANCE,DIRECTION,INTERSECTION,WEATHER_1,WEATHER_2,STATE_HWY_IND,CALTRANS_COUNTY,CALTRANS_DISTRICT,STATE_ROUTE,ROUTE_SUFFIX,POSTMILE_PREFIX,POSTMILE,LOCATION_TYPE,RAMP_INTERSECTION,SIDE_OF_HWY,TOW_AWAY,COLLISION_SEVERITY,NUMBER_KILLED,NUMBER_INJURED,PARTY_COUNT,PRIMARY_COLL_FACTOR,PCF_CODE_OF_VIOL,PCF_VIOL_CATEGORY,PCF_VIOLATION,PCF_VIOL_SUBSECTION,HIT_AND_RUN,TYPE_OF_COLLISION,MVIW,PED_ACTION,ROAD_SURFACE,ROAD_COND_1,ROAD_COND_2,LIGHTING,CONTROL_DEVICE,CHP_ROAD_TYPE,PEDESTRIAN_ACCIDENT,BICYCLE_ACCIDENT,MOTORCYCLE_ACCIDENT,TRUCK_ACCIDENT,NOT_PRIVATE_PROPERTY,ALCOHOL_INVOLVED,STWD_VEHTYPE_AT_FAULT,CHP_VEHTYPE_AT_FAULT,COUNT_SEVERE_INJ,COUNT_VISIBLE_INJ,COUNT_COMPLAINT_PAIN,COUNT_PED_KILLED,COUNT_PED_INJURED,COUNT_BICYCLIST_KILLED,COUNT_BICYCLIST_INJURED,COUNT_MC_KILLED,COUNT_MC_INJURED,PRIMARY_RAMP,SECONDARY_RAMP,LATITUDE,LONGITUDE,COUNTY,CITY,POINT_X,POINT_Y
90717548,2018,2018-05-01,9435,2018-03-04,0210,019962,,7,3,7,1005,0,1,3,,1,168,"SR-168 W/B TO SR-180 W/B","CEDAR AVENUE",640.00,E,N,B,-,Y,,,168,,,,R,,W,Y,1,1,0,2,A,-,03,22350,,N,D,C,A,A,H,-,D,D,0,,,,,Y,,A,01,0,0,0,0,0,0,0,0,0,"- ","- ",36.755718231201172,-119.75209045410156,FRESNO,FRESNO,-119.75209045410156,36.755718231201172
90717556,2018,2018-05-01,9435,2018-03-04,0211,020019,,7,3,7,1005,0,1,3,,1,168,"SR-168 W/B TO SR-180 W/B","CEDAR AVENUE",625.00,E,N,B,-,Y,,,168,,,,R,,W,Y,4,0,2,2,A,-,03,22350,,N,D,E,A,A,H,-,D,D,0,,,,,Y,,A,01,0,0,2,0,0,0,0,0,0,"- ","- ",36.755699157714844,-119.75215911865234,FRESNO,FRESNO,-119.75215911865234,36.755699157714844
90717646,2018,2018-05-01,9435,2018-04-23,1230,014363,,1,1,9,1000,0,3,5,,2,034,"MANNING AVENUE","ACADEMY AVENUE",450.00,W,N,A,-,N,,,,,,,,,,Y,4,0,1,2,A,-,03,22350,,N,C,C,A,A,H,-,A,D,0,,,,Y,Y,,F,26,0,0,1,0,0,0,0,0,0,"- ","- ",36.605098724365234,-119.55856323242188,FRESNO,UNINCORPORATED,-119.55849456787109,36.605068206787109
90717700,2018,2018-05-01,9435,2018-04-19,1810,015890,,4,2,9,1000,0,1,3,,1,183,"SR-180 E/B","DEWOLF AVE",0.00,,Y,A,-,Y,,,180,,,,,,E,Y,2,0,3,2,A,-,12,21453,A,N,D,C,A,A,H,-,A,A,0,,,,,Y,,A,01,1,2,0,0,0,0,0,0,0,"- ","- ",36.736961364746094,-119.64592742919922,FRESNO,UNINCORPORATED,-119.64592742919922,36.736927032470703
90717883,2018,2018-05-02,9435,2018-04-24,0710,015179,,2,1,9,1000,0,3,5,,2,010,"SHAW AVE","DICKENSON AVE",0.00,,Y,A,-,N,,,,,,,,,,Y,3,0,6,2,A,-,09,21802,A,N,D,C,A,A,H,-,A,A,0,,,,,Y,,A,01,0,2,4,0,0,0,0,0,0,"- ","- ",36.484508514404297,-119.58216857910156,FRESNO,UNINCORPORATED,-119.9703369140625,36.8077392578125
90718055,2018,2018-05-02,9435,2018-04-24,0740,017489,,2,1,9,1000,0,3,5,,2,025,"HERNDON AVENUE","MCCALL AVENUE",2112.00,E,N,A,-,N,,,,,,,,,,Y,3,0,2,3,A,-,03,22350,,N,C,C,A,A,H,-,A,D,0,,,,,Y,,A,01,0,1,1,0,0,0,0,0,0,"- ","- ",36.837299346923828,-119.60060119628906,FRESNO,UNINCORPORATED,-119.60272979736328,36.837322235107422
90718088,2018,2018-05-02,9435,2018-04-24,1659,018892,,2,2,7,1005,0,1,3,,2,181,"SR-180 E/B",SR-41,528.00,W,N,A,-,Y,,,180,,,,,,E,Y,4,0,1,3,A,-,03,22350,,N,C,C,A,A,H,-,A,D,0,,,,,Y,,A,01,0,0,1,0,0,0,0,0,0,"- ","- ",36.753711700439453,-119.77951812744141,FRESNO,FRESNO,-119.77952575683594,36.753765106201172
90718152,2018,2018-05-02,9435,2018-04-25,0635,013793,,3,1,7,1005,0,1,3,,2,182,"SR-180 EASTBOUND","ARMSTRONG AVENUE",140.00,W,N,A,-,Y,,,180,,,,,,E,Y,4,0,2,1,A,-,08,22107,,N,E,I,A,A,H,-,A,D,0,,,,,Y,,D,23,0,0,2,0,0,0,0,0,0,"- ","- ",36.749160766601562,-119.67350769042969,FRESNO,FRESNO,-119.67360687255859,36.749038696289062
90718240,2018,2018-05-02,9461,2018-04-29,0435,021126,,7,3,9,1000,0,1,1,,2,305,"I-5 N/B","SHIELDS AVE",12672.00,N,N,A,-,Y,,,5,,,,,,N,Y,3,0,1,1,A,-,08,22107,,N,F,A,A,A,H,-,D,D,0,,,,,Y,,A,07,0,1,0,0,0,0,0,0,0,"- ","- ",36.808380126953125,-120.74485015869141,FRESNO,UNINCORPORATED,-120.74485778808594,36.808376312255859
90718266,2018,2018-05-02,9435,2018-04-25,1717,020122,,3,2,7,1005,0,1,3,,2,181,"SR-180 E/B","FRESNO ST",530.00,E,N,A,-,Y,,,180,,,,,,E,Y,4,0,2,2,A,-,03,22350,,N,C,C,A,A,H,-,A,D,0,,,,,Y,,A,01,0,0,2,0,0,0,0,0,0,"- ","- ",36.753631591796875,-119.77947998046875,FRESNO,FRESNO,-119.77949523925781,36.753768920898438
90718373,2018,2018-05-02,9435,2018-04-26,1355,018944,,4,1,9,1000,0,3,5,,2,010,"SHIELDS AVE.","GARFIELD AVE",0.00,,Y,A,-,N,,,,,,,,,,N,3,0,1,1,A,-,03,22350,,N,E,I,A,A,H,-,A,A,0,,,,,Y,,A,01,0,1,0,0,0,0,0,0,0,"- ","- ",36.778659820556641,-119.92536163330078,FRESNO,UNINCORPORATED,-119.92527770996094,36.778839111328125
90718382,2018,2018-05-02,9435,2018-04-26,1545,020078,,4,2,7,1005,0,1,3,,2,410,"SR-41 N/B","SHIELDS AVE",75.00,N,N,A,-,Y,,,41,,,,,,N,Y,4,0,1,2,A,-,03,22350,,N,C,C,A,A,H,-,A,D,0,,,,,Y,,D,22,0,0,1,0,0,0,0,0,0,"- ","- ",36.780139923095703,-119.78473663330078,FRESNO,FRESNO,-119.7845458984375,36.780128479003906
90718417,2018,2018-05-02,9435,2018-04-26,1542,019610,,4,2,9,1000,0,1,3,,1,183,"SR-180 E/B","TRIMMER SPRINGS RD",100.00,W,N,A,-,Y,,,180,,,,,,E,Y,4,0,1,3,A,-,03,22350,,N,C,C,A,A,H,-,A,A,0,,,,,Y,,A,01,0,0,1,0,0,0,0,0,0,"- ","- ",36.733421325683594,-119.49675750732422,FRESNO,UNINCORPORATED,-119.49675750732422,36.733486175537109
90718422,2018,2018-05-02,9435,2018-04-26,1020,013112,,4,1,9,1000,0,3,5,,2,040,"MANNING AVENUE","TEMPERANCE AVENUE",9.00,E,N,A,-,N,,,,,,,,,,Y,3,0,2,2,A,-,03,22350,,N,C,C,A,A,H,-,A,D,0,,,,Y,Y,,D,22,0,1,1,0,0,0,0,0,0,"- ","- ",36.605400085449219,-119.66417694091797,FRESNO,UNINCORPORATED,-119.66439056396484,36.605369567871094
90718429,2018,2018-05-02,9435,2018-04-26,1655,015890,,4,2,7,1005,0,1,3,,2,181,"SR-180 E/B","FIRST ST",455.00,W,N,A,-,Y,,,180,,,,,,E,Y,3,0,1,1,C,-,18,,,N,H,J,A,A,H,-,A,D,0,,,,,Y,,-,"- ",0,1,0,0,0,0,0,0,0,"- ","- ",36.754470825195312,-119.77388000488281,FRESNO,FRESNO,-119.77388000488281,36.754451751708984
90718479,2018,2018-05-02,9435,2018-04-27,1510,019895,,5,2,9,1000,0,3,5,,2,060,"MANNING AVE","HILL AVE",0.00,,Y,A,-,N,,,,,,,,,,Y,4,0,1,2,A,-,12,22450,A,N,D,C,A,A,H,-,A,A,0,,,,Y,Y,,G,25,0,0,1,0,0,0,0,0,0,"- ","- ",36.603111267089844,-119.34664154052734,FRESNO,UNINCORPORATED,-119.34071350097656,36.60308837890625
90718537,2018,2018-05-02,9435,2018-04-20,1138,014547,,5,1,7,1005,0,1,3,,2,410,"SR-41 N/B","BARSTOW AVENUE",1584.00,S,N,A,-,Y,,,41,,,,,,N,Y,3,0,1,1,A,-,08,22107,,N,E,I,A,A,H,-,A,D,0,,,,,Y,,A,01,0,1,0,0,0,0,0,0,0,"- ","- ",36.811840057373047,-119.78508758544922,FRESNO,FRESNO,-119.78514862060547,36.811840057373047
90718647,2018,2018-05-02,9435,2018-04-28,1320,015179,,6,1,9,1000,0,3,5,,2,010,"HAYES AVE","CLINTON AVE",0.00,,Y,A,-,N,,,,,,,,,,Y,4,0,1,2,A,-,09,21802,A,N,D,C,A,A,H,-,A,A,0,,,,,Y,,D,22,0,0,1,0,0,0,0,0,0,"- ","- ",36.771728515625,-119.89830017089844,FRESNO,UNINCORPORATED,-119.89824676513672,36.771728515625
90718675,2018,2018-05-02,9435,2018-04-21,1304,018609,,6,1,9,1000,0,3,5,,2,010,"FRUIT AVE","BARSTOW AVE",0.00,,Y,A,-,N,,,,,,,,,,Y,4,0,2,2,A,-,12,21453,A,N,D,C,A,A,H,-,A,A,0,,,,,Y,,A,01,0,0,2,0,0,0,0,0,0,"- ","- ",36.815528869628906,-119.81745147705078,FRESNO,UNINCORPORATED,-119.81739044189453,36.815578460693359
90718861,2018,2018-05-03,9435,2018-04-24,1640,015890,,2,2,7,1005,0,1,3,,1,168,"SR-168 E/B","CLINTON AVE",1566.00,S,N,A,-,Y,,,168,,,,,,E,Y,3,0,1,1,A,-,08,22107,,N,E,I,A,A,H,-,A,D,0,,,,,Y,,D,22,0,1,0,0,0,0,0,0,0,"- ","- ",36.767898559570312,-119.74922943115234,FRESNO,FRESNO,-119.74920654296875,36.767898559570312
90718964,2018,2018-05-03,9435,2018-04-23,0700,020193,,1,1,9,1000,0,3,5,,2,010,"JAMESON AVENUE","SHAW AVENUE",980.00,S,N,A,-,N,,,,,,,,,,Y,3,0,1,1,A,-,01,23152,A,N,E,I,A,A,H,-,A,D,0,,,,,Y,Y,A,07,0,1,0,0,0,0,0,0,0,"- ","- ",36.805389404296875,-119.98834991455078,FRESNO,UNINCORPORATED,-119.98834991455078,36.805049896240234
90719076,2018,2018-05-03,9435,2018-04-22,0950,017310,,7,1,9,1000,0,1,3,,2,106,"SR-99 S/B","AMERICAN AVE",2640.00,N,N,A,-,Y,,,99,,,,,,S,Y,3,0,1,2,A,-,01,23152,A,N,C,C,A,A,H,-,A,D,0,,,,Y,Y,Y,A,01,0,1,0,0,0,0,0,0,0,"- ","- ",36.668811798095703,-119.73087310791016,FRESNO,UNINCORPORATED,-119.73085021972656,36.668830871582031
90719099,2018,2018-05-03,9435,2018-04-26,0750,013793,,4,1,7,1005,0,1,3,,2,181,"SR-180 WESTBOUND TO SR-41 SOUTHBOUND","FIRST STREET",260.00,W,N,A,-,Y,,,180,,,,R,,W,N,4,0,1,4,A,-,03,22350,,N,C,C,A,A,H,-,A,D,0,,,,,Y,,A,07,0,0,1,0,0,0,0,0,0,"- ","- ",36.755058288574219,-119.77349853515625,FRESNO,FRESNO,-119.77349853515625,36.755058288574219
90719209,2018,2018-05-03,9435,2018-04-28,1539,020122,,6,2,7,1005,0,1,3,,2,181,"SR-180 E/B","VAN NESS AVE",465.00,E,N,A,-,Y,,,180,,,,,,E,Y,4,0,2,2,A,-,07,21658,,N,B,C,A,A,H,-,A,D,0,,,,,Y,,A,01,0,0,2,0,0,0,0,0,0,"- ","- ",36.749889373779297,-119.79728698730469,FRESNO,FRESNO,-119.79733276367188,36.749988555908203
90719299,2018,2018-05-29,9495,2018-05-01,0520,018253,,2,3,9,1000,0,3,5,,2,053,"JAYNE AVENUE","STATE ROUTE 269 (LASSEN AVENUE)",0.00,,Y,A,-,Y,,,,,,,,,,Y,1,1,3,2,A,-,12,22450,A,F,D,C,A,A,H,-,C,A,0,,,,,Y,,A,07,0,2,1,0,0,0,0,0,0,"- ","- ",36.137958526611328,-120.10279083251953,FRESNO,UNINCORPORATED,-120.102783203125,36.137958526611328
90719681,2018,2018-05-04,9435,2018-04-24,0730,017310,,2,1,9,1000,0,3,5,,2,040,"ELKHORN AVE","WALNUT AVE",25.00,W,N,A,-,N,,,,,,,,,,Y,4,0,1,2,A,-,05,21752,D,N,A,C,A,A,H,-,A,A,0,,,,,Y,,A,01,0,0,1,0,0,0,0,0,0,"- ","- ",36.489288330078125,-119.80930328369141,FRESNO,UNINCORPORATED,-119.80921173095703,36.489288330078125
90719694,2018,2018-05-04,9435,2018-04-30,0755,013703,,1,1,9,1000,0,3,5,,2,034,"DINUBA AVENUE","MENDOCINO AVENUE",0.00,,Y,A,-,N,,,,,,,,,,Y,4,0,1,3,A,-,09,21802,A,N,D,C,A,A,H,-,A,A,0,,,,,Y,,A,01,0,0,1,0,0,0,0,0,0,"- ","- ",36.590431213378906,-119.54801940917969,FRESNO,UNINCORPORATED,-119.54798889160156,36.590408325195312
90719698,2018,2018-05-04,9435,2018-04-21,2250,017518,,6,3,9,1000,0,3,5,,2,025,"MILLERTON ROAD","MONO STREET",150.00,N,N,A,-,N,,,,,,,,,,Y,2,0,3,2,A,-,09,21801,A,F,D,C,A,A,H,-,C,D,0,,,,,Y,,-,98,1,2,0,0,0,0,0,0,0,"- ","- ",36.990699768066406,-119.71116638183594,FRESNO,UNINCORPORATED,-119.71125793457031,36.990676879882812
90719712,2018,2018-05-04,9435,2018-04-27,0305,016911,,5,3,9,1000,0,3,5,,2,030,"ACADEMY AVE","BELMONT AVE",1400.00,N,N,A,-,N,,,,,,,,,,Y,4,0,1,1,A,-,01,23152,A,N,F,A,A,A,H,-,D,D,0,,,,,Y,Y,D,22,0,0,1,0,0,0,0,0,0,"- ","- ",36.753971099853516,-119.55622100830078,FRESNO,UNINCORPORATED,-119.55618286132812,36.753913879394531
90719740,2018,2018-05-04,9435,2018-04-29,1430,020871,,7,2,9,1000,0,3,5,,2,034,"NEBRASKA AVENUE","MENDOCINO AVENUE",0.00,,Y,B,-,N,,,,,,,,,,Y,3,0,2,2,A,-,03,22350,,N,D,C,A,A,H,-,A,A,0,,,,,Y,,D,22,0,1,1,0,0,0,0,0,0,"- ","- ",36.561389923095703,-119.54794311523438,FRESNO,UNINCORPORATED,-119.54801177978516,36.561351776123047
90719782,2018,2018-05-04,9435,2018-04-29,1145,020193,,7,1,9,1000,0,3,5,,2,040,"MANNING AVENUE","CLOVIS AVENUE",0.00,,Y,A,-,N,,,,,,,,,,N,3,0,1,2,A,-,12,22450,A,N,D,C,A,A,H,-,A,A,0,,,,,Y,,A,01,0,1,0,0,0,0,0,0,0,"- ","- ",36.605159759521484,-119.70030212402344,FRESNO,UNINCORPORATED,-119.7003173828125,36.605438232421875
90719797,2018,2018-05-04,9435,2018-04-29,2110,020871,,7,2,9,1000,0,3,5,,2,034,"BETHEL AVENUE","ROSE AVENUE",0.00,,Y,A,-,N,,,,,,,,,,Y,4,0,2,2,A,-,09,21802,A,N,D,C,A,A,H,-,D,A,0,,,,,Y,,A,07,0,0,2,0,0,0,0,0,0,"- ","- ",36.568721771240234,-119.57505035400391,FRESNO,UNINCORPORATED,-119.57502746582031,36.568729400634766
90719832,2018,2018-05-04,9435,2018-04-29,2340,019210,,7,3,9,1000,0,1,3,,1,180,"SR-180 (WHITESBRIDGE AVE)","SONOMA AVE",4770.00,W,N,A,-,N,,,180,,,,,,,Y,3,0,2,2,A,-,03,22350,,N,D,C,A,A,H,-,D,D,0,,,,Y,Y,,A,01,0,1,1,0,0,0,0,0,0,"- ","- ",36.734409332275391,-120.25771331787109,FRESNO,UNINCORPORATED,-120.25771331787109,36.734367370605469
90719868,2018,2018-05-04,9435,2018-04-25,0754,013793,,3,1,7,1005,0,1,3,,2,181,"SR-180 WESTBOUND","BROADWAY STREET",20.00,W,N,A,-,Y,,,180,,,,,,W,Y,3,0,3,3,A,-,03,22350,,N,C,C,A,A,H,-,A,D,0,,,,,Y,,A,01,0,1,2,0,0,0,0,0,0,"- ","- ",36.747379302978516,-119.80300140380859,FRESNO,FRESNO,-119.80298614501953,36.747360229492188
90719883,2018,2018-05-04,9435,2018-04-26,1030,014363,,4,1,9,1000,0,3,5,,2,030,"PEACH AVENUE","NORTH AVENUE",0.00,,Y,A,-,N,,,,,,,,,,Y,4,0,1,2,A,-,09,21802,A,N,D,C,A,A,H,-,A,A,0,,,,,Y,,D,22,0,0,1,0,0,0,0,0,0,"- ","- ",36.693061828613281,-119.71820831298828,FRESNO,UNINCORPORATED,-119.71817779541016,36.693008422851562
90719894,2018,2018-05-04,9435,2018-04-29,2144,020592,,7,2,9,1000,0,3,5,,2,034,"AMERICAN AVE","ACADEMY AVE",0.00,,Y,A,-,N,,,,,,,,,,Y,4,0,2,2,A,-,12,22450,A,N,D,C,A,A,H,-,D,A,0,,,,,Y,,A,01,0,0,2,0,0,0,0,0,0,"- ","- ",36.663490295410156,-119.55651092529297,FRESNO,UNINCORPORATED,-119.55651092529297,36.663200378417969
90720109,2018,2018-05-04,9435,2018-05-02,1743,020078,,3,2,9,1000,0,3,5,,2,040,"AMERICAN AVE","CHESTNUT AVE",1525.00,E,N,A,-,N,,,,,,,,,,Y,4,0,2,2,A,-,09,21804,A,N,D,C,A,A,H,-,A,D,0,,,,,Y,,A,01,0,0,2,0,0,0,0,0,0,"- ","- ",36.663528442382812,-119.732421875,FRESNO,UNINCORPORATED,-119.73159790039062,36.663463592529297
90720112,2018,2018-05-04,9435,2018-05-02,1250,015095,,3,1,9,1000,0,1,3,,1,180,SR-180,"HAYES AVENUE",0.00,,Y,A,-,Y,,,,,,,,,,Y,4,0,1,2,A,-,09,21802,A,N,D,C,A,A,H,-,A,A,0,,,,,Y,,A,07,0,0,1,0,0,0,0,0,0,"- ","- ",36.721988677978516,-119.93264770507812,FRESNO,UNINCORPORATED,-119.89877199999999,36.735388
90720132,2018,2018-05-04,9435,2018-04-25,0850,014363,,3,1,9,1000,0,3,5,,2,015,"LINCOLN AVENUE","ELM AVENUE",35.00,E,N,A,-,N,,,,,,,,,,Y,4,0,1,2,C,-,18,,,N,A,C,A,A,H,-,A,A,0,,,,,Y,,-,"- ",0,0,1,0,0,0,0,0,0,"- ","- ",36.648780822753906,-119.7906494140625,FRESNO,UNINCORPORATED,-119.79084014892578,36.648761749267578
90720240,2018,2018-05-04,9435,2018-04-29,1207,015095,,7,1,9,1000,0,3,5,,2,010,"SHIELDS AVENUE","CORNELIA AVENUE",375.00,E,N,A,-,N,,,,,,,,,,N,2,0,1,1,A,-,03,22350,,N,E,I,A,A,H,-,A,D,0,,,Y,,Y,,C,02,1,0,0,0,0,0,0,0,1,"- ","- ",36.778240203857422,-119.87635040283203,FRESNO,UNINCORPORATED,-119.87902069091797,36.779037475585938
90720339,2018,2018-05-04,9435,2018-05-01,1630,019895,,2,2,9,1000,0,3,5,,2,034,"ROSE AVE","ZEDIKER AVE",950.00,E,N,A,-,N,,,,,,,,,,Y,4,0,1,1,A,-,08,22107,,N,E,I,A,A,H,-,A,D,0,,,,,Y,,A,01,0,0,1,0,0,0,0,0,0,"- ","- ",36.568561553955078,-119.51896667480469,FRESNO,UNINCORPORATED,-119.51802825927734,36.568492889404297
90720377,2018,2018-05-04,9435,2018-04-18,0903,018823,,3,1,9,1000,0,1,3,,1,180,"SR-180 E/B","YUBA AVE",1584.00,E,N,B,-,Y,,,180,,,,,,E,N,4,0,1,2,A,-,03,22350,,M,C,C,A,A,D,-,A,A,0,,,,,Y,,A,07,0,0,1,0,0,0,0,0,0,"- ","- ",36.734798431396484,-120.16210174560547,FRESNO,UNINCORPORATED,-120.16210174560547,36.734649658203125
90720705,2018,2018-05-07,9435,2018-04-30,1705,018944,,1,2,9,1000,0,3,5,,2,010,"GRANTLAND AVE.","MCKINLEY AVE",0.00,,Y,A,-,N,,,,,,,,,,Y,2,0,3,4,A,-,09,21802,A,N,D,C,A,A,H,-,A,A,0,,,,,Y,,D,22,1,1,1,0,0,0,0,0,0,"- ","- ",36.764350891113281,-119.91622924804688,FRESNO,UNINCORPORATED,-119.91622924804688,36.764339447021484
90720709,2018,2018-05-07,9435,2018-04-15,2218,015556,,7,3,9,1000,0,3,5,,2,030,"WILLOW AVENUE","GRANT AVENUE",226.00,S,N,A,-,N,,,,,,,,,,N,2,0,1,2,A,-,11,21954,A,F,G,B,E,A,H,-,D,D,0,Y,,,,Y,,N,60,1,0,0,0,1,0,0,0,0,"- ","- ",36.747970581054688,-119.72733306884766,FRESNO,UNINCORPORATED,-119.72734069824219,36.747989654541016
90720762,2018,2018-05-07,9435,2018-04-29,2200,020062,,7,3,9,1000,0,3,5,,2,010,"ASHLAN AVENUE","PALM AVE",75.00,W,N,A,-,N,,,,,,,,,,N,4,0,1,2,A,-,03,22350,,N,C,C,A,A,H,-,D,A,0,,,,,Y,,A,01,0,0,1,0,0,0,0,0,0,"- ","- ",36.793861389160156,-119.80898284912109,FRESNO,UNINCORPORATED,-119.80885314941406,36.793899536132812
90720874,2018,2018-05-07,9435,2018-04-27,1610,020871,,5,2,9,1000,0,3,5,,2,015,"MARKS AVENUE","NORTH AVENUE",0.00,,Y,A,-,N,,,,,,,,,,Y,3,0,1,2,A,-,09,21802,A,N,D,C,A,A,H,-,A,A,0,,,,,Y,,D,22,0,1,0,0,0,0,0,0,0,"- ","- ",36.692119598388672,-119.84455871582031,FRESNO,UNINCORPORATED,-119.84454345703125,36.692100524902344
90720891,2018,2018-05-07,9495,2018-04-29,1630,021153,,7,2,9,1000,0,3,5,,2,053,"PHELPS AVENUE","SAN MATEO AVENUE",340.00,E,N,A,-,N,,,,,,,,,,Y,4,0,1,1,A,-,08,22107,,N,F,A,A,A,H,-,A,D,0,,,,,Y,,A,01,0,0,1,0,0,0,0,0,0,"- ","- ",36.150760650634766,-120.31638336181641,FRESNO,UNINCORPORATED,-120.3028564453125,36.150882720947266
90720976,2018,2018-05-07,9435,2018-04-29,1735,020854,,7,2,9,1000,0,3,5,,2,025,"TRIMMER SPRINGS ROAD","PIEDRA ROAD",13728.00,W,N,A,-,N,,,,,,,,,,Y,3,0,1,1,A,-,01,23152,A,N,F,A,A,A,H,-,A,D,0,,,,,Y,Y,A,07,0,1,0,0,0,0,0,0,0,"- ","- ",36.794998168945312,-119.40875244140625,FRESNO,UNINCORPORATED,-119.40800476074219,36.795547485351562
90720986,2018,2018-05-07,9435,2018-04-04,1255,015179,,3,1,9,1000,0,3,5,,2,025,"CLINTON AVENUE","MAPLE AVENUE",0.00,,Y,A,-,N,,,,,,,,,,Y,1,1,1,2,A,-,12,21453,A,N,D,C,A,A,H,-,A,A,0,,,,,Y,,A,01,0,1,0,0,0,0,0,0,0,"- ","- ",36.772270202636719,-119.745361328125,FRESNO,UNINCORPORATED,-119.74537658691406,36.772289276123047
90721719,2018,2018-05-08,9435,2018-04-30,1510,020871,,1,2,9,1000,0,3,5,,2,020,"CORNELIA AVENUE","CONEJO AVENUE",0.00,,Y,A,-,N,,,,,,,,,,Y,2,0,2,2,A,-,09,21804,A,N,D,C,A,A,H,-,A,D,0,,,,,Y,,A,01,1,1,0,0,0,0,0,0,0,"- ","- ",36.518241882324219,-119.88140106201172,FRESNO,UNINCORPORATED,-119.88128662109375,36.517990112304688
90721726,2018,2018-05-08,9435,2018-04-26,1730,018892,,4,2,7,1005,0,1,3,,2,181,"SR-180 E/B","VAN NESS AVE",528.00,W,N,A,-,Y,,,180,,,,,,E,N,4,0,1,2,A,-,03,22350,,F,C,C,A,A,H,-,A,D,0,,,,,Y,,-,99,0,0,1,0,0,0,0,0,0,"- ","- ",36.750869750976562,-119.79493713378906,FRESNO,FRESNO,-119.79492950439453,36.750839233398438
90721767,2018,2018-05-08,9435,2018-04-30,2127,019603,,1,2,9,1000,0,3,5,,2,010,"SR-145 (MADERA AVE)","SHIELDS AVE",0.00,,Y,A,-,Y,,,145,,,,,,,Y,3,0,1,2,A,-,01,23152,A,N,D,D,A,A,H,-,D,D,0,,,,,Y,Y,A,01,0,1,0,0,0,0,0,0,0,"- ","- ",36.778621673583984,-120.06024932861328,FRESNO,UNINCORPORATED,-120.06027221679688,36.778617858886719
90722009,2018,2018-05-08,9435,2018-05-02,1525,018944,,3,2,9,1000,0,3,5,,2,010,"FRUIT AVE","BROWNING AVE",0.00,,Y,A,-,N,,,,,,,,,,Y,3,0,3,2,A,-,12,21453,A,N,D,C,A,A,H,-,A,A,0,,,,,Y,,A,01,0,1,2,0,0,0,0,0,0,"- ","- ",36.819190979003906,-119.81745910644531,FRESNO,UNINCORPORATED,-119.81736755371094,36.819171905517578
90722065,2018,2018-05-08,9495,2018-04-22,2010,020021,,7,2,9,1000,0,1,3,,1,008,"STATE ROUTE 198","DICKENSON AVENUE",528.00,E,N,A,-,Y,,,198,,,,,,,Y,4,0,2,2,A,-,03,22350,,F,C,C,A,A,H,-,D,D,0,,,,,Y,,-,99,0,0,2,0,0,0,0,0,0,"- ","- ",36.255458831787109,-119.97689819335938,FRESNO,UNINCORPORATED,-119.97689819335938,36.255455017089844
90722115,2018,2018-05-08,9435,2018-05-02,0700,016507,,3,1,9,1000,0,1,3,,2,184,"STATE ROUTE 180 (KINGS CANYON ROAD)","COVE AVE",7920.00,E,N,A,-,Y,,,180,,,,,,,Y,4,0,1,1,A,-,08,22107,,N,E,I,A,A,H,-,A,D,0,,,,,Y,,A,01,0,0,1,0,0,0,0,0,0,"- ","- ",36.720100402832031,-119.31479644775391,FRESNO,UNINCORPORATED,-119.31479644775391,36.720046997070312
90722322,2018,2018-05-08,9435,2018-04-27,0535,014547,,5,3,7,1005,0,1,3,,2,410,"SR-41 S/B","DIVISADERO STREET",350.00,N,N,A,-,Y,,,41,,,,,,S,Y,4,0,1,3,A,-,03,22350,,N,C,C,A,A,H,-,A,D,0,,,,,Y,,A,07,0,0,1,0,0,0,0,0,0,"- ","- ",36.744438171386719,-119.77699279785156,FRESNO,FRESNO,-119.7769775390625,36.744434356689453