CASE_ID,ACCIDENT_YEAR,PROC_DATE,JURIS,COLLISION_DATE,COLLISION_TIME,OFFICER_ID,REPORTING_DISTRICT,DAY_OF_WEEK,CHP_SHIFT,POPULATION,CNTY_CITY_LOC,SPECIAL_COND,BEAT_TYPE,CHP_BEAT_TYPE,CITY_DIVISION_LAPD,CHP_BEAT_CLASS,BEAT_NUMBER,PRIMARY_RD,SECONDARY_RD,DISTANCE,DIRECTION,INTERSECTION,WEATHER_1,WEATHER_2,STATE_HWY_IND,CALTRANS_COUNTY,CALTRANS_DISTRICT,STATE_ROUTE,ROUTE_SUFFIX,POSTMILE_PREFIX,POSTMILE,LOCATION_TYPE,RAMP_INTERSECTION,SIDE_OF_HWY,TOW_AWAY,COLLISION_SEVERITY,NUMBER_KILLED,NUMBER_INJURED,PARTY_COUNT,PRIMARY_COLL_FACTOR,PCF_CODE_OF_VIOL,PCF_VIOL_CATEGORY,PCF_VIOLATION,PCF_VIOL_SUBSECTION,HIT_AND_RUN,TYPE_OF_COLLISION,MVIW,PED_ACTION,ROAD_SURFACE,ROAD_COND_1,ROAD_COND_2,LIGHTING,CONTROL_DEVICE,CHP_ROAD_TYPE,PEDESTRIAN_ACCIDENT,BICYCLE_ACCIDENT,MOTORCYCLE_ACCIDENT,TRUCK_ACCIDENT,NOT_PRIVATE_PROPERTY,ALCOHOL_INVOLVED,STWD_VEHTYPE_AT_FAULT,CHP_VEHTYPE_AT_FAULT,COUNT_SEVERE_INJ,COUNT_VISIBLE_INJ,COUNT_COMPLAINT_PAIN,COUNT_PED_KILLED,COUNT_PED_INJURED,COUNT_BICYCLIST_KILLED,COUNT_BICYCLIST_INJURED,COUNT_MC_KILLED,COUNT_MC_INJURED,PRIMARY_RAMP,SECONDARY_RAMP,LATITUDE,LONGITUDE,COUNTY,CITY,POINT_X,POINT_Y
90778862,2018,2018-07-27,9435,2018-07-24,1055,019962,,2,1,9,1000,0,3,5,,2,034,"FOWLER AVENUE","AMERICAN AVENUE",0.00,,Y,A,-,N,,,,,,,,,,Y,3,0,3,2,A,-,09,21802,A,N,D,C,A,A,H,-,A,A,0,,,,,Y,,A,01,0,1,2,0,0,0,0,0,0,"- ","- ",36.663528442382812,-119.68195343017578,FRESNO,UNINCORPORATED,-119.68190002441406,36.663528442382812
90778954,2018,2018-07-27,9435,2018-07-20,1528,019451,,5,2,7,1005,0,1,3,,2,181,"SR-180 W/B (SEQUOIA KINGS CANYON FWY)","BROADWAY ST",200.00,E,N,A,-,Y,,,180,,,,,,W,Y,4,0,1,2,A,-,03,22350,,N,C,C,A,A,H,-,A,D,0,,,,Y,Y,,F,55,0,0,1,0,0,0,0,0,0,"- ","- ",36.747398376464844,-119.80269622802734,FRESNO,FRESNO,-119.80274963378906,36.747486114501953
90779030,2018,2018-07-27,9435,2018-07-24,1122,014672,,2,1,9,1000,0,3,5,,2,040,"KEARNEY BLVD","DICKENSON AVE",6336.00,W,N,A,-,N,,,,,,,,,,Y,4,0,1,1,A,-,08,22107,,N,E,I,A,A,H,-,A,D,0,,,,,Y,,A,01,0,0,1,0,0,0,0,0,0,"- ","- ",36.727691650390625,-119.99182891845703,FRESNO,UNINCORPORATED,-119.99156951904297,36.727676391601562
90779109,2018,2018-07-27,9435,2018-07-25,0550,013660,,3,3,9,1000,0,3,5,,2,034,"MENDOCINO AVENUE","ROSE AVENUE",580.00,N,N,A,-,N,,,,,,,,,,Y,3,0,1,2,A,-,05,21650,,N,B,C,A,A,H,-,A,D,0,,,,,Y,,A,07,0,1,0,0,0,0,0,0,0,"- ","- ",36.570201873779297,-119.54795074462891,FRESNO,UNINCORPORATED,-119.54796600341797,36.570220947265625
90779243,2018,2018-07-27,9435,2018-07-25,1805,018892,,3,2,9,1000,0,3,5,,2,040,"LINCOLN AVE","BLYTHE AVE",1056.00,E,N,A,-,N,,,,,,,,,,Y,4,0,2,1,A,-,08,22107,,N,E,J,A,A,H,-,A,D,0,,,,,Y,,A,01,0,0,2,0,0,0,0,0,0,"- ","- ",36.648509979248047,-119.86789703369141,FRESNO,UNINCORPORATED,-119.86791229248047,36.648536682128906
90779290,2018,2018-07-27,9435,2018-07-23,1845,020078,,1,2,9,1000,0,3,5,,2,034,"ROSE AVE","MENDOCINO AVE",15.00,W,N,A,-,N,,,,,,,,,,Y,4,0,1,2,A,-,08,22107,,N,E,J,A,A,H,-,A,A,0,,,,,Y,,A,01,0,0,1,0,0,0,0,0,0,"- ","- ",36.568588256835938,-119.54798126220703,FRESNO,UNINCORPORATED,-119.5479736328125,36.568630218505859
90779685,2018,2018-07-30,9435,2018-07-07,2255,020481,,6,3,9,1000,0,1,3,,1,411,"MT WHITNEY AVENUE","FELAND AVENUE",186.00,E,N,A,-,N,,,,,,,,,,N,2,0,1,2,A,-,08,22107,,F,G,B,E,A,H,-,C,D,0,Y,,,,Y,,A,01,1,0,0,0,1,0,0,0,0,"- ","- ",36.430931091308594,-119.85484313964844,FRESNO,UNINCORPORATED,-119.85489654541016,36.430862426757812
90779758,2018,2018-07-30,9435,2018-07-21,1554,019610,,6,2,9,1000,0,3,5,,2,015,"CORNELIA AVE","CALIFORNIA AVE",0.00,,Y,A,-,N,,,,,,,,,,Y,4,0,1,2,A,-,09,21802,A,N,B,C,A,A,H,-,A,A,0,,,,,Y,,A,08,0,0,1,0,0,0,0,0,0,"- ","- ",36.720989227294922,-119.88040161132812,FRESNO,UNINCORPORATED,-119.88053131103516,36.720958709716797
90779783,2018,2018-07-30,9435,2018-07-21,1738,016860,,6,2,9,1000,0,3,5,,2,050,"AUBERRY RD","ACORN RD",282.00,E,N,A,-,N,,,,,,,,,,Y,2,0,1,1,A,-,08,22107,,N,F,A,A,A,H,-,A,D,0,,,Y,,Y,,C,02,1,0,0,0,0,0,0,0,1,"- ","- ",37.087150573730469,-119.43689727783203,FRESNO,UNINCORPORATED,-119.43708801269531,37.086971282958984
90779790,2018,2018-07-30,9435,2018-07-21,1737,016860,,6,2,9,1000,0,3,5,,2,050,"AUBERRY RD","ACORN RD",980.00,E,N,A,-,N,,,,,,,,,,Y,3,0,1,1,A,-,08,22107,,N,F,A,A,A,H,-,A,D,0,,,Y,,Y,,C,02,0,1,0,0,0,0,0,0,1,"- ","- ",37.088649749755859,-119.43549346923828,FRESNO,UNINCORPORATED,-119.43560028076172,37.088455200195312
90779937,2018,2018-07-30,9435,2018-07-24,1419,017088,,2,2,9,1000,0,3,5,,2,060,"MANNING AVE.","HILL AVE",2112.00,W,N,A,-,N,,,,,,,,,,Y,3,0,2,1,A,-,08,22107,,N,E,I,A,A,H,-,A,D,0,,,,,Y,,A,01,0,1,1,0,0,0,0,0,0,"- ","- ",36.603160858154297,-119.34770965576172,FRESNO,UNINCORPORATED,-119.34789276123047,36.603229522705078
90779956,2018,2018-07-30,9435,2018-07-24,0618,017088,,2,1,9,1000,0,3,5,,2,060,"FRANKWOOD AVE","CENTRAL AVE",0.00,,Y,A,-,N,,,,,,,,,,Y,3,0,1,2,A,-,09,21802,A,N,D,C,A,A,H,-,A,A,0,,,,,Y,,D,22,0,1,0,0,0,0,0,0,0,"- ","- ",36.676841735839844,-119.44838714599609,FRESNO,UNINCORPORATED,-119.448486328125,36.676719665527344
90780177,2018,2018-09-13,9435,2018-07-21,0615,014363,,6,1,9,1000,0,3,5,,2,034,"ACADEMY AVENUE","BUTLER AVENUE",750.00,S,N,A,-,N,,,,,,,,,,N,2,0,1,1,D,-,00,,,N,H,A,A,A,H,-,B,D,0,,,Y,,Y,Y,-,"- ",1,0,0,0,0,0,0,0,1,"- ","- ",36.726520538330078,-119.5565185546875,FRESNO,UNINCORPORATED,-119.55634307861328,36.7264404296875
90780189,2018,2018-07-30,9435,2018-07-27,0945,018926,,5,1,9,1000,0,3,5,,2,040,"SR-43 N/B","ELKHORN AVE",1056.00,S,N,A,-,Y,,,43,,,,,,N,Y,4,0,1,2,A,-,03,22350,,N,C,C,A,A,H,-,A,D,0,,,,,Y,,A,01,0,0,1,0,0,0,0,0,0,"- ","- ",36.486400604248047,-119.62950134277344,FRESNO,UNINCORPORATED,-119.62960815429688,36.486442565917969
90780225,2018,2019-05-08,9435,2018-06-22,2325,019962,,5,3,9,1000,0,3,5,,2,040,"ELKHORN AVENUE","DE WOLF AVENUE",1267.00,E,N,A,-,N,,,,,,,,,,N,1,1,0,2,A,-,11,21956,A,N,G,B,E,A,H,-,D,D,0,Y,,,Y,Y,Y,N,60,0,0,0,1,0,0,0,0,0,"- ","- ",36.489170074462891,-119.64272308349609,FRESNO,UNINCORPORATED,-119.64960479736328,36.489204406738281
90780560,2018,2018-07-30,9435,2018-07-18,1725,018892,,3,2,9,1000,0,3,5,,2,034,"JENSEN AVE","ARMSTRONG AVE",0.00,,Y,A,-,N,,,,,,,,,,Y,3,0,1,2,A,-,09,21801,A,N,D,C,A,A,H,-,A,D,0,,,,,Y,,A,01,0,1,0,0,0,0,0,0,0,"- ","- ",36.70745849609375,-119.67307281494141,FRESNO,UNINCORPORATED,-119.67302703857422,36.707511901855469
90780585,2018,2018-07-30,9435,2018-07-28,1245,017489,,6,1,7,1005,0,1,3,,2,410,"SR-41 N/B","SHAW AVENUE O/C",1584.00,S,N,A,-,Y,,,41,,,,,,N,N,4,0,1,2,A,-,03,22350,,N,C,C,A,A,H,-,A,D,0,,,,,Y,,D,22,0,0,1,0,0,0,0,0,0,"- ","- ",36.804271697998047,-119.78511810302734,FRESNO,FRESNO,-119.78511047363281,36.804271697998047
90780685,2018,2018-07-31,9435,2018-07-20,1710,021148,,5,2,9,1000,0,3,5,,2,040,"TEMPERANCE AVE","CARMALEE LN",465.00,S,N,A,-,N,,,,,,,,,,Y,3,0,2,2,A,-,01,23152,A,N,A,C,A,A,H,-,A,D,0,,,,,Y,Y,D,22,0,1,1,0,0,0,0,0,0,"- ","- ",36.767341613769531,-119.6640625,FRESNO,UNINCORPORATED,-119.66407775878906,36.767055511474609
90780693,2018,2018-07-31,9435,2018-07-22,1847,016860,,7,2,9,1000,0,1,3,,1,169,SR-168,"SPARROW RD",284.00,W,N,A,-,Y,,,168,,,,,,,Y,3,0,2,2,A,-,03,22350,,N,A,C,A,A,H,-,A,D,0,,,,,Y,Y,A,01,0,2,0,0,0,0,0,0,0,"- ","- ",37.104019165039062,-119.31960296630859,FRESNO,UNINCORPORATED,-119.31959533691406,37.104015350341797
90780837,2018,2018-07-31,9435,2018-07-29,0158,021202,,7,3,9,1000,0,1,3,,2,107,"SR-99 S/B","MOUNTAIN VIEW AVE",2482.00,N,N,A,-,Y,,,99,,,,,,S,Y,3,0,1,2,A,-,01,23152,A,N,C,C,A,A,H,-,C,D,0,,,,,Y,Y,A,01,0,1,0,0,0,0,0,0,0,"- ","- ",36.552051544189453,-119.60224151611328,FRESNO,UNINCORPORATED,-119.60224151611328,36.552047729492188
90780928,2018,2018-07-31,9435,2018-07-24,1600,019210,,2,2,9,1000,0,3,5,,2,010,"FAIRMONT AVE","MAROA AVE",0.00,,Y,A,-,N,,,,,,,,,,Y,3,0,2,2,A,-,09,21802,A,N,D,C,A,A,H,-,A,A,0,,,,,Y,,A,01,0,1,1,0,0,0,0,0,0,"- ","- ",36.806739807128906,-119.79940032958984,FRESNO,UNINCORPORATED,-119.79946136474609,36.806629180908203
90780947,2018,2018-07-31,9435,2018-07-27,1040,013703,,5,1,9,1000,0,1,3,,1,183,"SR-180 W/B (KINGS CANYON ROAD)","INDIANOLA AVE",0.00,,Y,A,-,Y,,,180,,,,,,W,Y,3,0,5,2,A,-,09,21801,A,N,D,C,A,A,H,-,A,D,0,,,,Y,Y,,F,26,0,1,4,0,0,0,0,0,0,"- ","- ",36.735801696777344,-119.58309173583984,FRESNO,UNINCORPORATED,-119.58309173583984,36.736129760742188
90781283,2018,2018-08-07,9435,2018-07-29,0132,020064,,7,3,9,1000,0,3,5,,2,015,"LINCOLN AVENUE","CHESTNUT AVENUE",500.00,E,N,A,-,N,,,,,,,,,,Y,2,0,1,1,A,-,01,23152,A,N,E,I,A,A,H,-,D,D,0,,,,,Y,Y,D,22,1,0,0,0,0,0,0,0,0,"- ","- ",36.648998260498047,-119.7354736328125,FRESNO,UNINCORPORATED,-119.73507690429688,36.648941040039062
90781393,2018,2018-07-31,9435,2018-07-28,1700,020078,,6,2,9,1000,0,3,5,,2,015,"JENSEN AVE","MARKS AVE",0.00,,Y,A,-,N,,,,,,,,,,Y,4,0,1,2,A,-,09,21802,A,N,D,C,A,A,H,-,A,A,0,,,,,Y,,A,07,0,0,1,0,0,0,0,0,0,"- ","- ",36.706638336181641,-119.84449768066406,FRESNO,UNINCORPORATED,-119.84449768066406,36.706630706787109
90781505,2018,2018-07-31,9495,2018-07-29,2340,020332,,7,3,9,1000,0,1,1,,2,001,"INTERSTATE 5 SOUTHBOUND","SR-33 (DERRICK AVENUE)",7920.00,N,N,A,-,Y,,,5,,,,,,S,Y,4,0,5,2,A,-,03,22350,,N,C,C,A,A,H,-,D,D,0,,,,,Y,,A,01,0,0,5,0,0,0,0,0,0,"- ","- ",36.471149444580078,-120.42745971679688,FRESNO,UNINCORPORATED,-120.42738342285156,36.471221923828125
90781645,2018,2018-08-01,9435,2018-07-16,1804,020122,,1,2,9,1000,0,3,5,,2,034,"LINCOLN AVE","FOWLER AVE",200.00,E,N,A,-,N,,,,,,,,,,Y,3,0,2,2,A,-,08,22107,,N,A,C,A,A,G,H,A,D,0,,,,,Y,,A,01,0,1,1,0,0,0,0,0,0,"- ","- ",36.649059295654297,-119.67917633056641,FRESNO,UNINCORPORATED,-119.68135833740234,36.649066925048828
90781647,2018,2018-08-01,9435,2018-07-22,1950,020122,,7,2,9,1000,0,3,5,,2,030,"FOWLER AVE","FLORADORA AVE",1000.00,N,N,A,-,N,,,,,,,,,,Y,3,0,1,1,A,-,01,23152,A,N,E,I,A,A,H,-,A,D,0,,,,,Y,Y,A,01,0,1,0,0,0,0,0,0,0,"- ","- ",36.763698577880859,-119.68222045898438,FRESNO,UNINCORPORATED,-119.68217468261719,36.763885498046875
90781659,2018,2018-08-01,9435,2018-07-23,1400,020733,,1,2,7,1005,0,1,3,,2,105,"SR-99 N/B","TEILMAN AVENUE",282.00,N,N,A,-,Y,,,99,,,,,,N,Y,2,0,3,4,A,-,03,22350,,N,C,E,E,A,H,-,A,D,0,Y,,,,Y,Y,D,22,2,1,0,0,1,0,0,0,0,"- ","- ",36.746688842773438,-119.82185363769531,FRESNO,FRESNO,-119.82187652587891,36.746669769287109
90781866,2018,2018-08-01,9435,2018-07-21,1910,019610,,6,2,9,1000,0,3,5,,2,015,"CEDAR AVE","ADAMS AVE",550.00,N,N,A,-,N,,,,,,,,,,N,2,0,2,2,A,-,03,22350,,N,C,C,A,A,H,-,A,D,0,,,Y,,Y,,C,02,1,1,0,0,0,0,0,0,2,"- ","- ",36.636371612548828,-119.75482177734375,FRESNO,UNINCORPORATED,-119.75479125976562,36.635890960693359
90782032,2018,2018-08-01,9435,2018-07-27,1516,020122,,5,2,7,1005,0,1,3,,2,410,"SR-41 S/B","SHAW AVE",500.00,N,N,A,-,Y,,,41,,,,,,S,N,4,0,1,2,A,-,03,22350,,N,C,C,A,A,H,-,A,D,0,,,,,Y,,A,07,0,0,1,0,0,0,0,0,0,"- ","- ",36.813621520996094,-119.78536987304688,FRESNO,FRESNO,-119.78546905517578,36.813617706298828
90782119,2018,2018-08-01,9495,2018-07-22,1935,021270,,7,2,9,1000,0,1,1,,2,003,"INTERSTATE 5 (SOUTHBOUND)","STATE ROUTE 198",5914.00,S,N,A,-,Y,,,5,,,,,,,Y,2,0,3,3,A,-,03,22350,,N,C,C,A,A,H,-,A,D,0,,,,,Y,Y,A,07,1,1,1,0,0,0,0,0,0,"- ","- ",36.243900299072266,-120.23739624023438,FRESNO,UNINCORPORATED,-120.23726654052734,36.243984222412109
90782201,2018,2018-08-01,9435,2018-07-29,2105,020078,,7,2,9,1000,0,3,5,,2,034,"TEMPERANCE AVE","JENSEN AVE",0.00,,Y,A,-,N,,,,,,,,,,Y,4,0,1,2,A,-,09,21801,A,N,D,C,A,A,H,-,C,A,0,,,,,Y,,D,22,0,0,1,0,0,0,0,0,0,"- ","- ",36.707450866699219,-119.66403961181641,FRESNO,UNINCORPORATED,-119.6640625,36.707538604736328
90782213,2018,2018-08-01,9435,2018-07-30,1155,016507,,1,1,9,1000,0,3,5,,2,060,"SOUTH AVE","WAKEFIELD AVE",810.00,E,N,A,-,N,,,,,,,,,,Y,4,0,1,1,A,-,08,22107,,N,E,I,A,A,H,-,A,D,0,,,,,Y,,A,01,0,0,1,0,0,0,0,0,0,"- ","- ",36.617969512939453,-119.35743713378906,FRESNO,UNINCORPORATED,-119.35601043701172,36.617961883544922
90782218,2018,2018-08-01,9435,2018-07-30,2355,016507,,1,3,9,1000,0,1,3,,2,184,"STATE ROUTE 180","MILLWOOD RD",1056.00,E,N,A,-,Y,,,180,,,,,,,Y,4,0,2,1,A,-,08,22107,,N,E,I,A,A,H,-,D,D,0,,,,,Y,,A,01,0,0,2,0,0,0,0,0,0,"- ","- ",36.746528625488281,-119.05544281005859,FRESNO,UNINCORPORATED,-119.05545043945312,36.746612548828125
90782248,2018,2018-08-01,9495,2018-05-13,0707,019205,,7,1,9,1000,0,1,1,,2,001,"INTERSTATE 5 FREEWAY (NORTHBOUND)","STATE ROUTE 33 (DERRICK AVENUE)",12144.00,N,N,A,-,Y,,,,,,,,,,Y,1,1,2,1,A,-,08,22107,,N,F,A,A,A,H,-,A,D,0,,,,,Y,,D,22,2,0,0,0,0,0,0,0,0,"- ","- ",36.466228485107422,-120.41664123535156,FRESNO,UNINCORPORATED,-120.4188232421875,36.462272644042969
90782400,2018,2018-08-01,9435,2018-07-20,1835,015890,,5,2,9,1000,0,3,5,,2,025,"MILLERTON ROAD","SKY HARBOUR RD",956.00,W,N,A,-,N,,,,,,,,,,N,2,0,1,2,A,-,08,22107,,N,C,G,A,A,H,-,A,D,0,,Y,,,Y,,D,22,1,0,0,0,0,0,1,0,0,"- ","- ",36.983829498291016,-119.64430999755859,FRESNO,UNINCORPORATED,-119.6441650390625,36.983848571777344
90782450,2018,2018-08-01,9435,2018-07-31,1535,020733,,2,2,7,1005,0,1,3,,2,105,"SR-99 S/B","ASHLAN AVENUE",3696.00,S,N,A,-,Y,,,99,,,,,,S,Y,3,0,1,2,A,-,03,22350,,F,C,C,A,A,H,-,A,D,0,,,Y,,Y,,C,02,0,1,0,0,0,0,0,0,1,"- ","- ",36.787521362304688,-119.85546112060547,FRESNO,FRESNO,-119.85525512695312,36.787742614746094
90782655,2018,2018-08-02,9435,2018-07-22,0120,019603,,7,3,7,1005,0,1,3,,2,410,"SR-41 N/B","GETTYSBURG AVE",200.00,S,N,A,-,Y,,,41,,,,,,N,Y,4,0,1,2,A,-,01,23152,A,N,C,C,A,A,H,-,C,D,0,,,,Y,Y,Y,A,01,0,0,1,0,0,0,0,0,0,"- ","- ",36.801071166992188,-119.78511047363281,FRESNO,FRESNO,-119.78514099121094,36.801071166992188
90782787,2018,2018-08-02,9435,2018-07-31,0935,017489,,2,1,7,1005,0,1,3,,1,168,"SR-168 E/B FROM SR-41 N/B","FIRST STREET UNDERCROSSING",528.00,E,N,A,-,Y,,,,,,,,,,Y,4,0,1,2,A,-,08,22107,,N,C,C,A,A,H,-,A,D,0,,,,,Y,,A,01,0,0,1,0,0,0,0,0,0,"- ","- ",36.754798889160156,-119.76840209960938,FRESNO,FRESNO,,
90783026,2018,2018-08-02,9461,2018-07-29,0200,021126,,7,3,9,1000,0,3,5,,2,060,"W SHAW AVE","SANTA FE GRADE",759.00,E,N,A,-,N,,,,,,,,,,Y,3,0,2,1,A,-,08,22107,,N,E,I,A,A,H,-,D,D,0,,,,,Y,,A,01,0,2,0,0,0,0,0,0,0,"- ","- ",36.807048797607422,-120.43427276611328,FRESNO,UNINCORPORATED,-120.43473052978516,36.807071685791016
90783192,2018,2018-08-02,9495,2018-07-30,1220,021073,,1,1,9,1000,0,1,3,,1,006,"STATE ROUTE 33 (JAYNE AVE.)","CALAVERAS AVE.",1056.00,W,N,A,-,Y,,,33,,,,,,,N,3,0,2,2,A,-,03,22350,,N,C,C,A,A,H,-,A,A,0,,,,,Y,,A,01,0,2,0,0,0,0,0,0,0,"- ","- ",36.13690185546875,-120.28517150878906,FRESNO,UNINCORPORATED,-120.28517150878906,36.136894226074219
90783499,2018,2018-08-03,9435,2018-07-27,0755,018912,,5,1,9,1000,0,3,5,,2,040,"MARKS AVENUE","CONEJO AVE",1056.00,N,N,A,-,N,,,,,,,,,,N,3,0,1,2,A,-,09,21804,A,N,D,G,A,A,H,-,A,D,0,,Y,,,Y,,L,04,0,1,0,0,0,0,1,0,0,"- ","- ",36.521171569824219,-119.84538269042969,FRESNO,UNINCORPORATED,-119.84535980224609,36.521007537841797
90783572,2018,2018-08-03,9435,2018-07-25,1744,016270,,3,2,9,1000,0,3,5,,2,060,"STATE ROUTE 180 (KINGS CANYON ROAD)","STATE ROUTE 63",5939.00,E,N,A,-,Y,,,180,,,,,,,Y,4,0,1,1,A,-,03,22350,,N,E,I,A,A,H,-,A,D,0,,,,,Y,,A,01,0,0,1,0,0,0,0,0,0,"- ","- ",36.723930358886719,-119.30252838134766,FRESNO,UNINCORPORATED,-119.30252075195312,36.723865509033203
90783810,2018,2018-08-03,9435,2018-08-01,1645,017489,,3,2,9,1000,0,3,5,,2,025,"WELDON AVENUE","ARDEN DRIVE NORTH",80.00,E,N,A,-,N,,,,,,,,,,Y,3,0,1,1,A,-,08,22107,,N,E,I,A,A,H,-,A,D,0,,,Y,,Y,,C,02,0,1,0,0,0,0,0,0,1,"- ","- ",36.768638610839844,-119.76186370849609,FRESNO,UNINCORPORATED,-119.76172637939453,36.76861572265625
90783973,2018,2018-08-03,9435,2018-07-23,1805,019210,,1,2,9,1000,0,3,5,,2,010,"CELESTE AVE","SAFFORD AVE",225.00,W,N,A,-,N,,,,,,,,,,Y,4,0,1,2,A,-,08,22107,,N,E,I,A,A,H,-,A,D,0,,,,,Y,,A,01,0,0,1,0,0,0,0,0,0,"- ","- ",36.821029663085938,-119.81043243408203,FRESNO,UNINCORPORATED,-119.81031799316406,36.821037292480469
90784064,2018,2018-08-03,9435,2018-07-25,1526,019451,,3,2,9,1000,0,1,3,,2,106,"SR-99 N/B (GOLDEN STATE FREEWAY)","CENTRAL AVE",480.00,N,N,A,-,Y,,,99,,,,,,N,N,4,0,1,2,A,-,03,22350,,N,C,C,A,A,H,-,A,D,0,,,,,Y,,A,01,0,0,1,0,0,0,0,0,0,"- ","- ",36.680229187011719,-119.74411010742188,FRESNO,UNINCORPORATED,-119.74407196044922,36.680282592773438
90784066,2018,2018-08-03,9435,2018-08-03,0840,015751,,5,1,9,1000,0,3,5,,2,040,"CLOVIS AVE","MOUNTAIN VIEW AVE",0.00,,Y,A,-,N,,,,,,,,,,Y,3,0,1,2,A,-,09,21802,A,N,D,C,A,A,H,-,A,A,0,,,,,Y,,A,08,0,1,0,0,0,0,0,0,0,"- ","- ",36.547168731689453,-119.70069122314453,FRESNO,UNINCORPORATED,-119.70068359375,36.547199249267578
90784440,2018,2018-08-06,9435,2018-07-25,2355,021031,,3,3,9,1000,0,3,5,,2,010,"BARSTOW AVENUE","FRUIT AVENUE",610.00,W,N,A,-,N,,,,,,,,,,Y,3,0,1,3,A,-,01,23152,A,N,B,E,A,A,H,-,C,D,0,,,,,Y,Y,A,01,0,1,0,0,0,0,0,0,0,"- ","- ",36.815639495849609,-119.81963348388672,FRESNO,UNINCORPORATED,-119.81947326660156,36.8155517578125
90784461,2018,2018-08-06,9435,2018-07-28,1910,020871,,6,2,9,1000,0,3,5,,2,034,"ACADEMY AVENUE","ADAMS AVE",210.00,N,N,A,-,N,,,,,,,,,,Y,3,0,1,4,A,-,01,23152,A,N,D,E,A,A,H,-,B,D,0,,,,,Y,Y,D,22,0,1,0,0,0,0,0,0,0,"- ","- ",36.634639739990234,-119.55655670166016,FRESNO,UNINCORPORATED,-119.55674743652344,36.63470458984375
90784521,2018,2018-08-06,9461,2018-07-31,0555,017329,,2,3,9,1000,0,1,1,,2,305,"I-5 N/B","SHIELDS AVENUE",1000.00,N,N,A,-,Y,,,5,,,,,,N,Y,3,0,1,2,A,-,08,22107,,N,B,C,A,A,H,-,B,D,0,,,,Y,Y,,A,01,0,1,0,0,0,0,0,0,0,"- ","- ",36.780231475830078,-120.72554016113281,FRESNO,UNINCORPORATED,-120.72554779052734,36.780227661132812
90784588,2018,2018-08-06,9435,2018-07-27,1151,014672,,5,1,9,1000,0,1,3,,1,180,SR-180,"BLYTHE AVE",0.00,,Y,A,-,Y,,,180,,,,,,,Y,2,0,2,3,A,-,03,22350,,N,C,C,A,A,H,-,A,A,0,,,,Y,Y,,A,01,1,0,1,0,0,0,0,0,0,"- ","- ",36.735481262207031,-119.87155914306641,FRESNO,UNINCORPORATED,-119.87155914306641,36.735488891601562
90784637,2018,2018-08-06,9435,2018-07-28,0913,016911,,6,1,9,1000,0,3,5,,2,030,"CEDAR AVE","WELDON AVE",0.00,,Y,A,-,N,,,,,,,,,,N,4,0,1,2,A,-,12,22450,A,F,D,G,A,A,H,-,A,A,0,,Y,,,Y,,A,01,0,0,1,0,0,0,1,0,0,"- ","- ",36.768718719482422,-119.75457000732422,FRESNO,UNINCORPORATED,-119.7545166015625,36.768688201904297
90784642,2018,2018-08-06,9435,2018-07-28,1820,020019,,6,2,9,1000,0,3,5,,2,030,"MCKINLEY AVENUE","LEONARD AVENUE",0.00,,Y,A,-,N,,,,,,,,,,Y,2,0,1,2,A,-,05,21651,A,N,D,C,A,A,H,-,A,D,0,,,Y,,Y,,C,02,1,0,0,0,0,0,0,0,1,"- ","- ",36.764881134033203,-119.636962890625,FRESNO,UNINCORPORATED,-119.63693237304688,36.764751434326172
90784646,2018,2018-08-06,9435,2018-07-29,1340,020871,,7,1,9,1000,0,3,5,,2,015,"CORNELIA AVENUE","JENSEN AVENUE",0.00,,Y,A,-,N,,,,,,,,,,Y,4,0,1,2,A,-,12,22450,A,N,D,C,A,A,H,-,A,D,0,,,,,Y,,D,22,0,0,1,0,0,0,0,0,0,"- ","- ",36.706439971923828,-119.88050842285156,FRESNO,UNINCORPORATED,-119.88051605224609,36.7064208984375
90784869,2018,2018-08-06,9435,2018-08-01,0130,020680,,3,3,9,1000,0,3,5,,2,025,"CEDAR AVE","KENMORE DR  S",60.00,N,N,A,-,N,,,,,,,,,,N,3,0,1,2,A,-,11,21956,A,F,G,B,E,A,H,-,D,D,0,Y,,,,Y,,N,60,0,1,0,0,1,0,0,0,0,"- ","- ",36.767261505126953,-119.75444793701172,FRESNO,UNINCORPORATED,-119.75453948974609,36.767192840576172
90785002,2018,2018-08-06,9435,2018-08-01,1000,017088,,3,1,9,1000,0,3,5,,2,060,"BUTTONWILLOW AVE","ADAMS AVE",539.00,N,N,A,-,N,,,,,,,,,,Y,4,0,1,1,A,-,08,22107,,N,E,I,A,A,H,-,A,D,0,,,,,Y,,D,22,0,0,1,0,0,0,0,0,0,"- ","- ",36.634609222412109,-119.43090057373047,FRESNO,UNINCORPORATED,-119.43077087402344,36.634548187255859
90785060,2018,2018-08-06,9435,2018-08-03,1425,016507,,5,2,9,1000,0,3,5,,2,060,"VINO AVE","REED AVE",585.00,W,N,A,-,N,,,,,,,,,,Y,4,0,3,1,A,-,08,22107,,N,E,I,A,A,H,-,A,D,0,,,,,Y,,A,07,0,0,3,0,0,0,0,0,0,"- ","- ",36.658561706542969,-119.45877838134766,FRESNO,UNINCORPORATED,-119.45954132080078,36.6585693359375