CASE_ID,ACCIDENT_YEAR,PROC_DATE,JURIS,COLLISION_DATE,COLLISION_TIME,OFFICER_ID,REPORTING_DISTRICT,DAY_OF_WEEK,CHP_SHIFT,POPULATION,CNTY_CITY_LOC,SPECIAL_COND,BEAT_TYPE,CHP_BEAT_TYPE,CITY_DIVISION_LAPD,CHP_BEAT_CLASS,BEAT_NUMBER,PRIMARY_RD,SECONDARY_RD,DISTANCE,DIRECTION,INTERSECTION,WEATHER_1,WEATHER_2,STATE_HWY_IND,CALTRANS_COUNTY,CALTRANS_DISTRICT,STATE_ROUTE,ROUTE_SUFFIX,POSTMILE_PREFIX,POSTMILE,LOCATION_TYPE,RAMP_INTERSECTION,SIDE_OF_HWY,TOW_AWAY,COLLISION_SEVERITY,NUMBER_KILLED,NUMBER_INJURED,PARTY_COUNT,PRIMARY_COLL_FACTOR,PCF_CODE_OF_VIOL,PCF_VIOL_CATEGORY,PCF_VIOLATION,PCF_VIOL_SUBSECTION,HIT_AND_RUN,TYPE_OF_COLLISION,MVIW,PED_ACTION,ROAD_SURFACE,ROAD_COND_1,ROAD_COND_2,LIGHTING,CONTROL_DEVICE,CHP_ROAD_TYPE,PEDESTRIAN_ACCIDENT,BICYCLE_ACCIDENT,MOTORCYCLE_ACCIDENT,TRUCK_ACCIDENT,NOT_PRIVATE_PROPERTY,ALCOHOL_INVOLVED,STWD_VEHTYPE_AT_FAULT,CHP_VEHTYPE_AT_FAULT,COUNT_SEVERE_INJ,COUNT_VISIBLE_INJ,COUNT_COMPLAINT_PAIN,COUNT_PED_KILLED,COUNT_PED_INJURED,COUNT_BICYCLIST_KILLED,COUNT_BICYCLIST_INJURED,COUNT_MC_KILLED,COUNT_MC_INJURED,PRIMARY_RAMP,SECONDARY_RAMP,LATITUDE,LONGITUDE,COUNTY,CITY,POINT_X,POINT_Y
90808256,2018,2018-09-07,9435,2018-09-02,1235,020871,,7,1,9,1000,0,3,5,,2,034,"NEBRASKA AVENUE","ZEDIKER AVENUE",2640.00,W,N,A,-,N,,,,,,,,,,N,4,0,1,1,A,-,08,22107,,N,E,I,A,A,H,-,A,D,0,,,,,Y,,A,01,0,0,1,0,0,0,0,0,0,"- ","- ",36.56121826171875,-119.53141784667969,FRESNO,UNINCORPORATED,-119.53023529052734,36.561305999755859
90808263,2018,2018-09-07,9435,2018-08-30,1655,020082,,4,2,9,1000,0,3,5,,2,030,"TRIMMER SPRINGS RD","PIEDRA RD",2640.00,W,N,A,-,N,,,,,,,,,,Y,2,0,3,1,A,-,01,23152,A,N,F,A,A,A,H,-,A,D,0,,,,,Y,Y,A,01,1,1,1,0,0,0,0,0,0,"- ","- ",36.815860748291016,-119.38774871826172,FRESNO,UNINCORPORATED,-119.38819885253906,36.81610107421875
90808285,2018,2018-09-07,9435,2018-09-01,2055,021202,,6,2,9,1000,0,3,5,,2,025,"ASHLAN AVE","MINNEWAWA AVE",0.00,,Y,A,-,N,,,,,,,,,,Y,4,0,2,2,A,-,01,23152,A,M,D,C,A,A,H,-,C,A,0,,,,,Y,Y,D,22,0,0,2,0,0,0,0,0,0,"- ","- ",36.794391632080078,-119.7091064453125,FRESNO,UNINCORPORATED,-119.70913696289062,36.794460296630859
90808286,2018,2018-09-07,9435,2018-09-02,2100,021202,,7,2,9,1000,0,3,5,,2,010,"BELMONT AVE","GOLDENROD AVE",0.00,,Y,A,-,N,,,,,,,,,,Y,3,0,2,2,A,-,12,22450,A,N,D,C,A,A,H,-,D,A,0,,,,,Y,,A,07,0,1,1,0,0,0,0,0,0,"- ","- ",36.749568939208984,-120.04245758056641,FRESNO,UNINCORPORATED,-120.04244232177734,36.749549865722656
90808288,2018,2018-09-07,9495,2018-08-31,1625,020942,,5,2,9,1000,0,3,5,,2,053,"JAYNE AVENUE","INTERSTATE 5 NORTHBOUND TO JAYNE AVENUE",0.00,,Y,A,-,N,,,,,,,,,,Y,3,0,2,2,A,-,09,21802,A,N,D,C,A,A,H,-,A,A,0,,,,,Y,,A,01,0,2,0,0,0,0,0,0,0,"- ","- ",36.137741088867188,-120.15640258789062,FRESNO,UNINCORPORATED,-120.15638,36.137762000000002
90808296,2018,2018-09-07,9435,2018-09-01,1400,021230,,6,2,9,1000,0,3,5,,2,034,"LAC JAC AVE","SOUTH AVE",10.00,S,N,A,-,N,,,,,,,,,,Y,4,0,1,1,A,-,08,22107,,N,E,I,A,A,H,-,A,D,0,,,,,Y,,A,07,0,0,1,0,0,0,0,0,0,"- ","- ",36.618850708007812,-119.48416137695312,FRESNO,UNINCORPORATED,-119.48413848876953,36.618881225585938
90808301,2018,2018-09-07,9435,2018-09-03,2209,020592,,1,3,9,1000,0,3,5,,2,034,"CLOVIS AVENUE N/B",SR-99,748.00,N,N,A,-,N,,,,,,,,,,Y,4,0,2,2,A,-,03,22350,,N,C,C,A,A,H,-,C,D,0,,,,,Y,,A,01,0,0,2,0,0,0,0,0,0,"- ","- ",36.643589019775391,-119.69986724853516,FRESNO,UNINCORPORATED,-119.70005798339844,36.643112182617188
90808308,2018,2018-09-07,9435,2018-08-28,1006,013703,,2,1,9,1000,0,3,5,,2,034,"DEL REY AVENUE","AMERICAN AVENUE",0.00,,Y,A,-,N,,,,,,,,,,Y,3,0,2,2,A,-,12,22450,A,N,D,C,A,A,H,-,A,A,0,,,,,Y,,A,07,0,2,0,0,0,0,0,0,0,"- ","- ",36.663169860839844,-119.59249877929688,FRESNO,UNINCORPORATED,-119.59249114990234,36.663200378417969
90808314,2018,2018-09-07,9495,2018-08-25,1400,20716,,6,2,9,1000,0,3,5,,2,053,"GALE AVENUE","STATE ROUTE 269 (LASSEN AVENUE)",0.00,,Y,A,-,Y,,,,,,,,,,Y,4,0,1,2,A,-,09,21802,A,N,D,C,A,A,H,-,A,A,0,,,,,Y,,A,01,0,0,1,0,0,0,0,0,0,"- ","- ",36.105308532714844,-120.06118011474609,FRESNO,UNINCORPORATED,-120.10330200195312,36.181369781494141
90808566,2018,2018-09-10,9435,2018-09-01,1525,019548,,6,2,9,1000,0,3,5,,2,050,"DINKEY CREEK RD.","ROCK CREEK RD.",5280.00,W,N,A,-,N,,,,,,,,,,Y,2,0,1,1,A,-,03,22350,,N,F,A,A,A,H,-,A,D,0,,,Y,,Y,,C,02,1,0,0,0,0,0,0,0,1,"- ","- ",37.078849792480469,-119.1934814453125,FRESNO,UNINCORPORATED,-119.19252014160156,37.078395843505859
90808748,2018,2018-09-10,9435,2018-08-31,2207,020586,,5,3,9,1000,0,3,5,,2,034,"MANNING AVE","LEONARD AVE",1584.00,E,N,A,-,N,,,,,,,,,,Y,2,0,2,2,A,-,08,22107,,F,E,I,A,A,H,-,D,D,0,,,,,Y,,A,01,1,0,1,0,0,0,0,0,0,"- ","- ",36.605400085449219,-119.63191223144531,FRESNO,UNINCORPORATED,-119.63209533691406,36.605426788330078
90808751,2018,2018-09-10,9435,2018-09-03,1845,020871,,1,2,9,1000,0,3,5,,2,015,"DICKENSON AVENUE","HENDERSON ROAD",1056.00,N,N,A,-,N,,,,,,,,,,Y,4,0,1,1,A,-,01,23152,A,N,F,A,A,A,H,-,D,D,0,,,,,Y,Y,A,07,0,0,1,0,0,0,0,0,0,"- ","- ",36.6639404296875,-119.97052764892578,FRESNO,UNINCORPORATED,-119.97073364257812,36.663127899169922
90808777,2018,2018-09-10,9495,2018-09-04,2150,019829,,2,2,9,1000,0,1,1,,2,003,"INTERSTATE 5 NORTHBOUND","GALE AVENUE",50.00,N,N,A,-,Y,,,5,,,,,,N,N,4,0,2,1,A,-,08,22107,,N,E,I,A,A,H,-,D,D,0,,,,,Y,,A,01,0,0,2,0,0,0,0,0,0,"- ","- ",36.181961059570312,-120.19834136962891,FRESNO,UNINCORPORATED,-120.19824981689453,36.182018280029297
90809020,2018,2018-09-10,9461,2018-08-30,2127,017029,,4,2,9,1000,0,1,1,,2,305,"I-5 N/B","HERNDON AVE",1584.00,S,N,A,-,Y,,,5,,,,,,N,Y,3,0,1,1,A,-,03,22350,,N,F,A,A,A,H,-,D,D,0,,,Y,,Y,,C,02,0,1,0,0,0,0,0,0,1,"- ","- ",36.831058502197266,-120.76059722900391,FRESNO,UNINCORPORATED,-120.76051330566406,36.831119537353516
90809635,2018,2018-09-11,9435,2018-09-01,0035,020540,,6,3,7,1005,0,3,5,,2,040,"CENTRAL AVENUE","CHATEAU FRESNO AVE",16.00,W,N,A,-,N,,,,,,,,,,Y,4,0,1,1,A,-,01,23152,A,N,E,I,A,A,H,-,D,D,0,,,,,Y,Y,A,07,0,0,1,0,0,0,0,0,0,"- ","- ",36.677200317382812,-119.93448638916016,FRESNO,FRESNO,-119.93435668945312,36.677078247070312
90809681,2018,2018-09-11,9435,2018-09-02,0130,016507,,7,3,9,1000,0,3,5,,2,060,"DUNLAP RD","RUTH HILL RD",2640.00,N,N,A,-,N,,,,,,,,,,Y,4,0,1,1,A,-,08,22107,,N,F,A,A,A,H,-,D,D,0,,,,,Y,,A,07,0,0,1,0,0,0,0,0,0,"- ","- ",36.741451263427734,-119.13272094726562,FRESNO,UNINCORPORATED,-119.13226318359375,36.740848541259766
90809698,2018,2018-09-11,9435,2018-09-02,1000,016507,,7,1,9,1000,0,3,5,,2,060,"SR-198 (GENERALS HIGHWAY)","TEN MILE ROAD",23232.00,E,N,A,-,Y,,,,,,,,,,Y,4,0,1,1,A,-,08,22107,,N,E,I,A,A,H,-,A,D,0,,,,,Y,,A,01,0,0,1,0,0,0,0,0,0,"- ","- ",36.69281005859375,-118.86947631835938,FRESNO,UNINCORPORATED,,
90809963,2018,2018-09-11,9435,2018-09-03,2035,021148,,1,2,9,1000,0,3,5,,2,025,"MILLERTON RD","TABLE MOUNTAIN CASINO DRIVEWAY",0.00,,Y,A,-,N,,,,,,,,,,Y,3,0,4,2,A,-,01,23152,A,N,A,C,A,A,H,-,A,A,0,,,,,Y,Y,A,01,0,1,3,0,0,0,0,0,0,"- ","- ",36.982730865478516,-119.6392822265625,FRESNO,UNINCORPORATED,-119.639229,36.982652000000002
90809993,2018,2018-09-11,9435,2018-09-04,0730,013793,,2,1,7,1005,0,1,3,,2,105,"SR-99 SOUTHBOUND","ASHLAN AVENUE",3696.00,N,N,A,-,Y,,,99,,,,,,S,Y,4,0,3,2,A,-,03,22350,,N,C,C,A,A,H,-,A,D,0,,,,,Y,,D,22,0,0,3,0,0,0,0,0,0,"- ","- ",36.800521850585938,-119.87579345703125,FRESNO,FRESNO,-119.87581634521484,36.800487518310547
90809997,2018,2018-09-11,9435,2018-09-04,0920,013703,,2,1,9,1000,0,3,5,,2,034,"GREENWOOD AVENUE","CENTRAL AVENUE",820.00,N,N,A,-,N,,,,,,,,,,Y,4,0,1,2,A,-,08,22107,,N,B,C,A,A,H,-,A,D,0,,,,,Y,,A,07,0,0,1,0,0,0,0,0,0,"- ","- ",36.680030822753906,-119.56546783447266,FRESNO,UNINCORPORATED,-119.5654296875,36.679962158203125
90810042,2018,2018-09-11,9435,2018-09-04,1440,020871,,2,2,9,1000,0,3,5,,2,025,"SHEPHERD AVE","FOWLER AVE",0.00,,Y,A,-,N,,,,,,,,,,Y,3,0,2,2,A,-,12,21453,A,N,D,C,A,A,H,-,A,A,0,,,,,Y,,D,22,0,1,1,0,0,0,0,0,0,"- ","- ",36.866588592529297,-119.68401336669922,FRESNO,UNINCORPORATED,-119.68399047851562,36.866508483886719
90810076,2018,2018-09-11,9435,2018-08-30,0515,019523,,4,3,9,1000,0,3,5,,2,040,"SR-145 S/B","FLORAL AVE",0.00,,Y,A,-,Y,,,145,,,,,,S,Y,4,0,1,2,A,-,09,21804,A,N,D,C,A,A,H,-,D,A,0,,,,,Y,,D,22,0,0,1,0,0,0,0,0,0,"- ","- ",36.574298858642578,-120.07974243164062,FRESNO,UNINCORPORATED,-120.07972717285156,36.574287414550781
90810079,2018,2018-09-11,9435,2018-09-01,0001,020064,,6,3,9,1000,0,3,5,,2,034,"CENTRAL AVENUE","COTTLE AVENUE",0.00,,Y,A,-,N,,,,,,,,,,Y,4,0,3,2,A,-,03,22350,,N,D,C,A,A,H,-,D,D,0,,,,,Y,,D,22,0,0,3,0,0,0,0,0,0,"- ","- ",36.678218841552734,-119.56759643554688,FRESNO,UNINCORPORATED,-119.56768035888672,36.677730560302734
90810222,2018,2018-09-11,9435,2018-08-12,2110,021247,,7,2,9,1000,0,3,5,,2,034,"NEWMARK AVENUE","AMERICAN AVENUE",1192.00,N,N,A,-,N,,,,,,,,,,Y,1,1,1,1,A,-,08,22107,,N,E,I,A,A,H,-,D,D,0,,,,,Y,,D,22,1,0,0,0,0,0,0,0,0,"- ","- ",36.666389465332031,-119.54714965820312,FRESNO,UNINCORPORATED,-119.54728698730469,36.666339874267578
90810314,2018,2018-09-11,9435,2018-09-04,1440,020078,,2,2,9,1000,0,3,5,,2,040,"FLORAL AVENUE","CLOVIS AVENUE",0.00,,Y,A,-,N,,,,,,,,,,Y,4,0,1,2,A,-,09,21802,A,N,D,C,A,A,H,-,A,D,0,,,,,Y,,A,01,0,0,1,0,0,0,0,0,0,"- ","- ",36.576381683349609,-119.70056915283203,FRESNO,UNINCORPORATED,-119.70050048828125,36.576358795166016
90810360,2018,2018-09-11,9435,2018-09-05,1235,015106,,3,1,7,1005,0,1,3,,2,410,"SR-41 S/B","FRIANT ROAD U/C",10.00,S,N,A,-,Y,,,41,,,,,,S,N,3,0,1,2,A,-,03,22350,,N,C,C,A,A,H,-,A,D,0,,,Y,,Y,,C,02,0,1,0,0,0,0,0,0,1,"- ","- ",36.85430908203125,-119.78904724121094,FRESNO,FRESNO,-119.78903198242188,36.854320526123047
9081047,2020,2020-06-11,1013,2020-02-20,1210,M158,,4,5,3,1013,0,0,0,,0,M02,"5TH ST","RECREATION AV",103.00,W,N,A,-,N,,,,,,,,,,Y,4,0,1,2,A,-,08,22107,,N,B,C,A,A,H,-,A,D,0,,,,Y,Y,,A,01,0,0,1,0,0,0,0,0,0,"- ","- ",,,FRESNO,SANGER,-119.54862213134766,36.710159301757812
9081055,2020,2020-06-11,1013,2020-02-07,1306,M166,M230,5,5,3,1013,0,0,0,,0,B03,"ACADEMY AV","4TH ST",320.00,N,N,A,-,N,,,,,,,,,,N,4,0,1,2,A,-,03,22350,,N,C,C,A,A,H,-,A,D,0,,,,,Y,,D,22,0,0,1,0,0,0,0,0,0,"- ","- ",,,FRESNO,SANGER,-119.55704498291016,36.711776733398438
90810569,2018,2018-09-11,9435,2018-09-05,1650,020871,,3,2,9,1000,0,1,3,,2,106,"SR-99 S/B","AMERICAN AVE",1056.00,N,N,A,-,Y,,,99,,,,,,S,Y,4,0,1,2,A,-,03,22350,,N,C,C,A,A,H,-,A,D,0,,,,,Y,,D,22,0,0,1,0,0,0,0,0,0,"- ","- ",36.665969848632812,-119.72760772705078,FRESNO,UNINCORPORATED,-119.72763824462891,36.665939331054688
9081059,2020,2020-07-14,1013,2020-03-10,0759,M158,SANGE,2,5,3,1013,0,0,0,,0,M01,"JENSEN AV","LYON AV",0.00,,Y,A,-,N,,,,,,,,,,,3,0,1,3,A,-,03,22350,,N,C,C,A,A,H,-,A,D,0,,,,Y,Y,,A,01,0,1,0,0,0,0,0,0,0,"- ","- ",,,FRESNO,SANGER,-119.56928253173828,36.706779479980469
90811160,2018,2018-09-12,9435,2018-09-05,0900,013793,,3,1,9,1000,0,3,5,,2,010,"PALM AVENUE","SANTA ANA AVENUE",0.00,,Y,A,-,N,,,,,,,,,,Y,4,0,2,2,A,-,09,21802,A,N,D,C,A,A,H,-,A,A,0,,,,,Y,,A,08,0,0,2,0,0,0,0,0,0,"- ","- ",36.804771423339844,-119.80851745605469,FRESNO,UNINCORPORATED,-119.80854034423828,36.80474853515625
90811228,2018,2018-09-12,9435,2018-09-04,0013,020592,,2,3,9,1000,0,3,5,,2,034,"DINUBA AVE","BETHEL AVE",1265.00,W,N,A,-,N,,,,,,,,,,Y,4,0,1,1,A,-,01,23152,F,M,E,I,A,A,H,-,D,D,0,,,,,Y,,A,01,0,0,1,0,0,0,0,0,0,"- ","- ",36.590671539306641,-119.57959747314453,FRESNO,UNINCORPORATED,-119.57919311523438,36.590610504150391
90811237,2018,2018-09-12,9435,2018-09-04,0015,020592,,2,3,9,1000,0,3,5,,2,034,"DINUBA AVE","BETHEL AVE",1330.00,E,N,A,-,N,,,,,,,,,,Y,4,0,1,1,A,-,01,23152,F,N,E,I,A,A,H,-,D,D,0,,,,,Y,,A,01,0,0,1,0,0,0,0,0,0,"- ","- ",36.590549468994141,-119.57028961181641,FRESNO,UNINCORPORATED,-119.57038116455078,36.590545654296875
90811249,2018,2018-09-12,9435,2018-09-05,0541,014672,,3,3,9,1000,0,1,3,,1,180,"SR-180 (WHITESBRIDGE AVE)","MODOC AVE",1056.00,W,N,A,-,Y,,,180,,,,,,,N,2,0,1,2,A,-,03,22350,,F,C,C,A,A,H,-,D,D,0,,,Y,,Y,,-,99,1,0,0,0,0,0,0,0,1,"- ","- ",36.734710693359375,-120.09088134765625,FRESNO,UNINCORPORATED,-120.09088134765625,36.734733581542969
90811499,2018,2018-09-12,9435,2018-09-06,0550,014363,,4,3,9,1000,0,3,5,,2,040,"MANNING AVENUE","CEDAR AVENUE",300.00,W,N,A,-,N,,,,,,,,,,N,4,0,1,2,A,-,08,22107,,F,B,C,A,A,H,-,C,D,0,,,,,Y,,-,99,0,0,1,0,0,0,0,0,0,"- ","- ",36.605308532714844,-119.75492095947266,FRESNO,UNINCORPORATED,-119.75590515136719,36.605327606201172
90811585,2018,2018-09-12,9435,2018-09-06,1305,016507,,4,1,9,1000,0,3,5,,2,060,"LINCOLN AVE","FRANKWOOD AVE",1056.00,W,N,A,-,N,,,,,,,,,,Y,4,0,1,1,A,-,08,22107,,N,E,I,A,A,H,-,A,D,0,,,,,Y,,A,07,0,0,1,0,0,0,0,0,0,"- ","- ",36.647621154785156,-119.45182800292969,FRESNO,UNINCORPORATED,-119.45219421386719,36.647693634033203
90811658,2018,2018-09-12,9435,2018-09-04,0630,018883,,2,1,9,1000,0,1,3,,1,145,"SR-145 (MADERA AVE.)","CLINTON AVE.",0.00,,Y,A,-,Y,,,145,,,,,,,Y,4,0,1,2,A,-,05,21752,D,N,D,C,A,A,H,-,B,D,0,,,,,Y,,A,01,0,0,1,0,0,0,0,0,0,"- ","- ",36.771381378173828,-120.06015777587891,FRESNO,UNINCORPORATED,-120.06019592285156,36.771381378173828
90811680,2018,2018-09-12,9435,2018-09-07,0532,018609,,5,3,9,1000,0,3,5,,2,025,"FRIANT RD.","BLUFF VIEW AVE",1584.00,S,N,A,-,N,,,,,,,,,,Y,3,0,2,1,A,-,08,22107,,N,E,I,A,A,H,-,B,D,0,,,,,Y,,A,07,0,1,1,0,0,0,0,0,0,"- ","- ",36.951271057128906,-119.72704315185547,FRESNO,UNINCORPORATED,-119.72592163085938,36.952411651611328
90811748,2018,2018-09-12,9435,2018-08-30,1700,021165,,4,2,9,1000,0,3,5,,2,010,"SHAW AVE","GOLDENROD AVE",600.00,E,N,A,-,N,,,,,,,,,,N,3,0,1,2,A,-,08,22107,,N,B,C,A,A,H,-,A,D,0,,,,,Y,,A,07,0,1,0,0,0,0,0,0,0,"- ","- ",36.807701110839844,-120.04136657714844,FRESNO,UNINCORPORATED,-120.04070281982422,36.807701110839844
90811760,2018,2018-10-10,9435,2018-09-06,1530,021165,,4,2,9,1000,0,1,3,,1,411,"SR-41 N/B","MCKINLEY AVE",1000.00,S,N,A,-,Y,,,,,,,,,,Y,3,0,2,3,A,-,03,22350,,N,C,C,A,A,H,-,A,D,0,,,,,Y,,A,01,0,1,1,0,0,0,0,0,0,"- ","- ",36.759040832519531,-119.77542877197266,FRESNO,UNINCORPORATED,-119.77662658691406,36.764961242675781
90811896,2018,2018-09-13,9435,2018-09-04,1845,020078,,2,2,9,1000,0,3,5,,2,020,"MANNING AVENUE","CORNELIA AVENUE",967.00,E,N,A,-,N,,,,,,,,,,Y,3,0,2,2,A,-,08,22107,,N,D,C,A,A,H,-,A,D,0,,,,,Y,,A,01,0,1,1,0,0,0,0,0,0,"- ","- ",36.604839324951172,-119.87748718261719,FRESNO,UNINCORPORATED,-119.87754058837891,36.604877471923828
90812010,2018,2018-10-10,9435,2018-09-07,1540,021202,,5,2,9,1000,0,1,3,,2,106,"SR-99 S/B","CENTRAL AVE",1950.00,N,N,A,-,Y,,,99,,,,,,S,Y,3,0,3,4,A,-,03,22350,,N,C,C,A,A,H,-,A,D,0,,,,,Y,,A,01,0,1,2,0,0,0,0,0,0,"- ","- ",36.681800842285156,-119.74619293212891,FRESNO,UNINCORPORATED,-119.7462158203125,36.681770324707031
90812050,2018,2018-09-13,9495,2018-09-03,0914,018639,,1,1,9,1000,0,1,1,,2,003,"INTERSTATE 5 SOUTHBOUND","EL DORADO AVENUE",7920.00,N,N,A,-,Y,,,5,,,,,,S,Y,4,0,2,2,A,-,08,22107,,N,C,C,A,A,H,-,A,D,0,,,,Y,Y,,A,07,0,0,2,0,0,0,0,0,0,"- ","- ",36.221778869628906,-120.22376251220703,FRESNO,UNINCORPORATED,-120.22370910644531,36.221809387207031
90812130,2018,2018-09-13,9435,2018-09-07,0700,013703,,5,1,9,1000,0,3,5,,2,034,"SOUTH AVENUE","MCCALL AVENUE",0.00,,Y,A,-,N,,,,,,,,,,Y,4,0,1,2,A,-,12,22450,A,N,D,C,A,A,H,-,A,A,0,,,,,Y,,D,22,0,0,1,0,0,0,0,0,0,"- ","- ",36.619808197021484,-119.61064910888672,FRESNO,UNINCORPORATED,-119.61065673828125,36.619808197021484
90812164,2018,2018-09-13,9435,2018-09-07,0750,019451,,5,1,9,1000,0,1,3,,1,180,"SR-180 (WHITESBRIDGE AVENUE)","DICKENSON AVENUE",528.00,E,N,A,-,N,,,180,,,,,,,N,4,0,1,2,A,-,03,22350,,N,C,C,A,A,H,-,A,D,0,,,,,Y,,A,01,0,0,1,0,0,0,0,0,0,"- ","- ",36.735099792480469,-119.96489715576172,FRESNO,UNINCORPORATED,-119.96489715576172,36.73504638671875
90812202,2018,2018-10-22,9435,2018-09-08,2145,019603,,6,2,7,1005,0,1,3,,2,182,"SR-180 E/B","CLOVIS AVENUE",2000.00,W,N,A,-,Y,,,180,,,,,,E,Y,3,0,3,2,A,-,07,21658,A,N,B,C,A,A,H,-,C,D,0,,,,,Y,,D,22,0,1,2,0,0,0,0,0,0,"- ","- ",36.752899169921875,-119.70845794677734,FRESNO,FRESNO,-119.70845794677734,36.752914428710938
90812246,2018,2018-09-13,9435,2018-09-07,0800,016507,,5,1,9,1000,0,3,5,,2,060,"FRANKWOOD AVE","AMERICAN AVE",0.00,,Y,A,-,N,,,,,,,,,,Y,3,0,3,2,A,-,09,21801,A,N,D,C,A,A,H,-,A,D,0,,,,,Y,,A,01,0,1,2,0,0,0,0,0,0,"- ","- ",36.661998748779297,-119.44867706298828,FRESNO,UNINCORPORATED,-119.44859313964844,36.662288665771484
90812267,2018,2018-09-13,9435,2018-09-05,0725,014363,,3,1,9,1000,0,1,3,,1,411,"STATE ROUTE 41 (NORTHBOUND)","AMERICAN AVENUE",800.00,S,N,A,-,Y,,,41,,,,,,,N,4,0,1,2,A,-,03,22350,,N,C,C,A,A,H,-,A,D,0,,,,,Y,,A,01,0,0,1,0,0,0,0,0,0,"- ","- ",36.661388397216797,-119.78592681884766,FRESNO,UNINCORPORATED,-119.78578186035156,36.661392211914062
90812330,2018,2018-09-13,9435,2018-09-06,2207,019523,,4,3,9,1000,0,1,3,,1,412,"SR-41 S/B","ELKHORN AVENUE",2112.00,S,N,A,-,Y,,,41,,,,,,S,Y,2,0,1,2,A,-,01,23152,A,M,B,C,A,A,H,-,D,D,0,,,Y,Y,Y,Y,C,02,1,0,0,0,0,0,0,0,1,"- ","- ",36.483119964599609,-119.79199981689453,FRESNO,UNINCORPORATED,-119.79195404052734,36.483108520507812
90812409,2018,2018-09-13,9495,2018-09-08,0317,020246,,6,3,9,1000,0,1,3,,1,008,"STATE ROUTE 198","DICKENSON AVENUE",1056.00,E,N,A,-,Y,,,198,,,,,,,Y,3,0,1,1,A,-,08,22107,,N,E,I,A,A,H,-,D,D,0,,,,,Y,,A,01,0,1,0,0,0,0,0,0,0,"- ","- ",36.255519866943359,-119.9730224609375,FRESNO,UNINCORPORATED,-119.9730224609375,36.255458831787109
90812647,2018,2018-09-13,9435,2018-09-06,2040,019895,,4,2,9,1000,0,1,3,,2,106,"CENTRAL AVE","GOLDEN STATE BLVD",0.00,,Y,A,-,N,,,,,,,,,,Y,4,0,1,2,A,-,12,21453,A,N,D,C,A,A,H,-,C,A,0,,,,,Y,,A,01,0,0,1,0,0,0,0,0,0,"- ","- ",36.677959442138672,-119.73455810546875,FRESNO,UNINCORPORATED,-119.73454284667969,36.677928924560547
9081270,2020,2020-08-20,1013,2020-03-04,1732,M161,M130,3,5,3,1013,0,0,0,,0,001,"JENSEN AV","INDIANOLA AV",0.00,,Y,A,-,N,,,,,,,,,,N,4,0,1,2,A,-,12,22450,A,N,D,C,A,A,H,-,A,D,0,,,,,Y,,A,01,0,0,1,0,0,0,0,0,0,"- ","- ",36.706771850585938,-119.58312225341797,FRESNO,SANGER,-119.58318328857422,36.706821441650391
90812813,2018,2018-09-13,9435,2018-09-03,1615,016270,,1,2,9,1000,0,1,3,,2,184,"STATE ROUTE 180","HUME LAKE RD",95040.00,E,N,A,-,Y,,,180,,,,,,,Y,4,0,1,1,A,-,08,22107,,N,E,I,A,A,H,-,A,D,0,,,,,Y,,A,07,0,0,1,0,0,0,0,0,0,"- ","- ",36.808589935302734,-118.79244995117188,FRESNO,UNINCORPORATED,-118.79270172119141,36.808742523193359
90812840,2018,2018-09-13,9435,2018-09-12,0755,015095,,3,1,5,1001,0,1,3,,1,168,"SR-168 WESTBOUND","BULLARD AVENUE",2112.00,S,N,A,-,Y,,,168,,,,,,W,N,4,0,1,2,A,-,03,22350,,N,C,C,A,A,H,-,A,D,0,,,,,Y,,A,01,0,0,1,0,0,0,0,0,0,"- ","- ",36.818489074707031,-119.72280883789062,FRESNO,CLOVIS,-119.72279357910156,36.818470001220703
90812932,2018,2018-09-14,9435,2018-09-02,0520,020540,,7,3,9,1000,0,3,5,,2,034,"MANNING AVENUE (WESTBOUND)","LEONARD AVENUE",836.00,W,N,A,-,N,,,,,,,,,,Y,4,0,1,1,A,-,08,22107,,N,E,I,A,A,H,-,D,D,0,,,,,Y,,D,22,0,0,1,0,0,0,0,0,0,"- ","- ",34.605209350585938,-119.64044952392578,FRESNO,UNINCORPORATED,-119.64033508300781,36.605358123779297
90812933,2018,2018-09-14,9435,2018-09-02,2100,021247,,7,2,9,1000,0,3,5,,2,025,"SIERRA AVE","BETHEL AVE",278.00,W,N,A,-,N,,,,,,,,,,Y,2,0,2,2,A,-,01,23152,G,N,E,I,A,A,H,-,D,D,0,,,,,Y,Y,A,07,1,1,0,0,0,0,0,0,0,"- ","- ",36.829910278320312,-119.57547760009766,FRESNO,UNINCORPORATED,-119.57511138916016,36.829700469970703