CASE_ID,ACCIDENT_YEAR,PROC_DATE,JURIS,COLLISION_DATE,COLLISION_TIME,OFFICER_ID,REPORTING_DISTRICT,DAY_OF_WEEK,CHP_SHIFT,POPULATION,CNTY_CITY_LOC,SPECIAL_COND,BEAT_TYPE,CHP_BEAT_TYPE,CITY_DIVISION_LAPD,CHP_BEAT_CLASS,BEAT_NUMBER,PRIMARY_RD,SECONDARY_RD,DISTANCE,DIRECTION,INTERSECTION,WEATHER_1,WEATHER_2,STATE_HWY_IND,CALTRANS_COUNTY,CALTRANS_DISTRICT,STATE_ROUTE,ROUTE_SUFFIX,POSTMILE_PREFIX,POSTMILE,LOCATION_TYPE,RAMP_INTERSECTION,SIDE_OF_HWY,TOW_AWAY,COLLISION_SEVERITY,NUMBER_KILLED,NUMBER_INJURED,PARTY_COUNT,PRIMARY_COLL_FACTOR,PCF_CODE_OF_VIOL,PCF_VIOL_CATEGORY,PCF_VIOLATION,PCF_VIOL_SUBSECTION,HIT_AND_RUN,TYPE_OF_COLLISION,MVIW,PED_ACTION,ROAD_SURFACE,ROAD_COND_1,ROAD_COND_2,LIGHTING,CONTROL_DEVICE,CHP_ROAD_TYPE,PEDESTRIAN_ACCIDENT,BICYCLE_ACCIDENT,MOTORCYCLE_ACCIDENT,TRUCK_ACCIDENT,NOT_PRIVATE_PROPERTY,ALCOHOL_INVOLVED,STWD_VEHTYPE_AT_FAULT,CHP_VEHTYPE_AT_FAULT,COUNT_SEVERE_INJ,COUNT_VISIBLE_INJ,COUNT_COMPLAINT_PAIN,COUNT_PED_KILLED,COUNT_PED_INJURED,COUNT_BICYCLIST_KILLED,COUNT_BICYCLIST_INJURED,COUNT_MC_KILLED,COUNT_MC_INJURED,PRIMARY_RAMP,SECONDARY_RAMP,LATITUDE,LONGITUDE,COUNTY,CITY,POINT_X,POINT_Y
90839105,2018,2018-10-18,9435,2018-10-13,1500,019210,,6,2,7,1005,0,3,5,,2,010,"HERNDON AVE","PARKWAY DR.",150.00,E,N,A,-,N,,,,,,,,,,N,4,0,2,2,A,-,21,22106,,N,C,C,A,A,H,-,A,D,0,,,,,Y,,A,07,0,0,2,0,0,0,0,0,0,"- ","- ",36.831840515136719,-119.91812133789062,FRESNO,FRESNO,-119.92417144775391,36.836830139160156
90839125,2018,2018-10-18,9435,2018-10-13,1855,019210,,6,2,9,1000,0,3,5,,2,010,"ASHLAN AVE","PALM AVE",360.00,E,N,A,-,N,,,,,,,,,,N,4,0,1,2,A,-,03,22350,,N,C,C,A,A,H,-,C,D,0,,,,,Y,,A,01,0,0,1,0,0,0,0,0,0,"- ","- ",36.793960571289062,-119.80734252929688,FRESNO,UNINCORPORATED,-119.807373046875,36.793907165527344
90839263,2018,2018-10-18,9461,2018-05-28,1542,021387,,1,2,9,1000,0,1,1,,2,305,"I-5 SOUTHBOUND","SHIELDS AVENUE",7920.00,N,N,A,-,Y,,,5,,,,,,S,Y,1,2,2,2,A,-,03,22350,,N,C,C,A,A,H,-,A,D,0,,,,,Y,,I,10,1,1,0,0,0,0,0,0,0,"- ","- ",36.797309875488281,-120.73761749267578,FRESNO,UNINCORPORATED,-120.7376708984375,36.797275543212891
90839299,2018,2018-10-18,9495,2018-09-21,1744,019829,,5,2,9,1000,0,1,1,,2,002,"INTERSTATE 5 SOUTHBOUND","STATE ROUTE 33 (DERRICK AVENUE)",15840.00,S,N,A,-,Y,,,5,,,,,,S,N,4,0,1,2,A,-,01,23152,G,F,D,D,A,A,H,-,A,D,0,,,,,Y,Y,A,01,0,0,1,0,0,0,0,0,0,"- ","- ",36.399890899658203,-120.36231994628906,FRESNO,UNINCORPORATED,-120.36231994628906,36.399887084960938
90839534,2018,2018-10-19,9435,2018-10-13,2225,020837,,6,3,9,1000,0,3,5,,2,060,"FRANKWOOD AVE","PIEDRA RD",5808.00,S,N,A,-,N,,,,,,,,,,Y,2,0,1,1,A,-,01,23152,A,N,E,I,A,A,H,-,D,D,0,,,,,Y,Y,A,01,1,0,0,0,0,0,0,0,0,"- ","- ",36.741920471191406,-119.44390106201172,FRESNO,UNINCORPORATED,-119.44477844238281,36.742321014404297
90839546,2018,2018-10-19,9435,2018-10-11,1915,020837,,4,2,9,1000,0,3,5,,2,060,"BUTTONWILLOW AVE","CLAYTON AVENUE",2640.00,N,N,A,-,N,,,,,,,,,,N,4,0,1,2,A,-,11,21954,A,N,E,J,D,A,H,-,D,D,0,Y,,,,Y,,N,60,0,0,1,0,1,0,0,0,0,"- ","- ",36.637378692626953,-119.43074035644531,FRESNO,UNINCORPORATED,-119.43074798583984,36.64703369140625
90839644,2018,2018-10-19,9435,2018-10-12,0917,014672,,5,1,9,1000,0,3,5,,2,010,"PALM AVE","ASHLAN AVE",0.00,,Y,A,-,N,,,,,,,,,,Y,4,0,2,3,A,-,09,21801,A,N,D,C,A,A,H,-,A,A,0,,,,Y,Y,Y,A,01,0,0,2,0,0,0,0,0,0,"- ","- ",36.793899536132812,-119.80851745605469,FRESNO,UNINCORPORATED,-119.80860137939453,36.793899536132812
90839659,2018,2018-10-19,9435,2018-10-09,0925,014363,,2,1,9,1000,0,3,5,,2,015,"KEARNEY BLVD.","DICKENSON AVENUE",0.00,,Y,A,-,N,,,,,,,,,,Y,4,0,1,2,A,-,09,21802,A,N,D,C,A,A,H,-,A,A,0,,,,,Y,,A,01,0,0,1,0,0,0,0,0,0,"- ","- ",36.72760009765625,-119.9698486328125,FRESNO,UNINCORPORATED,-119.96996307373047,36.727699279785156
90839701,2018,2018-10-19,9435,2018-10-13,1425,021148,,6,2,9,1000,0,3,5,,2,015,"BRAWLEY AVE","MANNING AVE",3000.00,N,N,A,-,N,,,,,,,,,,Y,4,0,1,2,A,-,09,21801,A,N,D,C,A,A,H,-,A,D,0,,,,,Y,,M,46,0,0,1,0,0,0,0,0,0,"- ","- ",36.609058380126953,-119.86289978027344,FRESNO,UNINCORPORATED,-119.86279296875,36.613204956054688
90839851,2018,2018-10-19,9435,2018-09-05,0607,014672,,3,1,9,1000,0,3,5,,2,010,"SHAW AVENUE","GARFIELD AVENUE",0.00,,Y,A,-,N,,,,,,,,,,Y,1,1,1,3,A,-,11,21954,A,N,G,B,D,A,H,-,B,D,0,Y,,,Y,Y,,N,60,1,0,0,1,1,0,0,0,0,"- ","- ",36.807861328125,-119.92539978027344,FRESNO,UNINCORPORATED,-119.92549896240234,36.807838439941406
90840095,2018,2018-10-19,9435,2018-10-15,0635,013660,,1,1,9,1000,0,1,3,,2,106,"SR99 NORTHBOUND","CENTRAL AVENUE",415.00,N,N,A,-,Y,,,99,,,,,,N,Y,4,0,1,4,A,-,03,22350,,N,C,C,A,A,A,-,D,D,0,,,,,Y,,A,01,0,0,1,0,0,0,0,0,0,"- ","- ",36.678810119628906,-119.74231719970703,FRESNO,UNINCORPORATED,-119.7423095703125,36.678825378417969
90840575,2018,2018-10-22,9461,2018-10-14,1253,021188,,7,1,9,1000,0,2,4,,1,615,"NEES AVENUE","N/B I-5 TO NEES AVENUE",0.00,,Y,A,-,N,,,,,,,,,,Y,3,0,4,2,A,-,09,21802,A,N,D,C,A,A,H,-,A,A,0,,,,,Y,,A,01,0,1,3,0,0,0,0,0,0,"- ","- ",36.85028076171875,-120.77239227294922,FRESNO,UNINCORPORATED,-120.77237599999999,36.850299999999997
90840786,2018,2018-10-22,9435,2018-10-13,1000,018746,,6,1,9,1000,0,3,5,,2,040,"CALIFORNIA AVENUE","BLYTHE AVENUE",0.00,,Y,A,-,N,,,,,,,,,,Y,3,0,1,2,A,-,05,21752,D,N,C,C,A,A,H,-,A,D,0,,,,,Y,,A,07,0,1,0,0,0,0,0,0,0,"- ","- ",36.721000671386719,-119.87153625488281,FRESNO,UNINCORPORATED,-119.87149810791016,36.720958709716797
90840809,2018,2018-10-22,9435,2018-10-11,2325,020586,,4,3,7,1005,0,1,3,,2,182,"SR-180 W/B","PEACH AVE",500.00,W,N,A,-,Y,,,180,,,,,,W,Y,4,0,2,2,A,-,01,23152,A,N,C,C,A,A,H,-,D,D,0,,,,,Y,Y,A,01,0,0,2,0,0,0,0,0,0,"- ","- ",36.753509521484375,-119.71987152099609,FRESNO,FRESNO,-119.71987152099609,36.753501892089844
90840899,2018,2018-10-22,9495,2018-10-12,2340,021029,,5,3,9,1000,0,1,1,,2,001,"INTERSTATE 5 SOUTHBOUND","MANNING AVE",3168.00,N,N,A,-,Y,,,5,,,,,,S,Y,2,0,1,1,A,-,01,23152,A,N,F,A,A,A,H,-,D,D,0,,,,,Y,Y,A,01,1,0,0,0,0,0,0,0,0,"- ","- ",36.620849609375,-120.60800170898438,FRESNO,UNINCORPORATED,-120.60781097412109,36.621089935302734
90840900,2018,2018-10-22,9435,2018-10-15,1955,016507,,1,2,9,1000,0,3,5,,2,060,"REED AVE","FLORAL AVE",528.00,N,N,A,-,N,,,,,,,,,,Y,4,0,1,5,A,-,08,22107,,N,B,E,F,A,H,-,D,D,0,Y,,,,Y,,A,01,0,0,1,0,1,0,0,0,0,"- ","- ",36.576488494873047,-119.45781707763672,FRESNO,UNINCORPORATED,-119.45768737792969,36.597946166992188
90841055,2018,2018-10-22,9435,2018-10-16,1125,012846,,2,1,7,1005,0,1,3,,2,182,"SR-168 E/B","DAKOTA AVE",870.00,E,N,A,-,Y,,,168,,,,,,E,Y,4,0,1,1,A,-,08,22107,,N,E,I,A,A,H,-,A,D,0,,,,,Y,,A,01,0,0,1,0,0,0,0,0,0,"- ","- ",36.789360046386719,-119.74887847900391,FRESNO,FRESNO,-119.74880218505859,36.789348602294922
90841342,2018,2018-10-22,9435,2018-10-16,0757,018609,,2,1,9,1000,0,3,5,,2,034,"JENSEN AVENUE WESTBOUND","DEL REY AVENUE",300.00,W,N,A,-,N,,,,,,,,,,Y,4,0,1,2,A,-,07,21658,A,N,E,I,A,A,H,-,A,D,0,,,,,Y,,A,01,0,0,1,0,0,0,0,0,0,"- ","- ",36.706798553466797,-119.59320831298828,FRESNO,UNINCORPORATED,-119.59309387207031,36.706737518310547
90841397,2018,2018-10-22,9435,2018-10-16,0730,014672,,2,1,9,1000,0,3,5,,2,010,"MCKINLEY AVE","WESTLAWN AVE",374.00,W,N,A,-,N,,,,,,,,,,Y,4,0,1,1,A,-,08,22107,,N,E,I,A,A,H,-,B,A,0,,,,,Y,,A,01,0,0,1,0,0,0,0,0,0,"- ","- ",36.764118194580078,-119.95320892333984,FRESNO,UNINCORPORATED,-119.953125,36.764125823974609
90841420,2018,2018-12-27,9435,2018-10-16,0615,013703,,2,1,9,1000,0,3,5,,2,034,"DINUBA AVENUE","AMERICAN AVENUE",1200.00,E,N,A,-,N,,,,,,,,,,Y,4,0,1,2,A,-,03,22350,,N,C,C,A,A,H,-,D,D,0,,,,,Y,,A,01,0,0,1,0,0,0,0,0,0,"- ","- ",36.590480804443359,-119.55283355712891,FRESNO,UNINCORPORATED,,
90841457,2018,2018-10-22,9435,2018-10-16,0650,013660,,2,1,9,1000,0,3,5,,2,034,"MOUNTAIN VIEW AVENUE (WESTBOUND)","INDIANOLA AVENUE",160.00,E,N,A,-,N,,,,,,,,,,Y,3,0,1,2,A,-,03,22350,,N,C,C,A,A,H,-,A,D,0,,,,,Y,,A,01,0,1,0,0,0,0,0,0,0,"- ","- ",36.546928405761719,-119.58352661132812,FRESNO,UNINCORPORATED,-119.58371734619141,36.546947479248047
90841489,2018,2018-10-22,9495,2018-10-20,1115,019154,,6,1,9,1000,0,1,1,,2,002,"INTERSTATE 5 SOUTHBOUND","JEFFREY AVENUE",4224.00,N,N,A,-,Y,,,5,,,,,,S,Y,4,0,1,1,A,-,08,22107,,N,F,A,A,A,H,-,A,D,0,,,,,Y,,A,01,0,0,1,0,0,0,0,0,0,"- ","- ",36.378841400146484,-120.34358978271484,FRESNO,UNINCORPORATED,-120.34354400634766,36.378883361816406
90841669,2018,2018-10-22,9435,2018-09-15,1405,021230,,6,2,9,1000,0,3,5,,2,034,"GOLDEN STATE BOULEVARD NORTHBOUND","AMERICAN AVENUE",0.00,,Y,A,-,N,,,,,,,,,,Y,1,1,1,2,A,-,09,21802,A,N,D,C,A,A,H,-,A,A,0,,,,,Y,,A,01,0,0,1,0,0,0,0,0,0,"- ","- ",36.663520812988281,-119.71836853027344,FRESNO,UNINCORPORATED,-119.71853637695312,36.663360595703125
90841758,2018,2018-10-22,9435,2018-10-17,1430,020733,,3,2,7,1005,0,1,3,,2,105,"SR-99 S/B TO SR-180 E/B","NIELSEN AVE",150.00,S,N,A,-,Y,,,99,,,,R,,S,Y,4,0,1,2,A,-,03,22350,,N,C,C,A,A,H,-,A,D,0,,,,,Y,,D,22,0,0,1,0,0,0,0,0,0,"- ","- ",36.742679595947266,-119.81906890869141,FRESNO,FRESNO,-119.81906890869141,36.742679595947266
90841930,2018,2018-10-23,9435,2018-10-11,1843,019451,,4,2,9,1000,0,3,5,,2,040,"CLOVIS AVENUE","NEBRASKA AVENUE",0.00,,Y,A,-,N,,,,,,,,,,Y,2,0,4,2,A,-,12,22450,A,N,D,C,A,A,H,-,D,A,0,,,,,Y,,A,01,1,0,3,0,0,0,0,0,0,"- ","- ",36.561698913574219,-119.70050048828125,FRESNO,UNINCORPORATED,-119.70053100585938,36.561660766601562
90841932,2018,2018-10-23,9435,2018-10-15,1420,021230,,1,2,9,1000,0,1,3,,1,411,"SR-41 N/B","MOUNTAIN VIEW AVENUE",360.00,N,N,A,-,Y,,,41,,,,,,N,Y,3,0,1,2,A,-,01,23152,A,N,C,C,A,A,H,-,A,D,0,,,,Y,Y,Y,A,07,0,1,0,0,0,0,0,0,0,"- ","- ",36.548408508300781,-119.78597259521484,FRESNO,UNINCORPORATED,-119.78608703613281,36.548408508300781
90841935,2018,2018-10-23,9435,2018-10-15,2130,021031,,1,2,7,1005,0,1,3,,2,105,"STATE ROUTE 99 NORTHBOUND","VENTURA AVENUE",600.00,N,N,A,-,Y,,,99,,,,,,N,Y,3,0,1,1,A,-,01,23152,A,N,E,A,A,A,H,-,C,D,0,,,,,Y,Y,A,01,0,1,0,0,0,0,0,0,0,"- ","- ",36.726688385009766,-119.79418182373047,FRESNO,FRESNO,-119.79422760009766,36.726638793945312
90841946,2018,2018-10-23,9435,2018-10-15,1344,020019,,1,1,7,1005,0,1,3,,2,410,"SR-41 NB TO MCKINLEY AVE","MCKINLEY AVENUE",120.00,N,N,A,-,Y,,,41,,,,R,,N,Y,3,0,1,1,A,-,03,22350,,N,F,I,A,A,H,-,A,D,0,,,,,Y,,D,22,0,1,0,0,0,0,0,0,0,"- ","- ",36.765468597412109,-119.77639770507812,FRESNO,FRESNO,-119.77639770507812,36.765468597412109
90842007,2018,2018-10-23,9435,2018-10-17,1350,019895,,3,1,9,1000,0,3,5,,2,040,"CLOVIS AVE","CONEJO AVE",0.00,,Y,A,-,N,,,,,,,,,,Y,4,0,1,2,A,-,12,22450,A,N,D,C,A,A,H,-,A,A,0,,,,,Y,,A,01,0,0,1,0,0,0,0,0,0,"- ","- ",36.518218994140625,-119.70085144042969,FRESNO,UNINCORPORATED,-119.70081329345703,36.5181884765625
9084209,2020,2020-07-14,1015,2020-03-30,1217,N265,SELMA,1,5,3,1015,0,0,0,,0,0SE,"FLORAL AV","C ST",0.00,,Y,A,-,N,,,,,,,,,,,4,0,1,2,A,-,22,23123,A,N,C,C,A,A,H,-,A,D,0,,,,,Y,,A,01,0,0,1,0,0,0,0,0,0,"- ","- ",36.590770721435547,-119.62352752685547,FRESNO,SELMA,-119.60746002197266,36.576190948486328
90842178,2018,2018-10-23,9461,2018-10-17,1512,019052,,3,2,9,1000,0,3,5,,2,060,"WASHOE AVE","BULLARD AVE",1584.00,N,N,A,-,N,,,,,,,,,,Y,3,0,1,1,A,-,08,22107,,N,E,I,A,A,H,-,A,D,0,,,,,Y,,A,01,0,1,0,0,0,0,0,0,0,"- ","- ",36.826499938964844,-120.45780181884766,FRESNO,UNINCORPORATED,-120.4578857421875,36.825817108154297
90843020,2018,2018-10-24,9435,2018-10-12,1353,020122,,5,1,7,1005,0,1,3,,2,106,"SR-99 S/B","CEDAR AVE",850.00,S,N,A,-,Y,,,99,,,,,,S,Y,4,0,2,3,A,-,03,22350,,N,C,C,A,A,H,-,A,D,0,,,,,Y,,A,01,0,0,2,0,0,0,0,0,0,"- ","- ",36.686088562011719,-119.75125885009766,FRESNO,FRESNO,-119.75131988525391,36.686016082763672
90843027,2018,2018-10-24,9435,2018-10-17,1425,018926,,3,2,9,1000,0,1,3,,1,411,SR-41,"HARLAN AVE",1056.00,S,N,A,-,Y,,,41,,,,,,,Y,4,0,1,2,A,-,03,22350,,N,C,C,A,A,H,-,A,D,0,,,,,Y,,A,01,0,0,1,0,0,0,0,0,0,"- ","- ",36.442699432373047,-119.79891204833984,FRESNO,UNINCORPORATED,-119.79878997802734,36.442676544189453
90843034,2018,2018-10-24,9435,2018-10-17,1809,019451,,3,2,9,1000,0,1,3,,1,430,"SR-43 (HIGHLAND AVENUE)","CONEJO AVENUE",1056.00,S,N,A,-,N,,,43,,,,,,,Y,4,0,2,2,A,-,03,22350,,N,C,C,A,A,H,-,B,D,0,,,,,Y,,A,01,0,0,2,0,0,0,0,0,0,"- ","- ",36.511940002441406,-119.62908935546875,FRESNO,UNINCORPORATED,-119.62897491455078,36.511936187744141
90843051,2018,2018-10-24,9435,2018-10-18,2305,020837,,4,3,9,1000,0,3,5,,2,060,"REED AVENUE","VINO AVENUE",1320.00,S,N,A,-,N,,,,,,,,,,Y,4,0,1,1,A,-,08,22107,,N,E,I,A,A,H,-,D,D,0,,,,,Y,,A,01,0,0,1,0,0,0,0,0,0,"- ","- ",36.654491424560547,-119.45768737792969,FRESNO,UNINCORPORATED,-119.45756530761719,36.654937744140625
90843110,2018,2018-10-24,9435,2018-10-19,0740,019113,,5,1,9,1000,0,1,3,,1,430,"SR-43 N/B","DAVIS AVE",150.00,S,N,A,-,Y,,,43,,,,,,N,N,4,0,2,2,A,-,03,22350,,N,C,C,A,A,H,-,A,D,0,,,,,Y,,A,07,0,0,2,0,0,0,0,0,0,"- ","- ",36.473918914794922,-119.63613128662109,FRESNO,UNINCORPORATED,-119.63616180419922,36.473918914794922
90843204,2018,2018-10-24,9495,2018-10-15,2015,020942,,1,2,9,1000,0,1,3,,1,006,"STATE ROUTE 33 (JAYNE AVENUE)","ENTERPRISE PARKWAY",1531.00,S,N,A,-,Y,,,33,,,,,,,Y,3,0,1,1,A,-,08,22107,,N,E,I,A,A,H,-,D,D,0,,,,,Y,,D,22,0,1,0,0,0,0,0,0,0,"- ","- ",36.136688232421875,-120.32261657714844,FRESNO,UNINCORPORATED,-120.32261657714844,36.136699676513672
90843224,2018,2018-10-24,9435,2018-10-19,0530,013703,,5,3,9,1000,0,3,5,,2,034,"MUSCAT AVENUE","WILLOW AVENUE",0.00,,Y,A,-,N,,,,,,,,,,N,4,0,1,2,A,-,09,21800,B,N,D,C,A,A,H,-,C,D,0,,,,,Y,,D,22,0,0,1,0,0,0,0,0,0,"- ","- ",36.685260772705078,-119.72695922851562,FRESNO,UNINCORPORATED,-119.72688293457031,36.685260772705078
90843242,2018,2018-10-24,9495,2018-10-15,1514,021153,,1,2,9,1000,0,1,3,,2,005,"STATE ROUTE 33","INTERSTATE 5",400.00,S,N,A,-,Y,,,33,,,,,,,Y,3,0,2,2,A,-,05,21752,D,N,D,C,A,A,H,-,A,A,0,,,,,Y,,D,22,0,2,0,0,0,0,0,0,0,"- ","- ",36.293449401855469,-120.27027893066406,FRESNO,UNINCORPORATED,-120.27030944824219,36.293495178222656
90843338,2018,2018-10-24,9435,2018-10-19,0654,015986,,5,1,7,1005,0,1,3,,2,105,"SR-99 S/B","BELMONT AVENUE",200.00,N,N,A,-,Y,,,99,,,,,,S,Y,3,0,1,2,A,-,03,22350,,N,C,C,A,A,H,-,A,D,0,,,,,Y,,D,22,0,1,0,0,0,0,0,0,0,"- ","- ",36.747970581054688,-119.82317352294922,FRESNO,FRESNO,-119.82315826416016,36.747978210449219
90843385,2018,2018-10-24,9435,2018-10-19,1259,019895,,5,1,7,1005,0,1,3,,2,105,"SR-99 S/B","VENTURA AVE",1200.00,N,N,A,-,Y,,,99,,,,,,S,Y,3,0,4,2,A,-,03,22350,,N,C,C,A,A,H,-,A,D,0,,,,,Y,,A,07,0,1,3,0,0,0,0,0,0,"- ","- ",36.727619171142578,-119.7955322265625,FRESNO,FRESNO,-119.79555511474609,36.727596282958984
90843439,2018,2018-10-24,9435,2018-10-20,2230,020592,,6,3,9,1000,0,3,5,,2,034,"KAMM AVE","ACADEMY AVE",0.00,,N,A,-,N,,,,,,,,,,Y,3,0,2,2,A,-,08,22107,,N,E,I,A,A,H,-,D,D,0,,,,,Y,,A,01,0,1,1,0,0,0,0,0,0,"- ","- ",36.532440185546875,-119.56658172607422,FRESNO,UNINCORPORATED,-119.55674743652344,36.532428741455078
90843675,2018,2018-10-24,9435,2018-10-19,1245,019263,,5,1,9,1000,0,3,5,,2,050,"HUNTINGTON LAKE RD","OLD RAILROAD GRADE RD",1584.00,N,N,A,-,N,,,,,,,,,,Y,4,0,1,1,A,-,03,22350,,N,F,A,A,A,H,-,A,D,0,,,,Y,Y,,F,27,0,0,1,0,0,0,0,0,0,"- ","- ",37.18927001953125,-119.27456665039062,FRESNO,UNINCORPORATED,-119.27470397949219,37.189064025878906
90844168,2018,2018-10-25,9435,2018-10-14,1935,021247,,7,2,9,1000,0,3,5,,2,034,"MCCALL AVE","NORTH AVE",29.00,S,N,A,-,N,,,,,,,,,,Y,4,0,1,2,A,-,03,22350,,M,C,C,A,A,H,-,D,A,0,,,,,Y,,A,01,0,0,1,0,0,0,0,0,0,"- ","- ",36.692001342773438,-119.61038208007812,FRESNO,UNINCORPORATED,-119.61038970947266,36.692039489746094
90844176,2018,2018-10-25,9435,2018-10-15,1545,020019,,1,2,7,1005,0,1,3,,2,410,"SR-41 SB FROM TULARE ST","TULARE STREET",528.00,S,N,A,-,Y,,,41,,,,R,,S,Y,3,0,1,2,A,-,03,22350,,N,C,C,A,A,H,-,A,A,0,,,,,Y,,A,01,0,1,0,0,0,0,0,0,0,"- ","- ",36.740299224853516,-119.77790069580078,FRESNO,FRESNO,-119.77790069580078,36.740299224853516
90844198,2018,2018-10-25,9435,2018-10-23,1602,020122,,2,2,9,1000,0,3,5,,2,034,"DE WOLF AVE","NORTH AVE",0.00,,Y,A,-,N,,,,,,,,,,Y,3,0,1,2,A,-,12,22450,A,N,D,C,A,A,H,-,A,A,0,,,,,Y,,D,22,0,1,0,0,0,0,0,0,0,"- ","- ",36.692691802978516,-119.64601898193359,FRESNO,UNINCORPORATED,-119.64597320556641,36.692550659179688
90844699,2018,2018-12-12,9435,2018-10-23,1055,015026,,2,1,7,1005,0,1,3,,2,105,"SR-99 N/B","STANISLAUS ST",1293.00,N,N,A,-,Y,,,99,,,,,,N,Y,4,0,1,2,A,-,03,22350,,N,C,C,A,A,H,-,A,D,0,,,,Y,Y,,G,27,0,0,1,0,0,0,0,0,0,"- ","- ",36.736789703369141,-119.80535125732422,FRESNO,FRESNO,-119.80536651611328,36.736770629882812
90844913,2018,2018-10-25,9461,2018-10-21,1643,021280,,7,2,9,1000,0,1,1,,2,305,"I-5 S/B","NEES AVE",100.00,N,N,A,-,Y,,,5,,,,,,S,N,4,0,3,2,A,-,03,22350,,N,C,C,A,A,H,-,A,D,0,,,,,Y,,D,22,0,0,3,0,0,0,0,0,0,"- ","- ",36.851181030273438,-120.77474212646484,FRESNO,UNINCORPORATED,-120.77476501464844,36.851165771484375
9084503,2020,2020-07-03,1001,2020-02-29,1445,5723,,6,5,5,1001,0,0,0,,0,007,"N VILLA AV","NORTH MINNEWAWA",230.00,S,N,A,-,N,,,,,,,,,,N,4,0,1,2,A,-,03,22350,,N,C,C,A,A,H,-,A,A,0,,,,,Y,,A,01,0,0,1,0,0,0,0,0,0,"- ","- ",36.837638854980469,-119.71369171142578,FRESNO,CLOVIS,-119.71212005615234,36.840507507324219
90846066,2018,2018-10-26,9435,2018-10-21,0240,020586,,7,3,9,1000,0,3,5,,2,034,"CLOVIS AVENUE S/B","CALIFORNIA AVENUE",815.00,N,N,A,-,N,,,,,,,,,,Y,3,0,1,1,A,-,01,23152,A,N,E,I,A,A,H,-,D,D,0,,,,,Y,Y,A,01,0,1,0,0,0,0,0,0,0,"- ","- ",36.722278594970703,-119.70008850097656,FRESNO,UNINCORPORATED,-119.70004272460938,36.722206115722656
90846138,2018,2018-10-26,9435,2018-10-21,1140,019548,,7,1,9,1000,0,3,5,,2,050,"SAMPLE RD","DEER PATH LN",350.00,E,N,A,-,N,,,,,,,,,,Y,4,0,1,1,A,-,08,22107,,N,E,I,A,A,H,-,A,D,0,,,,,Y,,A,01,0,0,1,0,0,0,0,0,0,"- ","- ",36.903068542480469,-119.50827026367188,FRESNO,UNINCORPORATED,-119.50829315185547,36.903011322021484
90846418,2018,2018-10-26,9435,2018-10-26,0753,015095,,5,1,9,1000,0,3,5,,2,015,"KEARNEY BLVD","DICKENSON AVE",0.00,,Y,A,-,N,,,,,,,,,,Y,4,0,2,2,A,-,09,21802,A,N,D,C,A,A,H,-,A,A,0,,,,,Y,,A,01,0,0,2,0,0,0,0,0,0,"- ","- ",36.718311309814453,-119.95536804199219,FRESNO,UNINCORPORATED,-119.96996307373047,36.727699279785156
90846606,2018,2018-10-26,9435,2018-10-17,1455,019451,,3,2,9,1000,1,3,5,,2,015,"CEDAR AVENUE","LINCOLN AVENUE",0.00,,Y,A,-,N,,,,,,,,,,Y,4,0,1,2,A,-,12,22450,A,N,D,C,A,A,H,-,A,A,0,,,,,Y,,M,46,0,0,1,0,0,0,0,0,0,"- ","- ",36.648670196533203,-119.75473785400391,FRESNO,UNINCORPORATED,-119.75480651855469,36.648849487304688
90847210,2018,2018-10-29,9435,2018-10-20,1540,021165,,6,2,9,1000,0,3,5,,2,010,"GRANTLAND AVE","BELMONT AVE",0.00,,Y,A,-,N,,,,,,,,,,Y,3,0,2,2,A,-,09,21802,A,N,D,C,A,A,H,-,A,A,0,,,,,Y,,A,01,0,2,0,0,0,0,0,0,0,"- ","- ",36.749809265136719,-119.91619110107422,FRESNO,UNINCORPORATED,-119.91619110107422,36.749858856201172
90847239,2018,2018-10-29,9435,2018-10-17,1425,020078,,3,2,9,1000,0,3,5,,2,034,"CHESTNUT AVE","CENTRAL AVE",0.00,,Y,A,-,N,,,,,,,,,,N,4,0,1,2,D,-,00,,,N,D,C,A,A,H,-,A,D,0,,,,,Y,,-,"- ",0,0,1,0,0,0,0,0,0,"- ","- ",36.677940368652344,-119.73683166503906,FRESNO,UNINCORPORATED,-119.73681640625,36.677909851074219
90847294,2018,2018-10-29,9435,2018-10-21,2115,020854,,7,2,9,1000,0,1,3,,1,183,"SR-180 W/B","DE WOLF AVENUE",1320.00,W,N,A,-,Y,,,180,,,,,,W,Y,2,0,1,2,A,-,01,23152,A,N,B,C,A,A,H,-,D,D,0,,,,,Y,Y,A,07,1,0,0,0,0,0,0,0,0,"- ","- ",36.737228393554688,-119.65222930908203,FRESNO,UNINCORPORATED,-119.65222930908203,36.737190246582031