CASE_ID,ACCIDENT_YEAR,PROC_DATE,JURIS,COLLISION_DATE,COLLISION_TIME,OFFICER_ID,REPORTING_DISTRICT,DAY_OF_WEEK,CHP_SHIFT,POPULATION,CNTY_CITY_LOC,SPECIAL_COND,BEAT_TYPE,CHP_BEAT_TYPE,CITY_DIVISION_LAPD,CHP_BEAT_CLASS,BEAT_NUMBER,PRIMARY_RD,SECONDARY_RD,DISTANCE,DIRECTION,INTERSECTION,WEATHER_1,WEATHER_2,STATE_HWY_IND,CALTRANS_COUNTY,CALTRANS_DISTRICT,STATE_ROUTE,ROUTE_SUFFIX,POSTMILE_PREFIX,POSTMILE,LOCATION_TYPE,RAMP_INTERSECTION,SIDE_OF_HWY,TOW_AWAY,COLLISION_SEVERITY,NUMBER_KILLED,NUMBER_INJURED,PARTY_COUNT,PRIMARY_COLL_FACTOR,PCF_CODE_OF_VIOL,PCF_VIOL_CATEGORY,PCF_VIOLATION,PCF_VIOL_SUBSECTION,HIT_AND_RUN,TYPE_OF_COLLISION,MVIW,PED_ACTION,ROAD_SURFACE,ROAD_COND_1,ROAD_COND_2,LIGHTING,CONTROL_DEVICE,CHP_ROAD_TYPE,PEDESTRIAN_ACCIDENT,BICYCLE_ACCIDENT,MOTORCYCLE_ACCIDENT,TRUCK_ACCIDENT,NOT_PRIVATE_PROPERTY,ALCOHOL_INVOLVED,STWD_VEHTYPE_AT_FAULT,CHP_VEHTYPE_AT_FAULT,COUNT_SEVERE_INJ,COUNT_VISIBLE_INJ,COUNT_COMPLAINT_PAIN,COUNT_PED_KILLED,COUNT_PED_INJURED,COUNT_BICYCLIST_KILLED,COUNT_BICYCLIST_INJURED,COUNT_MC_KILLED,COUNT_MC_INJURED,PRIMARY_RAMP,SECONDARY_RAMP,LATITUDE,LONGITUDE,COUNTY,CITY,POINT_X,POINT_Y
90864120,2018,2018-11-20,9435,2018-11-15,1520,021148,,4,2,7,1005,0,1,3,,2,410,"SR-41 S/B","DAKOTA AVE",200.00,S,N,A,-,Y,,,41,,,,,,S,N,4,0,1,3,A,-,03,22350,,N,C,C,A,A,H,-,A,D,0,,,,,Y,,A,01,0,0,1,0,0,0,0,0,0,"- ","- ",36.786159515380859,-119.78450012207031,FRESNO,FRESNO,-119.78453826904297,36.786163330078125
90864235,2018,2018-11-20,9435,2018-11-12,1757,019610,,1,2,3,1015,0,1,3,,2,107,"SR-99 N/B","FLORAL AVE",2640.00,N,N,A,-,Y,,,99,,,,,,N,Y,4,0,3,3,A,-,03,22350,,N,B,C,A,A,H,-,C,A,0,,,,Y,Y,,A,01,0,0,3,0,0,0,0,0,0,"- ","- ",36.577320098876953,-119.63043212890625,FRESNO,SELMA,-119.63037109375,36.577388763427734
90864437,2018,2019-07-01,9435,2018-11-07,1510,019210,,3,2,9,1000,0,3,5,,2,010,"ASHLAN AVE","WISHON AVE",0.00,,Y,A,-,N,,,,,,,,,,N,4,0,1,1,A,-,01,23152,A,M,E,I,A,A,H,-,A,A,0,,,,,Y,Y,A,07,0,0,1,0,0,0,0,0,0,"- ","- ",36.793960571289062,-119.8023681640625,FRESNO,UNINCORPORATED,-119.80236053466797,36.793991088867188
90864539,2018,2018-11-21,9435,2018-11-12,1620,018892,,1,2,9,1000,0,3,5,,2,025,"KITTYHAWK AVE","SHAW AVE",0.00,,Y,A,-,N,,,,,,,,,,Y,4,0,1,2,A,-,09,21802,A,N,D,A,A,A,H,-,A,A,0,,,,,Y,,A,07,0,0,1,0,0,0,0,0,0,"- ","- ",36.808128356933594,-119.54015350341797,FRESNO,UNINCORPORATED,-119.53941345214844,36.808120727539062
90864540,2018,2018-11-21,9435,2018-11-14,0038,017518,,3,3,9,1000,0,3,5,,2,030,"ASHLAN AVE","CLOVIS AVE",36.00,E,N,A,-,N,,,,,,,,,,Y,3,0,1,2,A,-,01,23152,F,N,C,C,A,A,H,-,D,A,0,,,,,Y,,A,01,0,1,0,0,0,0,0,0,0,"- ","- ",36.793220520019531,-119.7000732421875,FRESNO,UNINCORPORATED,-119.70034027099609,36.793178558349609
90864593,2018,2018-11-21,9435,2018-11-09,1745,019210,,5,2,7,1005,0,1,3,,2,105,"SR-99 N/B",SR-180,500.00,S,N,A,-,Y,,,99,,,,,,N,Y,4,0,3,4,A,-,03,22350,,N,C,C,A,A,H,-,A,D,0,,,,,Y,,D,22,0,0,3,0,0,0,0,0,0,"- ","- ",36.740291595458984,-119.81284332275391,FRESNO,FRESNO,-119.81282806396484,36.740322113037109
90864726,2018,2018-12-04,9435,2018-09-16,0557,018609,,7,3,9,1000,0,3,5,,2,025,"FRIANT ROAD SOUTHBOUND","OLD FRIANT ROAD",60.00,N,N,A,-,N,,,,,,,,,,N,1,1,0,2,A,-,08,22107,,F,G,B,E,A,H,-,D,D,0,Y,,,,Y,,D,22,0,0,0,1,0,0,0,0,0,"- ","- ",36.911220550537109,-119.74263763427734,FRESNO,UNINCORPORATED,-119.76586151123047,36.895580291748047
90864745,2018,2018-11-21,9435,2018-11-09,1420,019263,,5,2,9,1000,0,3,5,,2,050,"MILLERTON ROAD",SR-168,8976.00,W,N,A,-,N,,,,,,,,,,Y,4,0,1,1,A,-,08,22107,,N,F,A,A,A,H,-,A,D,0,,,Y,,Y,,C,02,0,0,1,0,0,0,0,0,1,"- ","- ",36.978019714355469,-119.55535888671875,FRESNO,UNINCORPORATED,-119.55501556396484,36.978096008300781
90864832,2018,2018-11-21,9435,2018-11-06,1500,020540,,2,2,7,1005,0,1,3,,2,181,"SR-180 WESTBOUND","H STREET",732.00,E,N,A,-,Y,,,180,,,,,,W,Y,4,0,1,3,A,-,03,22350,,N,C,C,A,A,H,-,A,D,0,,,,,Y,,A,01,0,0,1,0,0,0,0,0,0,"- ","- ",36.74652099609375,-119.80474853515625,FRESNO,FRESNO,-119.80471038818359,36.746448516845703
90864847,2018,2018-11-21,9435,2018-11-14,2015,019451,,3,2,9,1000,0,3,5,,2,040,"MOUNT WHITNEY AVENUE","BLYTHE AVENUE",0.00,,Y,A,-,N,,,,,,,,,,Y,4,0,2,2,A,-,09,21801,A,N,A,C,A,A,H,-,D,D,0,,,,,Y,,A,01,0,0,2,0,0,0,0,0,0,"- ","- ",36.430751800537109,-119.87763977050781,FRESNO,UNINCORPORATED,-119.87809753417969,36.430809020996094
90864856,2018,2018-11-21,9435,2018-11-13,1735,020095,,2,2,7,1005,0,1,3,,2,181,"SR-180 W/B","G ST",100.00,E,N,A,-,Y,,,180,,,,,,W,Y,4,0,2,3,A,-,03,22350,,N,C,C,A,A,H,-,C,D,0,,,,,Y,,A,01,0,0,2,0,0,0,0,0,0,"- ","- ",36.744880676269531,-119.8076171875,FRESNO,FRESNO,-119.80763244628906,36.744903564453125
90864862,2018,2018-11-21,9435,2018-11-14,0750,015986,,3,1,9,1000,0,3,5,,2,010,"TRINITY AVENUE","BELMONT AVE",1056.00,N,N,A,-,N,,,,,,,,,,Y,4,0,1,1,A,-,08,22107,,N,E,I,A,A,H,-,A,D,0,,,,,Y,,A,01,0,0,1,0,0,0,0,0,0,"- ","- ",36.754550933837891,-120.11370849609375,FRESNO,UNINCORPORATED,-120.11414337158203,36.752410888671875
90865013,2018,2018-11-21,9435,2018-11-16,1125,019113,,5,1,9,1000,0,3,5,,2,020,"MALSBURY AVE","DOLAN AVE",0.00,,Y,A,-,N,,,,,,,,,,N,3,0,4,2,D,-,00,,,N,D,C,A,A,H,-,A,D,0,,,,,Y,,-,"- ",0,1,3,0,0,0,0,0,0,"- ","- ",36.429649353027344,-119.86141204833984,FRESNO,UNINCORPORATED,-119.86136627197266,36.429649353027344
90865068,2018,2018-11-21,9435,2018-11-16,1536,018860,,5,2,9,1000,0,1,3,,1,412,SR-41,"MOUNT WHITNEY AVE",2000.00,S,N,A,-,Y,,,41,,,,,,,Y,4,0,3,3,A,-,03,22350,,N,C,C,A,A,H,-,A,D,0,,,,,Y,,A,07,0,0,3,0,0,0,0,0,0,"- ","- ",36.428691864013672,-119.80162811279297,FRESNO,UNINCORPORATED,-119.80166625976562,36.428695678710938
90865220,2018,2018-11-21,9435,2018-11-14,1735,021148,,3,2,7,1005,0,1,3,,2,410,"SR-41 S/B TO SR-180 E/B","FLORADORA AVE",480.00,S,N,A,-,Y,,,41,,,,R,,S,Y,3,0,1,2,A,-,03,22350,,N,C,C,A,A,H,-,C,D,0,,,Y,,Y,,C,02,0,1,0,0,0,0,0,0,1,"- ","- ",36.759891510009766,-119.77587127685547,FRESNO,FRESNO,-119.77587127685547,36.759891510009766
90865352,2018,2018-11-21,9435,2018-11-16,1636,019451,,5,2,3,1015,0,1,3,,2,106,"SR-99 N/B (GOLDEN STATE FREEWAY)","FLORAL AVENUE",1584.00,N,N,A,-,Y,,,99,,,,,,N,Y,4,0,6,3,A,-,03,22350,,N,C,C,A,A,H,-,B,D,0,,,,,Y,,A,08,0,0,6,0,0,0,0,0,0,"- ","- ",36.589698791503906,-119.643798828125,FRESNO,SELMA,-119.64384460449219,36.589653015136719
90866449,2018,2018-11-26,9435,2018-11-09,1845,021165,,5,2,7,1005,0,1,3,,2,181,"SR-180 W/B","FULTON ST",300.00,W,N,A,-,Y,,,180,,,,,,W,N,4,0,1,2,A,-,07,21658,A,N,B,C,A,A,H,-,A,D,0,,,,,Y,,I,20,0,0,1,0,0,0,0,0,0,"- ","- ",36.746410369873047,-119.80476379394531,FRESNO,FRESNO,-119.80476379394531,36.746417999267578
90866455,2018,2018-11-26,9435,2018-11-09,1850,021247,,5,2,9,1000,0,3,5,,2,030,"GRANT AVE","FINE AVE",0.00,,Y,A,-,N,,,,,,,,,,Y,4,0,4,2,A,-,09,21800,A,N,D,C,A,A,H,-,A,D,0,,,,,Y,,A,07,0,0,4,0,0,0,0,0,0,"- ","- ",36.748611450195312,-119.72963714599609,FRESNO,UNINCORPORATED,-119.72959136962891,36.748588562011719
90866490,2018,2018-11-26,9435,2018-11-12,1550,019210,,1,2,7,1005,0,1,3,,2,105,"SR-99 S/B","EL DORADO ST",200.00,S,N,A,-,Y,,,99,,,,,,S,Y,4,0,1,1,A,-,08,22107,,N,F,A,A,A,H,-,A,D,0,,,Y,,Y,,C,02,0,0,1,0,0,0,0,0,1,"- ","- ",36.738330841064453,-119.80747222900391,FRESNO,FRESNO,-119.80755615234375,36.738174438476562
90866498,2018,2018-11-26,9435,2018-11-13,1650,020450,,2,2,9,1000,0,3,5,,2,040,"CORNELIA AVE","MADISON AVE",0.00,,Y,A,-,N,,,,,,,,,,Y,2,0,5,2,A,-,09,21802,A,N,D,C,A,A,H,-,D,A,0,,,,,Y,,A,01,1,0,4,0,0,0,0,0,0,"- ","- ",36.728191375732422,-119.88069915771484,FRESNO,UNINCORPORATED,-119.88066864013672,36.728160858154297
90866522,2018,2018-11-26,9435,2018-11-13,1825,020095,,2,2,7,1005,0,1,3,,2,181,"SR-180 W/B","VAN NESS AVE",450.00,E,N,A,-,Y,,,180,,,,,,W,Y,3,0,2,3,A,-,07,21658,A,N,B,C,A,A,H,-,C,D,0,,,,,Y,,A,01,0,2,0,0,0,0,0,0,0,"- ","- ",36.749820709228516,-119.79836273193359,FRESNO,FRESNO,-119.79835510253906,36.749805450439453
90866917,2018,2018-11-26,9435,2018-11-17,1420,020871,,6,2,9,1000,0,3,5,,2,010,"SHAW AVENUE","WESTLAWN AVE",1056.00,E,N,A,-,N,,,,,,,,,,Y,4,0,1,1,A,-,08,22107,,N,E,I,A,A,H,-,A,D,0,,,,,Y,,A,01,0,0,1,0,0,0,0,0,0,"- ","- ",36.80780029296875,-119.94574737548828,FRESNO,UNINCORPORATED,-119.94855499267578,36.807750701904297
90867488,2018,2018-11-26,9435,2018-11-17,1038,015986,,6,1,7,1005,0,1,3,,2,105,"SR-99 N/B","BELMONT AVENUE",500.00,N,N,A,-,Y,,,99,,,,,,N,Y,4,0,2,2,A,-,03,22350,,N,C,C,A,A,H,-,A,D,0,,,,,Y,,A,01,0,0,2,0,0,0,0,0,0,"- ","- ",36.753410339355469,-119.82723236083984,FRESNO,FRESNO,-119.82720947265625,36.753421783447266
90867951,2018,2018-11-27,9435,2018-11-17,1701,020122,,6,2,7,1005,0,1,3,,2,410,"SR-41 N/B","VAN NESS AVE",730.00,S,N,A,-,Y,,,41,,,,,,N,Y,4,0,1,2,A,-,07,21658,A,N,B,C,A,A,H,-,C,D,0,,,,,Y,,A,01,0,0,1,0,0,0,0,0,0,"- ","- ",36.726848602294922,-119.78392791748047,FRESNO,FRESNO,-119.78392028808594,36.726844787597656
90868023,2018,2018-11-27,9435,2018-11-19,0744,018912,,1,1,9,1000,0,3,5,,2,025,"ASHLAN AVENUE","BETHEL AVENUE",0.00,,Y,A,-,N,,,,,,,,,,Y,3,0,1,2,A,-,09,21802,A,N,D,C,A,A,H,-,A,A,0,,,,,Y,,A,01,0,1,0,0,0,0,0,0,0,"- ","- ",36.793720245361328,-119.57402801513672,FRESNO,UNINCORPORATED,-119.57401275634766,36.793758392333984
90868048,2018,2018-11-27,9435,2018-11-19,1622,016860,,1,2,9,1000,0,1,3,,2,106,"SR-99 S/B","JENSEN AVE",2640.00,S,N,A,-,Y,,,,,,,,,,Y,4,0,2,2,A,-,03,22350,,N,C,C,A,A,H,-,A,D,0,,,,,Y,,A,01,0,0,2,0,0,0,0,0,0,"- ","- ",36.701980590820312,-119.76934814453125,FRESNO,UNINCORPORATED,-119.7686767578125,36.701217651367188
90868327,2018,2018-11-27,9495,2018-11-19,1030,017686,,1,1,9,1000,0,1,3,,2,005,"STATE ROUTE 33","COALINGA MENDOTA ROAD",3696.00,S,N,B,-,Y,,,33,,,,,,,Y,2,0,1,1,A,-,03,22350,,N,F,A,A,A,H,-,A,A,0,,,Y,,Y,,C,02,1,0,0,0,0,0,0,0,1,"- ","- ",36.272361755371094,-120.30532836914062,FRESNO,UNINCORPORATED,-120.30533599853516,36.272365570068359
90868415,2018,2018-12-03,9435,2018-11-19,0440,017518,,1,3,9,1000,0,3,5,,2,030,"WILLOW AVE","BELMONT AVE",0.00,,Y,A,-,N,,,,,,,,,,Y,4,0,3,2,A,-,09,21801,A,N,A,C,A,A,H,-,C,A,0,,,,,Y,,A,01,0,0,3,0,0,0,0,0,0,"- ","- ",36.750358581542969,-119.72738647460938,FRESNO,UNINCORPORATED,-119.72731781005859,36.750389099121094
90868606,2018,2018-11-27,9435,2018-11-14,1950,020450,,3,2,9,1000,0,3,5,,2,034,"ORANGE AVE","GARRETT AVE",9.00,S,N,A,-,N,,,,,,,,,,Y,2,0,3,2,A,-,03,22350,,F,A,C,A,A,H,-,C,D,0,,,,,Y,,A,01,1,2,0,0,0,0,0,0,0,"- ","- ",36.707679748535156,-119.76376342773438,FRESNO,UNINCORPORATED,-119.76370239257812,36.707736968994141
90868643,2018,2018-11-27,9435,2018-11-19,0745,015179,,1,1,7,1005,0,1,3,,2,106,"STATE ROUTE 41 NORTHBOUND","CHURCH AVE",1056.00,N,N,A,-,Y,,,,,,,,,,Y,3,0,1,4,A,-,03,22350,,N,C,C,A,A,H,-,A,D,0,,,,,Y,,A,01,0,1,0,0,0,0,0,0,0,"- ","- ",36.716239929199219,-119.78286743164062,FRESNO,FRESNO,-119.78452301025391,36.716995239257812
90868843,2018,2018-11-28,9435,2018-11-13,1215,015026,,2,1,9,1000,0,3,5,,2,030,"CLINTON AVE","MILLBROOK AVE",0.00,,Y,A,-,N,,,,,,,,,,Y,4,0,2,2,D,-,00,,,N,D,C,A,A,H,-,A,A,0,,,,,Y,,-,"- ",0,0,2,0,0,0,0,0,0,"- ","- ",36.772369384765625,-119.76302337646484,FRESNO,UNINCORPORATED,-119.76296997070312,36.772300720214844
90869034,2018,2018-11-28,9495,2018-11-18,0540,021029,,7,3,9,1000,0,1,3,,2,005,"STATE ROUTE 33 (DERRICK AVENUE)","NORTH AVE",275.00,S,N,A,-,Y,,,33,,,,,,,Y,2,0,1,2,A,-,01,23152,A,N,A,C,A,A,H,-,D,D,0,,,,,Y,Y,A,07,1,0,0,0,0,0,0,0,0,"- ","- ",36.688449859619141,-120.38755798339844,FRESNO,UNINCORPORATED,-120.38763427734375,36.688449859619141
90869054,2018,2018-11-28,9495,2018-11-20,0510,20716,,2,3,9,1000,0,1,1,,2,003,"INTERSTATE 5 NORTHBOUND (WEST SIDE FWY)","STATE ROUTE 269",7392.00,N,N,A,-,Y,,,,,,,,,,Y,2,0,2,2,A,-,08,22107,,N,B,C,A,A,H,-,C,D,0,,,,Y,Y,,A,01,1,0,1,0,0,0,0,0,0,"- ","- ",36.053428649902344,-120.07035827636719,FRESNO,UNINCORPORATED,-120.11760711669922,36.092838287353516
90869077,2018,2018-11-28,9435,2018-11-20,1215,020122,,2,1,7,1005,0,1,3,,2,410,"SR-41 N/B","SHIELDS AVE",400.00,S,N,A,-,Y,,,41,,,,,,N,N,4,0,1,2,A,-,03,22350,,F,C,C,A,A,H,-,A,D,0,,,,,Y,,A,01,0,0,1,0,0,0,0,0,0,"- ","- ",36.777488708496094,-119.78472137451172,FRESNO,FRESNO,-119.78471374511719,36.777488708496094
90869134,2018,2018-11-28,9495,2018-11-23,1715,019104,,5,2,9,1000,0,1,3,,1,013,"STATE ROUTE 145 (FRESNO COALINGA ROAD)","COLUSA AVENUE",2640.00,N,N,B,-,Y,,,145,,,,,,,Y,4,0,1,1,A,-,08,22107,,N,E,I,A,A,H,-,D,D,0,,,,,Y,,A,07,0,0,1,0,0,0,0,0,0,"- ","- ",36.362098693847656,-120.18795013427734,FRESNO,UNINCORPORATED,-120.18815612792969,36.3623046875
90869143,2018,2018-11-28,9435,2018-11-20,0910,013660,,2,1,7,1005,0,1,3,,2,106,"SR99 SOUTHBOUND","JENSEN AVENUE",2200.00,S,N,A,-,Y,,,99,,,,,,S,Y,3,0,1,1,A,-,03,22350,,N,E,I,A,A,H,-,A,D,0,,,,,Y,,A,07,0,1,0,0,0,0,0,0,0,"- ","- ",36.701808929443359,-119.76908874511719,FRESNO,FRESNO,-119.7691650390625,36.701736450195312
90869319,2018,2018-11-28,9435,2018-11-21,1930,019263,,3,2,9,1000,0,1,3,,1,169,SR-168,"BIG DRY CREEK BRIDGE",1584.00,E,N,C,-,Y,,,168,,,,,,,Y,3,0,1,1,A,-,03,22350,,N,F,A,A,B,H,-,C,D,0,,,,,Y,,D,22,0,1,0,0,0,0,0,0,0,"- ","- ",36.943580627441406,-119.50460052490234,FRESNO,UNINCORPORATED,-119.50460815429688,36.943550109863281
90869365,2018,2018-11-28,9435,2018-11-19,1905,019210,,1,2,9,1000,0,3,5,,2,010,"PALM AVE","HAMPTON WAY",135.00,N,N,A,-,N,,,,,,,,,,N,4,0,1,2,A,-,08,22107,,M,E,J,A,A,H,-,D,D,0,,,,,Y,,A,01,0,0,1,0,0,0,0,0,0,"- ","- ",36.792488098144531,-119.80863189697266,FRESNO,UNINCORPORATED,-119.80863952636719,36.792461395263672
90869526,2018,2018-11-28,9435,2018-11-21,2105,019210,,3,2,9,1000,0,3,5,,2,040,"CLOVIS AVE","MOUNTAIN VIEW AVE",0.00,,Y,C,-,N,,,,,,,,,,Y,4,0,2,2,A,-,09,21802,A,N,D,C,A,B,H,-,D,A,0,,,,,Y,,D,22,0,0,2,0,0,0,0,0,0,"- ","- ",36.54718017578125,-119.70069885253906,FRESNO,UNINCORPORATED,-119.70068359375,36.547199249267578
90869649,2018,2018-11-28,9495,2018-11-27,1400,019424,,2,2,9,1000,0,1,1,,2,003,"INTERSTATE 5 (NORTHBOUND)","JAYNE AVENUE",2112.00,S,N,A,-,Y,,,5,,,,,,,Y,4,0,1,2,A,-,08,22107,,N,B,C,A,A,H,-,A,D,0,,,,,Y,,A,01,0,0,1,0,0,0,0,0,0,"- ","- ",36.132621765136719,-120.15383911132812,FRESNO,UNINCORPORATED,-120.15390777587891,36.132560729980469
90869789,2018,2018-11-29,9435,2018-11-19,1325,020095,,1,1,2,1004,0,1,3,,2,106,"SR-99 N/B","MERCED ST",100.00,N,N,A,-,Y,,,99,,,,,,N,Y,4,0,1,2,A,-,03,22350,,N,C,C,A,A,H,-,A,D,0,,,,,Y,,A,01,0,0,1,0,0,0,0,0,0,"- ","- ",36.626968383789062,-119.68466186523438,FRESNO,FOWLER,-119.68465423583984,36.626976013183594
90869888,2018,2018-11-29,9435,2018-11-10,1300,021247,,6,1,9,1000,0,3,5,,2,010,"LASSEN AVE","BELMONT AVE",765.00,N,N,A,-,N,,,,,,,,,,Y,4,0,3,1,A,-,08,22107,,N,E,I,A,A,H,-,A,D,0,,,,,Y,,A,07,0,0,3,0,0,0,0,0,0,"- ","- ",36.751689910888672,-120.09603881835938,FRESNO,UNINCORPORATED,-120.09609985351562,36.751628875732422
90869907,2018,2018-11-29,9435,2018-11-21,1300,020540,,3,1,9,1000,0,3,5,,2,025,"HERNDON AVENUE","DEWOLF AVENUE",1584.00,E,N,A,-,N,,,,,,,,,,Y,4,0,1,1,A,-,08,22107,,N,E,J,A,A,H,-,A,D,0,,,,,Y,,A,07,0,0,1,0,0,0,0,0,0,"- ","- ",36.837409973144531,-119.6380615234375,FRESNO,UNINCORPORATED,-119.64263916015625,36.83740234375
90869937,2018,2018-11-29,9435,2018-11-21,1747,020019,,3,2,7,1005,0,1,3,,2,410,"SR-41 SOUTHBOUND","HUNTINGTON BLVD",528.00,S,N,B,C,Y,,,41,,,,,,S,Y,2,0,1,1,A,-,08,22107,,N,E,I,A,B,H,-,C,D,0,,,,,Y,,A,01,1,0,0,0,0,0,0,0,0,"- ","- ",36.738761901855469,-119.77780151367188,FRESNO,FRESNO,-119.77766418457031,36.738761901855469
90869957,2018,2018-11-29,9435,2018-11-21,1746,019895,,3,2,7,1005,0,1,3,,2,106,"SR-99 N/B","NORTH AVE",2958.00,N,N,C,-,Y,,,99,,,,,,N,N,4,0,2,2,A,-,03,22350,,N,D,C,A,B,H,-,D,D,0,,,,,Y,,D,22,0,0,2,0,0,0,0,0,0,"- ","- ",36.698471069335938,-119.76551818847656,FRESNO,FRESNO,-119.76559448242188,36.698394775390625
90870011,2018,2018-11-29,9435,2018-11-16,2000,019451,,5,2,9,1000,0,3,5,,2,034,"ACADEMY AVENUE","CENTRAL AVENUE",0.00,,Y,A,-,N,,,,,,,,,,Y,3,0,1,3,A,-,01,23152,A,N,D,C,A,A,H,-,D,A,0,,,,,Y,Y,D,23,0,1,0,0,0,0,0,0,0,"- ","- ",36.677700042724609,-119.55660247802734,FRESNO,UNINCORPORATED,-119.55654907226562,36.677749633789062
90870019,2018,2018-11-29,9435,2018-11-17,1300,021247,,6,1,9,1000,0,3,5,,2,015,"KEARNEY BLVD","CORNELIA AVE",0.00,,Y,A,-,N,,,,,,,,,,Y,3,0,5,2,A,-,12,22450,A,N,D,C,A,A,H,-,A,A,0,,,,,Y,,A,01,0,1,4,0,0,0,0,0,0,"- ","- ",36.728160858154297,-119.88067626953125,FRESNO,UNINCORPORATED,-119.88066101074219,36.727981567382812
90870102,2018,2018-11-29,9435,2018-11-22,0900,019263,,4,1,9,1000,0,1,3,,1,169,SR-168,"BALSAM CREEK",4752.00,E,N,B,D,Y,,,168,,,,,,,Y,4,0,1,1,A,-,03,22350,,N,F,A,A,C,H,-,A,D,0,,,,,Y,,A,07,0,0,1,0,0,0,0,0,0,"- ","- ",37.157241821289062,-119.22624969482422,FRESNO,UNINCORPORATED,-119.22631072998047,37.157360076904297
90870380,2018,2018-11-29,9435,2018-11-15,0530,018914,,4,3,9,1000,0,3,5,,2,030,"CHESTNUT AVENUE","SHIELDS AVENUE",0.00,,Y,A,-,N,,,,,,,,,,Y,2,0,1,2,A,-,09,21801,A,N,A,C,A,A,H,-,A,A,0,,,,,Y,,D,22,1,0,0,0,0,0,0,0,0,"- ","- ",36.779499053955078,-119.73639678955078,FRESNO,UNINCORPORATED,-119.73638916015625,36.779560089111328
90870414,2018,2018-12-12,9435,2018-11-17,1910,021148,,6,2,9,1000,0,3,5,,2,025,"MILLERTON RD","BRIGHTEN CREST DRIVE",516.00,E,N,A,-,N,,,,,,,,,,Y,2,0,5,2,A,-,08,22107,,N,A,C,A,A,H,-,D,D,0,,,,,Y,,A,08,2,0,3,0,0,0,0,0,0,"- ","- ",36.983348846435547,-119.64895629882812,FRESNO,UNINCORPORATED,-119.64529418945312,36.9837646484375
90871843,2018,2018-11-30,9435,2018-11-23,2305,021230,,5,3,9,1000,0,1,3,,2,105,"SR-99 N/B","ASHLAN AVE",2640.00,S,N,B,-,Y,,,,,,,,,,Y,4,0,1,2,A,-,03,22350,,N,C,E,A,A,H,-,C,D,0,,,,,Y,,A,07,0,0,1,0,0,0,0,0,0,"- ","- ",36.786239624023438,-119.85372924804688,FRESNO,UNINCORPORATED,-119.86515045166016,36.793548583984375
90871848,2018,2018-11-30,9435,2018-11-22,2147,017518,,4,2,9,1000,0,1,3,,1,146,"SR-145 (MADERA AVE)","AMERICAN AVE",2376.00,N,N,A,-,Y,,,145,,,,,,,Y,3,0,3,2,A,-,08,22107,,N,A,C,A,A,H,-,D,D,0,,,,,Y,,A,01,0,1,2,0,0,0,0,0,0,"- ","- ",36.671958923339844,-120.06095886230469,FRESNO,UNINCORPORATED,-120.06097412109375,36.671958923339844
90871849,2018,2018-11-30,9435,2018-11-24,1756,020019,,6,2,9,1000,0,3,5,,2,025,"MINNEWAWA AVENUE","BEHYMER AVENUE",0.00,,Y,B,-,N,,,,,,,,,,Y,4,0,1,2,A,-,12,22450,A,N,D,C,A,A,H,-,D,A,0,,,,,Y,,A,01,0,0,1,0,0,0,0,0,0,"- ","- ",36.881179809570312,-119.71119689941406,FRESNO,UNINCORPORATED,-119.711181640625,36.881149291992188
90871854,2018,2018-11-30,9435,2018-11-23,1140,015095,,5,1,7,1005,0,1,3,,1,411,"SR-41 S/B (FROM JENSEN AVE)","JENSEN AVENUE",50.00,N,N,B,C,Y,,,41,,,,,,S,Y,3,0,1,1,A,-,03,22350,,N,F,A,A,B,H,-,A,D,0,,,,,Y,,D,22,0,1,0,0,0,0,0,0,0,"- ","- ",36.707328796386719,-119.78508758544922,FRESNO,FRESNO,-119.78499603271484,36.707309722900391
90871912,2018,2018-11-30,9435,2018-11-26,1710,020733,,1,2,7,1005,0,1,3,,2,105,"SR-99 N/B","OLIVE AVENUE",165.00,N,N,A,-,Y,,,99,,,,,,N,Y,3,0,1,3,A,-,03,22350,,N,C,C,A,A,H,-,C,D,0,,,,,Y,,D,22,0,1,0,0,0,0,0,0,0,"- ","- ",36.757968902587891,-119.83004760742188,FRESNO,FRESNO,-119.82999420166016,36.758007049560547
90871967,2018,2018-11-30,9435,2018-11-26,0750,018926,,1,1,9,1000,0,3,5,,2,040,"CORNELIA AVE","MT WHITNEY AVE",1056.00,S,N,A,-,N,,,,,,,,,,Y,4,0,2,2,A,-,09,21804,A,N,D,C,A,A,H,-,A,D,0,,,,,Y,,D,22,0,0,2,0,0,0,0,0,0,"- ","- ",36.416709899902344,-119.88725280761719,FRESNO,UNINCORPORATED,-119.88710021972656,36.427921295166016
90872003,2018,2018-11-30,9435,2018-11-27,1607,020122,,2,2,9,1000,0,3,5,,2,020,"KAMM AVE","JAMESON AVE",0.00,,Y,A,-,N,,,,,,,,,,Y,4,0,1,2,A,-,09,21802,A,N,D,C,A,A,H,-,A,A,0,,,,,Y,,A,01,0,0,1,0,0,0,0,0,0,"- ","- ",36.532039642333984,-119.98960876464844,FRESNO,UNINCORPORATED,-119.98960876464844,36.532051086425781