CASE_ID,ACCIDENT_YEAR,PROC_DATE,JURIS,COLLISION_DATE,COLLISION_TIME,OFFICER_ID,REPORTING_DISTRICT,DAY_OF_WEEK,CHP_SHIFT,POPULATION,CNTY_CITY_LOC,SPECIAL_COND,BEAT_TYPE,CHP_BEAT_TYPE,CITY_DIVISION_LAPD,CHP_BEAT_CLASS,BEAT_NUMBER,PRIMARY_RD,SECONDARY_RD,DISTANCE,DIRECTION,INTERSECTION,WEATHER_1,WEATHER_2,STATE_HWY_IND,CALTRANS_COUNTY,CALTRANS_DISTRICT,STATE_ROUTE,ROUTE_SUFFIX,POSTMILE_PREFIX,POSTMILE,LOCATION_TYPE,RAMP_INTERSECTION,SIDE_OF_HWY,TOW_AWAY,COLLISION_SEVERITY,NUMBER_KILLED,NUMBER_INJURED,PARTY_COUNT,PRIMARY_COLL_FACTOR,PCF_CODE_OF_VIOL,PCF_VIOL_CATEGORY,PCF_VIOLATION,PCF_VIOL_SUBSECTION,HIT_AND_RUN,TYPE_OF_COLLISION,MVIW,PED_ACTION,ROAD_SURFACE,ROAD_COND_1,ROAD_COND_2,LIGHTING,CONTROL_DEVICE,CHP_ROAD_TYPE,PEDESTRIAN_ACCIDENT,BICYCLE_ACCIDENT,MOTORCYCLE_ACCIDENT,TRUCK_ACCIDENT,NOT_PRIVATE_PROPERTY,ALCOHOL_INVOLVED,STWD_VEHTYPE_AT_FAULT,CHP_VEHTYPE_AT_FAULT,COUNT_SEVERE_INJ,COUNT_VISIBLE_INJ,COUNT_COMPLAINT_PAIN,COUNT_PED_KILLED,COUNT_PED_INJURED,COUNT_BICYCLIST_KILLED,COUNT_BICYCLIST_INJURED,COUNT_MC_KILLED,COUNT_MC_INJURED,PRIMARY_RAMP,SECONDARY_RAMP,LATITUDE,LONGITUDE,COUNTY,CITY,POINT_X,POINT_Y
90886968,2018,2018-12-20,9435,2018-12-15,1248,019962,,6,1,7,1005,0,1,3,,2,410,"STATE ROUTE 41 NORTHBOUND","MCKINLEY AVENEU",560.00,S,N,A,-,Y,,,41,,,,,,N,N,4,0,1,3,A,-,03,22350,,N,B,C,A,A,H,-,A,D,0,,,,,Y,,J,41,0,0,1,0,0,0,0,0,0,"- ","- ",36.762489318847656,-119.77538299560547,FRESNO,FRESNO,-119.77538299560547,36.762489318847656
90887007,2018,2018-12-20,9435,2018-11-27,1905,020540,,2,2,9,1000,0,3,5,,2,025,"FRIANT ROAD N/B","ROOT STREET",46.00,N,N,A,-,N,,,,,,,,,,Y,1,1,0,2,A,-,11,21954,A,N,G,B,D,A,H,-,D,D,0,Y,,,,Y,,N,60,0,0,0,1,0,0,0,0,0,"- ","- ",36.983268737792969,-119.71563720703125,FRESNO,UNINCORPORATED,-119.71604156494141,36.983219146728516
90887103,2018,2018-12-20,9435,2018-12-17,1020,015986,,1,1,7,1005,0,1,3,,2,181,"SR-180 E/B","BLACKSTONE AVENUE",300.00,E,N,C,-,Y,,,180,,,,,,E,Y,3,0,2,2,A,-,03,22350,,N,D,C,A,B,H,-,A,D,0,,,,,Y,,A,07,0,1,1,0,0,0,0,0,0,"- ","- ",36.752670288085938,-119.78642272949219,FRESNO,FRESNO,-119.78643035888672,36.752700805664062
90887117,2018,2018-12-20,9435,2018-12-19,1410,020733,,3,2,7,1005,0,1,3,,2,105,"SR-99 N/B","TEILMAN AVE",650.00,N,N,A,-,Y,,,99,,,,,,N,Y,4,0,1,1,A,-,08,22107,,N,E,I,A,A,H,-,A,D,0,,,,,Y,,A,01,0,0,1,0,0,0,0,0,0,"- ","- ",36.747600555419922,-119.82277679443359,FRESNO,FRESNO,-119.82268524169922,36.747676849365234
90887244,2018,2018-12-20,9435,2018-12-18,1730,020450,,2,2,7,1005,0,3,5,,2,034,"CHESTNUT AVE","CENTRAL AVE",0.00,,Y,A,-,N,,,,,,,,,,Y,3,0,1,2,A,-,03,22350,,N,D,C,A,A,H,-,C,A,0,,,,,Y,,D,22,0,1,0,0,0,0,0,0,0,"- ","- ",36.677989959716797,-119.73664093017578,FRESNO,FRESNO,-119.73681640625,36.677909851074219
90887267,2018,2018-12-20,9435,2018-12-11,0538,019113,,2,3,9,1000,0,3,5,,2,010,"SHIELDS AVENUE","BUTTE AVE",150.00,E,N,A,-,N,,,,,,,,,,Y,2,0,1,1,A,-,08,22107,,N,E,I,A,A,H,-,D,D,0,,,,,Y,,D,22,1,0,0,0,0,0,0,0,0,"- ","- ",36.778388977050781,-120.15071868896484,FRESNO,UNINCORPORATED,-120.15018463134766,36.778499603271484
90887552,2018,2018-12-21,9435,2018-11-29,0408,017165,,4,3,7,1005,0,1,3,,2,181,"SR-99 S/B TRANS TO SR-180 E/B","SR-99 N/B",150.00,W,N,C,-,Y,,,99,,,,R,,S,Y,3,0,1,4,A,-,03,22350,,M,E,I,A,B,H,-,D,D,0,,,,,Y,,A,01,0,1,0,0,0,0,0,0,0,"- ","- ",36.740421295166016,-119.81233215332031,FRESNO,FRESNO,-119.81233215332031,36.740421295166016
90887557,2018,2018-12-21,9435,2018-12-17,0040,017518,,1,3,9,1000,0,3,5,,2,025,"SHAW AVE","BETHEL AVE",805.00,E,N,B,C,N,,,,,,,,,,Y,2,0,2,1,A,-,01,23152,A,N,E,I,A,B,H,-,D,D,0,,,,,Y,Y,A,01,2,0,0,0,0,0,0,0,0,"- ","- ",36.808128356933594,-119.57134246826172,FRESNO,UNINCORPORATED,-119.57140350341797,36.808208465576172
90887559,2018,2018-12-21,9435,2018-12-15,0420,020680,,6,3,7,1005,0,1,3,,2,181,"SR-180 E/B",SR-41,360.00,W,N,A,-,Y,,,180,,,,,,E,Y,3,0,1,1,A,-,01,23152,A,N,F,I,A,A,H,-,D,D,0,,,,,Y,Y,A,01,0,1,0,0,0,0,0,0,0,"- ","- ",36.753929138183594,-119.77739715576172,FRESNO,FRESNO,-119.77741241455078,36.754035949707031
90887563,2018,2018-12-21,9435,2018-12-15,1820,019962,,6,2,9,1000,0,3,5,,2,040,"CONEJO AVENUE","ELM AVENUE",0.00,,Y,A,-,N,,,,,,,,,,Y,2,0,4,2,A,-,12,22450,A,N,D,C,A,A,H,-,D,A,0,,,,,Y,Y,A,01,1,2,1,0,0,0,0,0,0,"- ","- ",36.518291473388672,-119.79106903076172,FRESNO,UNINCORPORATED,-119.79109191894531,36.518291473388672
90887740,2018,2018-12-21,9435,2018-12-20,0800,019113,,4,1,9,1000,0,3,5,,2,034,"GOLDEN STATE BOULEVARD","MOUNTAIN VIEW AVENUE",0.00,,Y,E,-,N,,,,,,,,,,Y,3,0,3,2,A,-,03,22350,,N,D,C,A,A,H,-,A,A,0,,,,,Y,,A,07,0,1,2,0,0,0,0,0,0,"- ","- ",36.547000885009766,-119.59100341796875,FRESNO,UNINCORPORATED,-119.59097290039062,36.547000885009766
90887766,2018,2018-12-21,9435,2018-12-12,1639,019962,,3,2,9,1000,0,3,5,,2,015,"CENTRAL AVENUE","VALENTINE AVENUE",0.00,,Y,A,-,N,,,,,,,,,,Y,2,0,2,2,A,-,09,21802,A,N,D,C,A,A,H,-,B,A,0,,,,,Y,,D,22,1,0,1,0,0,0,0,0,0,"- ","- ",36.677570343017578,-119.85341644287109,FRESNO,UNINCORPORATED,-119.85340118408203,36.677558898925781
90887771,2018,2018-12-21,9435,2018-12-13,0056,020078,,4,3,9,1000,0,1,3,,1,183,"SR-180 E/B","FOWLER AVE",450.00,W,N,A,-,Y,,,180,,,,,,E,Y,3,0,1,1,A,-,01,23152,A,N,F,A,A,A,H,-,D,D,0,,,,,Y,Y,D,22,0,1,0,0,0,0,0,0,0,"- ","- ",36.753578186035156,-119.68569183349609,FRESNO,UNINCORPORATED,-119.68569183349609,36.753379821777344
90887792,2018,2018-12-21,9435,2018-12-15,1100,015095,,6,1,9,1000,0,3,5,,2,010,"WEST AVENUE","SIERRA AVENUE",263.00,S,N,A,-,N,,,,,,,,,,N,2,0,1,1,A,-,03,22350,,N,F,A,A,A,D,-,A,D,0,,,Y,,Y,,C,02,1,0,0,0,0,0,0,0,1,"- ","- ",36.829158782958984,-119.82627105712891,FRESNO,UNINCORPORATED,-119.82646942138672,36.829246520996094
90887834,2018,2018-12-21,9435,2018-12-08,1826,019932,,6,2,9,1000,0,1,3,,1,180,"SR-180 E/B","S. FLOYD AVE.",1584.00,E,N,B,-,Y,,,180,,,,,,E,Y,4,0,3,3,A,-,08,22107,,N,B,C,A,A,H,-,D,D,0,,,,,Y,,D,22,0,0,3,0,0,0,0,0,0,"- ","- ",36.734901428222656,-119.98570251464844,FRESNO,UNINCORPORATED,-119.98570251464844,36.734973907470703
90887849,2018,2018-12-21,9435,2018-12-20,0735,013703,,4,1,9,1000,0,3,5,,2,040,"FOWLER AVENUE","MANNING AVENUE",0.00,,Y,E,-,N,,,,,,,,,,Y,3,0,2,2,A,-,12,22450,A,N,D,C,A,B,H,-,A,A,0,,,,,Y,,A,01,0,1,1,0,0,0,0,0,0,"- ","- ",36.605438232421875,-119.68241119384766,FRESNO,UNINCORPORATED,-119.68238830566406,36.605449676513672
90888007,2018,2018-12-21,9435,2018-12-17,1325,019895,,1,1,9,1000,0,1,3,,1,146,"SR-145 (LASSEN AVE)","ELKHORN AVE",1555.00,N,N,A,-,Y,,,145,,,,,,,Y,3,0,3,4,A,-,03,22350,,N,C,C,A,A,H,-,A,D,0,,,,,Y,,D,22,0,1,2,0,0,0,0,0,0,"- ","- ",36.492168426513672,-120.09824371337891,FRESNO,UNINCORPORATED,-120.09831237792969,36.492172241210938
90888571,2018,2018-12-24,9435,2018-12-17,1435,021148,,1,2,9,1000,0,3,5,,2,010,"DOWER AVE","SHIELDS AVE",0.00,,Y,B,-,N,,,,,,,,,,Y,3,0,4,2,A,-,12,22450,A,N,D,C,A,B,H,-,A,A,0,,,,,Y,,A,01,0,1,3,0,0,0,0,0,0,"- ","- ",36.778671264648438,-119.97917175292969,FRESNO,UNINCORPORATED,-119.97914123535156,36.778671264648438
90888687,2018,2018-12-24,9435,2018-12-15,1801,019610,,6,2,9,1000,0,3,5,,2,034,"AMERICAN AVE","GOLDEN STATE BLVD",0.00,,Y,B,-,Y,,,,,,,,,,Y,4,0,2,2,A,-,09,21802,A,N,D,C,A,A,H,-,C,A,0,,,,,Y,,A,01,0,0,2,0,0,0,0,0,0,"- ","- ",36.663520812988281,-119.71836853027344,FRESNO,UNINCORPORATED,-119.71853637695312,36.663360595703125
90888873,2018,2018-12-24,9435,2018-12-16,1431,020122,,7,2,9,1000,0,1,3,,1,183,"SR-180 E/B","DE WOLF AVE",350.00,W,N,A,-,Y,,,180,,,,,,E,Y,4,0,7,5,A,-,03,22350,,N,C,C,A,A,H,-,A,D,0,,,,,Y,,A,01,0,0,7,0,0,0,0,0,0,"- ","- ",36.7369384765625,-119.64727020263672,FRESNO,UNINCORPORATED,-119.64727020263672,36.736949920654297
90888913,2018,2018-12-24,9435,2018-12-17,1505,021148,,1,2,9,1000,0,3,5,,2,010,"CLINTON AVENUE","HAYES AVENUE",0.00,,Y,A,-,N,,,,,,,,,,Y,4,0,1,3,A,-,09,21802,A,N,D,C,A,A,H,-,A,A,0,,,,,Y,,A,01,0,0,1,0,0,0,0,0,0,"- ","- ",36.771728515625,-119.89824676513672,FRESNO,UNINCORPORATED,-119.89824676513672,36.771728515625
90888982,2018,2018-12-24,9435,2018-12-18,1915,020871,,2,2,9,1000,0,3,5,,2,034,"ACADEMY AVENUE","NEBRASKA AVENUE",0.00,,Y,A,-,N,,,,,,,,,,Y,3,0,2,2,A,-,09,21802,A,N,D,C,A,A,H,-,D,A,0,,,,,Y,,A,08,0,1,1,0,0,0,0,0,0,"- ","- ",36.5614013671875,-119.55657958984375,FRESNO,UNINCORPORATED,-119.55652618408203,36.561378479003906
90889277,2018,2018-12-24,9435,2018-12-18,1124,015755,,2,1,9,1000,0,3,5,,2,015,"MAPLE AVE.","AMERICAN AVE.",325.00,S,N,A,-,N,,,,,,,,,,Y,4,0,1,2,A,-,08,22107,,N,A,C,A,A,H,-,A,D,0,,,,Y,Y,,A,01,0,0,1,0,0,0,0,0,0,"- ","- ",36.662639617919922,-119.74575042724609,FRESNO,UNINCORPORATED,-119.7457275390625,36.662567138671875
90889348,2018,2018-12-24,9495,2018-12-17,1110,019154,,1,1,9,1000,0,1,1,,2,002,"INTERSTATE 5 SOUTHBOUND","DERRICK AVE",9504.00,S,N,B,-,Y,,,5,,,,,,S,Y,3,0,2,1,A,-,08,22107,,N,E,I,A,B,H,-,A,D,0,,,,,Y,,D,22,0,2,0,0,0,0,0,0,0,"- ","- ",36.409610748291016,-120.37111663818359,FRESNO,UNINCORPORATED,-120.37106323242188,36.409664154052734
90889657,2018,2018-12-26,9435,2018-12-15,1805,020481,,6,2,9,1000,0,3,5,,2,010,"PALM AVENUE","HAMPTON WAY",80.00,N,N,A,-,N,,,,,,,,,,Y,4,0,1,2,A,-,08,22107,,N,C,E,A,A,H,-,D,D,0,,,,,Y,,A,01,0,0,1,0,0,0,0,0,0,"- ","- ",36.7923583984375,-119.80870056152344,FRESNO,UNINCORPORATED,-119.80863952636719,36.792308807373047
90889730,2018,2018-12-26,9435,2018-12-19,1752,019451,,3,2,7,1005,0,1,3,,1,180,"SR-180 W/B TO MARKS AVENUE","MARKS AVENUE",5.00,E,N,A,-,Y,,,180,,,,R,,W,N,4,0,1,2,A,-,03,22350,,N,C,C,A,A,H,-,C,D,0,,,,,Y,,A,07,0,0,1,0,0,0,0,0,0,"- ","- ",36.739601135253906,-119.84420013427734,FRESNO,FRESNO,-119.84420013427734,36.739601135253906
90889744,2018,2018-12-26,9435,2018-12-17,1100,014363,,1,1,9,1000,0,3,5,,2,040,"MOUNTAIN VIEW AVENUE","CEDAR AVENUE",1117.00,E,N,B,-,N,,,,,,,,,,Y,2,0,1,1,A,-,01,23152,A,N,F,I,A,A,H,-,A,D,0,,,,,Y,Y,A,01,1,0,0,0,0,0,0,0,0,"- ","- ",36.547298431396484,-119.75124359130859,FRESNO,UNINCORPORATED,-119.75119781494141,36.547370910644531
90889761,2018,2018-12-26,9435,2018-12-14,1350,018892,,5,1,9,1000,0,3,5,,2,025,"ASHLAN AVE","TARPEY DR",50.00,W,N,B,-,N,,,,,,,,,,Y,4,0,1,2,A,-,03,22350,,N,C,C,A,A,H,-,A,D,0,,,,,Y,,A,01,0,0,1,0,0,0,0,0,0,"- ","- ",36.793220520019531,-119.6988525390625,FRESNO,UNINCORPORATED,-119.69869995117188,36.793178558349609
90889807,2018,2018-12-26,9435,2018-12-20,1640,018284,,4,2,9,1000,0,3,5,,2,040,"MOUNTAIN VIEW AVE","VAN HORN AVE",236.00,W,N,A,-,N,,,,,,,,,,Y,4,0,1,2,A,-,05,21460,A,N,D,C,A,A,H,-,B,D,0,,,,,Y,,A,07,0,0,1,0,0,0,0,0,0,"- ","- ",36.547039031982422,-119.59889221191406,FRESNO,UNINCORPORATED,-119.59893035888672,36.547008514404297
90889893,2018,2018-12-26,9435,2018-12-19,1940,020871,,3,2,9,1000,0,3,5,,2,034,"PEACH AVENUE","NORTH AVENUE",0.00,,Y,A,-,N,,,,,,,,,,Y,4,0,1,2,A,-,09,21802,A,N,D,C,A,A,H,-,D,A,0,,,,Y,Y,,A,01,0,0,1,0,0,0,0,0,0,"- ","- ",36.693019866943359,-119.71822357177734,FRESNO,UNINCORPORATED,-119.71817779541016,36.693008422851562
90889909,2018,2018-12-26,9435,2018-12-21,2325,020064,,5,3,7,1005,0,1,3,,2,410,"SR-41 N/B FROM SHAW AVENUE","SHAW AVENUE",300.00,N,N,C,-,Y,,,41,,,,R,,N,Y,2,0,1,1,A,-,03,22350,,N,E,I,A,B,H,-,D,D,0,,,,,Y,,A,08,1,0,0,0,0,0,0,0,0,"- ","- ",36.809528350830078,-119.78486633300781,FRESNO,FRESNO,-119.78486633300781,36.809528350830078
90889920,2018,2018-12-26,9435,2018-12-21,1650,019548,,5,2,9,1000,0,1,3,,1,169,"STATE ROUTE 168","COON CREEK",200.00,E,N,A,-,Y,,,168,,,,,,,Y,4,0,1,1,A,-,03,22350,,N,E,I,A,B,H,-,B,D,0,,,,,Y,,A,01,0,0,1,0,0,0,0,0,0,"- ","- ",37.231719970703125,-119.17154693603516,FRESNO,UNINCORPORATED,-119.17157745361328,37.231746673583984
90889992,2018,2018-12-26,9495,2018-12-18,0615,017686,,2,1,9,1000,0,1,3,,1,014,"STATE ROUTE 269 (LASSEN AVENUE)","AVENAL CUTOFF ROAD",0.00,,Y,A,-,Y,,,269,,,,,,,Y,3,0,1,3,A,-,09,21802,A,N,D,C,A,A,H,-,D,A,0,,,,,Y,,A,01,0,1,0,0,0,0,0,0,0,"- ","- ",36.072978973388672,-120.10272216796875,FRESNO,UNINCORPORATED,-120.10239410400391,36.072883605957031
90890064,2018,2018-12-26,9435,2018-12-21,0853,018609,,5,1,9,1000,0,3,5,,2,020,"CLOVIS AVE","NEBRASKA AVE",0.00,,Y,E,-,N,,,,,,,,,,Y,4,0,2,2,A,-,09,21802,A,N,D,C,A,B,H,-,A,A,0,,,,,Y,,A,01,0,0,2,0,0,0,0,0,0,"- ","- ",36.561599731445312,-119.7005615234375,FRESNO,UNINCORPORATED,-119.70053100585938,36.561660766601562
90890440,2018,2018-12-26,9435,2018-12-15,1705,020871,,6,2,7,1005,0,1,3,,2,182,"SR-180 E/B","WILLOW AVE",1056.00,W,N,A,-,Y,,,180,,,,,,E,Y,2,0,1,1,A,-,08,22107,,N,F,A,A,A,H,-,D,D,0,,,Y,,Y,,C,02,1,0,0,0,0,0,0,0,1,"- ","- ",36.753810882568359,-119.73251342773438,FRESNO,FRESNO,-119.73249816894531,36.753894805908203
90890498,2018,2018-12-26,9495,2018-12-19,2310,020942,,3,3,9,1000,0,1,1,,2,001,"INTERSTATE 5, NORTHBOUND","STATE ROUTE 33 (DERRICK AVENUE)",14256.00,N,N,A,-,Y,,,5,,,,,,N,Y,3,0,1,2,A,-,08,22107,,N,C,C,A,A,H,-,D,D,0,,,,Y,Y,,A,01,0,1,0,0,0,0,0,0,0,"- ","- ",36.469219207763672,-120.42489624023438,FRESNO,UNINCORPORATED,-120.42496490478516,36.469158172607422
90890647,2018,2018-12-26,9495,2018-12-13,0231,020060,,4,3,9,1000,0,1,1,,2,003,"INTERSTATE 5 SOUTHBOUND","STATE ROUTE 269",5280.00,N,N,A,-,Y,,,5,,,,,,S,Y,4,0,2,2,A,-,01,23152,G,F,H,C,A,A,H,-,D,D,0,,,,,Y,Y,A,01,0,0,2,0,0,0,0,0,0,"- ","- ",36.088069915771484,-120.11387634277344,FRESNO,UNINCORPORATED,-120.11379241943359,36.088153839111328
90890900,2018,2018-12-27,9435,2018-12-22,1600,020122,,6,2,9,1000,0,3,5,,2,025,"MILLERTON RD","NORTH FORK RD",150.00,N,N,A,-,N,,,,,,,,,,Y,4,0,2,2,A,-,09,21804,A,N,B,A,A,A,H,-,A,D,0,,,,,Y,,A,01,0,0,2,0,0,0,0,0,0,"- ","- ",36.990711212158203,-119.71114349365234,FRESNO,UNINCORPORATED,-119.71125793457031,36.99066162109375
90890925,2018,2018-12-27,9435,2018-12-19,0538,014363,,3,3,9,1000,0,3,5,,2,034,"ROSE AVENUE","MENDOCINO AVENUE",0.00,,Y,E,-,N,,,,,,,,,,Y,4,0,1,2,A,-,12,22450,A,N,D,C,A,B,H,-,D,A,0,,,,,Y,,A,01,0,0,1,0,0,0,0,0,0,"- ","- ",36.568641662597656,-119.54794311523438,FRESNO,UNINCORPORATED,-119.54792022705078,36.568630218505859
90891078,2018,2018-12-27,9435,2018-12-23,1355,020837,,7,1,9,1000,0,1,3,,1,169,"STATE ROUTE 168","OCKENDEN RANCH ROAD",1584.00,W,N,A,-,N,,,168,,,,,,,Y,3,0,2,1,A,-,08,22107,,N,F,A,A,A,H,-,A,D,0,,,,,Y,,A,07,0,2,0,0,0,0,0,0,0,"- ","- ",37.087230682373047,-119.32124328613281,FRESNO,UNINCORPORATED,-119.3211669921875,37.087238311767578
90891098,2018,2018-12-27,9435,2018-12-26,1717,020122,,3,2,7,1005,0,1,3,,2,410,"SR-41 S/B","ASHLAN AVE",350.00,N,N,A,-,Y,,,41,,,,,,S,Y,2,0,1,1,A,-,08,22107,,N,E,I,A,A,H,-,C,D,0,,,,,Y,,A,01,1,0,0,0,0,0,0,0,0,"- ","- ",36.795051574707031,-119.78497314453125,FRESNO,FRESNO,-119.78517913818359,36.795017242431641
90891305,2018,2018-12-27,9435,2018-12-23,1721,020122,,7,2,7,1005,0,1,3,,2,410,"SR-41 N/B","GETTYSBURG AVE",1230.00,S,N,A,-,Y,,,41,,,,,,N,Y,4,0,2,3,A,-,03,22350,,N,C,C,A,A,H,-,C,D,0,,,,,Y,,A,07,0,0,2,0,0,0,0,0,0,"- ","- ",36.798130035400391,-119.78517150878906,FRESNO,FRESNO,-119.78514862060547,36.798130035400391
90891333,2018,2018-12-27,9435,2018-12-26,1556,020122,,3,2,7,1005,0,1,3,,2,410,"SR-41 S/B","BELMONT AVE",85.00,S,N,A,-,Y,,,41,,,,,,S,Y,4,0,1,2,A,-,08,22107,,N,A,C,A,A,H,-,A,D,0,,,,,Y,,A,01,0,0,1,0,0,0,0,0,0,"- ","- ",36.750110626220703,-119.77596282958984,FRESNO,FRESNO,-119.77634429931641,36.750137329101562
90891807,2018,2018-12-27,9495,2018-12-22,1123,020246,,6,1,9,1000,0,1,1,,2,003,"INTERSTATE 5 NORTHBOUND","EL DORADO AVE.",132.00,S,N,A,-,Y,,,5,,,,,,N,Y,4,0,1,2,A,-,08,22107,,N,D,C,A,A,H,-,A,D,0,,,,,Y,,A,01,0,0,1,0,0,0,0,0,0,"- ","- ",36.203041076660156,-120.21144866943359,FRESNO,UNINCORPORATED,-120.21147155761719,36.203029632568359
90891824,2018,2019-01-25,9435,2018-11-21,1805,021148,,3,2,9,1000,0,1,3,,1,430,"STATE ROUTE 43","CLARKSON AVENUE",0.00,,Y,C,-,Y,,,43,,,,,,,Y,1,2,2,5,A,-,12,22450,A,N,D,C,A,B,H,-,C,A,0,,,,Y,Y,,A,07,1,0,1,0,0,0,0,0,0,"- ","- ",36.503650665283203,-119.62905120849609,FRESNO,UNINCORPORATED,-119.62903594970703,36.503650665283203
90893036,2018,2019-06-27,9435,2018-12-24,1259,015986,,1,1,7,1005,0,1,3,,2,410,"SR-41 S/B","ASHLAN AVE",90.00,S,N,A,-,Y,,,41,,,,,,S,N,4,0,1,2,A,-,07,21658,A,N,B,C,A,A,H,-,A,D,0,,,,,Y,,D,22,0,0,1,0,0,0,0,0,0,"- ","- ",36.793670654296875,-119.784912109375,FRESNO,FRESNO,-119.78495788574219,36.793663024902344
90893076,2018,2019-01-09,9435,2018-12-20,0715,012846,,4,1,7,1005,0,3,5,,2,030,"DEWOLF AVE","MCKINLEY AVE",0.00,,Y,B,-,N,,,,,,,,,,Y,4,0,1,2,A,-,09,21802,A,N,D,C,A,A,H,-,A,A,0,,,,,Y,,A,07,0,0,1,0,0,0,0,0,0,"- ","- ",36.764759063720703,-119.64003753662109,FRESNO,FRESNO,-119.64598846435547,36.764759063720703
90893471,2018,2018-12-28,9495,2018-12-13,0234,019453,,4,3,9,1000,0,1,1,,2,003,"INTERSTATE 5 SOUTHBOUND","STATE ROUTE 269 (LASSEN AVENUE)",5280.00,N,N,A,-,Y,,,5,,,,,,S,Y,2,0,1,1,A,-,01,23152,G,N,H,A,A,A,H,-,C,D,0,,,,,Y,Y,A,01,1,0,0,0,0,0,0,0,0,"- ","- ",36.093498229980469,-120.11840057373047,FRESNO,UNINCORPORATED,-120.11856079101562,36.093353271484375
90893592,2018,2018-12-28,9435,2018-12-17,0530,014547,,1,3,7,1005,0,1,3,,2,410,"SR-41 SB TO SR 180 W/B","TYLER AVENUE",200.00,S,N,C,-,Y,,,41,,,,R,,S,Y,3,0,1,1,A,-,03,22350,,N,E,J,A,B,H,-,A,D,0,,,,,Y,,A,01,0,1,0,0,0,0,0,0,0,"- ","- ",36.755081176757812,-119.77715301513672,FRESNO,FRESNO,-119.77715301513672,36.755081176757812
90894327,2018,2018-12-31,9435,2018-12-23,0232,020592,,7,3,7,1005,0,1,3,,2,182,"SR-180 W/B TO CEDAR AVENUE","SR-180 E/B TO SR-168 E/B",91.00,E,N,A,-,Y,,,180,,,,R,,W,Y,3,0,4,1,A,-,01,23152,A,N,E,I,A,A,H,-,C,D,0,,,,,Y,Y,A,07,0,2,2,0,0,0,0,0,0,"- ","- ",36.755889892578125,-119.74948120117188,FRESNO,FRESNO,-119.74948120117188,36.755889892578125
90894345,2018,2018-12-31,9435,2018-12-16,2145,021247,,7,2,9,1000,0,3,5,,2,034,"MCCALL AVE","CALIFORNIA AVE",40.00,N,N,A,-,N,,,,,,,,,,Y,3,0,2,2,A,-,01,23152,A,N,C,C,A,A,H,-,D,D,0,,,,,Y,Y,A,01,0,1,1,0,0,0,0,0,0,"- ","- ",36.721561431884766,-119.610107421875,FRESNO,UNINCORPORATED,-119.61009979248047,36.721538543701172
90894726,2018,2018-12-31,9435,2018-12-19,1725,020871,,3,2,9,1000,0,3,5,,2,034,"FOWLER AVENUE","ALTA AVENUE",100.00,N,N,A,-,N,,,,,,,,,,Y,3,0,2,2,A,-,03,22350,,N,C,C,A,A,H,-,C,D,0,,,,,Y,,A,08,0,1,1,0,0,0,0,0,0,"- ","- ",36.734230041503906,-119.68208312988281,FRESNO,UNINCORPORATED,-119.68210601806641,36.734344482421875
90894731,2018,2018-12-31,9435,2018-12-28,1722,018860,,5,2,9,1000,0,1,3,,1,412,"SR-41 N/B","MOUNTAIN VIEW AVE",800.00,S,N,A,-,Y,,,41,,,,,,N,N,4,0,2,2,A,-,03,22350,,N,C,C,A,A,H,-,C,D,0,,,,,Y,,A,01,0,0,2,0,0,0,0,0,0,"- ","- ",36.54656982421875,-119.78594970703125,FRESNO,UNINCORPORATED,-119.78610229492188,36.54656982421875
90894772,2018,2018-12-31,9435,2018-12-28,1355,019962,,5,1,9,1000,0,3,5,,2,015,"CENTRAL AVENUE","ELM AVENUE",0.00,,Y,A,-,N,,,,,,,,,,Y,4,0,2,2,A,-,09,21802,A,N,D,C,A,A,H,-,A,A,0,,,,,Y,,A,01,0,0,2,0,0,0,0,0,0,"- ","- ",36.677951812744141,-119.79074096679688,FRESNO,UNINCORPORATED,-119.790771484375,36.677940368652344
90894782,2018,2018-12-31,9435,2018-12-28,1725,020733,,5,2,7,1005,0,1,3,,2,105,"SR-99 S/B","OLIVE AVE",660.00,S,N,A,-,Y,,,99,,,,,,S,Y,4,0,3,3,A,-,03,22350,,N,C,C,A,A,H,-,C,D,0,,,,,Y,,A,01,0,0,3,0,0,0,0,0,0,"- ","- ",36.755748748779297,-119.82887268066406,FRESNO,FRESNO,-119.82884979248047,36.755760192871094
90895045,2018,2018-12-31,9435,2018-12-24,1955,020540,,1,2,9,1000,0,3,5,,2,060,"COVE ROAD","AMERICAN AVE",4224.00,N,N,C,-,N,,,,,,,,,,Y,4,0,1,1,A,-,08,22107,,N,E,I,A,B,H,-,D,D,0,,,,,Y,,A,07,0,0,1,0,0,0,0,0,0,"- ","- ",36.673629760742188,-119.34967803955078,FRESNO,UNINCORPORATED,-119.34956359863281,36.67279052734375