CASE_ID,ACCIDENT_YEAR,PROC_DATE,JURIS,COLLISION_DATE,COLLISION_TIME,OFFICER_ID,REPORTING_DISTRICT,DAY_OF_WEEK,CHP_SHIFT,POPULATION,CNTY_CITY_LOC,SPECIAL_COND,BEAT_TYPE,CHP_BEAT_TYPE,CITY_DIVISION_LAPD,CHP_BEAT_CLASS,BEAT_NUMBER,PRIMARY_RD,SECONDARY_RD,DISTANCE,DIRECTION,INTERSECTION,WEATHER_1,WEATHER_2,STATE_HWY_IND,CALTRANS_COUNTY,CALTRANS_DISTRICT,STATE_ROUTE,ROUTE_SUFFIX,POSTMILE_PREFIX,POSTMILE,LOCATION_TYPE,RAMP_INTERSECTION,SIDE_OF_HWY,TOW_AWAY,COLLISION_SEVERITY,NUMBER_KILLED,NUMBER_INJURED,PARTY_COUNT,PRIMARY_COLL_FACTOR,PCF_CODE_OF_VIOL,PCF_VIOL_CATEGORY,PCF_VIOLATION,PCF_VIOL_SUBSECTION,HIT_AND_RUN,TYPE_OF_COLLISION,MVIW,PED_ACTION,ROAD_SURFACE,ROAD_COND_1,ROAD_COND_2,LIGHTING,CONTROL_DEVICE,CHP_ROAD_TYPE,PEDESTRIAN_ACCIDENT,BICYCLE_ACCIDENT,MOTORCYCLE_ACCIDENT,TRUCK_ACCIDENT,NOT_PRIVATE_PROPERTY,ALCOHOL_INVOLVED,STWD_VEHTYPE_AT_FAULT,CHP_VEHTYPE_AT_FAULT,COUNT_SEVERE_INJ,COUNT_VISIBLE_INJ,COUNT_COMPLAINT_PAIN,COUNT_PED_KILLED,COUNT_PED_INJURED,COUNT_BICYCLIST_KILLED,COUNT_BICYCLIST_INJURED,COUNT_MC_KILLED,COUNT_MC_INJURED,PRIMARY_RAMP,SECONDARY_RAMP,LATITUDE,LONGITUDE,COUNTY,CITY,POINT_X,POINT_Y
90934026,2019,2019-02-26,9435,2019-02-15,1540,016507,,5,2,9,1000,0,3,5,,2,060,"ENGLEHART AVE","SUMNER AVE",1584.00,S,N,B,-,N,,,,,,,,,,Y,3,0,1,1,A,-,01,23152,A,N,E,I,A,B,H,-,A,D,0,,,,,Y,Y,A,01,0,1,0,0,0,0,0,0,0,"- ","- ",36.621578216552734,-119.41304016113281,FRESNO,UNINCORPORATED,-119.41298675537109,36.621433258056641
90934047,2019,2019-02-26,9435,2019-02-16,1020,016507,,6,1,9,1000,0,1,3,,2,184,"STATE ROUTE 180","MILLWOOD RD",5808.00,E,N,B,-,Y,,,180,,,,,,,Y,4,0,1,1,A,-,03,22350,,N,E,I,A,C,H,-,A,D,0,,,,,Y,,A,01,0,0,1,0,0,0,0,0,0,"- ","- ",36.743911743164062,-119.03688049316406,FRESNO,UNINCORPORATED,-119.03688812255859,36.743930816650391
90934141,2019,2019-02-26,9435,2019-02-17,0310,020193,,7,3,7,1005,0,1,3,,1,168,"SR-168 E/B TO MCKINLEY AVENUE","MCKINLEY AVENUE",245.00,N,N,A,-,Y,,,168,,,,R,,E,Y,3,0,1,1,A,-,01,23152,A,N,E,I,A,B,H,-,C,D,0,,,,,Y,Y,A,01,0,1,0,0,0,0,0,0,0,"- ","- ",36.765899658203125,-119.7489013671875,FRESNO,FRESNO,-119.7489013671875,36.765899658203125
90934185,2019,2019-02-26,9435,2019-02-16,2018,019635,,6,2,5,1001,0,1,3,,1,168,"SR-168 E/B","HERNDON AVE",1600.00,W,N,B,C,Y,,,168,,,,,,E,Y,4,0,2,2,A,-,03,22350,,N,E,I,A,B,H,-,C,D,0,,,,,Y,,A,01,0,0,2,0,0,0,0,0,0,"- ","- ",36.832248687744141,-119.70635223388672,FRESNO,CLOVIS,-119.70640563964844,36.832294464111328
90934227,2019,2019-02-26,9435,2019-02-18,1435,019895,,1,2,9,1000,0,3,5,,2,040,"KAMM AVE","WEST AVE",0.00,,Y,A,-,N,,,,,,,,,,Y,3,0,1,2,A,-,09,21802,A,N,D,C,A,A,H,-,A,D,0,,,,Y,Y,,G,25,0,1,0,0,0,0,0,0,0,"- ","- ",36.532718658447266,-119.82691955566406,FRESNO,UNINCORPORATED,-119.82685852050781,36.532699584960938
90934316,2019,2019-02-26,9435,2019-02-15,0733,014363,,5,1,9,1000,0,3,5,,2,034,"NORTH AVENUE","TEMPERANCE AVENUE",1266.00,W,N,C,-,N,,,,,,,,,,Y,2,0,2,2,A,-,04,21703,,N,C,C,A,B,H,-,A,D,0,,,,,Y,,A,01,1,0,1,0,0,0,0,0,0,"- ","- ",36.692901611328125,-119.66831207275391,FRESNO,UNINCORPORATED,-119.66828155517578,36.692825317382812
90934340,2019,2019-02-26,9435,2019-02-19,2056,020122,,2,2,9,1000,0,3,5,,2,010,"PALM AVE","ASHLAN AVE",1000.00,S,N,A,-,N,,,,,,,,,,Y,4,0,2,3,A,-,08,22107,,N,C,E,A,A,H,-,C,D,0,,,,,Y,,A,07,0,0,2,0,0,0,0,0,0,"- ","- ",36.791099548339844,-119.80872344970703,FRESNO,UNINCORPORATED,-119.80864715576172,36.791156768798828
90934366,2019,2019-02-26,9435,2019-02-19,1505,020836,,2,2,7,1005,0,1,3,,2,181,"SR-180 W/B","BROADWAY ST",1056.00,W,N,A,-,Y,,,180,,,,,,W,Y,4,0,1,2,A,-,03,22350,,N,C,C,A,A,H,-,A,D,0,,,,,Y,,A,07,0,0,1,0,0,0,0,0,0,"- ","- ",36.746601104736328,-119.80429840087891,FRESNO,FRESNO,-119.80432891845703,36.746650695800781
90934379,2019,2019-02-26,9435,2019-02-19,1540,020836,,2,2,7,1005,0,1,3,,2,181,"SR-180 W/B","VAN NESS AVE",2112.00,E,N,A,-,Y,,,180,,,,,,W,Y,4,0,2,2,A,-,03,22350,,N,C,C,A,A,H,-,A,D,0,,,,,Y,,A,01,0,0,2,0,0,0,0,0,0,"- ","- ",36.750701904296875,-119.79640197753906,FRESNO,FRESNO,-119.79638671875,36.75067138671875
90934395,2019,2019-02-26,9435,2019-02-20,1530,019635,,3,2,9,1000,0,3,5,,2,034,"BETHEL AVE","WOODS AVE",550.00,N,N,A,-,N,,,,,,,,,,Y,4,0,1,2,A,-,03,22350,,N,C,C,A,A,H,-,A,D,0,,,,,Y,,A,01,0,0,1,0,0,0,0,0,0,"- ","- ",36.728351593017578,-119.57405853271484,FRESNO,UNINCORPORATED,-119.57415008544922,36.726219177246094
90934413,2019,2019-02-26,9435,2019-02-19,0740,019610,,2,1,9,1000,0,1,3,,1,411,"SR-41 N/B","AMERICAN AVE",20.00,S,N,A,-,Y,,,41,,,,,,N,Y,4,0,2,2,A,-,03,22350,,N,C,C,A,A,H,-,A,A,0,,,,Y,Y,,A,01,0,0,2,0,0,0,0,0,0,"- ","- ",36.662960052490234,-119.78574371337891,FRESNO,UNINCORPORATED,-119.78579711914062,36.662960052490234
90934478,2019,2019-02-26,9435,2019-02-20,1215,016507,,3,1,9,1000,1,3,5,,2,060,"SOUTH AVE","BUTTONWILLOW AVE",0.00,,Y,A,-,N,,,,,,,,,,Y,4,0,1,3,A,-,12,22450,A,N,D,C,A,A,H,-,A,A,0,,,,,Y,,A,01,0,0,1,0,0,0,0,0,0,"- ","- ",36.619159698486328,-119.43084716796875,FRESNO,UNINCORPORATED,-119.43083953857422,36.618621826171875
90934482,2019,2019-02-26,9435,2019-02-14,1238,017166,,4,1,9,1000,0,3,5,,2,020,"MARKS AVENUE","HENDERSON AVENUE",200.00,S,N,B,-,N,,,,,,,,,,Y,3,0,3,1,A,-,03,22350,,N,F,J,A,A,H,-,A,D,0,,,,,Y,,D,22,0,3,0,0,0,0,0,0,0,"- ","- ",36.553779602050781,-119.84515380859375,FRESNO,UNINCORPORATED,-119.84511566162109,36.552989959716797
90934486,2019,2019-02-26,9435,2019-02-19,1550,019895,,2,2,9,1000,0,3,5,,2,015,"CHESTNUT AVE","SUMNER AVE",0.00,,Y,A,-,N,,,,,,,,,,Y,3,0,4,2,A,-,09,21801,A,N,D,C,A,A,H,-,A,D,0,,,,,Y,,A,01,0,1,3,0,0,0,0,0,0,"- ","- ",36.627178192138672,-119.73684692382812,FRESNO,UNINCORPORATED,-119.73684692382812,36.627189636230469
90934579,2019,2019-02-26,9435,2019-02-21,1130,014363,,4,1,9,1000,0,3,5,,2,034,"CHESTNUT AVENUE","NORTH AVENUE",1150.00,N,N,B,-,N,,,,,,,,,,Y,4,0,1,2,A,-,08,22107,,N,E,I,A,A,H,-,A,D,0,,,,,Y,,D,22,0,0,1,0,0,0,0,0,0,"- ","- ",36.695560455322266,-119.73664855957031,FRESNO,UNINCORPORATED,-119.73660278320312,36.69561767578125
90934622,2019,2019-02-26,9435,2019-02-21,1720,020836,,4,2,7,1005,0,1,3,,2,410,"SR-41 S/B","SHAW AVE",300.00,S,N,B,-,Y,,,41,,,,,,S,Y,4,0,1,3,A,-,03,22350,,N,C,C,A,A,H,-,A,D,0,,,,,Y,,A,01,0,0,1,0,0,0,0,0,0,"- ","- ",36.807098388671875,-119.78549957275391,FRESNO,FRESNO,-119.78542327880859,36.807098388671875
90934623,2019,2019-02-28,9495,2019-02-17,0220,020942,,7,3,9,1000,0,3,5,,2,053,"PHELPS AVENUE","CALAVERAS AVENUE",10032.00,E,N,B,-,N,,,,,,,,,,Y,2,0,2,1,A,-,03,22350,,N,E,I,A,A,H,-,D,A,0,,,,,Y,,A,07,2,0,0,0,0,0,0,0,0,"- ","- ",36.158821105957031,-120.25137329101562,FRESNO,UNINCORPORATED,-120.25172424316406,36.15875244140625
90934647,2019,2019-02-26,9435,2019-02-21,0855,012846,,4,1,9,1000,0,3,5,,2,030,"BELMONT AVE","TEMPERANCE AVE",0.00,,Y,B,-,N,,,,,,,,,,Y,4,0,1,2,A,-,12,22450,A,N,D,C,A,A,H,-,A,A,0,,,,Y,Y,,F,26,0,0,1,0,0,0,0,0,0,"- ","- ",36.750289916992188,-119.66400146484375,FRESNO,UNINCORPORATED,-119.66397857666016,36.750278472900391
90934692,2019,2019-02-27,9435,2019-02-18,1025,019263,,1,1,9,1000,0,1,3,,1,169,SR-168,"BALSAM SNO PARK",4752.00,W,N,A,-,Y,,,168,,,,,,,Y,4,0,4,2,A,-,03,22350,,N,B,C,A,C,H,-,A,D,0,,,,,Y,,D,22,0,0,4,0,0,0,0,0,0,"- ","- ",37.149799346923828,-119.25364685058594,FRESNO,UNINCORPORATED,-119.25364685058594,37.149787902832031
90934865,2019,2019-02-27,9435,2019-02-16,2325,020450,,6,3,9,1000,0,3,5,,2,034,"CLOVIS AVE","CENTRAL AVE",500.00,N,N,A,-,N,,,,,,,,,,Y,4,0,1,2,A,-,08,22107,,N,D,C,A,B,H,-,D,D,0,,,,,Y,Y,A,01,0,0,1,0,0,0,0,0,0,"- ","- ",36.679649353027344,-119.69994354248047,FRESNO,UNINCORPORATED,-119.69993591308594,36.679553985595703
90934924,2019,2019-02-27,9435,2019-02-17,1103,017166,,7,1,9,1000,0,3,5,,2,034,"PEACH AVE","NORTH AVE",0.00,,Y,B,C,N,,,,,,,,,,Y,4,0,2,2,A,-,09,21802,A,N,D,C,A,B,H,-,A,A,0,,,,,Y,,D,22,0,0,2,0,0,0,0,0,0,"- ","- ",36.693031311035156,-119.71820068359375,FRESNO,UNINCORPORATED,-119.71817779541016,36.693008422851562
90934927,2019,2019-02-27,9435,2019-02-18,1927,019962,,1,2,9,1000,0,3,5,,2,015,"AMERICAN AVENUE","CHESTNUT AVENUE",0.00,,Y,A,-,N,,,,,,,,,,Y,4,0,1,2,A,-,12,22450,A,N,D,C,A,A,H,-,C,A,0,,,,,Y,,D,22,0,0,1,0,0,0,0,0,0,"- ","- ",36.663448333740234,-119.73680877685547,FRESNO,UNINCORPORATED,-119.73679351806641,36.663421630859375
90934930,2019,2019-02-27,9435,2019-02-18,2157,020592,,1,2,9,1000,0,3,5,,2,040,"MCCALL AVE","CONEJO AVE",1804.00,N,N,A,-,N,,,,,,,,,,Y,3,0,1,1,A,-,01,23152,F,M,E,I,A,A,H,-,D,D,0,,,,,Y,,A,07,0,1,0,0,0,0,0,0,0,"- ","- ",36.52301025390625,-119.61074829101562,FRESNO,UNINCORPORATED,-119.6109619140625,36.523040771484375
90934951,2019,2019-02-27,9435,2019-02-20,1640,019962,,3,2,9,1000,0,3,5,,2,020,"MANNING AVENUE","WALNUT AVENUE",1056.00,W,N,A,-,N,,,,,,,,,,Y,3,0,2,2,A,-,01,23152,A,N,D,C,A,A,H,-,A,D,0,,,,,Y,Y,A,01,0,1,1,0,0,0,0,0,0,"- ","- ",36.605228424072266,-119.81601715087891,FRESNO,UNINCORPORATED,-119.81241607666016,36.605201721191406
90934957,2019,2019-02-27,9435,2019-02-21,1920,019635,,4,2,9,1000,0,3,5,,2,034,"FOWLER AVE","LIBERTY AVE",10.00,N,N,A,-,N,,,,,,,,,,Y,4,0,1,1,A,-,08,22107,,N,E,I,A,A,H,-,D,D,0,,,,,Y,,A,01,0,0,1,0,0,0,0,0,0,"- ","- ",36.731548309326172,-119.68215179443359,FRESNO,UNINCORPORATED,-119.68212127685547,36.731395721435547
90935038,2019,2019-02-27,9435,2019-02-22,1520,020871,,5,2,7,1005,0,1,3,,2,410,"SR-41 S/B","ASHLAN AVENUE",700.00,S,N,A,-,Y,,,41,,,,,,S,Y,4,0,1,1,A,-,03,22350,,N,E,I,A,A,H,-,A,D,0,,,,,Y,,A,01,0,0,1,0,0,0,0,0,0,"- ","- ",36.791999816894531,-119.78489685058594,FRESNO,FRESNO,-119.78472137451172,36.792022705078125
90935116,2019,2019-02-27,9435,2019-02-22,1715,016507,,5,2,9,1000,0,3,5,,2,060,"MANNING AVE","ALTA AVE",500.00,E,N,A,-,N,,,,,,,,,,Y,4,0,1,3,A,-,03,22350,,N,C,C,A,A,H,-,A,D,0,,,,,Y,,A,01,0,0,1,0,0,0,0,0,0,"- ","- ",36.603839874267578,-119.39404296875,FRESNO,UNINCORPORATED,-119.39324951171875,36.603912353515625
90935189,2019,2019-02-27,9435,2019-02-22,1222,019610,,5,1,9,1000,0,3,5,,2,010,"MAROA AVE","ASHLAN AVE",0.00,,Y,A,-,N,,,,,,,,,,N,4,0,1,2,A,-,09,21801,A,N,A,C,A,A,H,-,A,A,0,,,,,Y,,A,01,0,0,1,0,0,0,0,0,0,"- ","- ",36.793991088867188,-119.79956817626953,FRESNO,UNINCORPORATED,-119.799560546875,36.793998718261719
90935319,2019,2019-02-27,9435,2019-02-20,1705,021119,,3,2,9,1000,0,1,3,,2,182,SR-180,"RIO VISTA AVE",0.00,,Y,A,-,Y,,,180,,,,,,,Y,3,0,2,2,A,-,09,21802,A,N,D,C,A,A,H,-,A,D,0,,,,,Y,,A,01,0,1,1,0,0,0,0,0,0,"- ","- ",36.732009887695312,-119.47711181640625,FRESNO,UNINCORPORATED,-119.47711181640625,36.731964111328125
90935324,2019,2019-02-27,9435,2019-02-22,1725,016507,,5,2,9,1000,0,3,5,,2,060,"ENGLEHART AVE","MANNING AVE",0.00,,Y,A,-,N,,,,,,,,,,Y,4,0,2,2,A,-,09,21802,A,N,D,C,A,A,H,-,A,A,0,,,,,Y,,A,01,0,0,2,0,0,0,0,0,0,"- ","- ",36.604019165039062,-119.41365051269531,FRESNO,UNINCORPORATED,-119.41295623779297,36.604030609130859
90935466,2019,2019-02-27,9435,2019-02-16,1315,019548,,6,1,9,1000,0,1,3,,1,169,"STATE ROUTE 168","STEVENSON CREEK",2112.00,E,N,B,-,Y,,,168,,,,,,,Y,3,0,1,2,A,-,03,22350,,N,A,C,A,C,H,-,A,D,0,,,,,Y,,A,07,0,1,0,0,0,0,0,0,0,"- ","- ",37.146198272705078,-119.30728149414062,FRESNO,UNINCORPORATED,-119.30730438232422,37.146171569824219
90935481,2019,2019-02-27,9435,2019-02-16,1250,021119,,6,1,7,1005,0,1,3,,2,181,"SR-168 EASTBOUND TO CHESTNUT AVE","CHESTNUT AVE",150.00,W,N,B,-,Y,,,,,,,,,,Y,4,0,2,2,A,-,03,22350,,N,C,C,A,B,H,-,A,D,0,,,,,Y,,A,01,0,0,2,0,0,0,0,0,0,"- ","- ",36.754161834716797,-119.73648071289062,FRESNO,FRESNO,,
90935838,2019,2019-02-28,9435,2019-02-16,0220,020193,,6,3,9,1000,0,3,5,,2,030,"ACADEMY AVENUE",SR-180,150.00,N,N,B,-,N,,,,,,,,,,Y,3,0,1,1,A,-,01,23152,A,N,E,I,A,B,H,-,C,A,0,,,,,Y,Y,D,22,0,1,0,0,0,0,0,0,0,"- ","- ",36.736419677734375,-119.55615997314453,FRESNO,UNINCORPORATED,-119.55629730224609,36.736541748046875
90935841,2019,2019-02-28,9435,2019-02-17,1420,016911,,7,2,7,1005,0,1,3,,2,181,"SR-180 WB TO SR-99 SB","SR-180 W/B",297.00,N,N,B,-,Y,,,180,,,,R,,W,Y,4,0,1,1,A,-,03,22350,,N,F,A,A,B,H,-,A,D,0,,,,Y,Y,,G,27,0,0,1,0,0,0,0,0,0,"- ","- ",36.741230010986328,-119.81636047363281,FRESNO,FRESNO,-119.81636047363281,36.741230010986328
90935850,2019,2019-02-28,9435,2019-02-23,1004,016911,,6,1,9,1000,0,3,5,,2,025,"SKY HARBOUR RD","EL LADO RD",3960.00,S,N,A,-,N,,,,,,,,,,Y,2,0,1,1,A,-,08,22107,,N,E,I,A,A,H,-,A,D,0,,,,,Y,,A,07,1,0,0,0,0,0,0,0,0,"- ","- ",37.016269683837891,-119.64349365234375,FRESNO,UNINCORPORATED,-119.64337921142578,37.015529632568359
90936206,2019,2019-02-28,9435,2019-02-27,1740,020836,,3,2,7,1005,0,1,3,,2,410,"SR-41 N/B","SHIELDS AVE",1584.00,N,N,B,-,Y,,,41,,,,,,N,Y,3,0,2,2,A,-,03,22350,,N,C,C,A,A,H,-,B,D,0,,,,,Y,,A,01,0,1,1,0,0,0,0,0,0,"- ","- ",36.783401489257812,-119.7843017578125,FRESNO,FRESNO,-119.78439331054688,36.783405303955078
90937567,2019,2019-03-01,9435,2019-02-16,1405,020837,,6,2,9,1000,0,1,3,,1,169,"STATE ROUTE 168","STEVENSON CREEK",1056.00,E,N,B,D,Y,,,168,,,,,,,Y,4,0,1,3,A,-,03,22350,,N,D,C,E,C,H,-,A,D,0,Y,,,,Y,,A,07,0,0,1,0,1,0,0,0,0,"- ","- ",37.146381378173828,-119.30744934082031,FRESNO,UNINCORPORATED,-119.30744171142578,37.146381378173828
90937616,2019,2019-03-01,9435,2019-02-25,0510,020193,,1,3,7,1005,0,1,3,,1,168,"SR-168 E/B","SHAW AVE",1000.00,W,N,B,-,Y,,,168,,,,,,E,Y,3,0,1,2,A,-,03,22350,,N,C,C,A,A,H,-,C,D,0,,,,,Y,,A,01,0,1,0,0,0,0,0,0,0,"- ","- ",36.805068969726562,-119.73623657226562,FRESNO,FRESNO,-119.73637390136719,36.805187225341797
90937619,2019,2019-03-01,9435,2019-02-26,1255,017591,,2,1,9,1000,0,1,3,,1,412,"STATE ROUTE 41 (SR-41)","MOUNT WHITNEY AVE",1108.00,N,N,B,-,Y,,,41,,,,,,,Y,3,0,2,2,A,-,03,22350,,N,C,C,A,A,H,-,A,D,0,,,,,Y,,A,01,0,2,0,0,0,0,0,0,0,"- ","- ",36.434139251708984,-119.80061340332031,FRESNO,UNINCORPORATED,-119.80054473876953,36.434127807617188
90937654,2019,2019-10-01,9435,2019-02-23,1835,019962,,6,2,9,1000,0,3,5,,2,015,"MARKS AVENUE","JENSEN AVENUE",0.00,,Y,A,-,N,,,,,,,,,,Y,1,1,1,2,A,-,12,22450,A,N,D,C,A,A,H,-,D,A,0,,,,,Y,,A,01,0,0,1,0,0,0,0,0,0,"- ","- ",36.706649780273438,-119.84455871582031,FRESNO,UNINCORPORATED,-119.84449768066406,36.706630706787109
90937684,2019,2019-03-01,9435,2019-02-28,0935,013703,,4,1,9,1000,0,3,5,,2,034,"BETHEL AVENUE","DINUBA AVENUE",0.00,,Y,A,-,N,,,,,,,,,,Y,4,0,1,2,A,-,09,21802,A,N,D,C,A,A,H,-,A,A,0,,,,,Y,,D,22,0,0,1,0,0,0,0,0,0,"- ","- ",36.590629577636719,-119.57491302490234,FRESNO,UNINCORPORATED,-119.57489013671875,36.590610504150391
90937829,2019,2019-03-01,9435,2019-02-22,0929,013660,,5,1,9,1000,0,1,3,,2,107,"SR99 NORTHBOUND","MOUNTAIN VIEW AVENUE",2753.00,S,N,A,-,Y,,,99,,,,,,N,N,2,0,1,3,A,-,03,22350,,N,G,B,E,A,D,-,A,D,0,Y,,,Y,Y,,F,26,1,0,0,0,1,0,0,0,0,"- ","- ",36.541500091552734,-119.58946228027344,FRESNO,UNINCORPORATED,-119.58948516845703,36.541473388671875
90937930,2019,2019-03-01,9435,2019-02-23,1805,020824,,6,2,9,1000,0,1,3,,1,412,"STATE ROUTE 41","HARLAN AVENUE",2000.00,N,N,B,-,Y,,,41,,,,,,,Y,3,0,4,2,A,-,08,22107,,N,D,C,A,A,H,-,D,D,0,,,,,Y,,A,01,0,3,1,0,0,0,0,0,0,"- ","- ",36.450839996337891,-119.79723358154297,FRESNO,UNINCORPORATED,-119.79733276367188,36.450855255126953
90937939,2019,2019-03-01,9435,2019-02-19,0655,013793,,2,1,9,1000,1,3,5,,2,010,"CHATEAU-FRESNO AVENUE","SHIELDS AVENUE",0.00,,Y,A,-,N,,,,,,,,,,Y,3,0,1,2,A,-,12,22450,A,N,D,C,A,A,H,-,A,A,0,,,,,Y,,A,07,0,1,0,0,0,0,0,0,0,"- ","- ",36.778739929199219,-119.93430328369141,FRESNO,UNINCORPORATED,-119.93430328369141,36.778759002685547
90938026,2019,2019-03-01,9435,2019-02-28,1655,020836,,4,2,7,1005,0,1,3,,2,410,"SR-41 S/B FROM ASHALN AVE","ASHLAN AVE",485.00,S,N,B,-,Y,,,41,,,,R,,S,Y,4,0,1,2,A,-,03,22350,,N,C,C,A,A,H,-,A,A,0,,,,,Y,,D,22,0,0,1,0,0,0,0,0,0,"- ","- ",36.792701721191406,-119.78510284423828,FRESNO,FRESNO,-119.78510284423828,36.792701721191406
90938508,2019,2019-03-04,9435,2019-02-24,2257,017518,,7,3,9,1000,0,3,5,,2,030,"WELDON AVE","MAYFAIR BLVD",375.00,W,N,A,-,N,,,,,,,,,,Y,3,0,1,2,A,-,01,23152,A,M,A,E,A,A,H,-,D,D,0,,,,,Y,Y,A,01,0,1,0,0,0,0,0,0,0,"- ","- ",36.769111633300781,-119.76756286621094,FRESNO,UNINCORPORATED,-119.76748657226562,36.76904296875
9093851,2020,2020-07-21,1001,2020-04-22,1816,5465,,3,5,5,1001,0,0,0,,0,002,"SHAW AV","CLOVIS AV",10.00,W,N,A,-,N,,,,,,,,,,N,3,0,1,2,A,-,12,21453,A,N,C,G,A,A,H,-,A,A,0,,Y,,,Y,,L,04,0,1,0,0,0,0,1,0,0,"- ","- ",36.808399200439453,-119.70036315917969,FRESNO,CLOVIS,-119.70046234130859,36.808578491210938
9093852,2020,2020-07-21,1001,2020-04-29,1050,5145,,3,5,5,1001,0,0,0,,0,005,"CLOVIS AV",SIERRA,12.00,N,N,A,-,N,,,,,,,,,,N,4,0,1,2,A,-,05,21650,1,N,D,G,A,A,H,-,A,A,0,,Y,,,Y,,L,04,0,0,1,0,0,0,1,0,0,"- ","- ",,,FRESNO,CLOVIS,-119.70032501220703,36.830360412597656
9093853,2020,2020-07-21,1001,2020-04-11,1313,5015,,6,5,5,1001,0,0,0,,0,005,"9TH ST","POLLASKY AV",0.00,,Y,A,-,N,,,,,,,,,,Y,4,0,1,2,A,-,09,21802,A,N,D,D,A,A,H,-,A,D,0,,,,,Y,,A,01,0,0,1,0,0,0,0,0,0,"- ","- ",36.819431304931641,-119.70201873779297,FRESNO,CLOVIS,-119.70201873779297,36.819431304931641
9093854,2020,2020-07-21,1001,2020-04-13,1616,5145,,1,5,5,1001,0,0,0,,0,007,"WILLOW AV","HERNDON AV",0.00,,Y,A,-,N,,,,,,,,,,Y,4,0,3,3,A,-,12,21453,A,N,D,D,A,A,H,-,A,A,0,,,,,Y,,A,07,0,0,3,0,0,0,0,0,0,"- ","- ",,,FRESNO,CLOVIS,-119.72946929931641,36.837680816650391
9093855,2020,2020-07-21,1001,2020-04-20,1837,5733,,1,5,5,1001,0,0,0,,0,007,"WEST HERNDON AV","S VILLA AV",0.00,,Y,A,-,N,,,,,,,,,,Y,4,0,1,2,A,-,12,21453,A,N,D,C,A,A,H,-,A,A,0,,,,,Y,,A,01,0,0,1,0,0,0,0,0,0,"- ","- ",36.837638854980469,-119.71369171142578,FRESNO,CLOVIS,-119.71372222900391,36.837638854980469
90938566,2019,2019-03-04,9435,2019-02-23,1107,019610,,6,1,9,1000,0,3,5,,2,034,"AMERICAN AVE","LOCAN AVE",0.00,,Y,B,-,N,,,,,,,,,,Y,3,0,4,2,A,-,08,22107,,N,D,C,A,A,H,-,A,A,0,,,,,Y,,A,07,0,4,0,0,0,0,0,0,0,"- ","- ",36.663448333740234,-119.65496826171875,FRESNO,UNINCORPORATED,-119.65492248535156,36.663459777832031
90938676,2019,2019-03-11,9435,2019-02-25,0210,021230,,1,3,9,1000,0,1,3,,2,410,"FRIANT ROAD","BELCHER STREET",75.00,S,N,A,-,N,,,,,,,,,,Y,4,0,1,1,A,-,08,22107,,N,E,I,A,A,H,-,D,D,0,,,,,Y,,A,01,0,0,1,0,0,0,0,0,0,"- ","- ",36.978748321533203,-119.71971130371094,FRESNO,UNINCORPORATED,-119.71952819824219,36.978939056396484
90939116,2019,2019-03-04,9435,2019-02-20,1240,014547,,3,1,7,1005,0,1,3,,2,410,"SR-41 S/B","BARSTOW AVENUE",150.00,N,N,A,-,Y,,,41,,,,,,S,Y,4,0,1,2,A,-,07,21658,,N,B,C,A,A,H,-,A,D,0,,,,,Y,,D,22,0,0,1,0,0,0,0,0,0,"- ","- ",36.816398620605469,-119.78559112548828,FRESNO,FRESNO,-119.78550720214844,36.816402435302734
90939249,2019,2019-03-04,9435,2019-02-21,0806,015026,,4,1,7,1005,0,1,3,,2,105,"SR-99 S/B","CLINTON AVE",1557.00,S,N,B,-,Y,,,99,,,,,,S,Y,4,0,1,3,A,-,03,22350,,N,C,C,A,B,H,-,A,D,0,,,,Y,Y,,A,01,0,0,1,0,0,0,0,0,0,"- ","- ",36.768058776855469,-119.83628845214844,FRESNO,FRESNO,-119.8363037109375,36.768051147460938
90939277,2019,2019-03-04,9435,2019-02-28,1800,020733,,4,2,7,1005,0,1,3,,2,410,"SR-41 N/B FROM SHIELDS AVE W/B","SHIELDS AVE",890.00,N,N,A,-,Y,,,41,,,,R,,N,Y,3,0,1,2,A,-,03,22350,,N,C,C,A,A,H,-,B,D,0,,,,,Y,,A,01,0,1,0,0,0,0,0,0,0,"- ","- ",36.782268524169922,-119.78433227539062,FRESNO,FRESNO,-119.78433227539062,36.782268524169922
90939300,2019,2019-03-04,9435,2019-02-28,1810,021119,,4,2,9,1000,0,1,3,,1,180,"SR-180 W/B","CORNELIA AVE",0.00,,Y,A,-,Y,,,180,,,,,,W,Y,4,0,1,2,A,-,09,21802,A,N,D,C,A,A,H,-,D,D,0,,,,,Y,,A,01,0,0,1,0,0,0,0,0,0,"- ","- ",36.735511779785156,-119.88067626953125,FRESNO,UNINCORPORATED,-119.88067626953125,36.735500335693359