CASE_ID,ACCIDENT_YEAR,PROC_DATE,JURIS,COLLISION_DATE,COLLISION_TIME,OFFICER_ID,REPORTING_DISTRICT,DAY_OF_WEEK,CHP_SHIFT,POPULATION,CNTY_CITY_LOC,SPECIAL_COND,BEAT_TYPE,CHP_BEAT_TYPE,CITY_DIVISION_LAPD,CHP_BEAT_CLASS,BEAT_NUMBER,PRIMARY_RD,SECONDARY_RD,DISTANCE,DIRECTION,INTERSECTION,WEATHER_1,WEATHER_2,STATE_HWY_IND,CALTRANS_COUNTY,CALTRANS_DISTRICT,STATE_ROUTE,ROUTE_SUFFIX,POSTMILE_PREFIX,POSTMILE,LOCATION_TYPE,RAMP_INTERSECTION,SIDE_OF_HWY,TOW_AWAY,COLLISION_SEVERITY,NUMBER_KILLED,NUMBER_INJURED,PARTY_COUNT,PRIMARY_COLL_FACTOR,PCF_CODE_OF_VIOL,PCF_VIOL_CATEGORY,PCF_VIOLATION,PCF_VIOL_SUBSECTION,HIT_AND_RUN,TYPE_OF_COLLISION,MVIW,PED_ACTION,ROAD_SURFACE,ROAD_COND_1,ROAD_COND_2,LIGHTING,CONTROL_DEVICE,CHP_ROAD_TYPE,PEDESTRIAN_ACCIDENT,BICYCLE_ACCIDENT,MOTORCYCLE_ACCIDENT,TRUCK_ACCIDENT,NOT_PRIVATE_PROPERTY,ALCOHOL_INVOLVED,STWD_VEHTYPE_AT_FAULT,CHP_VEHTYPE_AT_FAULT,COUNT_SEVERE_INJ,COUNT_VISIBLE_INJ,COUNT_COMPLAINT_PAIN,COUNT_PED_KILLED,COUNT_PED_INJURED,COUNT_BICYCLIST_KILLED,COUNT_BICYCLIST_INJURED,COUNT_MC_KILLED,COUNT_MC_INJURED,PRIMARY_RAMP,SECONDARY_RAMP,LATITUDE,LONGITUDE,COUNTY,CITY,POINT_X,POINT_Y
90973595,2019,2019-04-23,9435,2019-04-17,1205,015095,,3,1,7,1005,0,1,3,,2,105,"SR-99 SOUTHBOUND","OLIVE AVENUE",1584.00,N,N,A,-,Y,,,99,,,,,,S,N,4,0,1,2,A,-,01,23152,A,M,B,C,A,A,H,-,A,D,0,,,,Y,Y,Y,A,01,0,0,1,0,0,0,0,0,0,"- ","- ",36.760910034179688,-119.83196258544922,FRESNO,FRESNO,-119.83197021484375,36.760906219482422
90973604,2019,2019-04-23,9495,2019-04-16,1530,019829,,2,2,9,1000,0,3,5,,2,053,"JAYNE AVENUE","EL DORADO AVENUE",8976.00,W,N,A,-,N,,,,,,,,,,N,4,0,1,2,A,-,21,22106,,N,C,C,A,A,H,-,A,A,0,,,,,Y,,A,01,0,0,1,0,0,0,0,0,0,"- ","- ",36.13671875,-120.24076843261719,FRESNO,UNINCORPORATED,-120.24089050292969,36.137237548828125
90973614,2019,2019-04-23,9435,2019-04-12,1715,018892,,5,2,7,1005,0,1,3,,2,106,"SR-99 S/B","JENSEN AVE",1655.00,N,N,A,-,Y,,,99,,,,,,S,Y,2,0,2,4,A,-,01,23152,A,N,C,C,A,A,H,-,A,D,0,,,,,Y,Y,D,22,1,0,1,0,0,0,0,0,0,"- ","- ",36.710750579833984,-119.77796173095703,FRESNO,FRESNO,-119.77796936035156,36.710739135742188
90973729,2019,2019-04-24,9435,2019-04-14,0358,020062,,7,3,9,1000,0,3,5,,2,025,"DEWOLF AVE","TOLLHOUSE RD",1.00,N,N,A,-,Y,,,,,,,,,,Y,3,0,2,1,A,-,01,23152,A,N,E,I,A,A,H,-,D,D,0,,,,,Y,Y,A,01,0,1,1,0,0,0,0,0,0,"- ","- ",36.851341247558594,-119.64794158935547,FRESNO,UNINCORPORATED,-119.64794158935547,36.851249694824219
90973955,2019,2019-04-24,9435,2019-04-12,2155,020064,,5,2,7,1005,0,1,3,,2,182,"SR-180 E/B","CEDAR AVENUE",550.00,E,N,B,-,Y,,,180,,,,,,E,Y,4,0,1,4,A,-,03,22350,,M,B,C,A,A,H,-,C,D,0,,,,,Y,,E,22,0,0,1,0,0,0,0,0,0,"- ","- ",36.754859924316406,-119.75244140625,FRESNO,FRESNO,-119.75244140625,36.754871368408203
90974015,2019,2019-04-24,9435,2019-04-17,0240,019263,,3,3,9,1000,0,3,5,,2,050,"TOLLHOUSE RD","BURROUGH VALLEY RD",4224.00,E,N,C,-,N,,,,,,,,,,Y,4,0,2,1,A,-,03,22350,,N,E,I,A,B,H,-,D,D,0,,,,,Y,,A,01,0,0,2,0,0,0,0,0,0,"- ","- ",37.000690460205078,-119.40573120117188,FRESNO,UNINCORPORATED,-119.40528106689453,37.00030517578125
90974168,2019,2019-09-17,9435,2019-04-14,0505,019523,,7,3,9,1000,0,3,5,,2,025,"MILLERTON ROAD","BRIGHTON CREST DRIVE",1053.00,W,N,A,-,N,,,,,,,,,,Y,1,1,0,1,A,-,08,22107,,N,E,I,A,A,H,-,D,D,0,,,,,Y,,A,01,0,0,0,0,0,0,0,0,0,"- ","- ",36.983699798583984,-119.65084838867188,FRESNO,UNINCORPORATED,-119.65058898925781,36.983661651611328
90974284,2019,2019-04-24,9435,2019-04-16,1629,020205,,2,2,7,1005,0,1,3,,2,410,"SR-41 S/B","ASHLAN AVE",900.00,S,N,A,-,Y,,,41,,,,,,S,Y,3,0,2,2,A,-,03,22350,,N,C,C,A,A,H,-,A,D,0,,,,,Y,,A,07,0,1,1,0,0,0,0,0,0,"- ","- ",36.790401458740234,-119.78450012207031,FRESNO,FRESNO,-119.78452301025391,36.790397644042969
90974373,2019,2019-04-24,9435,2019-04-17,1150,017166,,3,1,7,1005,0,1,3,,2,105,"SR-99 N/B","MCKINLEY AVE",1580.00,S,N,A,-,Y,,,99,,,,,,N,Y,2,0,2,3,A,-,03,22350,,N,C,C,A,A,H,-,A,D,0,,,Y,,Y,,C,02,1,0,1,0,0,0,0,0,2,"- ","- ",36.75933837890625,-119.83078002929688,FRESNO,FRESNO,-119.83082580566406,36.759315490722656
90974435,2019,2019-04-24,9435,2019-04-19,1109,019610,,5,1,9,1000,0,1,3,,2,105,"SR-99 S/B TO FRESNO STREET","FRESNO STREET",528.00,N,N,A,-,Y,,,,,,,,,,N,4,0,1,3,A,-,03,22350,,N,C,C,A,A,H,-,A,A,0,,,,,Y,,A,01,0,0,1,0,0,0,0,0,0,"- ","- ",36.731700897216797,-119.80039978027344,FRESNO,UNINCORPORATED,-119.80083465576172,36.731887817382812
90974563,2019,2019-04-24,9435,2019-04-16,0658,015755,,2,1,9,1000,0,3,5,,2,040,"MANNING AVE","JAMESON AVE",1584.00,E,N,C,-,N,,,,,,,,,,Y,3,0,1,1,A,-,08,22107,,N,E,I,A,B,H,-,A,D,0,,,,,Y,,A,01,0,1,0,0,0,0,0,0,0,"- ","- ",36.604518890380859,-119.98236083984375,FRESNO,UNINCORPORATED,-119.98390960693359,36.604198455810547
90974569,2019,2019-04-24,9435,2019-04-12,1850,020824,,5,2,9,1000,0,3,5,,2,010,"MAROA AVENUE","GETTYSBURG AVENUE",50.00,S,N,A,-,N,,,,,,,,,,Y,4,0,3,3,A,-,08,22107,,N,B,C,A,A,H,-,A,A,0,,,,,Y,,A,01,0,0,3,0,0,0,0,0,0,"- ","- ",36.801078796386719,-119.79949188232422,FRESNO,UNINCORPORATED,-119.79948425292969,36.801082611083984
90974588,2019,2019-04-24,9435,2019-04-20,2005,020837,,6,2,9,1000,0,1,3,,1,412,"STATE ROUTE 41 SOUTHBOUND","MOUNTAIN VIEW AVENUE",100.00,N,N,A,-,N,,,41,,,,,,S,N,4,0,1,2,A,-,03,22350,,N,C,C,A,A,H,-,D,A,0,,,,,Y,,A,01,0,0,1,0,0,0,0,0,0,"- ","- ",36.548648834228516,-119.78630828857422,FRESNO,UNINCORPORATED,-119.78608703613281,36.548648834228516
90974616,2019,2019-04-24,9435,2019-04-20,0750,015179,,6,1,9,1000,0,3,5,,2,025,"FOWLER AVE","NEES AVE",265.00,N,N,A,-,N,,,,,,,,,,N,3,0,1,2,A,-,03,22350,,N,C,C,A,A,H,-,A,D,0,,,,,Y,,D,22,0,1,0,0,0,0,0,0,0,"- ","- ",36.852428436279297,-119.68376159667969,FRESNO,UNINCORPORATED,-119.68405151367188,36.852687835693359
90974639,2019,2019-04-24,9435,2019-04-07,1550,020824,,7,2,7,1005,0,1,3,,2,105,"STATE ROUTE 99 N/B","BELMONT AVENUE",1750.00,S,N,A,-,Y,,,99,,,,,,N,Y,3,0,1,3,A,-,07,21658,A,F,E,I,A,A,H,-,A,D,0,,,,,Y,,-,99,0,1,0,0,0,0,0,0,0,"- ","- ",36.746261596679688,-119.82144927978516,FRESNO,FRESNO,-119.82150268554688,36.7462158203125
90974828,2019,2019-04-25,9435,2019-04-06,2220,020450,,6,3,9,1000,0,3,5,,2,030,"OLIVE AVE","FANCHER AVENUE",8.00,E,N,A,-,N,,,,,,,,,,Y,2,0,3,1,A,-,01,23152,A,N,E,I,A,A,H,-,D,A,0,,,,,Y,Y,A,01,2,1,0,0,0,0,0,0,0,"- ","- ",36.757450103759766,-119.63237762451172,FRESNO,UNINCORPORATED,-119.63246154785156,36.757461547851562
90974874,2019,2019-04-29,9461,2019-04-16,0645,017183,,2,1,9,1000,0,1,1,,2,305,"SOUTHBOUND I-5","RUSSELL AVE",8448.00,N,N,B,-,Y,,,5,,,,,,,Y,3,0,1,1,A,-,08,22107,,N,F,I,A,A,H,-,A,D,0,,,,,Y,,A,01,0,1,0,0,0,0,0,0,0,"- ","- ",36.705898284912109,-120.67410278320312,FRESNO,UNINCORPORATED,-120.67405700683594,36.705936431884766
90975110,2019,2019-04-25,9435,2019-04-20,1012,018912,,6,1,7,1005,0,1,3,,2,105,"STATE ROUTE 99 (SOUTHBOUND)","TUOLUMNE ST",50.00,N,N,A,-,Y,,,99,,,,,,,Y,2,0,2,2,A,-,03,22350,,N,C,C,A,A,H,-,A,D,0,,,Y,,Y,,C,02,1,0,1,0,0,0,0,0,1,"- ","- ",36.733268737792969,-119.80182647705078,FRESNO,FRESNO,-119.80181884765625,36.733283996582031
90975232,2019,2019-04-25,9435,2019-04-16,0630,014672,,2,1,7,1005,0,1,3,,2,181,"SR-180 E/B","ABBY STREET",634.00,E,N,B,C,Y,,,180,,,,,,E,Y,4,0,1,2,A,-,03,22350,,N,B,C,A,B,H,-,B,D,0,,,,,Y,,A,01,0,0,1,0,0,0,0,0,0,"- ","- ",36.752510070800781,-119.78704833984375,FRESNO,FRESNO,-119.78706359863281,36.752571105957031
90975271,2019,2019-04-25,9435,2019-04-22,1655,018926,,1,2,7,1005,0,1,3,,2,106,"SR-99 S/B","CENTRAL AVE",528.00,N,N,A,-,Y,,,,,,,,,,Y,4,0,1,2,A,-,03,22350,,N,C,C,A,A,H,-,A,D,0,,,,,Y,,A,01,0,0,1,0,0,0,0,0,0,"- ","- ",36.679119110107422,-119.74298095703125,FRESNO,FRESNO,-119.74281311035156,36.678951263427734
90975360,2019,2019-04-29,9435,2019-04-21,1249,019962,,7,1,9,1000,0,3,5,,2,034,"JENSEN AVENUE","PHILLIP AVENUE",200.00,W,N,A,-,N,,,,,,,,,,N,4,0,1,2,A,-,09,21804,A,N,C,C,A,A,H,-,A,D,0,,,,,Y,,A,07,0,0,1,0,0,0,0,0,0,"- ","- ",36.707561492919922,-119.69644165039062,FRESNO,UNINCORPORATED,-119.69622802734375,36.707523345947266
90976617,2019,2019-04-26,9435,2019-04-21,1055,018912,,7,1,9,1000,0,1,3,,2,105,"SR-99 NORTHBOUND TO HERNDON AVENUE","HERNDON AVENUE",75.00,S,N,A,-,Y,,,99,,,,R,,N,N,4,0,1,2,A,-,03,22350,,N,C,C,A,A,H,-,A,A,0,,,,,Y,,D,22,0,0,1,0,0,0,0,0,0,"- ","- ",36.832489013671875,-119.91680145263672,FRESNO,UNINCORPORATED,-119.91680145263672,36.832489013671875
90976676,2019,2019-04-26,9435,2019-04-23,1542,019962,,2,2,9,1000,0,3,5,,2,020,"PALOMA AVENUE","VALENTINE AVENUE",0.00,,Y,A,-,N,,,,,,,,,,Y,4,0,1,2,A,-,09,21800,B,N,D,C,A,A,H,-,A,D,0,,,,,Y,,A,01,0,0,1,0,0,0,0,0,0,"- ","- ",36.432868957519531,-119.85965728759766,FRESNO,UNINCORPORATED,-119.85962677001953,36.432891845703125
90976758,2019,2019-04-26,9435,2019-04-24,1720,018926,,3,2,7,1005,0,1,3,,2,410,"SR-41 S/B TO SR-180/168 E/B","MCKINLEY AVE",1056.00,S,N,A,-,Y,,,,,,,,,,N,4,0,1,2,A,-,07,21658,A,N,B,C,A,A,H,-,A,D,0,,,,,Y,,E,22,0,0,1,0,0,0,0,0,0,"- ","- ",36.755428314208984,-119.7723388671875,FRESNO,FRESNO,-119.77706909179688,36.764961242675781
90976904,2019,2019-09-23,9435,2019-03-11,2030,018892,,1,2,9,1000,0,3,5,,2,034,"MENDOCINO AVENUE","INDUSTRIAL DRIVE",940.00,S,N,A,-,N,,,,,,,,,,Y,1,2,0,2,A,-,01,23152,A,N,A,C,A,A,H,-,D,D,0,,,,,Y,Y,D,22,0,0,0,0,0,0,0,0,0,"- ","- ",36.596881866455078,-119.54795074462891,FRESNO,UNINCORPORATED,-119.54792785644531,36.597019195556641
90977479,2019,2019-04-29,9435,2019-04-18,1508,016270,,4,2,9,1000,0,3,5,,2,060,"MANNING AVE","ENGLEHART AVE",0.00,,Y,A,-,N,,,,,,,,,,N,4,0,1,3,A,-,03,22350,,N,C,C,A,A,H,-,A,D,0,,,,,Y,,A,08,0,0,1,0,0,0,0,0,0,"- ","- ",36.604049682617188,-119.41297149658203,FRESNO,UNINCORPORATED,-119.41295623779297,36.604030609130859
90977486,2019,2019-04-29,9435,2019-04-18,1645,020837,,4,2,9,1000,0,3,5,,2,015,"DICKENSON AVENUE","KEARNEY BOULEVARD",0.00,,Y,A,-,N,,,,,,,,,,Y,2,0,3,2,A,-,09,21802,A,N,D,C,A,A,H,-,A,A,0,,,,Y,Y,,A,01,1,0,2,0,0,0,0,0,0,"- ","- ",36.727741241455078,-119.96996307373047,FRESNO,UNINCORPORATED,-119.96996307373047,36.727699279785156
90977675,2019,2019-04-29,9495,2019-04-19,0540,021270,,5,3,9,1000,0,1,1,,2,001,"INTERSTATE 5 (NORTHBOUND)","PANOCHE ROAD",5280.00,S,N,A,-,Y,,,,,,,,,,Y,4,0,2,1,A,-,08,22107,,N,F,A,A,A,H,-,A,D,0,,,,,Y,,D,22,0,0,2,0,0,0,0,0,0,"- ","- ",36.623798370361328,-120.61260223388672,FRESNO,UNINCORPORATED,-120.61347961425781,36.627048492431641
90977709,2019,2019-04-29,9435,2019-04-20,2040,020019,,6,2,9,1000,0,1,3,,1,183,SR-180,"RAINBOW AVENUE",255.00,E,N,A,-,Y,,,180,,,,,,,N,4,0,1,2,A,-,09,21801,A,N,D,C,A,A,H,-,D,D,0,,,,,Y,,A,07,0,0,1,0,0,0,0,0,0,"- ","- ",36.733489990234375,-119.49687194824219,FRESNO,UNINCORPORATED,-119.49687194824219,36.733493804931641
90978633,2019,2019-04-30,9435,2019-04-21,2015,020019,,7,2,9,1000,0,3,5,,2,030,"MCCALL AVENUE","MCKINLEY AVENUE",1584.00,S,N,A,-,N,,,,,,,,,,Y,3,0,1,1,A,-,01,23152,A,N,E,I,A,A,H,-,D,D,0,,,,,Y,Y,A,07,0,1,0,0,0,0,0,0,0,"- ","- ",36.762290954589844,-119.61020660400391,FRESNO,UNINCORPORATED,-119.61014556884766,36.760391235351562
90978644,2019,2019-04-30,9435,2019-04-22,2210,020064,,1,3,7,1005,0,1,3,,2,105,"SR-99 N/B","BELMONT AVENUE",1584.00,N,N,B,-,Y,,,99,,,,,,N,Y,2,0,3,1,A,-,01,23152,A,N,E,I,A,A,H,-,D,D,0,,,,,Y,Y,A,07,3,0,0,0,0,0,0,0,0,"- ","- ",36.753608703613281,-119.82746887207031,FRESNO,FRESNO,-119.82736968994141,36.753673553466797
90979010,2019,2019-04-30,9435,2019-04-21,1049,019610,,7,1,9,1000,0,3,5,,2,034,"MCCALL AVE","ANNADALE AVE",20.00,N,N,A,-,N,,,,,,,,,,Y,4,0,2,2,A,-,03,22350,,N,C,C,A,A,H,-,A,A,0,,,,,Y,,A,01,0,0,2,0,0,0,0,0,0,"- ","- ",36.69940185546875,-119.61029815673828,FRESNO,UNINCORPORATED,-119.61029815673828,36.699405670166016
90979106,2019,2019-04-30,9435,2019-04-22,1846,020019,,1,2,9,1000,0,3,5,,2,010,"MAROA AVENUE","SHAW AVENUE",0.00,,Y,A,-,N,,,,,,,,,,N,4,0,1,3,A,-,09,21801,A,N,D,C,A,A,H,-,A,A,0,,,,,Y,,A,01,0,0,1,0,0,0,0,0,0,"- ","- ",36.80841064453125,-119.79942321777344,FRESNO,UNINCORPORATED,-119.79944610595703,36.808559417724609
90979300,2019,2019-04-30,9435,2019-04-25,1420,018892,,4,2,9,1000,0,1,3,,2,106,"SR-99 S/B","CLOVIS AVE",1584.00,N,N,A,-,Y,,,99,,,,,,S,Y,3,0,1,2,A,-,03,22350,,N,C,C,A,A,H,-,A,D,0,,,,,Y,,A,01,0,1,0,0,0,0,0,0,0,"- ","- ",36.644779205322266,-119.70443725585938,FRESNO,UNINCORPORATED,-119.70446014404297,36.644763946533203
90979512,2019,2019-05-01,9435,2019-04-25,0740,015179,,4,1,9,1000,0,3,5,,2,025,"CHESTNUT AVE","SHIELDS AVE",0.00,,Y,A,-,N,,,,,,,,,,Y,3,0,1,3,A,-,09,21801,A,N,D,C,A,A,H,-,A,A,0,,,,,Y,,A,01,0,1,0,0,0,0,0,0,0,"- ","- ",36.779560089111328,-119.73638916015625,FRESNO,UNINCORPORATED,-119.73638916015625,36.779560089111328
9097958,2020,2020-11-20,1001,2020-03-07,1249,5723,,6,5,5,1001,0,0,0,,0,00B,"RT 168","SHEPHERD AV",0.00,,Y,A,-,Y,FRE,6,168,-,R,11.839,I,5,E,N,3,0,1,2,A,-,12,21453,A,N,D,C,A,A,H,-,A,A,0,,,,,Y,,-,"- ",0,1,0,0,0,0,0,0,0,"- ","- ",,,FRESNO,CLOVIS,-119.62472534179688,36.86517333984375
90979664,2019,2019-05-01,9435,2019-04-22,1720,015890,,1,2,9,1000,0,3,5,,2,025,"AUBERRY RD","COPPER AVE",6336.00,N,N,A,-,N,,,,,,,,,,Y,2,0,2,2,A,-,08,22107,,N,B,C,A,A,H,-,A,D,0,,,Y,,Y,,C,02,2,0,0,0,0,0,0,0,2,"- ","- ",36.913249969482422,-119.71578979492188,FRESNO,UNINCORPORATED,-119.71578979492188,36.913169860839844
90979741,2019,2019-05-01,9435,2019-04-26,1740,020205,,5,2,7,1005,0,1,3,,2,181,"SR-180 W/B TO SR-41 N/B","FIRST STREET",300.00,E,N,A,-,Y,,,180,,,,R,,W,N,4,0,1,2,A,-,03,22350,,N,C,C,A,A,H,-,A,D,0,,,,,Y,,A,01,0,0,1,0,0,0,0,0,0,"- ","- ",36.755298614501953,-119.77169799804688,FRESNO,FRESNO,-119.77169799804688,36.755298614501953
90979906,2019,2019-05-01,9435,2019-04-26,1122,019610,,5,1,7,1005,0,1,3,,2,410,"SR-41 N/B","MCKINLEY AVE",1320.00,S,N,A,-,Y,,,41,,,,,,N,N,4,0,1,2,A,-,03,22350,,M,C,C,A,A,H,-,A,A,0,,,,,Y,,-,99,0,0,1,0,0,0,0,0,0,"- ","- ",36.760631561279297,-119.77549743652344,FRESNO,FRESNO,-119.77529144287109,36.760616302490234
90980101,2019,2019-05-01,9435,2019-04-27,1505,020837,,6,2,9,1000,0,3,5,,2,010,"PALM AVENUE","ASHLAN AVENUE",0.00,,Y,A,-,N,,,,,,,,,,Y,3,0,3,3,A,-,12,21453,A,N,D,C,A,A,H,-,A,A,0,,,,,Y,,A,07,0,2,1,0,0,0,0,0,0,"- ","- ",36.793891906738281,-119.80854034423828,FRESNO,UNINCORPORATED,-119.80860137939453,36.793899536132812
90980147,2019,2019-05-01,9495,2019-04-19,1545,020021,,5,2,9,1000,0,1,3,,1,014,"STATE ROUTE 269 (LASSEN AVENUE)","W. JEFFREYS AVENUE",2640.00,N,N,A,-,Y,,,269,,,,,,,Y,2,0,4,1,A,-,08,22107,,N,F,A,A,A,H,-,A,D,0,,,,,Y,,A,08,1,1,2,0,0,0,0,0,0,"- ","- ",36.378738403320312,-120.10331726074219,FRESNO,UNINCORPORATED,-120.10324859619141,36.378738403320312
90980432,2019,2019-05-02,9435,2019-04-22,1605,021031,,1,2,9,1000,0,3,5,,2,010,"DUDLEY AVENUE","LAFAYETTE AVENUE",0.00,,Y,A,-,N,,,,,,,,,,N,4,0,1,2,A,-,05,21752,D,N,H,J,A,A,H,-,A,A,0,,,,,Y,,D,22,0,0,1,0,0,0,0,0,0,"- ","- ",36.753818511962891,-119.83775329589844,FRESNO,UNINCORPORATED,-119.83775329589844,36.753791809082031
90980516,2019,2019-05-02,9435,2019-04-22,1830,021031,,1,2,9,1000,0,3,5,,2,010,"BARSTOW AVENUE","FORKNER AVENUE",0.00,,Y,A,-,N,,,,,,,,,,Y,4,0,1,2,A,-,01,23152,A,N,D,C,A,A,H,-,A,A,0,,,,,Y,Y,A,01,0,0,1,0,0,0,0,0,0,"- ","- ",36.815540313720703,-119.83088684082031,FRESNO,UNINCORPORATED,-119.83084869384766,36.815498352050781
90980539,2019,2019-05-02,9435,2019-04-23,0615,020540,,2,1,9,1000,0,3,5,,2,060,"ENGLEHART AVENUE","PARLIER AVENUE",0.00,,Y,A,-,N,,,,,,,,,,Y,4,0,1,2,A,-,09,21802,A,N,D,C,A,A,H,-,A,A,0,,,,,Y,,A,08,0,0,1,0,0,0,0,0,0,"- ","- ",36.611110687255859,-119.41294097900391,FRESNO,UNINCORPORATED,-119.41297912597656,36.611259460449219
90980551,2019,2019-05-02,9435,2019-04-26,1210,015179,,5,1,7,1005,0,1,3,,2,181,"SR-180 E/B","ABBY ST",50.00,E,N,A,-,Y,,,180,,,,,,E,Y,3,0,1,2,A,-,07,21658,A,N,B,C,A,A,H,-,A,D,0,,,,,Y,,A,07,0,1,0,0,0,0,0,0,0,"- ","- ",36.752178192138672,-119.78855133056641,FRESNO,FRESNO,-119.78856658935547,36.752265930175781
9098067,2020,2020-10-02,1003,2020-01-04,1655,F047,FIREB,6,5,2,1003,0,0,0,,0,,"N DOS PALOS RD","N DOS PALOS RD 9757",0.00,,Y,A,-,Y,FRE,6,33,-,-,72.140,H,-,N,Y,4,0,2,2,A,-,03,22349,B,N,C,C,A,A,H,-,B,D,0,,,,,Y,Y,A,01,0,0,2,0,0,0,0,0,0,"- ","- ",,,FRESNO,FIREBAUGH,-120.48150634765625,36.876716613769531
90980829,2019,2019-05-02,9435,2019-04-29,1720,019962,,1,2,9,1000,0,3,5,,2,015,"CORNELIA AVENUE","MADISION AVENUE",0.00,,Y,A,-,N,,,,,,,,,,Y,3,0,1,2,A,-,12,22450,A,N,D,C,A,A,H,-,A,A,0,,,,,Y,,D,22,0,1,0,0,0,0,0,0,0,"- ","- ",36.728191375732422,-119.88067626953125,FRESNO,UNINCORPORATED,-119.88066864013672,36.728160858154297
9098116,2020,2020-07-16,1012,2020-03-18,1200,L059,,3,5,3,1012,0,0,0,,0,,"FRANKWOOD AV","MYRTLE AV",10.00,N,N,A,-,N,,,,,,,,,,Y,4,0,1,2,A,-,09,21802,A,N,D,C,A,A,H,-,A,D,0,,,,,Y,,A,01,0,0,1,0,0,0,0,0,0,"- ","- ",36.602291107177734,-119.44869995117188,FRESNO,REEDLEY,-119.44870758056641,36.602428436279297
90981225,2019,2019-05-03,9435,2019-04-28,2300,020062,,7,3,7,1005,0,1,3,,1,168,"SR168 E/B","DAKOTA AVE",1.00,S,N,A,-,Y,,,168,,,,,,E,Y,4,0,2,2,A,-,01,23152,A,N,C,C,A,A,H,-,D,D,0,,,,,Y,Y,A,01,0,0,2,0,0,0,0,0,0,"- ","- ",36.786731719970703,-119.74890899658203,FRESNO,FRESNO,-119.74893951416016,36.786731719970703
90981242,2019,2019-05-03,9495,2019-05-01,1150,019154,,3,1,9,1000,0,1,1,,2,001,"INTERSTATE 5 SOUTHBOUND","STATE ROUTE 33 (DERRICK AVE)",21648.00,N,N,A,-,Y,,,5,,,,,,S,Y,3,0,1,1,A,-,08,22107,,N,E,I,A,A,H,-,A,D,0,,,,,Y,,A,01,0,1,0,0,0,0,0,0,0,"- ","- ",36.489360809326172,-120.44400024414062,FRESNO,UNINCORPORATED,-120.44397735595703,36.489383697509766
90981373,2019,2019-05-03,9435,2019-04-30,1608,019962,,2,2,9,1000,0,3,5,,2,015,"KEARNEY BLVD","BISHOP AVENUE",650.00,E,N,A,-,N,,,,,,,,,,Y,2,0,1,1,A,-,08,22107,,N,E,C,A,A,H,-,A,D,0,,,,,Y,,D,22,1,0,0,0,0,0,0,0,0,"- ","- ",36.727619171142578,-120.00511169433594,FRESNO,UNINCORPORATED,-120.00391387939453,36.727699279785156
90981497,2019,2019-05-03,9435,2019-03-31,0130,020680,,7,3,9,1000,0,3,5,,2,025,"FRIANT ROAD NORTHBOUND","WILLOW AVENUE",10032.00,N,N,A,-,N,,,,,,,,,,Y,1,1,0,1,A,-,08,22107,,N,F,A,A,A,H,-,D,D,0,,,,,Y,,A,01,0,0,0,0,0,0,0,0,0,"- ","- ",36.948688507080078,-119.72901153564453,FRESNO,UNINCORPORATED,-119.72969818115234,36.948104858398438
90981602,2019,2019-05-03,9435,2019-04-28,1130,017310,,7,1,9,1000,0,1,3,,2,106,"SR-99 N/B","CLOVIS AVE",5280.00,N,N,A,-,Y,,,99,,,,,,N,Y,3,0,2,3,A,-,07,21658,A,M,B,C,A,A,H,-,A,D,0,,,,Y,Y,,A,01,0,1,1,0,0,0,0,0,0,"- ","- ",36.647750854492188,-119.70736694335938,FRESNO,UNINCORPORATED,-119.70738220214844,36.647735595703125
90982022,2019,2019-05-06,9435,2019-04-27,1245,015095,,6,1,7,1005,0,1,3,,2,410,"SR-41 NORTHBOUND","ASHLAN AVENUE",1584.00,N,N,A,-,Y,,,41,,,,,,N,Y,4,0,1,3,A,-,03,22350,,M,C,C,A,A,H,-,A,D,0,,,,,Y,,-,99,0,0,1,0,0,0,0,0,0,"- ","- ",36.7977294921875,-119.78517150878906,FRESNO,FRESNO,-119.78514862060547,36.7977294921875
90982050,2019,2019-05-06,9435,2019-04-27,1330,021119,,6,1,7,1005,0,1,3,,2,410,"SR-41 N/B","SHIELDS AVE",500.00,N,N,A,-,Y,,,41,,,,,,N,Y,4,0,1,2,A,-,03,22350,,N,C,C,A,A,H,-,A,D,0,,,,,Y,,D,22,0,0,1,0,0,0,0,0,0,"- ","- ",36.781158447265625,-119.78450775146484,FRESNO,FRESNO,-119.78449249267578,36.781158447265625
90982274,2019,2019-05-06,9435,2019-04-25,1310,016507,,4,1,9,1000,0,3,5,,2,060,"PERLMAN DR","LUPINE DR",1056.00,S,N,A,-,N,,,,,,,,,,Y,4,0,1,2,A,-,21,22106,,N,H,C,A,A,H,-,A,D,0,,,,,Y,,A,01,0,0,1,0,0,0,0,0,0,"- ","- ",36.796878814697266,-119.30490875244141,FRESNO,UNINCORPORATED,-119.30494689941406,36.797138214111328