CASE_ID,ACCIDENT_YEAR,PROC_DATE,JURIS,COLLISION_DATE,COLLISION_TIME,OFFICER_ID,REPORTING_DISTRICT,DAY_OF_WEEK,CHP_SHIFT,POPULATION,CNTY_CITY_LOC,SPECIAL_COND,BEAT_TYPE,CHP_BEAT_TYPE,CITY_DIVISION_LAPD,CHP_BEAT_CLASS,BEAT_NUMBER,PRIMARY_RD,SECONDARY_RD,DISTANCE,DIRECTION,INTERSECTION,WEATHER_1,WEATHER_2,STATE_HWY_IND,CALTRANS_COUNTY,CALTRANS_DISTRICT,STATE_ROUTE,ROUTE_SUFFIX,POSTMILE_PREFIX,POSTMILE,LOCATION_TYPE,RAMP_INTERSECTION,SIDE_OF_HWY,TOW_AWAY,COLLISION_SEVERITY,NUMBER_KILLED,NUMBER_INJURED,PARTY_COUNT,PRIMARY_COLL_FACTOR,PCF_CODE_OF_VIOL,PCF_VIOL_CATEGORY,PCF_VIOLATION,PCF_VIOL_SUBSECTION,HIT_AND_RUN,TYPE_OF_COLLISION,MVIW,PED_ACTION,ROAD_SURFACE,ROAD_COND_1,ROAD_COND_2,LIGHTING,CONTROL_DEVICE,CHP_ROAD_TYPE,PEDESTRIAN_ACCIDENT,BICYCLE_ACCIDENT,MOTORCYCLE_ACCIDENT,TRUCK_ACCIDENT,NOT_PRIVATE_PROPERTY,ALCOHOL_INVOLVED,STWD_VEHTYPE_AT_FAULT,CHP_VEHTYPE_AT_FAULT,COUNT_SEVERE_INJ,COUNT_VISIBLE_INJ,COUNT_COMPLAINT_PAIN,COUNT_PED_KILLED,COUNT_PED_INJURED,COUNT_BICYCLIST_KILLED,COUNT_BICYCLIST_INJURED,COUNT_MC_KILLED,COUNT_MC_INJURED,PRIMARY_RAMP,SECONDARY_RAMP,LATITUDE,LONGITUDE,COUNTY,CITY,POINT_X,POINT_Y
90994995,2019,2019-05-23,9435,2019-05-16,0020,015179,,4,3,9,1000,0,3,5,,2,050,"AUBERRY RD","FRAZIER RD",161.00,S,N,A,-,N,,,,,,,,,,Y,3,0,1,1,A,-,01,23152,A,N,F,I,A,B,H,-,D,D,0,,,,,Y,Y,D,22,0,1,0,0,0,0,0,0,0,"- ","- ",37.066871643066406,-119.49430847167969,FRESNO,UNINCORPORATED,-119.49420928955078,37.065906524658203
90995029,2019,2019-05-23,9435,2019-05-15,1555,017591,,3,2,9,1000,0,3,5,,2,040,"FOWLER AVE","FLORAL AVE",0.00,,Y,B,-,N,,,,,,,,,,Y,3,0,4,3,A,-,12,22450,A,N,D,C,A,A,H,-,A,A,0,,,,,Y,,A,07,0,1,3,0,0,0,0,0,0,"- ","- ",36.576610565185547,-119.68260192871094,FRESNO,UNINCORPORATED,-119.68255615234375,36.576381683349609
90995122,2019,2019-05-23,9495,2019-05-11,0950,019154,,6,1,9,1000,0,1,1,,2,001,"INTERSTATE 5 NORTHBOUND","PANOCHE ROAD",5280.00,S,N,A,-,Y,,,5,,,,,,N,Y,3,0,1,2,A,-,08,22107,,N,D,D,A,A,H,-,A,D,0,,,,,Y,Y,A,01,0,1,0,0,0,0,0,0,0,"- ","- ",36.623210906982422,-120.60968780517578,FRESNO,UNINCORPORATED,-120.6097412109375,36.623157501220703
90995180,2019,2019-05-23,9435,2019-05-14,0508,020592,,2,3,3,1015,0,1,3,,2,107,"SR-99 N/B","FLORAL AVE",596.00,N,N,A,-,Y,,,99,,,,,,N,Y,4,0,1,2,A,-,03,22350,,N,E,C,A,A,H,-,D,D,0,,,,,Y,,A,01,0,0,1,0,0,0,0,0,0,"- ","- ",36.577800750732422,-119.63088226318359,FRESNO,SELMA,-119.63085174560547,36.577831268310547
90995193,2019,2019-05-23,9435,2019-05-13,2206,020592,,1,3,7,1005,0,1,3,,2,106,"SR-99 S/B","NORTH AVE",24.00,S,N,A,-,Y,,,99,,,,,,S,Y,4,0,3,4,A,-,03,22350,,N,C,C,A,A,D,-,D,A,0,,,,,Y,,A,07,0,0,3,0,0,0,0,0,0,"- ","- ",36.692241668701172,-119.75879669189453,FRESNO,FRESNO,-119.75881958007812,36.692211151123047
90995221,2019,2019-05-23,9435,2019-05-19,2300,016507,,7,3,9,1000,0,1,3,,2,184,"STATE ROUTE 180 (KINGS CANYON ROAD)","HUME ROAD",71808.00,E,N,A,-,Y,,,180,,,,,,,Y,4,0,1,1,A,-,08,22107,,N,F,A,A,A,H,-,D,D,0,,,,,Y,,A,01,0,0,1,0,0,0,0,0,0,"- ","- ",36.815349578857422,-118.81626129150391,FRESNO,UNINCORPORATED,-118.81626892089844,36.815322875976562
90995494,2019,2019-05-24,9435,2019-05-19,0255,021202,,7,3,7,1005,0,1,3,,2,181,"SR-180 E/B","ABBY ST",635.00,E,N,C,-,Y,,,180,,,,,,E,Y,4,0,1,2,A,-,08,22107,,N,D,C,A,B,H,-,C,D,0,,,,,Y,,A,01,0,0,1,0,0,0,0,0,0,"- ","- ",36.752521514892578,-119.78700256347656,FRESNO,FRESNO,-119.78701019287109,36.752582550048828
90995680,2019,2019-05-24,9435,2019-05-20,0856,013703,,1,1,9,1000,0,3,5,,2,034,"TEMPERANCE AVENUE","AMERICAN AVENUE",0.00,,Y,A,-,N,,,,,,,,,,Y,2,0,3,2,A,-,12,22450,A,N,D,C,A,A,H,-,A,A,0,,,,,Y,,D,22,3,0,0,0,0,0,0,0,0,"- ","- ",36.663509368896484,-119.66390991210938,FRESNO,UNINCORPORATED,-119.66390228271484,36.663478851318359
90995740,2019,2019-05-24,9435,2019-05-19,0930,016507,,7,1,9,1000,0,1,3,,2,184,"STATE ROUTE 180 (KINGS CANYON ROAD)","CHERRY GAP",6864.00,W,N,D,-,Y,,,180,,,,,,,Y,4,0,1,1,A,-,08,22107,,N,E,I,A,C,H,-,A,D,0,,,,,Y,,A,07,0,0,1,0,0,0,0,0,0,"- ","- ",36.760478973388672,-118.95924377441406,FRESNO,UNINCORPORATED,-118.95921325683594,36.760486602783203
90995769,2019,2019-05-24,9435,2019-05-21,0600,013703,,2,1,9,1000,0,3,5,,2,034,"GOLDEN STATE BLVD (S/B)","VAN HORN AVE",430.00,S,N,A,-,N,,,,,,,,,,Y,2,0,1,1,A,-,08,22107,,N,E,I,A,A,H,-,B,D,0,,,,,Y,,A,01,1,0,0,0,0,0,0,0,0,"- ","- ",36.552051544189453,-119.59647369384766,FRESNO,UNINCORPORATED,-119.59648132324219,36.552028656005859
90995855,2019,2019-05-24,9435,2019-05-18,1745,020019,,6,2,7,1005,0,1,3,,2,410,"SR-41 SB FROM SHAW AVE WB","SHAW AVENUE",140.00,S,N,B,C,Y,,,41,,,,R,,S,Y,3,0,1,1,A,-,03,22350,,N,E,I,A,B,H,-,A,D,0,,,,,Y,,A,07,0,1,0,0,0,0,0,0,0,"- ","- ",36.808010101318359,-119.7855224609375,FRESNO,FRESNO,-119.7855224609375,36.808010101318359
90996143,2019,2019-05-27,9435,2019-05-13,0800,014547,,1,1,7,1005,0,1,3,,1,168,"SR-168 WB","FLORADORA AVENUE",200.00,E,N,B,-,Y,,,168,,,,,,W,Y,3,0,3,4,A,-,03,22350,,N,C,C,A,A,H,-,A,D,0,,,,Y,Y,,A,01,0,1,2,0,0,0,0,0,0,"- ","- ",36.762050628662109,-119.74947357177734,FRESNO,FRESNO,-119.74944305419922,36.762050628662109
90996150,2019,2019-05-27,9435,2019-05-18,1211,018865,,6,1,9,1000,0,3,5,,2,015,"ELM AVE","CENTRAL AVE",0.00,,Y,A,-,N,,,,,,,,,,Y,3,0,3,2,A,-,09,21801,A,N,A,C,A,A,H,-,A,D,0,,,,,Y,,D,22,0,3,0,0,0,0,0,0,0,"- ","- ",36.677921295166016,-119.79074096679688,FRESNO,UNINCORPORATED,-119.790771484375,36.677940368652344
9099699,2020,2020-06-05,1002,2020-01-16,0740,E1459,CO,4,5,3,1002,0,0,0,,0,E030,"VAN NESS ST","SUNSET ST",18.00,N,N,A,-,N,,,,,,,,,,N,3,0,1,2,A,-,10,21950,A,N,G,B,B,A,H,-,A,D,0,Y,,,,Y,,-,,0,1,0,0,1,0,0,0,0,"- ","- ",36.144321441650391,-120.36271667480469,FRESNO,COALINGA,-120.36398315429688,36.143779754638672
90997317,2019,2019-06-13,9435,2019-05-21,0923,018865,,2,1,7,1005,0,1,3,,2,181,"SR-180 E/B","ABBY ST",145.00,W,N,A,-,Y,,,180,,,,,,E,Y,3,0,1,2,A,-,07,21658,A,N,B,C,A,A,H,-,A,D,0,,,,,Y,,A,01,0,1,0,0,0,0,0,0,0,"- ","- ",36.751968383789062,-119.78984832763672,FRESNO,FRESNO,-119.78985595703125,36.751979827880859
90997540,2019,2019-05-28,9435,2019-05-20,1430,019635,,1,2,9,1000,0,3,5,,2,015,"JENSEN AVE","FRUIT AVE",0.00,,Y,A,-,N,,,,,,,,,,Y,4,0,2,2,A,-,03,22350,,N,C,C,A,A,H,-,A,D,0,,,,,Y,,D,22,0,0,2,0,0,0,0,0,0,"- ","- ",36.706760406494141,-119.81793212890625,FRESNO,UNINCORPORATED,-119.81790924072266,36.706741333007812
90997566,2019,2019-05-28,9495,2019-05-17,1715,020021,,5,2,9,1000,0,1,1,,2,003,"INTERSTATE 5 SOUTHBOUND","JAYNE AVENUE",10560.00,S,N,A,-,Y,,,5,,,,,,S,Y,4,0,1,4,A,-,03,22350,,N,C,C,A,A,H,-,A,D,0,,,,,Y,,D,22,0,0,1,0,0,0,0,0,0,"- ","- ",36.114429473876953,-120.13767242431641,FRESNO,UNINCORPORATED,-120.13773345947266,36.114372253417969
90997586,2019,2019-05-28,9495,2019-05-19,1640,020942,,7,2,9,1000,0,1,3,,1,006,"STATE ROUTE 33 (DERRICK AVENUE)","CLARKSON AVENUE",792.00,N,N,B,-,Y,,,33,,,,,,,N,3,0,1,2,A,-,03,22350,,N,C,C,A,B,H,-,A,D,0,,,,,Y,,A,07,0,1,0,0,0,0,0,0,0,"- ","- ",36.511680603027344,-120.38919067382812,FRESNO,UNINCORPORATED,-120.38907623291016,36.511680603027344
90998093,2019,2019-05-29,9495,2019-05-19,1420,021300,,7,2,9,1000,0,1,1,,2,001,"INTERSTATE 5, SOUTHBOUND","KAMM AVE",22176.00,S,N,B,C,Y,,,5,,,,,,S,Y,2,0,6,4,A,-,03,22350,,N,F,C,A,B,H,-,A,D,0,,,,Y,Y,,G,25,1,2,3,0,0,0,0,0,0,"- ","- ",36.4835205078125,-120.4388427734375,FRESNO,UNINCORPORATED,-120.43888092041016,36.483486175537109
90998175,2019,2019-05-29,9495,2019-05-17,1255,021186,,5,1,9,1000,0,1,1,,2,002,"INTERSTATE 5 SOUTHBOUND","STATE ROUTE 145",10560.00,N,N,A,-,Y,,,5,,,,,,S,Y,4,0,2,4,A,-,03,22350,,N,C,C,A,A,H,-,A,D,0,,,,,Y,,D,22,0,0,2,0,0,0,0,0,0,"- ","- ",36.318000793457031,-120.28974151611328,FRESNO,UNINCORPORATED,-120.28973388671875,36.318000793457031
90998343,2019,2019-05-29,9495,2019-05-26,1240,019424,,7,1,9,1000,0,1,1,,2,002,"INTERSTATE 5 (NORTHBOUND)","TUOLUMNE AVENUE",4224.00,N,N,C,-,Y,,,5,,,,,,,Y,4,0,1,1,A,-,08,22107,,N,F,A,A,B,H,-,A,D,0,,,,,Y,,A,07,0,0,1,0,0,0,0,0,0,"- ","- ",36.342548370361328,-120.3106689453125,FRESNO,UNINCORPORATED,-120.31063842773438,36.342582702636719
90998353,2019,2019-05-29,9435,2019-05-26,1715,020540,,7,2,9,1000,0,3,5,,2,050,"AUBERRY ROAD","SPEARHEAD RD",20.00,S,N,C,-,N,,,,,,,,,,N,4,0,1,1,A,-,03,22350,,N,F,A,A,B,H,-,A,D,0,,,Y,,Y,,C,02,0,0,1,0,0,0,0,0,1,"- ","- ",37.036781311035156,-119.52073669433594,FRESNO,UNINCORPORATED,-119.52096557617188,37.036815643310547
9099843,2020,2020-05-28,1012,2020-01-27,0854,L125,REEDL,1,5,3,1012,0,0,0,,0,,"DUFF AV","COLUMBIA AV",0.00,,Y,A,-,N,,,,,,,,,,,3,0,1,2,A,-,01,21200,5,N,H,G,A,A,H,-,A,A,0,,Y,,,Y,Y,L,04,0,1,0,0,0,0,1,0,0,"- ","- ",36.593299865722656,-119.4398193359375,FRESNO,REEDLEY,-119.43978881835938,36.593299865722656
90998519,2019,2019-05-29,9435,2019-05-16,1934,020205,,4,2,7,1005,0,1,3,,2,181,"SR-180 W/B","MAPLE AVE",1000.00,E,N,B,-,Y,,,180,,,,,,W,Y,4,0,2,1,A,-,08,22107,,N,E,I,A,B,H,-,B,D,0,,,,,Y,,D,22,0,0,2,0,0,0,0,0,0,"- ","- ",36.755100250244141,-119.74150085449219,FRESNO,FRESNO,-119.74150085449219,36.755134582519531
90998882,2019,2019-05-30,9435,2019-05-19,1800,019451,,7,2,7,1005,0,1,3,,2,105,"SR-180 E/B TO SR-99 N/B","SR-99 N/B",20.00,E,N,C,-,Y,,,180,,,,R,,E,Y,3,0,1,1,A,-,01,23152,A,N,F,A,A,B,H,-,A,D,0,,,,,Y,Y,D,22,0,1,0,0,0,0,0,0,0,"- ","- ",36.740589141845703,-119.81330871582031,FRESNO,FRESNO,-119.81330871582031,36.740589141845703
90998921,2019,2019-05-30,9461,2019-05-27,2131,019052,,1,2,9,1000,0,1,1,,2,305,"I-5 N/B","SHIELDS AVE",8448.00,N,N,A,-,Y,,,5,,,,,,N,Y,4,0,3,2,A,-,03,22350,,N,C,C,A,A,H,-,D,D,0,,,,,Y,,A,08,0,0,3,0,0,0,0,0,0,"- ","- ",36.798000335693359,-120.73770141601562,FRESNO,UNINCORPORATED,-120.73770904541016,36.797992706298828
90998965,2019,2019-05-30,9435,2019-05-18,2117,016270,,6,2,9,1000,0,3,5,,2,060,"ENGLEHART AVE","SOUTH AVE",0.00,,Y,B,C,N,,,,,,,,,,Y,4,0,2,2,A,-,09,21802,A,N,D,C,A,B,H,-,D,A,0,,,,,Y,,A,01,0,0,2,0,0,0,0,0,0,"- ","- ",36.618549346923828,-119.41294860839844,FRESNO,UNINCORPORATED,-119.41297149658203,36.618549346923828
90999032,2019,2019-05-30,9435,2019-05-23,1840,015890,,4,2,9,1000,0,3,5,,2,040,"CLOVIS AVE","NEBRASKA AVE",0.00,,Y,B,C,N,,,,,,,,,,Y,4,0,1,2,A,-,09,21802,A,N,D,C,A,A,H,-,A,A,0,,,,,Y,,A,01,0,0,1,0,0,0,0,0,0,"- ","- ",36.561679840087891,-119.70059204101562,FRESNO,UNINCORPORATED,-119.70053100585938,36.561660766601562
90999405,2019,2019-05-30,9435,2019-05-23,1725,019926,,4,2,9,1000,0,3,5,,2,010,"BLYTHE AVE","BELMONT AVE",0.00,,Y,B,C,N,,,,,,,,,,N,3,0,6,2,A,-,09,21802,A,N,D,C,A,B,H,-,A,A,0,,,,,Y,,A,01,0,3,3,0,0,0,0,0,0,"- ","- ",36.749988555908203,-119.87111663818359,FRESNO,UNINCORPORATED,-119.87116241455078,36.750011444091797
90999417,2019,2019-05-30,9495,2019-05-19,0240,021073,,7,3,9,1000,0,1,1,,2,002,"INTERSTATE 5 SOUTHBOUND","STATE ROUTE 145",8448.00,N,N,C,-,Y,,,5,,,,,,S,Y,4,0,1,1,A,-,08,22107,,N,F,A,A,B,H,-,D,D,0,,,,,Y,,A,01,0,0,1,0,0,0,0,0,0,"- ","- ",36.308238983154297,-120.28153228759766,FRESNO,UNINCORPORATED,-120.28144073486328,36.308319091796875
90999516,2019,2019-05-30,9435,2019-05-23,1720,020733,,4,2,7,1005,0,1,3,,2,410,"SR-41 S/B","GETTYSBURG AVE",80.00,S,N,A,-,Y,,,41,,,,,,S,N,4,0,1,2,A,-,03,22350,,N,C,C,A,A,H,-,A,D,0,,,,,Y,,A,01,0,0,1,0,0,0,0,0,0,"- ","- ",36.801021575927734,-119.78543853759766,FRESNO,FRESNO,-119.78545379638672,36.801021575927734
90999543,2019,2019-05-30,9495,2019-05-17,1520,020250,,5,2,9,1000,0,1,1,,2,002,"INTERSTATE 5 (NORTHBOUND)","TUOLUMNE AVENUE",1584.00,N,N,A,-,Y,,,5,,,,,,,N,3,0,2,1,A,-,08,22107,,N,F,A,A,A,H,-,A,D,0,,,,,Y,,A,01,0,2,0,0,0,0,0,0,0,"- ","- ",36.333698272705078,-120.30265045166016,FRESNO,UNINCORPORATED,-120.30268096923828,36.333675384521484
90999557,2019,2019-05-30,9435,2019-05-21,1211,014363,,2,1,9,1000,0,3,5,,2,015,"CEDAR AVENUE","AMERICAN AVENUE",15.00,S,N,B,-,N,,,,,,,,,,Y,4,0,2,2,A,-,03,22350,,N,C,C,A,A,H,-,A,D,0,,,,,Y,,A,07,0,0,2,0,0,0,0,0,0,"- ","- ",36.663360595703125,-119.75478363037109,FRESNO,UNINCORPORATED,-119.75475311279297,36.663368225097656
90999570,2019,2019-05-30,9435,2019-05-23,1635,021119,,4,2,9,1000,0,1,3,,1,183,"SR-180 E/B","MCCALL AVE",50.00,E,N,A,-,Y,,,180,,,,,,E,Y,4,0,2,2,A,-,03,22350,,N,C,C,A,A,H,-,A,D,0,,,,,Y,,A,01,0,0,2,0,0,0,0,0,0,"- ","- ",36.735980987548828,-119.60990905761719,FRESNO,UNINCORPORATED,-119.60990905761719,36.735729217529297
90999593,2019,2019-05-30,9435,2019-05-20,0840,012846,,1,1,7,1005,0,1,3,,2,182,"SR-180 W/B TO SR-41 N/B","OLIVE AVE",340.00,S,N,A,-,Y,,,180,,,,R,,W,N,4,0,3,2,A,-,03,22350,,M,C,C,A,A,H,-,A,A,0,,,,,Y,,D,22,0,0,3,0,0,0,0,0,0,"- ","- ",36.756671905517578,-119.77496337890625,FRESNO,FRESNO,-119.77496337890625,36.756671905517578
90999605,2019,2019-05-30,9435,2019-05-23,1825,021119,,4,2,9,1000,0,3,5,,2,034,"LAC JAC AVE","MANNING AVE",1584.00,N,N,B,C,N,,,,,,,,,,N,4,0,1,2,A,-,11,21954,A,N,G,B,E,B,H,-,A,D,0,Y,,,,Y,,N,60,0,0,1,0,1,0,0,0,0,"- ","- ",36.609371185302734,-119.48435974121094,FRESNO,UNINCORPORATED,-119.48438262939453,36.608737945556641
90999609,2019,2019-05-30,9435,2019-05-23,1920,021119,,4,2,9,1000,0,3,5,,2,034,"ACADEMY AVE","JEFFERSON AVE",350.00,S,N,B,C,N,,,,,,,,,,Y,4,0,2,1,A,-,03,22350,,N,F,A,A,B,H,-,B,D,0,,,,,Y,,A,01,0,0,2,0,0,0,0,0,0,"- ","- ",36.654430389404297,-119.55660247802734,FRESNO,UNINCORPORATED,-119.55662536621094,36.654960632324219
91000977,2019,2019-06-04,9435,2019-05-28,1515,020836,,2,2,9,1000,0,3,5,,2,034,"ACADEMY AVE","CENTRAL AVE",0.00,,Y,A,-,Y,,,,,,,,,,Y,4,0,3,2,A,-,09,21802,A,N,D,C,A,A,H,-,A,D,0,,,,,Y,,-,"- ",0,0,3,0,0,0,0,0,0,"- ","- ",36.677799224853516,-119.55660247802734,FRESNO,UNINCORPORATED,-119.55654907226562,36.677749633789062
91000990,2019,2019-09-23,9435,2019-04-13,0815,019451,,6,1,9,1000,0,3,5,,2,015,"EAST AVENUE","LINCOLN AVENUE",0.00,,Y,A,-,N,,,,,,,,,,Y,1,1,0,2,A,-,09,21802,A,N,D,C,A,A,H,-,A,A,0,,,,Y,Y,,A,01,0,0,0,0,0,0,0,0,0,"- ","- ",36.648799896240234,-119.77279663085938,FRESNO,UNINCORPORATED,-119.77278900146484,36.648799896240234
91001192,2019,2019-05-31,9435,2019-05-24,1648,019610,,5,2,7,1005,0,1,3,,2,106,"SR-99 S/B","CENTRAL AVE",2640.00,N,N,A,-,Y,,,99,,,,,,S,N,4,0,1,3,A,-,03,22350,,N,B,C,A,A,H,-,A,D,0,,,,,Y,,A,01,0,0,1,0,0,0,0,0,0,"- ","- ",36.682758331298828,-119.74739074707031,FRESNO,FRESNO,-119.74739837646484,36.682754516601562
91001215,2019,2019-06-04,9435,2019-05-24,2038,019610,,5,2,9,1000,0,3,5,,2,034,"LEONARD AVE","MANNING AVE",0.00,,Y,A,-,N,,,,,,,,,,Y,3,0,1,2,A,-,09,21802,A,N,D,C,A,A,H,-,C,A,0,,,,,Y,,A,01,0,1,0,0,0,0,0,0,0,"- ","- ",36.605319976806641,-119.63771057128906,FRESNO,UNINCORPORATED,-119.63748931884766,36.605350494384766
91001223,2019,2019-05-31,9435,2019-05-24,1620,018926,,5,2,9,1000,0,3,5,,2,034,"CHESTNUT AVE","ANNADALE AVE",1056.00,S,N,A,-,N,,,,,,,,,,Y,4,0,1,2,A,-,09,21802,A,N,D,C,A,A,H,-,A,A,0,,,,,Y,,A,01,0,0,1,0,0,0,0,0,0,"- ","- ",36.698028564453125,-119.73645782470703,FRESNO,UNINCORPORATED,-119.73658752441406,36.696743011474609
91001268,2019,2019-05-31,9435,2019-05-24,1450,016507,,5,2,9,1000,0,3,5,,2,060,"MANNING AVE","SHERIDAN AVE",20.00,E,N,A,-,N,,,,,,,,,,Y,4,0,1,2,A,-,08,22107,,N,A,C,A,A,H,-,A,D,0,,,,,Y,,A,01,0,0,1,0,0,0,0,0,0,"- ","- ",36.603450775146484,-119.3631591796875,FRESNO,UNINCORPORATED,-119.36299133300781,36.603481292724609
91001304,2019,2019-05-31,9435,2019-05-25,1210,018746,,6,1,7,1005,0,1,3,,2,181,"SR-180 W/B","CHESTNUT AVENUE",430.00,E,N,A,-,Y,,,180,,,,,,W,Y,2,0,1,1,A,-,08,22107,,N,E,I,A,A,H,-,A,D,0,,,,,Y,,A,01,1,0,0,0,0,0,0,0,0,"- ","- ",36.754501342773438,-119.73465728759766,FRESNO,FRESNO,-119.73464965820312,36.754566192626953
91001310,2019,2019-06-04,9435,2019-05-24,1245,019635,,5,1,9,1000,0,3,5,,2,010,"HAYES AVE","OLIVE AVE",0.00,,Y,A,-,N,,,,,,,,,,Y,3,0,3,2,A,-,09,21802,A,N,D,C,A,A,H,-,A,A,0,,,,,Y,,A,07,0,1,2,0,0,0,0,0,0,"- ","- ",36.757270812988281,-119.898193359375,FRESNO,UNINCORPORATED,-119.898193359375,36.757270812988281
91001338,2019,2019-06-04,9435,2019-05-25,1050,015179,,6,1,9,1000,0,3,5,,2,050,"AUBERRY RD","POWERHOUSE RD",0.00,,Y,A,-,N,,,,,,,,,,Y,3,0,1,2,A,-,09,21801,A,N,D,C,A,A,H,-,A,D,0,,,Y,,Y,,A,01,0,1,0,0,0,0,0,0,1,"- ","- ",37.079948425292969,-119.4857177734375,FRESNO,UNINCORPORATED,-119.48606109619141,37.080421447753906
91001340,2019,2019-05-31,9435,2019-05-25,1753,019610,,6,2,9,1000,0,3,5,,2,025,"MILLERTON RD","VIA MIRA BELLA RD",1584.00,S,N,A,-,N,,,,,,,,,,Y,2,0,2,2,A,-,03,22350,,N,B,C,A,A,H,-,A,A,0,,,Y,,Y,,C,02,1,1,0,0,0,0,0,0,2,"- ","- ",36.989269256591797,-119.69332122802734,FRESNO,UNINCORPORATED,-119.69294738769531,36.988655090332031
91001342,2019,2019-05-31,9435,2019-05-19,1710,020837,,7,2,9,1000,0,3,5,,2,034,"GREENWOOD AVENUE","JEFFERSON AVENUE",0.00,,Y,B,-,N,,,,,,,,,,Y,4,0,2,2,A,-,09,21802,A,N,D,C,A,A,H,-,A,A,0,,,,,Y,,A,07,0,0,2,0,0,0,0,0,0,"- ","- ",36.655941009521484,-119.56551361083984,FRESNO,UNINCORPORATED,-119.56551361083984,36.655941009521484
91001385,2019,2019-05-31,9435,2019-05-19,1336,020019,,7,1,7,1005,0,1,3,,2,410,"SR-41 NORTHBOUND","G STREET",103.00,N,N,B,-,Y,,,41,,,,,,N,N,4,0,2,2,A,-,08,22107,,F,D,C,A,B,H,-,A,D,0,,,,,Y,,A,01,0,0,2,0,0,0,0,0,0,"- ","- ",36.723651885986328,-119.78517150878906,FRESNO,FRESNO,-119.78512573242188,36.723644256591797
91001399,2019,2019-06-04,9435,2019-05-24,1625,020019,,5,2,9,1000,0,1,3,,1,183,"SR-180 WESTBOUND","MCCALL AVENUE",1243.00,E,N,A,-,Y,,,180,,,,,,W,Y,4,0,2,2,A,-,03,22350,,N,C,C,A,A,H,-,A,A,0,,,,,Y,,A,01,0,0,2,0,0,0,0,0,0,"- ","- ",36.735958099365234,-119.60569763183594,FRESNO,UNINCORPORATED,-119.60569763183594,36.735992431640625
91001432,2019,2019-06-04,9435,2019-05-25,1130,017310,,6,1,9,1000,0,3,5,,2,034,"TEMPERANCE AVE","NORTH AVE",0.00,,Y,A,-,N,,,,,,,,,,Y,4,0,1,2,A,-,09,21802,A,N,D,C,A,A,H,-,A,D,0,,,,,Y,,A,01,0,0,1,0,0,0,0,0,0,"- ","- ",36.692859649658203,-119.66385650634766,FRESNO,UNINCORPORATED,-119.66397094726562,36.692829132080078
91001448,2019,2019-06-04,9435,2019-05-26,1440,020837,,7,2,9,1000,0,3,5,,2,040,"CHESTNUT AVENUE","STATE ROUTE 99",150.00,S,N,B,C,N,,,,,,,,,,Y,4,0,1,2,A,-,03,22350,,N,C,C,A,B,H,-,A,D,0,,,,,Y,,A,01,0,0,1,0,0,0,0,0,0,"- ","- ",36.672779083251953,-119.73677825927734,FRESNO,UNINCORPORATED,-119.73674774169922,36.673797607421875
91002212,2019,2019-06-03,9495,2019-05-24,2209,020942,,5,3,9,1000,0,1,3,,1,006,"STATE ROUTE 33","SUTTER AVENUE",2640.00,N,N,A,-,Y,,,33,,,,,,,Y,3,0,1,1,A,-,08,22107,,N,E,I,A,A,H,-,D,D,0,,,,,Y,,A,01,0,1,0,0,0,0,0,0,0,"- ","- ",36.067741394042969,-120.22142791748047,FRESNO,UNINCORPORATED,-120.22142791748047,36.067745208740234
91002496,2019,2019-06-03,9435,2019-05-28,1505,020733,,2,2,9,1000,0,3,5,,2,025,"SHIELDS AVE","LOCAN AVE",0.00,,Y,A,-,N,,,,,,,,,,Y,4,0,4,3,A,-,09,21801,A,N,D,C,A,A,H,-,A,D,0,,,,,Y,,A,07,0,0,4,0,0,0,0,0,0,"- ","- ",36.779319763183594,-119.65502166748047,FRESNO,UNINCORPORATED,-119.65500640869141,36.779369354248047
91002539,2019,2019-06-03,9495,2019-05-25,1535,021300,,6,2,9,1000,0,1,1,,2,001,"INTERSTATE 5, NORTHBOUND","MANNING AVE",3696.00,N,N,A,-,Y,,,5,,,,,,N,Y,3,0,1,1,A,-,08,22107,,N,F,A,A,A,H,-,A,D,0,,,,,Y,,A,07,0,1,0,0,0,0,0,0,0,"- ","- ",36.611598968505859,-120.59442901611328,FRESNO,UNINCORPORATED,-120.59452819824219,36.611469268798828
91002553,2019,2019-06-03,9435,2019-05-28,1805,020733,,2,2,7,1005,0,1,3,,2,410,"SR-41 S/B FROM TULARE AVE","TULARE AVE",455.00,S,N,A,-,Y,,,41,,,,R,,S,N,4,0,1,2,A,-,03,22350,,N,C,C,A,A,H,-,A,A,0,,,,,Y,,A,07,0,0,1,0,0,0,0,0,0,"- ","- ",36.740749359130859,-119.77799987792969,FRESNO,FRESNO,-119.77799987792969,36.740749359130859