CASE_ID,ACCIDENT_YEAR,PROC_DATE,JURIS,COLLISION_DATE,COLLISION_TIME,OFFICER_ID,REPORTING_DISTRICT,DAY_OF_WEEK,CHP_SHIFT,POPULATION,CNTY_CITY_LOC,SPECIAL_COND,BEAT_TYPE,CHP_BEAT_TYPE,CITY_DIVISION_LAPD,CHP_BEAT_CLASS,BEAT_NUMBER,PRIMARY_RD,SECONDARY_RD,DISTANCE,DIRECTION,INTERSECTION,WEATHER_1,WEATHER_2,STATE_HWY_IND,CALTRANS_COUNTY,CALTRANS_DISTRICT,STATE_ROUTE,ROUTE_SUFFIX,POSTMILE_PREFIX,POSTMILE,LOCATION_TYPE,RAMP_INTERSECTION,SIDE_OF_HWY,TOW_AWAY,COLLISION_SEVERITY,NUMBER_KILLED,NUMBER_INJURED,PARTY_COUNT,PRIMARY_COLL_FACTOR,PCF_CODE_OF_VIOL,PCF_VIOL_CATEGORY,PCF_VIOLATION,PCF_VIOL_SUBSECTION,HIT_AND_RUN,TYPE_OF_COLLISION,MVIW,PED_ACTION,ROAD_SURFACE,ROAD_COND_1,ROAD_COND_2,LIGHTING,CONTROL_DEVICE,CHP_ROAD_TYPE,PEDESTRIAN_ACCIDENT,BICYCLE_ACCIDENT,MOTORCYCLE_ACCIDENT,TRUCK_ACCIDENT,NOT_PRIVATE_PROPERTY,ALCOHOL_INVOLVED,STWD_VEHTYPE_AT_FAULT,CHP_VEHTYPE_AT_FAULT,COUNT_SEVERE_INJ,COUNT_VISIBLE_INJ,COUNT_COMPLAINT_PAIN,COUNT_PED_KILLED,COUNT_PED_INJURED,COUNT_BICYCLIST_KILLED,COUNT_BICYCLIST_INJURED,COUNT_MC_KILLED,COUNT_MC_INJURED,PRIMARY_RAMP,SECONDARY_RAMP,LATITUDE,LONGITUDE,COUNTY,CITY,POINT_X,POINT_Y
91002561,2019,2019-06-03,9435,2019-05-28,1355,020824,,2,1,9,1000,0,3,5,,2,010,"MCKINLEY AVENUE","LEAD AVENUE",15.00,W,N,B,-,N,,,,,,,,,,N,4,0,1,2,A,-,09,21801,A,N,D,C,A,A,H,-,A,D,0,,,,,Y,,A,01,0,0,1,0,0,0,0,0,0,"- ","- ",36.764591217041016,-119.84690093994141,FRESNO,UNINCORPORATED,-119.84666442871094,36.764659881591797
91002565,2019,2019-06-03,9435,2019-05-28,1535,020824,,2,2,7,1005,0,1,3,,2,410,"SR-41 S/B FROM ASHLAN AVENUE ON RAMP","ASHLAN AVENUE",450.00,S,N,A,-,Y,,,41,,,,R,,S,Y,4,0,2,2,A,-,03,22350,,N,C,C,A,A,H,-,A,A,0,,,,,Y,,A,01,0,0,2,0,0,0,0,0,0,"- ","- ",36.792789459228516,-119.78511810302734,FRESNO,FRESNO,-119.78511810302734,36.792789459228516
91002717,2019,2019-06-04,9435,2019-05-28,1405,020836,,2,2,9,1000,0,3,5,,2,034,"AMERICAN AVE","FOWLER AVE",0.00,,Y,A,-,Y,,,,,,,,,,Y,4,0,2,2,A,-,09,21802,A,N,D,C,A,A,H,-,A,A,0,,,,,Y,,A,07,0,0,2,0,0,0,0,0,0,"- ","- ",36.663501739501953,-119.68190002441406,FRESNO,UNINCORPORATED,-119.68190002441406,36.663528442382812
91002798,2019,2019-06-24,9435,2019-05-26,1200,014363,,7,1,9,1000,0,1,3,,2,107,"STATE ROUTE 99 (NORTHBOUND)","MANNING AVENUE",5500.00,S,N,B,-,Y,,,99,,,,,,,N,4,0,1,2,A,-,03,22350,,N,C,C,A,A,H,-,A,D,0,,,,,Y,,D,22,0,0,1,0,0,0,0,0,0,"- ","- ",36.593959808349609,-119.64861297607422,FRESNO,UNINCORPORATED,-119.64859008789062,36.593982696533203
91002875,2019,2019-06-04,9435,2019-05-16,1444,020205,,4,2,7,1005,0,1,3,,2,410,"SR-41 S/B","MCKINLEY AVE",475.00,S,N,B,-,Y,,,41,,,,,,S,N,4,0,1,2,A,-,07,21658,A,F,B,C,A,A,H,-,A,D,0,,,,Y,Y,,F,25,0,0,1,0,0,0,0,0,0,"- ","- ",36.763801574707031,-119.77610015869141,FRESNO,FRESNO,-119.77618408203125,36.763763427734375
91002924,2019,2019-06-04,9435,2019-05-28,1850,020733,,2,2,7,1005,0,1,3,,2,410,"SR-41 S/B TO SR-180/SR-168 E/B","OLIVE AVE",475.00,N,N,A,-,Y,,,41,,,,R,,S,Y,3,0,1,2,A,-,03,22350,,N,C,C,A,A,H,-,A,D,0,,,Y,,Y,,C,02,0,1,0,0,0,0,0,0,1,"- ","- ",36.759048461914062,-119.77601623535156,FRESNO,FRESNO,-119.77601623535156,36.759048461914062
91002941,2019,2019-06-04,9435,2019-05-29,1555,020733,,3,2,7,1005,0,1,3,,2,410,"SR-41 S/B FROM TULARE ST","TULARE ST",455.00,S,N,A,-,Y,,,41,,,,R,,S,Y,4,0,2,2,A,-,03,22350,,N,C,C,A,A,H,-,A,A,0,,,,,Y,,A,01,0,0,2,0,0,0,0,0,0,"- ","- ",36.740749359130859,-119.77799987792969,FRESNO,FRESNO,-119.77799987792969,36.740749359130859
91002962,2019,2019-06-04,9435,2019-05-27,2300,020429,,1,3,9,1000,0,1,3,,2,184,SR-180,"HUME LAKE RD",7392.00,E,N,B,-,Y,,,,,,,,,,Y,3,0,1,1,A,-,08,22107,,N,E,I,A,A,H,-,D,D,0,,,Y,,Y,,C,02,0,1,0,0,0,0,0,0,1,"- ","- ",36.81134033203125,-119.91291046142578,FRESNO,UNINCORPORATED,,
91003341,2019,2019-06-04,9461,2019-05-30,1035,017329,,4,1,9,1000,0,1,1,,2,305,"I-5 N/B","HERNDON AVE",2112.00,S,N,A,-,Y,,,5,,,,,,N,Y,3,0,1,2,A,-,08,22107,,N,B,C,A,A,H,-,A,D,0,,,,Y,Y,,A,01,0,1,0,0,0,0,0,0,0,"- ","- ",36.830661773681641,-120.76016235351562,FRESNO,UNINCORPORATED,-120.76018524169922,36.830642700195312
91004032,2019,2019-06-05,9435,2019-05-30,0730,018746,,4,1,9,1000,0,3,5,,2,050,"AUBERRY RD","WELLBARN RD",107.00,W,N,A,-,N,,,,,,,,,,N,2,0,1,2,A,-,11,21954,A,N,G,B,D,A,H,-,A,D,0,Y,,,,Y,,N,60,1,0,0,0,1,0,0,0,0,"- ","- ",37.013950347900391,-119.56952667236328,FRESNO,UNINCORPORATED,-119.56940460205078,37.013931274414062
91004575,2019,2019-06-06,9435,2019-05-30,0150,020854,,4,3,9,1000,0,1,3,,1,412,SR-41,"HARLAN AVENUE",2640.00,N,N,A,-,Y,,,41,,,,,,,Y,4,0,1,2,A,-,03,22350,,N,C,C,A,A,H,-,D,D,0,,,,,Y,,D,22,0,0,1,0,0,0,0,0,0,"- ","- ",36.452518463134766,-119.79709625244141,FRESNO,UNINCORPORATED,-119.79705810546875,36.452510833740234
91004621,2019,2019-06-06,9435,2019-05-28,1455,018914,,2,2,9,1000,0,3,5,,2,034,"FOWLER AVE","CLINTON AVENUE",300.00,S,N,A,-,N,,,,,,,,,,Y,4,0,1,3,A,-,03,22350,,N,C,C,A,A,H,-,A,D,0,,,,,Y,,D,22,0,0,1,0,0,0,0,0,0,"- ","- ",36.771240234375,-119.68224334716797,FRESNO,UNINCORPORATED,-119.68222045898438,36.771308898925781
91004638,2019,2019-06-06,9435,2019-06-03,2116,018860,,1,2,9,1000,0,1,3,,1,412,"SR-41 N/B","MANNING AVE",1200.00,S,N,A,-,Y,,,41,,,,,,N,Y,4,0,1,2,A,-,03,22350,,N,C,C,A,A,H,-,D,D,0,,,,Y,Y,,A,01,0,0,1,0,0,0,0,0,0,"- ","- ",36.601898193359375,-119.78585052490234,FRESNO,UNINCORPORATED,-119.78598022460938,36.601898193359375
91004645,2019,2019-06-06,9435,2019-05-26,1055,014547,,7,1,7,1005,0,1,3,,2,410,"SR-41 N/B","SHIELDS AVENUE",120.00,N,N,B,-,Y,,,41,,,,,,N,Y,3,0,1,1,A,-,03,22350,,N,E,I,A,B,H,-,A,D,0,,,,,Y,,D,22,0,1,0,0,0,0,0,0,0,"- ","- ",36.780250549316406,-119.78418731689453,FRESNO,FRESNO,-119.78453826904297,36.780269622802734
91004681,2019,2019-06-06,9461,2019-05-27,2107,017029,,1,2,9,1000,0,1,1,,2,305,"I-5 N/B","HERNDON AVENUE",5808.00,S,N,B,-,Y,,,,,,,,,,Y,2,0,1,2,A,-,03,22350,,F,F,A,A,A,H,-,D,D,0,,,Y,,Y,,C,02,1,0,0,0,0,0,0,0,1,"- ","- ",36.821399688720703,-120.53279876708984,FRESNO,UNINCORPORATED,-120.75399017333984,36.821598052978516
91004787,2019,2019-06-06,9435,2019-05-31,2011,020733,,5,2,7,1005,0,1,3,,2,410,"SR-41 S/B FROM FRIANT ROAD S/B","FRIANT ROAD",185.00,N,N,A,-,Y,,,41,,,,R,,S,Y,3,0,1,2,A,-,03,22350,,N,C,C,A,A,H,-,C,D,0,,,Y,,Y,,C,02,0,1,0,0,0,0,0,0,1,"- ","- ",36.855068206787109,-119.78975677490234,FRESNO,FRESNO,-119.78975677490234,36.855068206787109
91004842,2019,2019-12-16,9435,2019-05-31,1613,020836,,5,2,7,1005,0,1,3,,2,181,"SR-180 E/B",SR-41,1220.00,W,N,A,-,Y,,,180,,,,,,E,Y,2,0,1,1,A,-,08,22107,,N,E,I,A,A,H,-,A,D,0,,,Y,,Y,,C,02,1,0,0,0,0,0,0,0,1,"- ","- ",36.75360107421875,-119.78019714355469,FRESNO,FRESNO,-119.78021240234375,36.753677368164062
91004922,2019,2019-07-22,9435,2019-06-01,1326,018865,,6,1,9,1000,0,3,5,,2,025,"SHAW AVE","CASTLE PEAK DRIVE",0.00,,Y,A,-,N,,,,,,,,,,Y,3,0,2,2,A,-,09,21801,A,N,D,C,A,A,H,-,A,D,0,,,,,Y,,A,01,0,2,0,0,0,0,0,0,0,"- ","- ",36.808238983154297,-119.59237670898438,FRESNO,UNINCORPORATED,-119.59233856201172,36.808261871337891
91005049,2019,2019-06-06,9435,2019-06-02,1055,016507,,7,1,9,1000,0,3,5,,2,060,"CRAWFORD AVE","MANNING AVE",0.00,,Y,A,-,N,,,,,,,,,,Y,2,0,3,2,A,-,09,21802,A,N,D,C,A,A,H,-,A,A,0,,,,,Y,,D,22,1,0,2,0,0,0,0,0,0,"- ","- ",36.603801727294922,-119.37676239013672,FRESNO,UNINCORPORATED,-119.37670135498047,36.603691101074219
91005068,2019,2019-06-06,9435,2019-06-03,1615,020733,,1,2,7,1005,0,1,3,,2,410,"SR-41 N/B","ASHLAN AVE",675.00,N,N,A,-,Y,,,41,,,,,,N,Y,4,0,2,3,A,-,03,22350,,N,C,C,A,A,H,-,A,D,0,,,,,Y,,A,01,0,0,2,0,0,0,0,0,0,"- ","- ",36.796058654785156,-119.78498077392578,FRESNO,FRESNO,-119.78500366210938,36.796058654785156
91005083,2019,2019-06-06,9435,2019-06-03,1620,020733,,1,2,7,1005,0,1,3,,2,410,"SR-41 S/B FROM SHIELDS AVE W/B","SHIELDS AVE",270.00,N,N,A,-,Y,,,41,,,,R,,S,N,4,0,1,3,A,-,07,21658,A,N,B,C,A,A,H,-,A,D,0,,,,,Y,,D,22,0,0,1,0,0,0,0,0,0,"- ","- ",36.780540466308594,-119.78575134277344,FRESNO,FRESNO,-119.78575134277344,36.780540466308594
91005134,2019,2019-06-06,9461,2019-06-01,0230,021188,,6,3,9,1000,0,2,4,,1,615,"NEES AVENUE","WASHOE AVENUE",90.00,E,N,A,-,N,,,,,,,,,,Y,3,0,1,1,A,-,01,23152,A,N,E,I,A,A,H,-,D,D,0,,,,,Y,Y,A,01,0,1,0,0,0,0,0,0,0,"- ","- ",36.851131439208984,-120.46820068359375,FRESNO,UNINCORPORATED,-120.46811676025391,36.851207733154297
91005186,2019,2019-06-06,9435,2019-06-03,0640,017310,,1,1,9,1000,0,3,5,,2,015,"JENSEN AVE","ARTHUR AVE",150.00,E,N,A,-,N,,,,,,,,,,Y,4,0,1,1,A,-,08,22107,,N,E,J,A,A,H,-,A,D,0,,,,,Y,,A,07,0,0,1,0,0,0,0,0,0,"- ","- ",36.706741333007812,-119.81497955322266,FRESNO,UNINCORPORATED,-119.81513214111328,36.706806182861328
91005190,2019,2019-06-06,9495,2019-06-04,0535,017686,,2,3,9,1000,0,1,3,,1,013,"STATE ROUTE 145 (FRESNO-COALINGA ROAD)","COLUSA AVENUE",100.00,N,N,A,-,Y,,,145,,,,,,,Y,4,0,3,2,A,-,03,22350,,N,C,C,A,A,H,-,B,D,0,,,,,Y,,D,22,0,0,3,0,0,0,0,0,0,"- ","- ",36.356880187988281,-120.19358062744141,FRESNO,UNINCORPORATED,-120.19357299804688,36.356876373291016
91005195,2019,2019-06-06,9435,2019-05-29,0650,018824,,3,1,9,1000,0,3,5,,2,040,SR-43,"CARUTHERS AVE",250.00,S,N,A,-,Y,,,43,,,,,,,Y,4,0,1,3,A,-,03,22350,,N,C,C,A,A,H,-,A,D,0,,,,,Y,,A,07,0,0,1,0,0,0,0,0,0,"- ","- ",36.539188385009766,-119.62877655029297,FRESNO,UNINCORPORATED,-119.62881469726562,36.539188385009766
91005204,2019,2019-06-06,9435,2019-05-30,1300,020429,,4,1,9,1000,0,1,3,,2,184,SR-180,"LOCKWOOD CREEK",1584.00,E,N,A,-,Y,,,180,,,,,,,Y,4,0,1,1,C,-,18,,,N,E,J,A,A,H,-,A,D,0,,,Y,,Y,,-,"- ",0,0,1,0,0,0,0,0,1,"- ","- ",36.827579498291016,-118.86515045166016,FRESNO,UNINCORPORATED,-118.86515045166016,36.827602386474609
91005369,2019,2019-06-07,9435,2019-06-03,0710,017166,,1,1,9,1000,0,3,5,,2,015,"KEARNEY BLVD","CORNELIA AVE",0.00,,Y,A,-,N,,,,,,,,,,Y,3,0,1,2,A,-,12,22450,A,F,E,I,A,A,H,-,A,A,0,,,,,Y,,D,22,0,1,0,0,0,0,0,0,0,"- ","- ",36.7281494140625,-119.88066101074219,FRESNO,UNINCORPORATED,-119.88066101074219,36.727981567382812
91005465,2019,2019-06-07,9435,2019-05-29,2305,016911,,3,3,9,1000,0,3,5,,2,030,"CLAY AVE","PEACH AVE",120.00,E,N,A,-,N,,,,,,,,,,N,3,0,1,2,C,-,18,,,N,C,G,A,A,H,-,D,D,0,,Y,,,Y,,-,"- ",0,1,0,0,0,0,1,0,0,"- ","- ",36.755908966064453,-119.7177734375,FRESNO,UNINCORPORATED,-119.71781921386719,36.755851745605469
91005568,2019,2019-06-07,9435,2019-06-02,0556,015986,,7,3,7,1005,0,1,3,,2,105,"SR-99 S/B TO SR-41 S/B","CALIFORNIA AVENUE",528.00,S,N,A,-,Y,,,99,,,,R,,S,Y,3,0,1,1,A,-,01,23152,F,N,E,I,A,A,H,-,A,D,0,,,,,Y,,A,01,0,1,0,0,0,0,0,0,0,"- ","- ",36.719551086425781,-119.78691864013672,FRESNO,FRESNO,-119.78691864013672,36.719551086425781
9100574,2020,2020-08-25,1001,2020-05-08,2117,5795,,5,5,5,1001,0,0,0,,0,001,"PEACH AV","HOLLAND AV",0.00,,Y,A,-,N,,,,,,,,,,Y,4,0,1,2,A,-,09,21802,A,N,D,D,A,A,H,-,C,A,0,,,,,Y,,A,01,0,0,1,0,0,0,0,0,0,"- ","- ",36.797599792480469,-119.71817779541016,FRESNO,CLOVIS,-119.71817779541016,36.797599792480469
91005766,2019,2019-06-07,9435,2019-06-04,0620,017310,,2,1,9,1000,0,3,5,,2,010,"FAIRMONT AVE","MAROA AVE",0.00,,Y,A,-,N,,,,,,,,,,Y,4,0,1,2,A,-,12,22450,A,N,D,C,A,A,H,-,A,A,0,,,,,Y,,A,01,0,0,1,0,0,0,0,0,0,"- ","- ",36.806640625,-119.79950714111328,FRESNO,UNINCORPORATED,-119.79946136474609,36.806629180908203
91005823,2019,2019-06-07,9435,2019-05-20,1050,015026,,1,1,9,1000,0,3,5,,2,030,"MAPLE AVE","CLINTON AVE",0.00,,Y,A,-,N,,,,,,,,,,N,4,0,1,3,A,-,09,21801,A,F,D,C,A,A,H,-,A,A,0,,,,,Y,,-,99,0,0,1,0,0,0,0,0,0,"- ","- ",36.772289276123047,-119.74536895751953,FRESNO,UNINCORPORATED,-119.74537658691406,36.772289276123047
91005879,2019,2019-06-07,9435,2019-06-05,0734,019635,,3,1,9,1000,0,3,5,,2,034,"TEMPERANCE AVE","SOUTH AVE",0.00,,Y,A,-,N,,,,,,,,,,Y,4,0,1,2,A,-,09,21802,A,N,D,C,A,A,H,-,A,A,0,,,,,Y,,D,22,0,0,1,0,0,0,0,0,0,"- ","- ",36.619838714599609,-119.66443634033203,FRESNO,UNINCORPORATED,-119.66439819335938,36.619880676269531
91005896,2019,2019-06-07,9435,2019-05-30,2054,019451,,4,2,9,1000,0,3,5,,2,025,"TEMPERANCE AVENUE","BELMONT AVENUE",0.00,,Y,A,-,N,,,,,,,,,,N,4,0,2,2,A,-,09,21800,A,M,D,C,A,A,H,-,D,A,0,,,,,Y,,-,99,0,0,2,0,0,0,0,0,0,"- ","- ",36.750289916992188,-119.66396331787109,FRESNO,UNINCORPORATED,-119.66397857666016,36.750278472900391
91006204,2019,2019-06-10,9435,2019-05-18,1425,021119,,6,2,9,1000,0,3,5,,2,034,"LAC JAC AVENUE","DINUBA AVENUE",0.00,,Y,B,-,N,,,,,,,,,,Y,2,0,3,2,A,-,01,23152,A,N,D,C,A,A,H,-,A,A,0,,,,,Y,Y,A,01,1,0,2,0,0,0,0,0,0,"- ","- ",36.589900970458984,-119.48461151123047,FRESNO,UNINCORPORATED,-119.484619140625,36.589900970458984
91006262,2019,2019-06-10,9435,2019-06-05,0520,021247,,3,3,7,1005,0,1,3,,1,180,"SR-180 E/B","TEILMAN AVE",770.00,W,N,A,-,Y,,,180,,,,,,E,N,4,0,1,2,A,-,07,21658,A,M,B,C,A,A,H,-,B,D,0,,,,,Y,,-,"- ",0,0,1,0,0,0,0,0,0,"- ","- ",36.738441467285156,-119.82479095458984,FRESNO,FRESNO,-119.82478332519531,36.738090515136719
91006818,2019,2019-06-10,9435,2019-05-29,1624,020481,,3,2,9,1000,0,3,5,,2,015,"JENSEN AVENUE","BRAWLEY AVENUE",0.00,,Y,A,-,N,,,,,,,,,,Y,3,0,3,2,A,-,09,21802,A,N,D,C,A,A,H,-,A,A,0,,,,,Y,,A,01,0,1,2,0,0,0,0,0,0,"- ","- ",36.706508636474609,-119.8624267578125,FRESNO,UNINCORPORATED,-119.86237335205078,36.706520080566406
91007265,2019,2019-06-11,9435,2019-05-31,1640,015179,,5,2,9,1000,0,1,3,,1,169,"STATE ROUTE 168","BEAL FIRE ROAD",4700.00,W,N,A,-,Y,,,168,,,,,,,Y,3,0,1,1,A,-,01,23152,A,N,F,A,A,A,H,-,A,D,0,,,,,Y,Y,D,22,0,1,0,0,0,0,0,0,0,"- ","- ",37.044609069824219,-119.40493774414062,FRESNO,UNINCORPORATED,-119.40500640869141,37.044414520263672
91007308,2019,2019-06-11,9461,2019-06-02,1550,021387,,7,2,9,1000,0,2,4,,1,310,"RUSSELL AVE","ALTHEA AVE",13200.00,N,N,A,-,N,,,,,,,,,,Y,3,0,1,2,A,-,08,22107,,N,B,C,A,A,H,-,A,D,0,,,,,Y,,A,01,0,1,0,0,0,0,0,0,0,"- ","- ",36.926349639892578,-120.65406036376953,FRESNO,UNINCORPORATED,-120.65398406982422,36.926891326904297
91007364,2019,2019-06-11,9435,2019-06-03,0330,021165,,1,3,9,1000,0,3,5,,2,040,"FOWLER AVE","FLORAL AVE",427.00,N,N,A,-,N,,,,,,,,,,Y,2,0,1,1,A,-,01,23152,A,N,F,I,A,A,H,-,D,D,0,,,,,Y,Y,A,07,1,0,0,0,0,0,0,0,0,"- ","- ",36.577869415283203,-119.68253326416016,FRESNO,UNINCORPORATED,-119.68255615234375,36.577552795410156
91007490,2019,2019-06-11,9435,2019-06-01,1755,020824,,6,2,9,1000,0,3,5,,2,010,"SHAW AVENUE","MAROA AVENUE",0.00,,Y,A,-,N,,,,,,,,,,Y,4,0,2,2,A,-,12,21453,A,N,D,C,A,A,H,-,A,A,0,,,,,Y,,A,01,0,0,2,0,0,0,0,0,0,"- ","- ",36.808361053466797,-119.79936218261719,FRESNO,UNINCORPORATED,-119.79944610595703,36.808559417724609
91007660,2019,2019-06-11,9435,2019-06-05,2037,020429,,3,2,9,1000,0,3,5,,2,060,"ALTA AVE","MANNING AVE",900.00,N,N,A,-,N,,,,,,,,,,Y,3,0,4,2,A,-,09,21801,A,N,D,C,A,A,H,-,D,D,0,,,,,Y,,A,08,0,3,1,0,0,0,0,0,0,"- ","- ",36.606529235839844,-119.39492797851562,FRESNO,UNINCORPORATED,-119.39490509033203,36.606410980224609
91007770,2019,2019-06-11,9435,2019-06-01,1445,020481,,6,2,9,1000,0,3,5,,2,015,"LINCOLN AVENUE","CORNELIA AVENUE",0.00,,Y,A,-,N,,,,,,,,,,Y,4,0,2,2,A,-,09,21802,A,N,D,C,A,A,H,-,A,A,0,,,,,Y,,A,07,0,0,2,0,0,0,0,0,0,"- ","- ",36.648429870605469,-119.88056945800781,FRESNO,UNINCORPORATED,-119.88053894042969,36.648380279541016
91007882,2019,2019-06-11,9435,2019-06-04,0734,018865,,2,1,7,1005,0,1,3,,1,168,"SR-168 W/B","SHIELDS AVE",5.00,W,N,A,-,Y,,,168,,,,,,W,Y,4,0,1,2,A,-,07,21658,A,N,C,C,A,A,H,-,A,D,0,,,,,Y,,A,01,0,0,1,0,0,0,0,0,0,"- ","- ",36.779430389404297,-119.74936676025391,FRESNO,FRESNO,-119.74935150146484,36.779430389404297
91007975,2019,2019-06-11,9435,2019-06-04,0645,018865,,2,1,9,1000,0,3,5,,2,025,"TRIMMER SPRINGS RD","SUNNYSLOPE RD",3168.00,S,N,A,-,N,,,,,,,,,,Y,3,0,1,1,A,-,03,22350,,N,F,A,A,A,H,-,A,D,0,,,,,Y,,A,07,0,1,0,0,0,0,0,0,0,"- ","- ",36.857421875,-119.35701751708984,FRESNO,UNINCORPORATED,-119.34855651855469,36.861228942871094
91008036,2019,2019-06-11,9435,2019-06-04,1125,014363,,2,1,9,1000,0,3,5,,2,040,"MARKS AVENUE","JENSEN AVENUE",0.00,,Y,A,-,N,,,,,,,,,,Y,4,0,3,2,A,-,09,21802,A,N,D,C,A,A,H,-,A,D,0,,,,,Y,,A,01,0,0,3,0,0,0,0,0,0,"- ","- ",36.706630706787109,-119.84454345703125,FRESNO,UNINCORPORATED,-119.84449768066406,36.706630706787109
91008042,2019,2019-06-11,9495,2019-06-01,2135,020942,,6,2,9,1000,0,1,1,,2,003,"INTERSTATE 5, NORTHBOUND","STATE ROUTE 269",2640.00,N,N,B,-,Y,,,5,,,,,,N,Y,3,0,4,3,A,-,03,22350,,N,B,E,A,B,F,-,D,D,0,,,,,Y,,A,01,0,4,0,0,0,0,0,0,0,"- ","- ",36.083061218261719,-120.10870361328125,FRESNO,UNINCORPORATED,-120.10871124267578,36.083053588867188
91008377,2019,2019-06-12,9435,2019-06-03,1730,020481,,1,2,9,1000,0,3,5,,2,015,"DICKENSON AVENUE","KEARNEY BLVD",0.00,,Y,A,-,N,,,,,,,,,,Y,2,0,1,2,A,-,08,22107,,N,D,C,A,A,H,-,A,D,0,,,,,Y,,D,22,1,0,0,0,0,0,0,0,0,"- ","- ",36.727710723876953,-119.96997833251953,FRESNO,UNINCORPORATED,-119.96996307373047,36.727699279785156
91008486,2019,2019-06-12,9435,2019-06-05,1308,018865,,3,1,9,1000,0,3,5,,2,020,"HUGHES AVE","DINUBA AVE",0.00,,Y,A,-,N,,,,,,,,,,Y,4,0,5,2,A,-,09,21802,A,N,D,C,A,A,H,-,A,A,0,,,,,Y,,A,07,0,0,5,0,0,0,0,0,0,"- ","- ",36.590618133544922,-119.83586120605469,FRESNO,UNINCORPORATED,-119.83587646484375,36.590610504150391
91008692,2019,2019-06-12,9435,2019-06-04,2020,019451,,2,2,9,1000,0,1,3,,2,106,"SR-99 S/B (GOLDEN STATE FREEWAY)","CENTRAL AVENUE",1056.00,N,N,A,-,Y,,,99,,,,,,S,Y,4,0,1,1,A,-,08,22107,,N,E,I,A,A,H,-,C,D,0,,,,,Y,Y,A,01,0,0,1,0,0,0,0,0,0,"- ","- ",36.680648803710938,-119.74498748779297,FRESNO,UNINCORPORATED,-119.74492645263672,36.680728912353516
91008762,2019,2019-06-12,9435,2019-05-31,1008,015026,,5,1,7,1005,0,1,3,,2,105,"SR-99 S/B","TEILMAN AVE",98.00,S,N,A,-,Y,,,99,,,,,,S,Y,3,0,2,2,A,-,07,21658,A,N,E,I,A,A,H,-,A,D,0,,,,Y,Y,,F,55,0,1,1,0,0,0,0,0,0,"- ","- ",36.745811462402344,-119.82135009765625,FRESNO,FRESNO,-119.82137298583984,36.745792388916016
91008771,2019,2019-06-12,9435,2019-06-05,1010,013793,,3,1,7,1005,0,1,3,,2,410,"SR-41 S/B TO VAN NESS AVENUE","VAN NESS AVENUE",6.00,E,N,A,-,Y,,,41,,,,R,,S,N,4,0,2,2,A,-,21,22106,,N,C,C,A,A,H,-,A,A,0,,,,,Y,,A,01,0,0,2,0,0,0,0,0,0,"- ","- ",36.729228973388672,-119.78315734863281,FRESNO,FRESNO,-119.78315734863281,36.729228973388672
91008775,2019,2019-06-12,9495,2019-06-01,0755,021300,,6,1,9,1000,0,1,1,,2,003,"INTERSTATE 5, SOUTHBOUND","LASSEN AVE",9240.00,N,N,A,-,Y,,,5,,,,,,S,Y,4,0,1,1,A,-,08,22107,,N,F,A,A,A,H,-,A,D,0,,,,,Y,,A,01,0,0,1,0,0,0,0,0,0,"- ","- ",36.096549987792969,-120.12153625488281,FRESNO,UNINCORPORATED,-120.12149047851562,36.096591949462891
91008779,2019,2019-06-12,9435,2019-06-06,2110,020871,,4,2,9,1000,0,3,5,,2,025,"MCCALL AVENUE","SR-180 W/B",43.00,N,N,A,-,N,,,,,,,,,,Y,4,0,1,2,A,-,03,22350,,N,C,C,A,A,H,-,C,A,0,,,,,Y,,D,22,0,0,1,0,0,0,0,0,0,"- ","- ",36.736118316650391,-119.61007690429688,FRESNO,UNINCORPORATED,-119.61006927490234,36.736125946044922
91008812,2019,2019-06-19,9461,2019-06-05,1922,019052,,3,2,9,1000,0,1,3,,1,604,SR-33,"LOZANO ST",4224.00,N,N,B,-,Y,,,33,,,,,,,Y,2,0,2,2,A,-,03,22350,,N,C,C,A,A,H,-,A,D,0,,,,,Y,,A,07,2,0,0,0,0,0,0,0,0,"- ","- ",36.775100708007812,-120.39669799804688,FRESNO,UNINCORPORATED,-120.39669799804688,36.775100708007812
91009108,2019,2019-06-13,9435,2019-05-29,1435,018914,,3,2,5,1001,0,1,3,,1,168,"SR-168 W/B","ARMSTRONG AVENUE",1056.00,E,N,A,-,Y,,,168,,,,,,W,Y,4,0,1,3,A,-,07,21658,A,N,C,C,A,A,H,-,A,D,0,,,,,Y,,A,01,0,0,1,0,0,0,0,0,0,"- ","- ",36.841499328613281,-119.6708984375,FRESNO,CLOVIS,-119.67088317871094,36.841354370117188
91009227,2019,2019-06-13,9435,2019-06-01,0125,020854,,6,3,9,1000,0,3,5,,2,010,"SHIELDS AVENUE","BISHOP AVENUE",22.00,E,N,A,-,N,,,,,,,,,,Y,4,0,1,1,A,-,01,23152,A,N,E,I,A,A,H,-,D,D,0,,,,,Y,Y,A,01,0,0,1,0,0,0,0,0,0,"- ","- ",36.778530120849609,-120.00621032714844,FRESNO,UNINCORPORATED,-120.00624847412109,36.778648376464844