CASE_ID,ACCIDENT_YEAR,PROC_DATE,JURIS,COLLISION_DATE,COLLISION_TIME,OFFICER_ID,REPORTING_DISTRICT,DAY_OF_WEEK,CHP_SHIFT,POPULATION,CNTY_CITY_LOC,SPECIAL_COND,BEAT_TYPE,CHP_BEAT_TYPE,CITY_DIVISION_LAPD,CHP_BEAT_CLASS,BEAT_NUMBER,PRIMARY_RD,SECONDARY_RD,DISTANCE,DIRECTION,INTERSECTION,WEATHER_1,WEATHER_2,STATE_HWY_IND,CALTRANS_COUNTY,CALTRANS_DISTRICT,STATE_ROUTE,ROUTE_SUFFIX,POSTMILE_PREFIX,POSTMILE,LOCATION_TYPE,RAMP_INTERSECTION,SIDE_OF_HWY,TOW_AWAY,COLLISION_SEVERITY,NUMBER_KILLED,NUMBER_INJURED,PARTY_COUNT,PRIMARY_COLL_FACTOR,PCF_CODE_OF_VIOL,PCF_VIOL_CATEGORY,PCF_VIOLATION,PCF_VIOL_SUBSECTION,HIT_AND_RUN,TYPE_OF_COLLISION,MVIW,PED_ACTION,ROAD_SURFACE,ROAD_COND_1,ROAD_COND_2,LIGHTING,CONTROL_DEVICE,CHP_ROAD_TYPE,PEDESTRIAN_ACCIDENT,BICYCLE_ACCIDENT,MOTORCYCLE_ACCIDENT,TRUCK_ACCIDENT,NOT_PRIVATE_PROPERTY,ALCOHOL_INVOLVED,STWD_VEHTYPE_AT_FAULT,CHP_VEHTYPE_AT_FAULT,COUNT_SEVERE_INJ,COUNT_VISIBLE_INJ,COUNT_COMPLAINT_PAIN,COUNT_PED_KILLED,COUNT_PED_INJURED,COUNT_BICYCLIST_KILLED,COUNT_BICYCLIST_INJURED,COUNT_MC_KILLED,COUNT_MC_INJURED,PRIMARY_RAMP,SECONDARY_RAMP,LATITUDE,LONGITUDE,COUNTY,CITY,POINT_X,POINT_Y
91042809,2019,2019-07-31,9495,2019-07-19,1720,020021,,5,2,9,1000,0,1,1,,2,003,"INTERSTATE 5 NORTHBOUND","STATE ROUTE 198 (DORRIS AVENUE)",3168.00,S,N,A,-,Y,,,,,,,,,,N,4,0,1,2,A,-,08,22107,,N,E,I,A,A,H,-,A,D,0,,,,,Y,,A,01,0,0,1,0,0,0,0,0,0,"- ","- ",36.247051239013672,-120.230712890625,FRESNO,UNINCORPORATED,-120.2388916015625,36.246597290039062
91042867,2019,2019-07-31,9495,2019-07-18,0643,021186,,4,1,9,1000,0,3,5,,2,051,"STANISLAUS AVENUE","HARLAN AVENUE",1056.00,S,N,A,-,N,,,,,,,,,,Y,2,0,2,1,A,-,08,22107,,N,E,I,A,A,H,-,A,D,0,,,,,Y,,A,07,1,0,1,0,0,0,0,0,0,"- ","- ",36.439491271972656,-120.33822631835938,FRESNO,UNINCORPORATED,-120.33834075927734,36.440219879150391
91042914,2019,2019-07-31,9435,2019-07-24,0620,017310,,3,1,9,1000,0,1,3,,2,181,"SR-180 EB FROM VAN NESS AVENUE","PARK AVE",125.00,W,N,A,-,Y,,,,,,,,,,Y,4,0,2,2,A,-,03,22350,,N,C,C,A,A,H,-,A,A,0,,,,,Y,,A,07,0,0,2,0,0,0,0,0,0,"- ","- ",36.749778747558594,-119.79734802246094,FRESNO,UNINCORPORATED,-119.79721832275391,36.750022888183594
91042946,2019,2019-07-31,9495,2019-07-20,0435,021029,,6,3,9,1000,0,1,3,,1,014,"STATE ROUTE 269 (LASSEN AVENUE)","GALE AVE",0.00,,Y,A,-,Y,,,269,,,,,,,Y,4,0,1,2,A,-,09,21801,A,N,A,C,A,A,H,-,C,D,0,,,,,Y,,A,01,0,0,1,0,0,0,0,0,0,"- ","- ",36.181369781494141,-120.10325622558594,FRESNO,UNINCORPORATED,-120.10327911376953,36.181369781494141
91043035,2019,2019-07-31,9435,2019-07-20,1650,016860,,6,2,9,1000,0,1,3,,1,169,SR-168,"WILDFLOWER LN",528.00,W,N,A,-,Y,,,168,,,,,,,Y,4,0,1,2,A,-,08,22107,,N,D,C,A,A,H,-,A,D,0,,,,,Y,,A,01,0,0,1,0,0,0,0,0,0,"- ","- ",36.997779846191406,-119.52691650390625,FRESNO,UNINCORPORATED,-119.52696228027344,36.997821807861328
91043193,2019,2019-08-01,9435,2019-07-24,1531,020122,,3,2,9,1000,0,3,5,,2,034,"HARDING AVE","MUSCAT AVE",290.00,S,N,A,-,N,,,,,,,,,,N,4,0,1,2,A,-,09,21804,A,N,A,G,A,A,H,-,A,D,0,,Y,,,Y,,L,04,0,0,1,0,0,0,1,0,0,"- ","- ",36.6845703125,-119.73561096191406,FRESNO,UNINCORPORATED,-119.73557281494141,36.684589385986328
91043198,2019,2019-08-01,9435,2019-07-24,1440,020387,,3,2,9,1000,0,3,5,,2,034,"MOUNTAIN VIEW AVE EASTBOUND","MENDOCINO AVE.",50.00,W,N,A,-,N,,,,,,,,,,N,4,0,1,2,A,-,03,22350,,N,C,C,A,A,H,-,A,A,0,,,,,Y,,A,01,0,0,1,0,0,0,0,0,0,"- ","- ",36.546821594238281,-119.54833221435547,FRESNO,UNINCORPORATED,-119.54817199707031,36.546840667724609
91043288,2019,2019-08-01,9435,2019-07-23,1545,018892,,2,2,9,1000,0,3,5,,2,025,"AUBERRY RD","COPPER AVE",3025.00,N,N,A,-,N,,,,,,,,,,Y,2,0,1,1,A,-,08,22107,,N,E,I,A,A,H,-,A,D,0,,,,,Y,,D,22,1,0,0,0,0,0,0,0,0,"- ","- ",36.904441833496094,-119.71566772460938,FRESNO,UNINCORPORATED,-119.71572875976562,36.904083251953125
91043376,2019,2019-08-01,9435,2019-07-25,2130,020429,,4,2,9,1000,0,1,3,,2,184,SR-180,"DUNLAP RD",26400.00,E,N,A,-,Y,,,180,,,,,,,Y,3,0,1,1,A,-,08,22107,,N,F,A,A,A,H,-,D,D,0,,,,,Y,,D,22,0,1,0,0,0,0,0,0,0,"- ","- ",36.748298645019531,-119.08975982666016,FRESNO,UNINCORPORATED,-119.08973693847656,36.74835205078125
91043439,2019,2019-08-01,9435,2019-07-25,1220,020733,,4,1,7,1005,0,1,3,,1,168,"SR-168 E/B","SHIELDS AVE",840.00,S,N,A,-,Y,,,168,,,,,,E,Y,4,0,2,2,A,-,03,22350,,N,C,C,A,A,H,-,A,D,0,,,,,Y,,D,22,0,0,2,0,0,0,0,0,0,"- ","- ",36.77716064453125,-119.74903106689453,FRESNO,FRESNO,-119.74910736083984,36.77716064453125
91043450,2019,2019-08-01,9435,2019-07-25,0345,016911,,4,3,7,1005,0,1,3,,2,410,"SR-41 N/B TO HERNDON AVE","HERNDON AVE",850.00,S,N,A,-,Y,,,41,,,,R,,N,Y,4,0,1,1,A,-,08,22107,,N,E,I,A,A,H,-,C,D,0,,,,,Y,,A,01,0,0,1,0,0,0,0,0,0,"- ","- ",36.835010528564453,-119.78452301025391,FRESNO,FRESNO,-119.78452301025391,36.835010528564453
91043473,2019,2019-08-01,9435,2019-07-25,0630,020019,,4,1,9,1000,0,3,5,,2,034,"NORTH AVENUE","PEACH AVENUE",130.00,E,N,A,-,N,,,,,,,,,,N,3,0,1,1,A,-,08,22107,,N,F,A,A,A,H,-,A,D,0,,Y,,,Y,,L,04,0,1,0,0,0,0,1,0,0,"- ","- ",36.693008422851562,-119.71765899658203,FRESNO,UNINCORPORATED,-119.71773529052734,36.693023681640625
91043494,2019,2019-08-01,9435,2019-07-26,1755,020871,,5,2,9,1000,0,3,5,,2,015,"KEARNEY BOULEVARD","DICKENSON AVENUE",0.00,,Y,A,-,N,,,,,,,,,,Y,4,0,1,2,A,-,09,21802,A,N,D,C,A,A,H,-,A,A,0,,,,,Y,,A,01,0,0,1,0,0,0,0,0,0,"- ","- ",36.727718353271484,-119.96996307373047,FRESNO,UNINCORPORATED,-119.96996307373047,36.727699279785156
91043504,2019,2019-08-01,9495,2019-07-31,1017,020246,,3,1,9,1000,0,3,5,,2,053,"JAYNE AVENUE","INTERSTATE 5 SOUTHBOUND",429.00,W,N,A,-,N,,,,,,,,,,N,4,0,1,2,A,-,08,22100,B,N,A,C,A,A,H,-,A,D,0,,,,,Y,,A,01,0,0,1,0,0,0,0,0,0,"- ","- ",36.137729644775391,-120.16026306152344,FRESNO,UNINCORPORATED,-120.16056060791016,36.137744903564453
91043657,2019,2019-08-01,9435,2019-07-27,1610,020871,,6,2,9,1000,0,3,5,,2,015,"SOUTH AVENUE","CEDAR AVENUE",0.00,,Y,A,-,N,,,,,,,,,,Y,3,0,1,3,A,-,09,21802,A,N,D,C,A,A,H,-,A,A,0,,,,,Y,,D,22,0,1,0,0,0,0,0,0,0,"- ","- ",36.619861602783203,-119.75485229492188,FRESNO,UNINCORPORATED,-119.75482177734375,36.619838714599609
91043727,2019,2019-08-01,9435,2019-07-28,0730,017310,,7,1,9,1000,0,3,5,,2,025,"AUBERRY RD","MILLERTON RD",17952.00,S,N,A,-,N,,,,,,,,,,Y,4,0,1,1,A,-,08,22107,,N,E,J,A,A,H,-,A,D,0,,,,,Y,,A,01,0,0,1,0,0,0,0,0,0,"- ","- ",36.939258575439453,-119.68438720703125,FRESNO,UNINCORPORATED,-119.66876983642578,36.947467803955078
91043744,2019,2019-08-01,9435,2019-07-28,1939,019635,,7,2,9,1000,0,3,5,,2,025,"FOWLER AVE","SHEPHERD AVE",1584.00,N,N,A,-,N,,,,,,,,,,Y,4,0,3,2,A,-,05,21650,,N,A,C,A,A,H,-,A,D,0,,,,,Y,,A,07,0,0,3,0,0,0,0,0,0,"- ","- ",36.870250701904297,-119.68396759033203,FRESNO,UNINCORPORATED,-119.68399047851562,36.870857238769531
91043765,2019,2019-08-01,9435,2019-07-26,1455,020387,,5,2,7,1005,0,1,3,,2,105,"SR-99 SOUTHBOUND","CLINTON AVE.",1500.00,N,N,A,-,Y,,,99,,,,,,S,N,4,0,1,2,A,-,03,22350,,N,C,C,A,A,H,-,A,D,0,,,,,Y,,A,01,0,0,1,0,0,0,0,0,0,"- ","- ",36.775371551513672,-119.84207153320312,FRESNO,FRESNO,-119.84185791015625,36.775596618652344
91043793,2019,2019-08-01,9435,2019-07-22,1603,016860,,1,2,9,1000,0,3,5,,2,050,"AUBERRY ROAD","POWERHOUSE ROAD",2112.00,E,N,A,-,N,,,,,,,,,,Y,2,0,1,2,A,-,08,22107,,N,A,C,A,A,H,-,A,D,0,,,,,Y,,A,07,1,0,0,0,0,0,0,0,0,"- ","- ",37.082748413085938,-119.47944641113281,FRESNO,UNINCORPORATED,-119.48567199707031,37.075111389160156
91043833,2019,2019-08-01,9435,2019-07-29,1400,019635,,1,2,9,1000,0,3,5,,2,025,"DEWOLF AVE","BULLARD AVE",2640.00,N,N,A,-,N,,,,,,,,,,N,4,0,1,2,D,-,00,,,M,H,J,A,A,H,-,A,D,0,,,,,Y,,-,"- ",0,0,1,0,0,0,0,0,0,"- ","- ",36.829219818115234,-119.64592742919922,FRESNO,UNINCORPORATED,-119.64594268798828,36.830204010009766
91044105,2019,2019-08-02,9435,2019-07-25,0935,018746,,4,1,9,1000,0,3,5,,2,040,"FOWLER AVENUE","CONEJO AVENUE",1320.00,N,N,A,-,N,,,,,,,,,,Y,3,0,1,1,A,-,08,22107,,N,E,I,A,A,H,-,A,D,0,,,,,Y,,A,01,0,1,0,0,0,0,0,0,0,"- ","- ",36.521820068359375,-119.68299102783203,FRESNO,UNINCORPORATED,-119.68295288085938,36.521793365478516
91044254,2019,2019-08-02,9435,2019-07-30,1422,020122,,2,2,7,1005,0,1,3,,2,105,"SR-99 N/B","OLIVE AVE",1600.00,S,N,A,-,Y,,,99,,,,,,N,Y,4,0,1,2,A,-,03,22350,,M,C,C,A,A,H,-,A,D,0,,,,,Y,,A,01,0,0,1,0,0,0,0,0,0,"- ","- ",36.753379821777344,-119.82723236083984,FRESNO,FRESNO,-119.82719421386719,36.753402709960938
91044513,2019,2019-08-02,9435,2019-07-24,1225,017166,,3,1,9,1000,0,3,5,,2,034,"CLOVIS AVENUE NORTHBOUND","SR-99 N/B TO CLOVIS AVENUE",0.00,,Y,A,-,N,,,,,,,,,,Y,4,0,1,2,A,-,09,21802,A,N,D,C,A,A,H,-,A,A,0,,,,,Y,,D,22,0,0,1,0,0,0,0,0,0,"- ","- ",36.641410827636719,-119.69996643066406,FRESNO,UNINCORPORATED,-119.69988600000001,36.641435000000001
91044558,2019,2019-08-02,9435,2019-07-24,1656,018892,,3,2,9,1000,0,3,5,,2,034,"MINNEWAWA AVE","TULARE AVENUE",0.00,,Y,A,-,N,,,,,,,,,,Y,4,0,1,3,A,-,09,21802,A,N,D,C,A,A,H,-,A,A,0,,,,,Y,,A,01,0,0,1,0,0,0,0,0,0,"- ","- ",36.743228912353516,-119.70921325683594,FRESNO,UNINCORPORATED,-119.70923614501953,36.755599975585938
91044567,2019,2019-08-02,9435,2019-07-30,1445,020387,,2,2,7,1005,0,1,3,,2,105,"SR-99 NORTHBOUND","TRINITY ST.",550.00,S,N,A,-,Y,,,99,,,,,,N,N,4,0,2,2,A,-,03,22350,,N,C,C,A,A,H,-,A,D,0,,,,,Y,,A,01,0,0,2,0,0,0,0,0,0,"- ","- ",36.737659454345703,-119.80654144287109,FRESNO,FRESNO,-119.80651092529297,36.737705230712891
91045287,2019,2019-08-05,9461,2019-07-26,1039,021188,,5,1,9,1000,0,2,4,,1,615,"51579 W NEES AVENUE","POLE LINE ROAD",10560.00,E,N,A,-,N,,,,,,,,,,Y,2,0,2,1,A,-,08,22107,,N,E,I,A,A,H,-,A,D,0,,,,,Y,,A,01,2,0,0,0,0,0,0,0,0,"- ","- ",36.850429534912109,-120.71649932861328,FRESNO,UNINCORPORATED,-120.71949768066406,36.850482940673828
91045372,2019,2019-08-05,9495,2019-07-18,0539,20716,,4,3,9,1000,0,1,3,,1,014,"STATE ROUTE 269 (LASSEN AVENUE)","STATE ROUTE 198 (DORRIS AVENUE)",3696.00,N,N,A,-,Y,,,,,,,,,,Y,4,0,1,3,A,-,03,22350,,F,C,C,A,A,H,-,B,D,0,,,,,Y,,A,01,0,0,1,0,0,0,0,0,0,"- ","- ",36.155590057373047,-120.06127166748047,FRESNO,UNINCORPORATED,-120.10353088378906,36.265525817871094
91045443,2019,2019-08-05,9435,2019-07-24,1715,015026,,3,2,7,1005,0,1,3,,2,181,"SR180 E/B TO SR41 N/B","OLIVE AVE",392.00,S,N,A,-,Y,,,180,,,,R,,E,Y,4,0,3,3,A,-,03,22350,,N,C,C,A,A,H,-,A,A,0,,,,,Y,,A,01,0,0,3,0,0,0,0,0,0,"- ","- ",36.75640869140625,-119.77522277832031,FRESNO,FRESNO,-119.77522277832031,36.75640869140625
91045580,2019,2019-08-05,9495,2019-07-26,1044,021186,,5,1,9,1000,0,1,1,,2,003,"INTERSTATE 5 NORTHBOUND","STATE ROUTE 198",150.00,S,N,A,-,Y,,,5,,,,,,N,Y,4,0,2,1,A,-,08,22107,,N,E,I,A,A,H,-,A,D,0,,,,,Y,,A,07,0,0,2,0,0,0,0,0,0,"- ","- ",36.253971099853516,-120.24308776855469,FRESNO,UNINCORPORATED,-120.24341583251953,36.253761291503906
91045629,2019,2019-08-05,9435,2019-07-28,1118,018926,,7,1,9,1000,0,3,5,,2,010,"OLIVE AVE","VALENTINE AVE",1056.00,E,N,A,-,N,,,,,,,,,,Y,4,0,3,2,A,-,09,21801,A,N,D,C,A,A,H,-,A,D,0,,,,,Y,,D,22,0,0,3,0,0,0,0,0,0,"- ","- ",36.757438659667969,-119.84908294677734,FRESNO,UNINCORPORATED,-119.84962463378906,36.757396697998047
91045660,2019,2019-08-05,9435,2019-07-29,0745,018926,,1,1,7,1005,0,1,3,,2,410,"SR-41 N/B","MCKINLEY AVE",300.00,N,N,A,-,Y,,,41,,,,,,N,N,4,0,1,3,A,-,03,22350,,N,C,C,A,A,H,-,A,D,0,,,,,Y,,A,01,0,0,1,0,0,0,0,0,0,"- ","- ",36.767551422119141,-119.78022766113281,FRESNO,FRESNO,-119.78028869628906,36.767444610595703
91045759,2019,2019-08-05,9435,2019-07-20,0035,019523,,6,3,9,1000,0,3,5,,2,040,"RIVERDALE AVE","CEDAR AVE",595.00,W,N,A,-,N,,,,,,,,,,Y,4,0,1,1,A,-,01,23152,A,N,E,I,A,A,H,-,D,D,0,,,,,Y,Y,A,08,0,0,1,0,0,0,0,0,0,"- ","- ",36.438331604003906,-119.72892761230469,FRESNO,UNINCORPORATED,-119.76447296142578,36.438312530517578
91045767,2019,2019-08-05,9435,2019-07-29,1820,020871,,1,2,9,1000,0,1,3,,1,183,SR-180,"OLIVER AVENUE",0.00,,Y,A,-,Y,,,180,,,,,,,Y,2,0,2,2,A,-,09,21801,A,N,D,C,A,A,H,-,A,D,0,,,,,Y,,A,01,1,0,1,0,0,0,0,0,0,"- ","- ",36.733619689941406,-119.4990234375,FRESNO,UNINCORPORATED,-119.49901580810547,36.733634948730469
91046032,2019,2019-08-06,9435,2019-07-25,1550,021230,,4,2,7,1005,0,2,S,,2,901,"M STREET","STANISLAUS STREET",0.00,,Y,A,-,N,,,,,,,,,,N,4,0,2,2,A,-,12,21453,A,N,D,C,A,A,H,-,A,A,0,,,,,Y,,A,08,0,0,2,0,0,0,0,0,0,"- ","- ",36.741031646728516,-119.79255676269531,FRESNO,FRESNO,-119.79254150390625,36.741069793701172
91046064,2019,2019-08-06,9435,2019-07-27,1930,021165,,6,2,9,1000,0,3,5,,2,034,"NEWMARK AVE","DINUBA AVE",0.00,,Y,A,-,N,,,,,,,,,,Y,3,0,4,2,A,-,09,21802,A,N,D,C,A,A,H,-,A,A,0,,,,,Y,,A,01,0,1,3,0,0,0,0,0,0,"- ","- ",36.590290069580078,-119.53011322021484,FRESNO,UNINCORPORATED,-119.53011322021484,36.59027099609375
91046222,2019,2019-08-06,9435,2019-07-30,0902,019610,,2,1,9,1000,0,3,5,,2,034,"JENSEN AVE E/B","TEMPERANCE AVE",10.00,W,N,A,-,N,,,,,,,,,,N,4,0,1,2,A,-,03,22350,,N,C,C,A,A,H,-,A,A,0,,,,,Y,,A,01,0,0,1,0,0,0,0,0,0,"- ","- ",36.707408905029297,-119.66414642333984,FRESNO,UNINCORPORATED,-119.66409301757812,36.707538604736328
91046964,2019,2019-08-07,9435,2019-07-29,1323,018926,,1,1,9,1000,0,3,5,,2,034,"JENSEN AVE","PULLMAN ST",0.00,,Y,A,-,N,,,,,,,,,,Y,4,0,1,2,A,-,09,21801,A,N,A,C,A,A,H,-,A,D,0,,,,,Y,,A,01,0,0,1,0,0,0,0,0,0,"- ","- ",36.706089019775391,-119.76033782958984,FRESNO,UNINCORPORATED,-119.76032257080078,36.706890106201172
91046977,2019,2019-08-16,9435,2019-07-29,1900,021119,,1,2,9,1000,0,3,5,,2,034,"TEMPERANCE AVE","CHURCH AVE",0.00,,Y,A,-,N,,,,,,,,,,Y,2,0,2,2,A,-,12,22450,A,N,D,C,A,A,H,-,A,A,0,,,,,Y,,D,22,2,0,0,0,0,0,0,0,0,"- ","- ",36.714889526367188,-119.66407775878906,FRESNO,UNINCORPORATED,-119.66410827636719,36.714870452880859
91047046,2019,2019-08-07,9435,2019-07-30,0742,018926,,2,1,9,1000,0,3,5,,2,040,"FOWLER AVE","ELKHORN AVE",150.00,N,N,A,-,N,,,,,,,,,,Y,4,0,1,2,A,-,08,22107,,N,A,C,A,A,H,-,A,D,0,,,,,Y,,D,22,0,0,1,0,0,0,0,0,0,"- ","- ",36.490230560302734,-119.68309020996094,FRESNO,UNINCORPORATED,-119.68985748291016,36.489280700683594
91047326,2019,2019-08-07,9435,2019-08-01,0740,013793,,4,1,7,1005,0,1,3,,2,410,"SR-41 N/B","FLORADORA AVE",205.00,S,N,A,-,Y,,,41,,,,,,N,Y,3,0,3,2,A,-,03,22350,,N,C,C,A,A,H,-,A,A,0,,,,,Y,,A,08,0,1,2,0,0,0,0,0,0,"- ","- ",36.760700225830078,-119.77525329589844,FRESNO,FRESNO,-119.77528381347656,36.760704040527344
91047426,2019,2019-08-07,9435,2019-08-01,1206,015751,,4,1,9,1000,0,3,5,,2,010,"LASSEN AVE","MCKINLEY AVE",0.00,,Y,A,-,N,,,,,,,,,,Y,3,0,2,2,A,-,09,21802,A,N,D,C,A,A,H,-,A,A,0,,,,,Y,,A,01,0,2,0,0,0,0,0,0,0,"- ","- ",36.764049530029297,-120.09623718261719,FRESNO,UNINCORPORATED,-120.09619903564453,36.764041900634766
91047436,2019,2019-08-07,9435,2019-08-01,0758,015095,,4,1,9,1000,0,3,5,,2,010,"SIERRA AVENUE","VAN NESS BLVD",0.00,,Y,A,-,N,,,,,,,,,,Y,4,0,1,2,A,-,09,21800,A,N,D,C,A,A,H,-,A,A,0,,,,,Y,,A,07,0,0,1,0,0,0,0,0,0,"- ","- ",36.830001831054688,-119.83538818359375,FRESNO,UNINCORPORATED,-119.83538055419922,36.829978942871094
91047454,2019,2019-08-07,9435,2019-08-02,1735,020824,,5,2,7,1005,0,1,3,,2,106,"STATE ROUTE 99 S/B","CENTRAL AVENUE",150.00,S,N,A,-,Y,,,99,,,,,,S,N,4,0,2,2,A,-,03,22350,,N,C,C,A,A,H,-,A,D,0,,,,,Y,,A,01,0,0,2,0,0,0,0,0,0,"- ","- ",36.677581787109375,-119.74109649658203,FRESNO,FRESNO,-119.74114227294922,36.677524566650391
91047464,2019,2019-08-07,9435,2019-07-27,1005,020019,,6,1,9,1000,0,3,5,,2,025,"AUBERRY ROAD","RENO DRIVE",1584.00,N,N,A,-,N,,,,,,,,,,N,2,0,1,1,A,-,03,22350,,N,F,A,A,A,H,-,A,D,0,,,Y,,Y,,C,02,1,0,0,0,0,0,0,0,1,"- ","- ",36.923568725585938,-119.70967102050781,FRESNO,UNINCORPORATED,-119.70921325683594,36.924388885498047
91047480,2019,2019-08-07,9435,2019-07-31,1650,020019,,3,2,7,1005,0,1,3,,2,106,"SR-99 SOUTHBOUND","CEDAR AVENUE",1584.00,S,N,A,-,Y,,,99,,,,,,S,N,4,0,1,2,A,-,03,22350,,N,C,C,A,A,H,-,A,D,0,,,,,Y,,A,01,0,0,1,0,0,0,0,0,0,"- ","- ",36.684879302978516,-119.74990081787109,FRESNO,FRESNO,-119.74992370605469,36.684852600097656
91047499,2019,2019-09-10,9435,2019-08-02,1416,020387,,5,2,7,1005,0,1,3,,2,181,"SR-180 WESTBOUND","BROADWAY ST.",250.00,W,N,A,-,Y,,,180,,,,,,W,Y,3,0,1,3,A,-,03,22350,,N,C,C,A,A,H,-,A,D,0,,,,,Y,,A,01,0,1,0,0,0,0,0,0,0,"- ","- ",36.746959686279297,-119.80380249023438,FRESNO,FRESNO,-119.80378723144531,36.746936798095703
91047614,2019,2019-08-07,9435,2019-07-26,1538,016860,,5,2,9,1000,0,1,3,,1,169,SR-168,"SAMPLE RD",10560.00,E,N,A,-,Y,,,168,,,,,,,Y,3,0,1,1,A,-,01,23152,A,N,E,I,A,A,H,-,A,D,0,,,,,Y,Y,A,01,0,1,0,0,0,0,0,0,0,"- ","- ",36.928791046142578,-119.5087890625,FRESNO,UNINCORPORATED,-119.50885009765625,36.928848266601562
91047926,2019,2019-08-08,9495,2019-08-05,0955,017686,,1,1,9,1000,0,1,1,,2,002,"INTERSTATE 5 NORTHBOUND","STATE ROUTE 33 (DERRICK AVENUE)",5280.00,S,N,A,-,Y,,,5,,,,,,N,N,4,0,1,2,A,-,08,22107,,N,C,C,A,A,D,-,A,D,0,,,,,Y,,A,01,0,0,1,0,0,0,0,0,0,"- ","- ",36.42401123046875,-120.38334655761719,FRESNO,UNINCORPORATED,-120.38339233398438,36.423969268798828
91047945,2019,2019-08-08,9495,2019-08-03,1142,019424,,6,1,9,1000,0,3,5,,2,052,"W. MOUNT WHITNEY AVENUE","TUOLUMNE AVENUE",56.00,E,N,A,-,N,,,,,,,,,,N,4,0,4,2,A,-,09,21804,A,N,D,C,A,A,H,-,A,D,0,,,,,Y,,D,22,0,0,4,0,0,0,0,0,0,"- ","- ",36.428718566894531,-120.30185699462891,FRESNO,UNINCORPORATED,-120.30200958251953,36.42864990234375
91047952,2019,2019-08-19,9435,2019-08-02,0845,012846,,5,1,7,1005,0,1,3,,2,410,"SR-41 S/B FROM ASHLAN AVENUE","ASHLAN AVE",500.00,S,N,A,-,Y,,,41,,,,R,,S,Y,4,0,4,2,A,-,03,22350,,N,C,C,A,A,H,-,A,A,0,,,,,Y,,D,22,0,0,4,0,0,0,0,0,0,"- ","- ",36.792819976806641,-119.78514862060547,FRESNO,FRESNO,-119.78514862060547,36.792819976806641
91048060,2019,2019-08-08,9435,2019-08-03,1535,020871,,6,2,9,1000,0,3,5,,2,015,"LINCOLN AVENUE","BRAWLEY AVENUE",1056.00,W,N,A,-,N,,,,,,,,,,Y,3,0,1,1,A,-,08,22107,,N,F,A,A,A,H,-,A,D,0,,,,,Y,,A,07,0,1,0,0,0,0,0,0,0,"- ","- ",36.64849853515625,-119.86592102050781,FRESNO,UNINCORPORATED,-119.86607360839844,36.648563385009766
91048067,2019,2019-08-08,9435,2019-08-02,1613,019635,,5,2,9,1000,0,3,5,,2,034,"DEWOLF AVE","JENSEN AVE",486.00,S,N,A,-,N,,,,,,,,,,Y,4,0,1,1,A,-,03,22350,,N,F,A,A,A,H,-,A,D,0,,,Y,,Y,,C,02,0,0,1,0,0,0,0,0,1,"- ","- ",36.705791473388672,-119.64589691162109,FRESNO,UNINCORPORATED,-119.64599609375,36.706134796142578
91048083,2019,2019-08-08,9495,2019-07-29,1940,020021,,1,2,9,1000,0,1,3,,1,008,"STATE ROUTE 198 (DORRIS AVENUE)","S. HOWARD AVENUE",7.00,W,N,A,-,Y,,,198,,,,,,,Y,3,0,2,2,A,-,03,22350,,N,C,C,A,A,H,-,A,D,0,,,,,Y,,A,01,0,1,1,0,0,0,0,0,0,"- ","- ",36.255329132080078,-120.03011322021484,FRESNO,UNINCORPORATED,-120.03011322021484,36.255416870117188
91048299,2019,2019-12-20,9435,2019-08-03,1927,020095,,6,2,9,1000,0,3,5,,2,040,"LINCOLN AVE","ORANGE AVE",0.00,,Y,A,-,N,,,,,,,,,,Y,4,0,2,2,A,-,09,21802,A,N,D,C,A,A,H,-,A,D,0,,,,,Y,,A,01,0,0,2,0,0,0,0,0,0,"- ","- ",36.648849487304688,-119.76381683349609,FRESNO,UNINCORPORATED,-119.4276123046875,36.591148376464844
91048324,2019,2019-08-08,9435,2019-08-02,1735,019635,,5,2,7,1005,0,1,3,,2,106,"SR-99 S/B","CEDAR AVE",1584.00,S,N,A,-,Y,,,99,,,,,,S,Y,4,0,1,2,A,-,03,22350,,N,C,C,A,A,H,-,A,D,0,,,,,Y,,A,07,0,0,1,0,0,0,0,0,0,"- ","- ",36.684951782226562,-119.7501220703125,FRESNO,FRESNO,-119.75008392333984,36.684989929199219
91048332,2019,2019-08-08,9435,2019-08-03,0230,020064,,6,3,9,1000,0,3,5,,2,025,"AUBERRY ROAD","MILLERTON ROAD",7920.00,S,N,A,-,N,,,,,,,,,,Y,4,0,1,1,A,-,03,22350,,N,F,A,A,A,H,-,D,D,0,,,,,Y,,A,07,0,0,1,0,0,0,0,0,0,"- ","- ",36.962669372558594,-119.64774322509766,FRESNO,UNINCORPORATED,-119.64765930175781,36.964305877685547