CASE_ID,ACCIDENT_YEAR,PROC_DATE,JURIS,COLLISION_DATE,COLLISION_TIME,OFFICER_ID,REPORTING_DISTRICT,DAY_OF_WEEK,CHP_SHIFT,POPULATION,CNTY_CITY_LOC,SPECIAL_COND,BEAT_TYPE,CHP_BEAT_TYPE,CITY_DIVISION_LAPD,CHP_BEAT_CLASS,BEAT_NUMBER,PRIMARY_RD,SECONDARY_RD,DISTANCE,DIRECTION,INTERSECTION,WEATHER_1,WEATHER_2,STATE_HWY_IND,CALTRANS_COUNTY,CALTRANS_DISTRICT,STATE_ROUTE,ROUTE_SUFFIX,POSTMILE_PREFIX,POSTMILE,LOCATION_TYPE,RAMP_INTERSECTION,SIDE_OF_HWY,TOW_AWAY,COLLISION_SEVERITY,NUMBER_KILLED,NUMBER_INJURED,PARTY_COUNT,PRIMARY_COLL_FACTOR,PCF_CODE_OF_VIOL,PCF_VIOL_CATEGORY,PCF_VIOLATION,PCF_VIOL_SUBSECTION,HIT_AND_RUN,TYPE_OF_COLLISION,MVIW,PED_ACTION,ROAD_SURFACE,ROAD_COND_1,ROAD_COND_2,LIGHTING,CONTROL_DEVICE,CHP_ROAD_TYPE,PEDESTRIAN_ACCIDENT,BICYCLE_ACCIDENT,MOTORCYCLE_ACCIDENT,TRUCK_ACCIDENT,NOT_PRIVATE_PROPERTY,ALCOHOL_INVOLVED,STWD_VEHTYPE_AT_FAULT,CHP_VEHTYPE_AT_FAULT,COUNT_SEVERE_INJ,COUNT_VISIBLE_INJ,COUNT_COMPLAINT_PAIN,COUNT_PED_KILLED,COUNT_PED_INJURED,COUNT_BICYCLIST_KILLED,COUNT_BICYCLIST_INJURED,COUNT_MC_KILLED,COUNT_MC_INJURED,PRIMARY_RAMP,SECONDARY_RAMP,LATITUDE,LONGITUDE,COUNTY,CITY,POINT_X,POINT_Y
91142072,2019,2019-12-12,9435,2019-12-03,1735,018914,,2,2,7,1005,0,1,3,,2,181,"SR-180 W/B","CEDAR AVENUE",3168.00,W,N,A,-,Y,,,180,,,,,,W,Y,4,0,2,2,A,-,03,22350,,N,C,C,A,A,H,-,D,D,0,,,,,Y,,D,22,0,0,2,0,0,0,0,0,0,"- ","- ",36.755100250244141,-119.76260375976562,FRESNO,FRESNO,-119.76260375976562,36.755149841308594
91142296,2019,2019-12-12,9435,2019-12-02,0555,013703,,1,3,9,1000,0,3,5,,2,034,"MANNING AVENUE WESTBOUND","LEONARD AVENUE",90.00,E,N,B,-,N,,,,,,,,,,Y,4,0,2,3,A,-,07,21658,A,N,B,C,A,A,H,-,D,D,0,,,,,Y,,D,22,0,0,2,0,0,0,0,0,0,"- ","- ",36.605369567871094,-119.63716888427734,FRESNO,UNINCORPORATED,-119.63718414306641,36.605350494384766
91142464,2019,2019-12-12,9435,2019-12-04,1110,013703,,3,1,9,1000,0,3,5,,2,034,"NORTH AVENUE","MCCALL AVE",1000.00,E,N,B,C,N,,,,,,,,,,Y,4,0,1,2,A,-,09,21804,A,N,D,C,A,B,H,-,A,D,0,,,,,Y,Y,A,07,0,0,1,0,0,0,0,0,0,"- ","- ",36.692131042480469,-119.6065673828125,FRESNO,UNINCORPORATED,-119.60697937011719,36.692127227783203
91142465,2019,2019-12-12,9435,2019-12-03,1608,018860,,2,2,9,1000,0,1,3,,1,430,"STATE ROUTE 43","SAGINAW AVENUE",0.00,,Y,B,-,Y,,,43,,,,,,,Y,3,0,3,2,A,-,01,23152,A,N,D,C,A,A,H,-,D,D,0,,,,,Y,Y,D,22,0,2,1,0,0,0,0,0,0,"- ","- ",36.554389953613281,-119.62873840332031,FRESNO,UNINCORPORATED,-119.62873077392578,36.554389953613281
91142725,2019,2019-12-13,9435,2019-12-01,1145,015755,,7,1,9,1000,0,3,5,,2,040,"MOUNTAIN VIEW AVE","CLOVIS AVE.",0.00,,Y,C,-,N,,,,,,,,,,Y,4,0,1,2,A,-,01,23152,A,N,D,C,A,B,H,-,A,A,0,,,,,Y,Y,D,22,0,0,1,0,0,0,0,0,0,"- ","- ",36.547168731689453,-119.70069885253906,FRESNO,UNINCORPORATED,-119.70068359375,36.547199249267578
91142795,2019,2020-02-14,9435,2019-12-04,0620,019451,,3,1,7,1005,0,1,3,,2,105,"STATE ROUTE 99 SOUTHBOUND","HERNDON AVENUE",483.00,N,N,C,-,Y,,,99,,,,,,S,Y,1,1,0,1,A,-,08,22107,,N,E,I,A,B,H,-,D,D,0,,,,,Y,,A,01,0,0,0,0,0,0,0,0,0,"- ","- ",36.833049774169922,-119.91902923583984,FRESNO,FRESNO,-119.91890716552734,36.833202362060547
91143004,2019,2019-12-13,9435,2019-12-05,0805,012846,,4,1,7,1005,0,1,3,,2,410,"SR-41 S/B","PRINCETON AVE",200.00,N,N,A,-,Y,,,41,,,,,,S,N,4,0,1,2,A,-,03,22350,,N,C,C,A,A,H,-,A,D,0,,,,,Y,,A,07,0,0,1,0,0,0,0,0,0,"- ","- ",36.776298522949219,-119.78530120849609,FRESNO,FRESNO,-119.78511047363281,36.776287078857422
91143118,2019,2019-12-13,9435,2019-12-03,0645,017310,,2,1,9,1000,0,3,5,,2,034,"GOLDEN STATE BOULEVARD","CHESTNUT AVENUE",380.00,N,N,E,-,N,,,,,,,,,,Y,2,0,1,2,A,-,03,22350,,M,D,C,A,B,H,-,B,D,0,,,,Y,Y,,A,01,1,0,0,0,0,0,0,0,0,"- ","- ",36.680980682373047,-119.73790740966797,FRESNO,UNINCORPORATED,-119.73763275146484,36.681053161621094
91143190,2019,2019-12-13,9435,2019-12-05,0835,012846,,4,1,7,1005,0,1,3,,2,410,"SR-41 N/B","ASHLAN AVE",1400.00,N,N,A,-,Y,,,41,,,,,,N,Y,4,0,1,2,A,-,03,22350,,N,C,C,A,A,H,-,A,D,0,,,,,Y,,A,01,0,0,1,0,0,0,0,0,0,"- ","- ",36.798198699951172,-119.78530120849609,FRESNO,FRESNO,-119.78514862060547,36.798198699951172
91143210,2019,2019-12-13,9435,2019-12-04,0953,020019,,3,1,9,1000,0,3,5,,2,020,"CARUTHERS AVENUE","KINCAID AVENUE",165.00,W,N,B,C,N,,,,,,,,,,Y,4,0,1,2,A,-,01,23152,A,N,B,E,A,B,H,-,A,D,0,,,,,Y,Y,A,07,0,0,1,0,0,0,0,0,0,"- ","- ",36.539958953857422,-119.84120178222656,FRESNO,UNINCORPORATED,-119.84107971191406,36.539894104003906
91143227,2019,2019-12-13,9435,2019-12-06,1950,020942,,5,2,9,1000,0,3,5,,2,015,"DICKENSON AVENUE","KEARNEY BOULEVARD",0.00,,Y,A,-,N,,,,,,,,,,Y,3,0,1,2,A,-,09,21801,A,F,D,C,A,A,H,-,D,D,0,,,,,Y,,-,99,0,1,0,0,0,0,0,0,0,"- ","- ",36.727710723876953,-119.96996307373047,FRESNO,UNINCORPORATED,-119.96996307373047,36.727699279785156
91143252,2019,2020-07-01,9435,2019-12-05,1732,018860,,4,2,9,1000,0,1,3,,1,412,"STATE ROUTE 41","LAGUNA AVENUE",22.00,N,N,A,-,Y,,,41,,,,,,,Y,4,0,1,3,A,-,03,22350,,N,C,C,A,A,C,-,D,D,0,,,,,Y,,D,22,0,0,1,0,0,0,0,0,0,"- ","- ",36.416599273681641,-119.80412292480469,FRESNO,UNINCORPORATED,-119.80414581298828,36.416606903076172
91143269,2019,2019-12-13,9435,2019-12-05,1731,018860,,4,2,9,1000,0,1,3,,1,412,"STATE ROUTE 41","LAGUNA AVENUE",0.00,,Y,A,-,Y,,,41,,,,,,,Y,3,0,5,2,A,-,09,21802,A,N,D,C,A,A,H,-,D,A,0,,,,,Y,,D,22,0,2,3,0,0,0,0,0,0,"- ","- ",36.416538238525391,-119.80413055419922,FRESNO,UNINCORPORATED,-119.80416107177734,36.416545867919922
91143349,2019,2019-12-13,9435,2019-12-07,1158,021153,,6,1,9,1000,1,3,5,,2,010,"PALM AVENUE (SOUTHBOUND)","SANTA FE AVENUE",20.00,S,N,A,-,N,,,,,,,,,,N,4,0,1,2,A,-,21,22106,,N,C,C,A,A,H,-,A,D,0,,,,,Y,,H,13,0,0,1,0,0,0,0,0,0,"- ","- ",36.782398223876953,-119.80870056152344,FRESNO,UNINCORPORATED,-119.80864715576172,36.787506103515625
91143360,2019,2019-12-13,9435,2019-12-06,1605,020078,,5,2,9,1000,0,1,3,,1,168,"SR-168 W/B","ARMSTRONG AVE",800.00,E,N,A,-,Y,,,,,,,,,,Y,4,0,1,2,A,-,07,21658,A,N,B,C,A,A,H,-,A,D,0,,,,,Y,,A,07,0,0,1,0,0,0,0,0,0,"- ","- ",36.840999603271484,-119.67372894287109,FRESNO,UNINCORPORATED,-119.67235565185547,36.841148376464844
91143403,2019,2019-12-13,9495,2019-12-08,0635,20716,,7,1,9,1000,0,3,5,,2,053,"MERCED AVENUE","LOST HILLS ROAD",130.00,S,N,B,-,N,,,,,,,,,,Y,2,0,2,1,A,-,01,23152,A,N,F,A,A,B,H,-,B,D,0,,,,,Y,Y,A,01,1,1,0,0,0,0,0,0,0,"- ","- ",36.065090179443359,-120.20362091064453,FRESNO,UNINCORPORATED,-120.34332275390625,36.114810943603516
91143729,2019,2019-12-16,9435,2019-12-03,1943,020095,,2,2,7,1005,0,1,3,,2,106,"SR-99 N/B","ORANGE AVE",100.00,S,N,A,B,Y,,,99,,,,,,N,Y,4,0,1,2,A,-,09,21804,A,N,C,C,A,A,H,-,D,D,0,,,,,Y,,A,01,0,0,1,0,0,0,0,0,0,"- ","- ",36.69635009765625,-119.76345062255859,FRESNO,FRESNO,-119.76345062255859,36.69635009765625
91143731,2019,2019-12-16,9435,2019-12-04,1355,019610,,3,1,7,1005,0,1,3,,1,168,"SR-168 S/B","MCKINLEY AVENUE",1584.00,W,N,C,-,Y,,,,,,,,,,Y,4,0,1,4,A,-,03,22350,,N,B,C,A,B,H,-,A,A,0,,,,,Y,,D,22,0,0,1,0,0,0,0,0,0,"- ","- ",36.760231018066406,-119.74906921386719,FRESNO,FRESNO,-119.74949645996094,36.765148162841797
91144014,2019,2019-12-16,9495,2019-12-07,1430,021213,,6,2,9,1000,0,1,3,,1,014,"STATE ROUTE 269 (LASSEN AVENUE)","AVENAL CUTOFF RD.",0.00,,Y,B,-,Y,,,269,,,,,,,Y,4,0,1,3,A,-,09,21804,A,N,D,C,A,A,H,-,A,A,0,,,,,Y,,A,01,0,0,1,0,0,0,0,0,0,"- ","- ",36.072830200195312,-120.10238647460938,FRESNO,UNINCORPORATED,-120.10240936279297,36.072837829589844
91144114,2019,2019-12-16,9495,2019-12-05,0240,019154,,4,3,9,1000,0,1,1,,2,001,"INTERSTATE 5 (SOUTHBOUND)","MANNING AVENUE",107.00,S,N,A,-,Y,,,5,,,,,,,Y,3,0,1,2,A,-,08,22107,,N,B,C,A,A,H,-,D,D,0,,,,Y,Y,,A,01,0,1,0,0,0,0,0,0,0,"- ","- ",36.603500366210938,-120.58413696289062,FRESNO,UNINCORPORATED,-120.58407592773438,36.603588104248047
91144139,2019,2019-12-16,9435,2019-12-05,0740,015890,,4,1,9,1000,0,3,5,,2,040,"CLARKSON AVE","BETHEL AVE",0.00,,Y,A,-,N,,,,,,,,,,N,4,0,1,2,A,-,05,21460,C,N,B,C,A,A,H,-,A,D,0,,,,,Y,,D,22,0,0,1,0,0,0,0,0,0,"- ","- ",36.503471374511719,-119.57514190673828,FRESNO,UNINCORPORATED,-119.57514190673828,36.503448486328125
91144210,2019,2019-12-16,9435,2019-12-07,0854,021153,,6,1,7,1005,0,3,5,,2,015,"MANNING AVENUE","LOGGINS DRIVE",20.00,W,N,A,-,N,,,,,,,,,,Y,3,0,2,2,A,-,09,21801,A,N,D,C,A,A,H,-,A,D,0,,,,,Y,,A,01,0,2,0,0,0,0,0,0,0,"- ","- ",36.602901458740234,-120.19950103759766,FRESNO,FRESNO,-120.19951629638672,36.60302734375
91144297,2019,2019-12-16,9435,2019-12-07,1502,020122,,6,2,7,1005,0,1,3,,2,105,"SR-99 N/B TO SR-180 E/B","EL DORADO ST",530.00,N,N,B,-,Y,,,99,,,,R,,N,Y,4,0,1,2,A,-,08,22107,,N,B,C,A,B,H,-,A,D,0,,,,,Y,,A,08,0,0,1,0,0,0,0,0,0,"- ","- ",36.739421844482422,-119.80970764160156,FRESNO,FRESNO,-119.80970764160156,36.739421844482422
91144410,2019,2019-12-16,9435,2019-12-05,1810,018746,,4,2,9,1000,0,3,5,,2,015,"MARKS AVENUE","CHURCH AVENUE",0.00,,Y,B,-,N,,,,,,,,,,Y,4,0,1,2,A,-,12,22450,A,N,D,C,A,A,H,-,D,A,0,,,,,Y,,A,01,0,0,1,0,0,0,0,0,0,"- ","- ",36.713909149169922,-119.84455108642578,FRESNO,UNINCORPORATED,-119.84449005126953,36.713878631591797
91144440,2019,2019-12-16,9435,2019-12-07,0739,019610,,6,1,7,1005,0,1,3,,2,181,"SR-180 W/B FROM CLOVIS AVE N/B","CLOVIS AVE",450.00,E,N,C,-,Y,,,180,,,,R,,W,Y,4,0,1,1,A,-,03,22350,,N,F,A,A,B,H,-,A,A,0,,,,,Y,,D,22,0,0,1,0,0,0,0,0,0,"- ","- ",36.753101348876953,-119.68022155761719,FRESNO,FRESNO,-119.68022155761719,36.753101348876953
91144566,2019,2019-12-16,9435,2019-12-07,0940,016507,,6,1,9,1000,0,3,5,,2,060,"MANNING AVE","PORTER AVE",0.00,,Y,B,C,N,,,,,,,,,,Y,4,0,1,2,A,-,03,22350,,N,C,C,A,B,H,-,A,D,0,,,,,Y,,A,01,0,0,1,0,0,0,0,0,0,"- ","- ",36.603569030761719,-119.36778259277344,FRESNO,UNINCORPORATED,-119.36772918701172,36.603561401367188
91144595,2019,2019-12-16,9435,2019-12-06,1803,018823,,5,2,7,1005,0,1,3,,2,181,"SR-180 W/B",SR-99,1584.00,E,N,A,-,Y,,,180,,,,,,W,Y,4,0,1,2,A,-,03,22350,,N,C,C,A,A,D,-,D,D,0,,,,,Y,,A,01,0,0,1,0,0,0,0,0,0,"- ","- ",36.743801116943359,-119.80960083007812,FRESNO,FRESNO,-119.80961608886719,36.74383544921875
91144637,2019,2019-12-16,9435,2019-12-02,2035,018892,,1,2,9,1000,0,3,5,,2,034,"MANNING AVE","SMITH AVE",1056.00,W,N,A,-,N,,,,,,,,,,Y,3,0,2,2,A,-,01,23152,A,N,C,C,A,A,H,-,D,D,0,,,,,Y,Y,A,01,0,2,0,0,0,0,0,0,0,"- ","- ",36.604660034179688,-119.50611114501953,FRESNO,UNINCORPORATED,-119.50605773925781,36.604534149169922
91144664,2019,2019-12-16,9435,2019-12-08,1223,015095,,7,1,7,1005,0,1,3,,1,168,"SR-168 EASTBOUND","ASHLAN AVENUE",700.00,N,N,B,C,Y,,,168,,,,,,E,Y,4,0,1,2,A,-,03,22350,,N,B,C,A,B,H,-,A,D,0,,,,,Y,,A,01,0,0,1,0,0,0,0,0,0,"- ","- ",36.796218872070312,-119.74526977539062,FRESNO,FRESNO,-119.74528503417969,36.796234130859375
91144891,2019,2019-12-17,9435,2019-12-06,1630,020942,,5,2,9,1000,0,3,5,,2,015,"CORNELIA AVENUE","CALIFORNIA AVENUE",0.00,,Y,A,-,N,,,,,,,,,,Y,4,0,1,2,A,-,12,22450,A,F,D,C,A,A,H,-,A,A,0,,,,,Y,,-,99,0,0,1,0,0,0,0,0,0,"- ","- ",36.720981597900391,-119.88056945800781,FRESNO,UNINCORPORATED,-120.36557006835938,36.149101257324219
91145180,2019,2019-12-17,9435,2019-12-08,1615,021031,,7,2,9,1000,0,3,5,,2,050,"STATE ROUTE 168 EASTBOUND","SAMPLE ROAD",12672.00,E,N,A,B,Y,,,168,,,,,,E,Y,3,0,1,1,A,-,03,22350,,N,E,I,A,B,H,-,A,D,0,,,,,Y,,D,22,0,1,0,0,0,0,0,0,0,"- ","- ",36.93212890625,-119.50440216064453,FRESNO,UNINCORPORATED,-119.50449371337891,36.93212890625
91145188,2019,2019-12-17,9435,2019-11-22,1812,020122,,5,2,9,1000,0,1,3,,2,106,"SR-99 S/B","AMERICAN AVE",2640.00,N,N,A,-,Y,,,99,,,,,,S,Y,2,0,1,1,A,-,08,22107,,N,E,I,A,A,H,-,C,D,0,,,,,Y,,A,07,1,0,0,0,0,0,0,0,0,"- ","- ",36.668388366699219,-119.73056030273438,FRESNO,UNINCORPORATED,-119.73046875,36.668483734130859
91145223,2019,2019-12-17,9435,2019-12-08,1752,021031,,7,2,9,1000,0,3,5,,2,025,"SHAW AVENUE","GREENWOOD AVENUE",500.00,W,N,A,-,N,,,,,,,,,,Y,4,0,1,1,C,-,18,,,N,H,H,A,A,H,-,D,D,0,,,,,Y,,-,"- ",0,0,1,0,0,0,0,0,0,"- ","- ",36.808158874511719,-119.56649017333984,FRESNO,UNINCORPORATED,-119.56654357910156,36.80816650390625
91145240,2019,2019-12-17,9435,2019-12-08,2050,019789,,7,2,9,1000,0,3,5,,2,020,"MOUNT WHITNEY AVENUE","HOWARD AVENUE",1584.00,W,N,B,-,N,,,,,,,,,,Y,4,0,1,1,A,-,01,23152,A,N,E,I,A,B,H,-,D,D,0,,,,,Y,Y,A,01,0,0,1,0,0,0,0,0,0,"- ","- ",36.42974853515625,-120.03726196289062,FRESNO,UNINCORPORATED,-120.03671264648438,36.429855346679688
91145307,2019,2019-12-17,9435,2019-12-08,0545,015095,,7,3,7,1005,0,1,3,,2,410,"SR-41 SOUTHBOUND (FROM BULLARD AVE W/B)","BULLARD AVENUE",75.00,S,N,B,-,Y,,,41,,,,,,S,Y,3,0,1,2,A,-,03,22350,,N,D,C,A,B,H,-,A,D,0,,,,,Y,,A,01,0,1,0,0,0,0,0,0,0,"- ","- ",36.822429656982422,-119.78591918945312,FRESNO,FRESNO,-119.78542327880859,36.822418212890625
91145353,2019,2019-12-17,9435,2019-12-08,1338,019789,,7,1,9,1000,0,1,3,,1,180,SR-180,"DICKENSON AVE",0.00,,Y,C,-,Y,,,180,,,,,,,N,4,0,1,2,A,-,09,21800,A,N,D,C,A,B,H,-,A,A,0,,,,,Y,,A,01,0,0,1,0,0,0,0,0,0,"- ","- ",36.735069274902344,-119.96991729736328,FRESNO,UNINCORPORATED,-119.96991729736328,36.735019683837891
91145387,2019,2019-12-17,9435,2019-12-15,1710,020387,,7,2,7,1005,0,1,3,,2,181,"SR-180 EASTBOUND TO SR-41 NORTHBOUND","STATE ROUTE 41 SOUTHBOUND",675.00,W,N,A,-,Y,,,180,,,,R,,E,Y,4,0,1,2,A,-,01,23152,A,F,B,C,A,A,H,-,D,D,0,,,,,Y,Y,A,07,0,0,1,0,0,0,0,0,0,"- ","- ",36.753551483154297,-119.77854919433594,FRESNO,FRESNO,-119.77854919433594,36.753551483154297
91145549,2019,2019-12-17,9435,2019-12-10,1000,017310,,2,1,7,1005,0,1,3,,2,105,"SR-99 N/B","ASHLAN AVE",2640.00,N,N,B,-,Y,,,99,,,,,,N,Y,2,0,1,1,A,-,08,22107,,N,E,J,A,A,H,-,A,D,0,,,,,Y,,A,01,1,0,0,0,0,0,0,0,0,"- ","- ",36.798069000244141,-119.87203216552734,FRESNO,FRESNO,-119.87196350097656,36.798171997070312
91145566,2019,2019-12-17,9435,2019-12-10,1515,020942,,2,2,9,1000,0,3,5,,2,025,"MINNEWAWA AVENUE","BEHYMER AVENUE",1056.00,N,N,A,-,N,,,,,,,,,,N,3,0,1,2,A,-,03,22350,,N,C,C,A,A,H,-,A,D,0,,,,,Y,,A,01,0,1,0,0,0,0,0,0,0,"- ","- ",36.883899688720703,-119.71121215820312,FRESNO,UNINCORPORATED,-119.71117401123047,36.884048461914062
91145572,2019,2019-12-17,9435,2019-12-09,1235,019610,,1,1,9,1000,0,1,3,,1,430,SR-43,"CLARKSON AVE",1320.00,S,N,A,-,Y,,,43,,,,,,,Y,4,0,1,2,A,-,06,21750,,N,B,C,A,A,H,-,A,A,0,,,,Y,Y,,A,01,0,0,1,0,0,0,0,0,0,"- ","- ",36.499500274658203,-119.62901306152344,FRESNO,UNINCORPORATED,-119.62905120849609,36.499500274658203
91146018,2019,2019-12-18,9435,2019-12-08,1230,021165,,7,1,9,1000,0,3,5,,2,040,"CHESTNUT AVE","LINCOLN AVE",200.00,S,N,B,-,N,,,,,,,,,,Y,4,0,2,2,A,-,09,21804,A,N,B,C,A,A,H,-,A,D,0,,,,,Y,,D,22,0,0,2,0,0,0,0,0,0,"- ","- ",36.646389007568359,-119.73681640625,FRESNO,UNINCORPORATED,-119.73677825927734,36.648372650146484
91146053,2019,2019-12-18,9435,2019-12-11,1830,020387,,3,2,9,1000,0,3,5,,2,010,"GETTYSBURG AVENUE","MAROA AVENUE",0.00,,Y,A,-,N,,,,,,,,,,N,4,0,1,2,D,-,00,,,N,D,C,A,A,H,-,D,A,0,,,,,Y,,-,"- ",0,0,1,0,0,0,0,0,0,"- ","- ",36.801250457763672,-119.79953765869141,FRESNO,UNINCORPORATED,-119.79947662353516,36.801219940185547
91146089,2019,2019-12-18,9435,2019-12-11,2005,020387,,3,2,9,1000,0,3,5,,2,010,"SHIELDS AVENUE","POLK AVENUE",0.00,,Y,A,-,N,,,,,,,,,,N,4,0,1,2,A,-,09,21800,A,N,D,C,A,A,H,-,D,A,0,,,,,Y,,A,01,0,0,1,0,0,0,0,0,0,"- ","- ",36.793598175048828,-119.88944244384766,FRESNO,UNINCORPORATED,-119.88932800292969,36.77899169921875
91146194,2019,2019-12-18,9435,2019-12-12,1620,018746,,4,2,9,1000,0,1,3,,1,168,"SR-168 EASTBOUND","MENDOCINO AVENUE",100.00,W,N,A,-,Y,,,168,,,,,,E,Y,3,0,3,3,A,-,03,22350,,N,A,C,A,A,H,-,A,D,0,,,,,Y,,A,08,0,1,2,0,0,0,0,0,0,"- ","- ",36.881160736083984,-119.54821014404297,FRESNO,UNINCORPORATED,-119.54821014404297,36.881160736083984
91146207,2019,2019-12-18,9435,2019-12-12,0800,017310,,4,1,9,1000,0,1,3,,2,410,"SR-41 N/B","MCKINLEY AVE",1584.00,N,N,A,-,Y,,,,,,,,,,Y,4,0,1,3,A,-,03,22350,,N,C,C,A,A,H,-,A,D,0,,,,,Y,,A,01,0,0,1,0,0,0,0,0,0,"- ","- ",36.767391204833984,-119.78034973144531,FRESNO,UNINCORPORATED,-119.78090667724609,36.767807006835938
91146293,2019,2019-12-18,9435,2019-12-12,1705,018914,,4,2,7,1005,0,1,3,,2,182,"SR-180 E/B TO PEACH AVENUE","PEACH AVENUE",350.00,W,N,A,-,Y,,,180,,,,R,,E,Y,4,0,1,3,A,-,03,22350,,N,C,C,A,A,H,-,D,A,0,,,,,Y,,A,07,0,0,1,0,0,0,0,0,0,"- ","- ",36.752201080322266,-119.71970367431641,FRESNO,FRESNO,-119.71970367431641,36.752201080322266
9114638,2020,2020-09-11,1011,2020-05-27,1320,K065,3,3,5,3,1011,0,0,0,,0,003,WHITNER,"PARLIER AV",0.00,N,N,A,-,N,,,,,,,,,,N,3,0,1,1,A,-,08,22107,,N,E,I,A,A,H,-,A,D,0,,,,,Y,,A,81,0,1,0,0,0,0,0,0,0,"- ","- ",36.611621856689453,-119.52707672119141,FRESNO,PARLIER,-119.54405975341797,36.612228393554688
91146414,2019,2019-12-18,9435,2019-12-10,1110,018926,,2,1,9,1000,0,3,5,,2,010,"OLIVE AVE","BRAWLEY AVE",0.00,,Y,B,-,N,,,,,,,,,,N,4,0,1,2,A,-,09,21802,B,N,D,C,A,A,H,-,A,A,0,,,,,Y,,A,01,0,0,1,0,0,0,0,0,0,"- ","- ",36.757331848144531,-119.86210632324219,FRESNO,UNINCORPORATED,-119.86215209960938,36.757301330566406
91146468,2019,2019-12-18,9435,2019-12-08,1755,021031,,7,2,9,1000,0,3,5,,2,025,"EASTBOUND SHAW AVENUE","GREENWOOD AVENUE",480.00,W,N,A,-,N,,,,,,,,,,Y,4,0,1,1,C,-,18,,,N,H,H,A,A,H,-,D,D,0,,,,,Y,,-,"- ",0,0,1,0,0,0,0,0,0,"- ","- ",36.808170318603516,-119.56623077392578,FRESNO,UNINCORPORATED,-119.56647491455078,36.808162689208984
91146589,2019,2019-12-18,9435,2019-12-14,1040,021165,,6,1,9,1000,0,1,3,,1,183,"STATE ROUTE 180","CLOVIS AVENUE",80.00,E,N,B,-,Y,,,180,,,,,,,N,4,0,1,2,A,-,07,21658,A,M,B,C,A,A,H,-,A,D,0,,,,,Y,,-,99,0,0,1,0,0,0,0,0,0,"- ","- ",36.753021240234375,-119.69233703613281,FRESNO,UNINCORPORATED,-119.69234466552734,36.753059387207031
91146605,2019,2019-12-18,9435,2019-12-10,0753,018926,,2,1,9,1000,0,3,5,,2,010,"INDIANAPOLIS AVENUE","DEL MAR AVENUE",0.00,,Y,B,-,N,,,,,,,,,,Y,4,0,3,2,A,-,09,21802,A,N,D,C,A,A,H,-,A,D,0,,,,,Y,,A,01,0,0,3,0,0,0,0,0,0,"- ","- ",36.799468994140625,-119.79499053955078,FRESNO,UNINCORPORATED,-119.79499816894531,36.799461364746094
91146612,2019,2019-12-27,9435,2019-12-14,0600,015095,,6,1,9,1000,0,3,5,,2,025,"MILLERTON ROAD","SKY HARBOUR RD",2640.00,E,N,B,-,N,,,,,,,,,,Y,3,0,2,1,A,-,08,22107,,N,E,I,A,B,H,-,D,D,0,,,,,Y,,A,07,0,2,0,0,0,0,0,0,0,"- ","- ",36.980411529541016,-119.63308715820312,FRESNO,UNINCORPORATED,-119.63313293457031,36.980442047119141
91146655,2019,2019-12-18,9435,2019-12-14,1534,019789,,6,2,9,1000,0,3,5,,2,040,"PLACER AVENUE","ADAMS AVENUE",2640.00,N,N,A,-,N,,,,,,,,,,N,4,0,1,2,A,-,03,22350,,N,C,C,A,A,H,-,A,D,0,,,,,Y,,A,01,0,0,1,0,0,0,0,0,0,"- ","- ",36.64044189453125,-120.1787109375,FRESNO,UNINCORPORATED,-120.1787109375,36.639839172363281
91147285,2019,2019-12-19,9435,2019-12-11,1815,018944,,3,2,7,1005,0,1,3,,2,410,"SR-41 S/B","SHIELDS AVE.",528.00,S,N,A,-,Y,,,41,,,,,,S,Y,4,0,1,3,A,-,07,21658,A,N,B,C,A,A,H,-,C,D,0,,,,,Y,,A,07,0,0,1,0,0,0,0,0,0,"- ","- ",36.777580261230469,-119.78505706787109,FRESNO,FRESNO,-119.7850341796875,36.777580261230469
91147289,2019,2019-12-19,9435,2019-12-13,2340,017518,,5,3,9,1000,0,3,5,,2,025,"CLOVIS AVENUE","DONNER AVENUE",40.00,N,N,B,C,N,,,,,,,,,,Y,3,0,3,2,A,-,03,22350,,N,C,C,A,B,H,-,D,D,0,,,,,Y,,A,01,0,1,2,0,0,0,0,0,0,"- ","- ",36.799949645996094,-119.70044708251953,FRESNO,UNINCORPORATED,-119.70069885253906,36.799800872802734
91147310,2019,2019-12-19,9435,2019-12-13,0640,014363,,5,1,9,1000,0,3,5,,2,034,"CHURCH AVENUE","SOUTH GEARHART AVENUE",40.00,E,N,B,-,N,,,,,,,,,,N,4,0,1,2,A,-,03,22350,,N,C,C,A,A,H,-,B,D,0,,,,,Y,,A,01,0,0,1,0,0,0,0,0,0,"- ","- ",36.714160919189453,-119.76499938964844,FRESNO,UNINCORPORATED,-119.76507568359375,36.714141845703125