CASE_ID,ACCIDENT_YEAR,PROC_DATE,JURIS,COLLISION_DATE,COLLISION_TIME,OFFICER_ID,REPORTING_DISTRICT,DAY_OF_WEEK,CHP_SHIFT,POPULATION,CNTY_CITY_LOC,SPECIAL_COND,BEAT_TYPE,CHP_BEAT_TYPE,CITY_DIVISION_LAPD,CHP_BEAT_CLASS,BEAT_NUMBER,PRIMARY_RD,SECONDARY_RD,DISTANCE,DIRECTION,INTERSECTION,WEATHER_1,WEATHER_2,STATE_HWY_IND,CALTRANS_COUNTY,CALTRANS_DISTRICT,STATE_ROUTE,ROUTE_SUFFIX,POSTMILE_PREFIX,POSTMILE,LOCATION_TYPE,RAMP_INTERSECTION,SIDE_OF_HWY,TOW_AWAY,COLLISION_SEVERITY,NUMBER_KILLED,NUMBER_INJURED,PARTY_COUNT,PRIMARY_COLL_FACTOR,PCF_CODE_OF_VIOL,PCF_VIOL_CATEGORY,PCF_VIOLATION,PCF_VIOL_SUBSECTION,HIT_AND_RUN,TYPE_OF_COLLISION,MVIW,PED_ACTION,ROAD_SURFACE,ROAD_COND_1,ROAD_COND_2,LIGHTING,CONTROL_DEVICE,CHP_ROAD_TYPE,PEDESTRIAN_ACCIDENT,BICYCLE_ACCIDENT,MOTORCYCLE_ACCIDENT,TRUCK_ACCIDENT,NOT_PRIVATE_PROPERTY,ALCOHOL_INVOLVED,STWD_VEHTYPE_AT_FAULT,CHP_VEHTYPE_AT_FAULT,COUNT_SEVERE_INJ,COUNT_VISIBLE_INJ,COUNT_COMPLAINT_PAIN,COUNT_PED_KILLED,COUNT_PED_INJURED,COUNT_BICYCLIST_KILLED,COUNT_BICYCLIST_INJURED,COUNT_MC_KILLED,COUNT_MC_INJURED,PRIMARY_RAMP,SECONDARY_RAMP,LATITUDE,LONGITUDE,COUNTY,CITY,POINT_X,POINT_Y
91212635,2020,2020-03-20,9435,2020-03-05,0515,019523,,4,3,9,1000,0,1,3,,2,106,"STATE ROUTE 99 NORTHBOUND","CENTRAL AVE",2640.00,N,N,A,-,Y,,,99,,,,,,N,Y,3,0,1,2,A,-,03,22350,,N,C,C,A,A,H,-,D,D,0,,,,Y,Y,,A,01,0,1,0,0,0,0,0,0,0,"- ","- ",36.682628631591797,-119.74687957763672,FRESNO,UNINCORPORATED,-119.74690246582031,36.682601928710938
91212702,2020,2020-03-20,9435,2020-03-10,1900,017310,,2,2,7,1005,0,1,3,,2,410,"STATE ROUTE 41 NORTHBOUND","BELMONT AVENUE",100.00,N,N,C,-,Y,,,41,,,,,,N,Y,3,0,1,2,A,-,03,22350,,N,C,C,A,B,H,-,C,D,0,,,,,Y,,A,01,0,1,0,0,0,0,0,0,0,"- ","- ",36.750808715820312,-119.77587127685547,FRESNO,FRESNO,-119.77594757080078,36.750816345214844
91212731,2020,2020-03-20,9435,2020-03-10,0845,018746,,2,1,7,1005,0,1,3,,2,181,"STATE ROUTE 180 WESTBOUND","FULTON AVENUE",250.00,E,N,A,-,Y,,,180,,,,,,W,Y,4,0,1,3,A,-,03,22350,,N,C,C,A,A,H,-,A,D,0,,,,,Y,,A,07,0,0,1,0,0,0,0,0,0,"- ","- ",36.748340606689453,-119.80120849609375,FRESNO,FRESNO,-119.80119323730469,36.748310089111328
91212760,2020,2020-03-20,9435,2020-03-10,1840,020387,,2,2,7,1005,0,1,3,,2,410,"SR-41 NB TO SR-168 EB/SR-180 EB","STATE ROUTE 41 NORTHBOUND",350.00,E,N,B,C,Y,,,41,,,,R,,N,Y,4,0,1,1,A,-,03,22350,,N,E,I,A,B,H,-,B,D,0,,,,,Y,,A,01,0,0,1,0,0,0,0,0,0,"- ","- ",36.753990173339844,-119.77454376220703,FRESNO,FRESNO,-119.77454376220703,36.753990173339844
91212827,2020,2020-03-20,9435,2020-03-10,1940,020095,,2,2,7,1005,0,1,3,,2,106,"STATE ROUTE 99 SOUTHBOUND","JENSEN AVE",1100.00,S,N,B,C,Y,,,99,,,,,,S,Y,3,0,2,2,A,-,08,22107,,N,C,C,A,B,H,-,C,D,0,,,,,Y,,D,22,0,2,0,0,0,0,0,0,0,"- ","- ",36.704330444335938,-119.77181243896484,FRESNO,FRESNO,-119.77177429199219,36.704368591308594
91213030,2020,2020-03-20,9435,2020-03-11,0600,014286,,3,1,9,1000,0,3,5,,2,010,"BELMONT AVENUE","LAKE AVENUE",650.00,E,N,A,-,N,,,,,,,,,,Y,3,0,1,1,A,-,08,22107,,N,E,I,A,A,H,-,D,D,0,,,,,Y,,A,07,0,1,0,0,0,0,0,0,0,"- ","- ",36.749420166015625,-120.13030242919922,FRESNO,UNINCORPORATED,-120.13003540039062,36.749401092529297
91213164,2020,2020-03-20,9495,2020-03-17,0201,019424,,2,3,9,1000,0,1,1,,2,001,"INTERSTATE 5 (NORTHBOUND)","STATE ROUTE 33 (DERRICK AVENUE)",13728.00,N,N,A,-,Y,,,5,,,,,,,Y,4,0,2,2,A,-,03,22350,,N,C,C,A,A,H,-,D,D,0,,,,Y,Y,,D,22,0,0,2,0,0,0,0,0,0,"- ","- ",36.465499877929688,-120.42137145996094,FRESNO,UNINCORPORATED,-120.42141723632812,36.4654541015625
91213169,2020,2020-03-20,9435,2020-03-11,0555,013660,,3,3,9,1000,0,3,5,,2,040,"CONEJO AVENUE","STATE ROUTE 43 (HIGHLAND AVENUE)",1985.00,E,N,B,C,N,,,,,,,,,,Y,4,0,1,3,A,-,06,21750,,N,A,C,A,B,H,-,D,D,0,,,,Y,Y,,D,22,0,0,1,0,0,0,0,0,0,"- ","- ",36.518150329589844,-119.62213897705078,FRESNO,UNINCORPORATED,-119.62222290039062,36.518115997314453
91213260,2020,2020-03-23,9435,2020-03-19,1029,019113,,4,1,7,1005,0,1,3,,2,105,"STATE ROUTE 99 SOUTHBOUND","BELMONT AVENUE",30.00,N,N,B,-,Y,,,99,,,,,,S,Y,3,0,1,2,A,-,03,22350,,N,C,C,A,B,H,-,A,D,0,,,,Y,Y,,G,25,0,1,0,0,0,0,0,0,0,"- ","- ",36.750358581542969,-119.82521057128906,FRESNO,FRESNO,-119.82514953613281,36.750408172607422
91213274,2020,2020-03-23,9435,2020-03-11,0630,019856,,3,1,9,1000,0,3,5,,2,034,"NORTH AVENUE","MCCALL AVENUE",40.00,E,N,B,C,N,,,,,,,,,,N,4,0,2,2,A,-,03,22350,,N,C,C,A,B,H,-,A,A,0,,,,,Y,,D,22,0,0,2,0,0,0,0,0,0,"- ","- ",36.692119598388672,-119.61013793945312,FRESNO,UNINCORPORATED,-119.61025238037109,36.692119598388672
91213281,2020,2020-03-23,9435,2020-03-11,0845,021148,,3,1,7,1005,0,1,3,,2,105,"STATE ROUTE 99 SOUTHBOUND","CLINTON AVENUE",1500.00,S,N,B,C,Y,,,99,,,,,,S,Y,3,0,3,5,A,-,03,22350,,N,C,C,A,B,H,-,A,D,0,,,,Y,Y,,A,01,0,1,2,0,0,0,0,0,0,"- ","- ",36.768161773681641,-119.83625793457031,FRESNO,FRESNO,-119.83634185791016,36.768112182617188
91213282,2020,2020-03-23,9435,2020-03-11,0805,014547,,3,1,7,1005,0,1,3,,2,410,"STATE ROUTE 41 NORTHBOUND","FLORADORA AVENUE",100.00,N,N,B,C,Y,,,41,,,,,,N,N,4,0,1,2,A,-,03,22350,,N,C,C,A,B,H,-,A,D,0,,,,,Y,,A,01,0,0,1,0,0,0,0,0,0,"- ","- ",36.761848449707031,-119.77532196044922,FRESNO,FRESNO,-119.7752685546875,36.761852264404297
91213663,2020,2020-03-23,9435,2020-03-12,1525,020942,,4,2,9,1000,0,1,3,,2,181,"STATE ROUTE 180, EASTBOUND","FULTON STREET",500.00,W,N,A,-,Y,,,,,,,,,,N,4,0,2,2,A,-,07,21658,A,N,B,C,A,A,H,-,A,D,0,,,,,Y,,A,01,0,0,2,0,0,0,0,0,0,"- ","- ",36.747638702392578,-119.80190277099609,FRESNO,UNINCORPORATED,-119.80178070068359,36.747657775878906
91213706,2020,2020-03-23,9435,2020-03-12,1020,015095,,4,1,9,1000,0,3,5,,2,010,"BLYTHE AVENUE","BELMONT AVENUE",0.00,,Y,A,-,N,,,,,,,,,,Y,3,0,1,2,A,-,12,22450,A,N,D,C,A,A,H,-,A,A,0,,,,,Y,,A,01,0,1,0,0,0,0,0,0,0,"- ","- ",36.750038146972656,-119.87117767333984,FRESNO,UNINCORPORATED,-119.87116241455078,36.750011444091797
91213912,2020,2020-03-23,9495,2020-03-10,0925,017686,,2,1,9,1000,0,1,1,,2,003,"INTERSTATE 5 SOUTHBOUND TO JAYNE AVENUE","JAYNE AVENUE",200.00,N,N,B,-,Y,,,5,,,,R,,S,N,4,0,1,3,A,-,08,22107,,N,B,C,E,A,H,-,A,D,0,Y,,,Y,Y,,G,25,0,0,1,0,1,0,0,0,0,"- ","- ",36.138698577880859,-120.16085815429688,FRESNO,UNINCORPORATED,-120.16085815429688,36.138698577880859
91214038,2020,2020-03-23,9495,2020-03-15,0405,021354,,7,3,9,1000,0,1,1,,2,003,"INTERSTATE 5 SOUTHBOUND","EL DORADO AVE",1584.00,S,N,A,G,Y,,,5,,,,,,S,Y,3,0,6,3,A,-,08,22107,,N,B,C,A,A,H,-,D,D,0,,,,Y,Y,,A,01,0,2,4,0,0,0,0,0,0,"- ","- ",36.199268341064453,-120.20960998535156,FRESNO,UNINCORPORATED,-120.20954132080078,36.199314117431641
91214113,2020,2020-03-23,9435,2020-03-12,0848,015095,,4,1,9,1000,0,3,5,,2,010,"ASHLAN AVENUE","MAROA AVENUE",0.00,,Y,A,-,N,,,,,,,,,,Y,2,0,2,3,A,-,09,21801,A,N,D,C,A,A,H,-,A,A,0,,,Y,,Y,,A,01,1,1,0,0,0,0,0,0,1,"- ","- ",36.794010162353516,-119.79959106445312,FRESNO,UNINCORPORATED,-119.799560546875,36.793998718261719
91214517,2020,2020-03-24,9435,2020-03-12,2335,018944,,4,3,7,1005,0,1,3,,2,105,"STATE ROUTE 99 SOUTHBOUND","STANISLAUS AVENUE",528.00,N,N,A,-,Y,,,99,,,,,,S,Y,3,0,2,2,A,-,03,22350,,N,C,C,A,A,H,-,C,D,0,,,,,Y,,A,01,0,2,0,0,0,0,0,0,0,"- ","- ",36.735118865966797,-119.80380249023438,FRESNO,FRESNO,-119.80380249023438,36.735118865966797
91214664,2020,2020-03-24,9435,2020-03-12,1605,021119,,4,2,9,1000,0,1,3,,1,168,"STATE ROUTE 168","MADSEN AVENUE",2640.00,E,N,A,-,Y,,,168,,,,,,,Y,3,0,1,1,A,-,08,22107,,N,F,A,A,A,H,-,A,D,0,,,,,Y,,D,22,0,1,0,0,0,0,0,0,0,"- ","- ",36.890579223632812,-119.53249359130859,FRESNO,UNINCORPORATED,-119.53252410888672,36.890613555908203
91214691,2020,2020-03-25,9461,2020-03-13,1552,017029,,5,2,9,1000,0,2,4,,1,315,"NEES AVE.",I-5,0.00,,Y,B,-,Y,,,,,,,,,,Y,2,0,5,2,A,-,09,21801,A,N,A,C,A,A,H,-,A,D,0,,,,,Y,,A,01,1,1,3,0,0,0,0,0,0,"- ","- ",36.850349426269531,-120.77246856689453,FRESNO,UNINCORPORATED,-120.774169921875,36.850311279296875
91214694,2020,2020-03-24,9495,2020-03-13,1644,20716,,5,2,9,1000,0,3,5,,2,053,"BUTTE AVENUE","JAYNE AVENUE",0.00,,Y,B,G,Y,,,,,,,,,,Y,4,0,5,3,A,-,12,22450,A,N,D,C,A,A,H,-,A,A,0,,,,,Y,,A,07,0,0,5,0,0,0,0,0,0,"- ","- ",36.081588745117188,-120.09229278564453,FRESNO,UNINCORPORATED,-120.15637969970703,36.137779235839844
91214855,2020,2020-03-24,9495,2020-03-13,0255,019424,,5,3,9,1000,0,1,1,,2,002,"INTERSTATE 5 (NORTHBOUND)","STATE ROUTE 33 (DERRICK AVENUE)",2112.00,S,N,A,-,Y,,,5,,,,,,,Y,3,0,1,1,A,-,01,23152,A,N,F,A,A,A,H,-,D,D,0,,,,,Y,Y,A,01,0,1,0,0,0,0,0,0,0,"- ","- ",36.433761596679688,-120.39217376708984,FRESNO,UNINCORPORATED,-120.39216613769531,36.433761596679688
91215034,2020,2020-03-24,9435,2020-03-13,1740,019926,,5,2,7,1005,0,1,3,,2,105,"STATE ROUTE 99 NORTHBOUND","OLIVE AVENUE",900.00,S,N,A,-,Y,,,99,,,,,,N,Y,4,0,2,3,A,-,07,21658,A,N,B,C,A,A,H,-,A,D,0,,,,,Y,,A,01,0,0,2,0,0,0,0,0,0,"- ","- ",36.755809783935547,-119.82875823974609,FRESNO,FRESNO,-119.82868194580078,36.755855560302734
91215056,2020,2020-03-24,9435,2020-03-15,1535,020824,,7,2,7,1005,0,1,3,,2,410,"STATE ROUTE 41 S/B","STATE ROUTE 99",50.00,S,N,B,-,Y,,,41,,,,,,S,N,4,0,1,2,A,-,03,22350,,N,C,C,A,A,H,-,A,D,0,,,,,Y,,A,01,0,0,1,0,0,0,0,0,0,"- ","- ",36.717899322509766,-119.78481292724609,FRESNO,FRESNO,-119.78481292724609,36.717899322509766
91215061,2020,2020-03-24,9435,2020-03-09,1325,018926,,1,1,7,1005,0,1,3,,2,105,"STATE ROUTE 99, NORTHBOUND","STATE ROUTE 180",1056.00,S,N,A,-,Y,,,99,,,,,,N,N,4,0,1,2,A,-,03,22350,,F,C,C,A,A,H,-,A,D,0,,,,,Y,,D,22,0,0,1,0,0,0,0,0,0,"- ","- ",36.73944091796875,-119.80996704101562,FRESNO,FRESNO,-119.80999755859375,36.739360809326172
91215072,2020,2020-03-24,9435,2020-03-16,0215,016507,,1,3,9,1000,0,3,5,,2,060,"SOUTH AVENUE","RIO AVENUE",200.00,W,N,C,-,N,,,,,,,,,,Y,4,0,1,1,A,-,08,22107,,N,E,I,A,B,H,-,D,D,0,,,,,Y,,A,01,0,0,1,0,0,0,0,0,0,"- ","- ",36.618499755859375,-119.39949798583984,FRESNO,UNINCORPORATED,-119.4000244140625,36.618465423583984
91215073,2020,2020-03-24,9435,2020-03-13,1015,020540,,5,1,9,1000,0,1,3,,2,184,"STATE ROUTE 180","ALTA AVENUE",5280.00,W,N,B,-,Y,,,180,,,,,,,Y,2,0,1,1,A,-,03,22350,,N,F,A,A,A,H,-,A,D,0,,,Y,,Y,,C,02,1,0,0,0,0,0,0,0,1,"- ","- ",36.713901519775391,-119.41298675537109,FRESNO,UNINCORPORATED,-119.41297912597656,36.713939666748047
91215212,2020,2020-03-25,9435,2020-03-13,0825,015095,,5,1,9,1000,0,3,5,,2,010,"MCKINLEY AVENUE WESTBOUND","CORNELIA AVENUE",24.00,W,N,A,-,N,,,,,,,,,,Y,4,0,2,2,A,-,12,22450,A,N,C,C,A,A,H,-,A,D,0,,,,,Y,,A,01,0,0,2,0,0,0,0,0,0,"- ","- ",36.764568328857422,-119.88044738769531,FRESNO,UNINCORPORATED,-119.88034820556641,36.764579772949219
91215221,2020,2020-03-25,9435,2020-03-13,0655,015095,,5,1,9,1000,0,3,5,,2,010,"SHAW AVENUE","DICKENSON AVENUE",0.00,,Y,A,-,N,,,,,,,,,,Y,3,0,4,2,A,-,09,21801,A,N,D,C,A,A,H,-,B,D,0,,,,,Y,,A,01,0,3,1,0,0,0,0,0,0,"- ","- ",36.807708740234375,-119.97035980224609,FRESNO,UNINCORPORATED,-119.9703369140625,36.8077392578125
91215397,2020,2020-03-25,9435,2020-03-16,0712,019610,,1,1,7,1005,0,1,3,,2,181,"SR 180 EASTBOUND TO PEACH AVENUE","PEACH AVENUE",10.00,W,N,C,-,Y,,,180,,,,R,,E,Y,4,0,1,2,A,-,08,22107,,N,C,C,A,B,H,-,A,A,0,,,,,Y,,A,01,0,0,1,0,0,0,0,0,0,"- ","- ",36.752208709716797,-119.71859741210938,FRESNO,FRESNO,-119.71859741210938,36.752208709716797
91215404,2020,2020-04-17,9435,2020-03-14,1630,016507,,6,2,9,1000,0,3,5,,2,060,"SOUTH AVENUE","BUTTONWILLOW AVENUE",0.00,,Y,B,-,N,,,,,,,,,,Y,2,0,2,2,A,-,12,22450,A,N,D,C,A,A,H,-,A,A,0,,,,,Y,,A,07,1,0,1,0,0,0,0,0,0,"- ","- ",36.618579864501953,-119.43080902099609,FRESNO,UNINCORPORATED,-119.43083953857422,36.618621826171875
91215438,2020,2020-03-25,9435,2020-03-16,1550,021165,,1,2,9,1000,0,1,3,,2,181,"STATE ROUTE 180","BLACKSTONE AVENUE",500.00,E,N,B,C,Y,,,,,,,,,,N,4,0,1,2,A,-,08,22107,,N,D,C,A,B,H,-,A,D,0,,,,,Y,,A,01,0,0,1,0,0,0,0,0,0,"- ","- ",36.752540588378906,-119.78842163085938,FRESNO,UNINCORPORATED,-119.789306640625,36.752361297607422
91215489,2020,2020-03-25,9435,2020-03-16,1245,019856,,1,1,7,1005,0,1,3,,2,410,"STATE ROUTE 41 SOUTHBOUND TO MCKINLEY","MCKINLEY AVENUE",160.00,N,N,B,C,Y,,,41,,,,R,,S,Y,4,0,1,4,A,-,03,22350,,N,C,C,A,B,H,-,A,D,0,,,,,Y,,D,22,0,0,1,0,0,0,0,0,0,"- ","- ",36.765548706054688,-119.77919006347656,FRESNO,FRESNO,-119.77919006347656,36.765548706054688
91215555,2020,2020-03-25,9435,2020-03-15,0740,019548,,7,1,9,1000,0,1,3,,1,169,"STATE ROUTE 168","STEVENSON CREEK",3696.00,E,N,D,-,Y,,,168,,,,,,,Y,3,0,1,1,A,-,03,22350,,N,E,I,A,C,H,-,A,D,0,,,,,Y,,D,22,0,1,0,0,0,0,0,0,0,"- ","- ",37.147518157958984,-119.30172729492188,FRESNO,UNINCORPORATED,-119.30179595947266,37.147575378417969
91215556,2020,2020-03-25,9435,2020-03-16,1025,014547,,1,1,7,1005,0,1,3,,2,410,"STATE ROUTE 41 NORTH TO SR 180 EAST","ORCHARD STREET",100.00,W,N,B,C,Y,,,41,,,,R,,,Y,4,0,1,1,A,-,03,22350,,N,F,A,A,B,H,-,A,D,0,,,,Y,Y,,F,27,0,0,1,0,0,0,0,0,0,"- ","- ",36.753421783447266,-119.77510070800781,FRESNO,FRESNO,-119.77510070800781,36.753421783447266
91215564,2019,2020-03-25,9435,2019-11-08,2230,019523,,5,3,9,1000,0,3,5,,2,040,"FLORAL AVENUE","LEONARD AVENUE",424.00,W,N,A,-,N,,,,,,,,,,N,1,1,0,2,A,-,11,21954,A,N,G,B,E,A,H,-,D,D,0,Y,,,,Y,,N,60,0,0,0,1,0,0,0,0,0,"- ","- ",36.576351165771484,-119.63912200927734,FRESNO,UNINCORPORATED,-119.63911437988281,36.576332092285156
91215579,2019,2020-03-25,9435,2019-12-05,1610,020540,,4,2,9,1000,0,3,5,,2,060,"REED AVENUE","ADAMS AVENUE",0.00,,Y,A,-,N,,,,,,,,,,Y,1,1,0,2,A,-,09,21801,A,N,D,C,A,A,H,-,A,D,0,,,,Y,Y,,G,25,0,0,0,0,0,0,0,0,0,"- ","- ",36.633228302001953,-119.45767974853516,FRESNO,UNINCORPORATED,-119.45770263671875,36.633251190185547
91215618,2020,2020-03-25,9435,2020-03-16,1155,020019,,1,1,9,1000,0,3,5,,2,025,"MILLERTON ROAD","AUBERRY ROAD",15.00,W,N,B,C,N,,,,,,,,,,Y,4,0,1,1,A,-,03,22350,,N,E,I,A,B,H,-,A,A,0,,,,,Y,,A,01,0,0,1,0,0,0,0,0,0,"- ","- ",36.969959259033203,-119.62458801269531,FRESNO,UNINCORPORATED,-119.62442016601562,36.969863891601562
91215734,2020,2020-03-25,9435,2020-03-16,1655,018914,,1,2,7,1005,0,1,3,,2,182,"WESTBOUND SR-180 TO CEDAR AVENUE","MAPLE AVENUE",10.00,E,N,C,-,Y,,,180,,,,R,,,Y,4,0,1,1,A,-,08,22107,,N,F,A,A,B,H,-,A,D,0,,,,,Y,,A,07,0,0,1,0,0,0,0,0,0,"- ","- ",36.755599975585938,-119.74549865722656,FRESNO,FRESNO,-119.74549865722656,36.755599975585938
91215795,2020,2020-03-25,9435,2020-03-16,1618,020122,,1,2,9,1000,0,3,5,,2,040,"MOUNT WHITNEY AVENUE EASTBOUND","STATE ROUTE 41",80.00,W,N,C,-,N,,,,,,,,,,Y,4,0,1,2,A,-,03,22350,,N,C,C,A,B,H,-,A,D,0,,,,,Y,,A,08,0,0,1,0,0,0,0,0,0,"- ","- ",36.431041717529297,-119.80180358886719,FRESNO,UNINCORPORATED,-119.80119323730469,36.431060791015625
91215807,2020,2020-03-25,9435,2020-03-17,1505,020078,,2,2,9,1000,0,3,5,,2,015,"AMERICAN AVENUE","ORANGE AVENUE",685.00,E,N,A,-,N,,,,,,,,,,N,4,0,1,2,A,-,09,21804,A,N,D,C,A,A,H,-,A,D,0,,,,,Y,,A,01,0,0,1,0,0,0,0,0,0,"- ","- ",36.663410186767578,-119.76139068603516,FRESNO,UNINCORPORATED,-119.76141357421875,36.663425445556641
91215834,2020,2020-03-25,9435,2020-03-17,1635,020095,,2,2,9,1000,0,1,3,,1,168,"STATE ROUTE 168 EASTBOUND","SAMPLE AVENUE",1893.00,W,N,A,-,Y,,,168,,,,,,E,Y,4,0,1,1,A,-,01,23152,F,N,E,I,A,A,H,-,A,D,0,,,,,Y,,A,01,0,0,1,0,0,0,0,0,0,"- ","- ",36.899738311767578,-119.52092742919922,FRESNO,UNINCORPORATED,-119.52098846435547,36.899761199951172
91216036,2020,2020-03-26,9435,2020-03-16,1730,020871,,1,2,7,1005,0,1,3,,1,168,"STATE ROUTE 168 WESTBOUND","DAKOTA AVENUE",100.00,E,N,B,C,Y,,,168,,,,,,W,Y,4,0,2,3,A,-,08,22107,,N,B,C,A,B,H,-,A,D,0,,,,,Y,,A,07,0,0,2,0,0,0,0,0,0,"- ","- ",36.787399291992188,-119.74919891357422,FRESNO,FRESNO,-119.74920654296875,36.787399291992188
91216103,2020,2020-03-26,9435,2020-03-19,0335,019603,,4,3,9,1000,0,3,5,,2,034,"JENSEN AVENUE","TEMPERANCE AVENUE",100.00,E,N,A,-,N,,,,,,,,,,N,2,0,1,2,A,-,11,21956,,N,G,B,E,A,H,-,D,D,0,Y,,,,Y,,N,60,1,0,0,0,1,0,0,0,0,"- ","- ",36.70751953125,-119.66445159912109,FRESNO,UNINCORPORATED,-119.66371917724609,36.707538604736328
91216118,2020,2020-03-26,9435,2020-03-16,0103,020064,,1,3,9,1000,0,3,5,,2,025,"HERNDON AVENUE","DEWOLF AVENUE",2640.00,E,N,B,-,N,,,,,,,,,,Y,2,0,2,1,A,-,01,23153,A,N,E,I,A,B,H,-,D,D,0,,,,,Y,Y,A,01,1,0,1,0,0,0,0,0,0,"- ","- ",36.837440490722656,-119.63803863525391,FRESNO,UNINCORPORATED,-119.6390380859375,36.837398529052734
91216193,2020,2020-03-26,9435,2020-03-16,1534,020095,,1,2,7,1005,0,1,3,,2,105,"STATE ROUTE 99 SOUTHBOUND","TEILMAN AVENUE",550.00,S,N,B,C,Y,,,99,,,,,,S,Y,4,0,1,3,A,-,08,22107,,F,B,C,A,B,H,-,A,D,0,,,,,Y,,A,01,0,0,1,0,0,0,0,0,0,"- ","- ",36.744720458984375,-119.82051086425781,FRESNO,FRESNO,-119.82052612304688,36.744709014892578
91216235,2020,2020-03-26,9435,2020-03-18,1350,021148,,3,1,9,1000,0,3,5,,2,015,"CHATEAU FRESNO AVENUE","KEARNEY BOULEVARD",0.00,,Y,A,-,N,,,,,,,,,,Y,4,0,1,2,A,-,09,21802,A,N,D,C,A,A,H,-,A,A,0,,,,,Y,,A,01,0,0,1,0,0,0,0,0,0,"- ","- ",36.727970123291016,-119.93434906005859,FRESNO,UNINCORPORATED,-119.93434143066406,36.727920532226562
91216269,2020,2020-03-26,9435,2020-03-18,0645,019610,,3,1,3,1015,0,1,3,,2,107,"SR-99 S/B","FLORAL AVENUE",528.00,N,N,A,-,Y,,,99,,,,,,S,Y,4,0,1,2,A,-,03,22350,,N,C,C,A,A,H,-,A,D,0,,,,,Y,,A,01,0,0,1,0,0,0,0,0,0,"- ","- ",36.578769683837891,-119.63215637207031,FRESNO,SELMA,-119.63218688964844,36.578746795654297
91216395,2020,2020-03-26,9435,2020-03-18,0555,014363,,3,3,9,1000,0,1,3,,2,106,"STATE ROUTE 99 (SOUTHBOUND)","SECOND STREET",1100.00,S,N,A,-,Y,,,,,,,,,,Y,4,0,1,2,A,-,03,22350,,N,C,C,A,A,H,-,D,D,0,,,,,Y,,A,01,0,0,1,0,0,0,0,0,0,"- ","- ",36.561508178710938,-119.61324310302734,FRESNO,UNINCORPORATED,-119.61338806152344,36.561592102050781
91217657,2020,2020-03-27,9435,2020-03-18,0556,014363,,3,3,9,1000,0,1,3,,2,107,"STATE ROUTE 99 (SOUTHBOUND)","SECOND STREET",1150.00,S,N,A,-,Y,,,,,,,,,,Y,2,0,1,2,C,-,18,,,N,D,C,A,A,H,-,D,D,0,,,,,Y,,-,"- ",1,0,0,0,0,0,0,0,0,"- ","- ",36.561309814453125,-119.61299896240234,FRESNO,UNINCORPORATED,-119.61327362060547,36.561489105224609
91217702,2020,2020-03-27,9435,2020-03-19,0948,019113,,4,1,7,1005,0,1,3,,2,181,"SR-99 S/B TO SR-180 E/B","G STREET",1056.00,W,N,B,C,Y,,,,,,,,,,Y,3,0,3,2,A,-,03,22350,,N,B,C,A,B,H,-,A,D,0,,,,,Y,,A,01,0,1,2,0,0,0,0,0,0,"- ","- ",36.743671417236328,-119.80915832519531,FRESNO,FRESNO,,
91217740,2020,2020-03-27,9435,2020-03-19,1230,015095,,4,1,9,1000,0,3,5,,2,010,"BULLARD AVENUE","PLEASANT AVENUE",14.00,W,N,B,-,N,,,,,,,,,,Y,3,0,1,2,A,-,08,22107,,N,B,E,A,A,H,-,A,D,0,,,,,Y,,A,01,0,1,0,0,0,0,0,0,0,"- ","- ",36.822700500488281,-119.84060668945312,FRESNO,UNINCORPORATED,-119.840576171875,36.822738647460938
91217825,2020,2020-03-27,9435,2020-03-17,0535,015026,,2,3,7,1005,0,1,3,,2,181,"STATE ROUTE 180 WESTBOUND","STATE ROUTE 99",750.00,E,N,A,-,Y,,,180,,,,,,W,Y,4,0,1,2,A,-,07,21658,A,N,B,C,A,A,H,-,C,D,0,,,,,Y,,A,01,0,0,1,0,0,0,0,0,0,"- ","- ",36.742340087890625,-119.81278228759766,FRESNO,FRESNO,-119.81269836425781,36.742183685302734
91217887,2020,2020-03-27,9435,2020-03-03,1600,018892,,2,2,9,1000,0,3,5,,2,040,"MCCALL AVENUE","ELKHORN AVENUE",1272.00,S,N,A,-,N,,,,,,,,,,Y,2,0,1,1,A,-,08,22107,,N,E,I,A,A,H,-,A,D,0,,,,,Y,,A,01,1,0,0,0,0,0,0,0,0,"- ","- ",36.485591888427734,-119.61798858642578,FRESNO,UNINCORPORATED,-119.61802673339844,36.485649108886719