CASE_ID,ACCIDENT_YEAR,PROC_DATE,JURIS,COLLISION_DATE,COLLISION_TIME,OFFICER_ID,REPORTING_DISTRICT,DAY_OF_WEEK,CHP_SHIFT,POPULATION,CNTY_CITY_LOC,SPECIAL_COND,BEAT_TYPE,CHP_BEAT_TYPE,CITY_DIVISION_LAPD,CHP_BEAT_CLASS,BEAT_NUMBER,PRIMARY_RD,SECONDARY_RD,DISTANCE,DIRECTION,INTERSECTION,WEATHER_1,WEATHER_2,STATE_HWY_IND,CALTRANS_COUNTY,CALTRANS_DISTRICT,STATE_ROUTE,ROUTE_SUFFIX,POSTMILE_PREFIX,POSTMILE,LOCATION_TYPE,RAMP_INTERSECTION,SIDE_OF_HWY,TOW_AWAY,COLLISION_SEVERITY,NUMBER_KILLED,NUMBER_INJURED,PARTY_COUNT,PRIMARY_COLL_FACTOR,PCF_CODE_OF_VIOL,PCF_VIOL_CATEGORY,PCF_VIOLATION,PCF_VIOL_SUBSECTION,HIT_AND_RUN,TYPE_OF_COLLISION,MVIW,PED_ACTION,ROAD_SURFACE,ROAD_COND_1,ROAD_COND_2,LIGHTING,CONTROL_DEVICE,CHP_ROAD_TYPE,PEDESTRIAN_ACCIDENT,BICYCLE_ACCIDENT,MOTORCYCLE_ACCIDENT,TRUCK_ACCIDENT,NOT_PRIVATE_PROPERTY,ALCOHOL_INVOLVED,STWD_VEHTYPE_AT_FAULT,CHP_VEHTYPE_AT_FAULT,COUNT_SEVERE_INJ,COUNT_VISIBLE_INJ,COUNT_COMPLAINT_PAIN,COUNT_PED_KILLED,COUNT_PED_INJURED,COUNT_BICYCLIST_KILLED,COUNT_BICYCLIST_INJURED,COUNT_MC_KILLED,COUNT_MC_INJURED,PRIMARY_RAMP,SECONDARY_RAMP,LATITUDE,LONGITUDE,COUNTY,CITY,POINT_X,POINT_Y
91364193,2020,2020-12-11,9435,2020-12-07,0410,021178,,1,3,9,1000,0,3,5,,2,034,"ACADEMY AVE","JEFFERSON AVE",330.00,N,N,A,-,N,,,,,,,,,,Y,3,0,1,1,A,-,01,23152,A,N,E,I,A,A,H,-,D,D,0,,,,,Y,Y,A,01,0,1,0,0,0,0,0,0,0,"- ","- ",36.65692138671875,-119.55673980712891,FRESNO,UNINCORPORATED,-119.55661010742188,36.656826019287109
91364360,2020,2020-12-11,9435,2020-12-08,1730,020429,,2,2,9,1000,0,3,5,,2,060,"ALTA AVENUE","SOUTH AVENUE",0.00,,Y,A,-,N,,,,,,,,,,Y,3,0,2,2,A,-,12,22450,A,N,D,C,A,A,H,-,D,D,0,,,,,Y,,D,22,0,1,1,0,0,0,0,0,0,"- ","- ",36.618461608886719,-119.39486694335938,FRESNO,UNINCORPORATED,-119.39481353759766,36.618431091308594
91364386,2020,2020-12-11,9495,2020-11-29,1915,021303,,7,2,9,1000,0,1,1,,2,001,"INTERSTATE 5 N/B","NAPA AVE",2112.00,S,N,A,-,Y,,,5,,,,,,N,Y,3,0,2,4,A,-,03,22350,,N,C,C,A,A,H,-,D,D,0,,,,,Y,,A,07,0,2,0,0,0,0,0,0,0,"- ","- ",36.224578857421875,-120.22547912597656,FRESNO,UNINCORPORATED,-120.22515869140625,36.224781036376953
91364388,2020,2020-12-11,9435,2020-12-10,1648,020942,,4,2,9,1000,0,1,3,,2,181,"STATE ROUTE 180, WESTBOUND","G STREET",175.00,W,N,A,-,Y,,,,,,,,,,Y,4,0,1,2,A,-,03,22350,,N,C,C,A,A,H,-,A,D,0,,,,,Y,,A,01,0,0,1,0,0,0,0,0,0,"- ","- ",36.743740081787109,-119.80986785888672,FRESNO,UNINCORPORATED,-119.80974578857422,36.743728637695312
91364394,2020,2020-12-11,9435,2020-12-09,0015,019603,,3,3,7,1005,0,1,3,,2,105,"STATE ROUTE 99 NORTHBOUND","TRINITY STREET",700.00,S,N,A,-,Y,,,99,,,,,,N,Y,4,0,1,2,A,-,07,21658,A,N,B,C,A,A,H,-,C,D,0,,,,,Y,,A,01,0,0,1,0,0,0,0,0,0,"- ","- ",36.737430572509766,-119.80625915527344,FRESNO,FRESNO,-119.80622100830078,36.737483978271484
91364451,2020,2021-04-15,9435,2020-12-08,1540,019789,,2,2,9,1000,0,3,5,,2,040,"CONEJO AVENUE","FOWLER AVENUE",0.00,,Y,B,-,N,,,,,,,,,,Y,4,0,1,2,A,-,12,22450,A,N,D,C,A,A,H,-,A,A,0,,,,,Y,,A,01,0,0,1,0,0,0,0,0,0,"- ","- ",36.518161773681641,-119.68292236328125,FRESNO,UNINCORPORATED,-119.68296051025391,36.518169403076172
91364464,2020,2020-12-11,9435,2020-12-04,1800,020871,,5,2,9,1000,0,3,5,,2,034,"GREENWOOD AVENUE","CENTRAL AVENUE",0.00,,Y,A,-,N,,,,,,,,,,Y,3,0,2,2,A,-,09,21802,A,F,D,C,A,A,H,-,D,A,0,,,,,Y,,A,07,0,2,0,0,0,0,0,0,0,"- ","- ",36.677738189697266,-119.56543731689453,FRESNO,UNINCORPORATED,-119.5654296875,36.677711486816406
91364617,2020,2020-12-11,9435,2020-07-04,2357,020062,,6,3,7,1005,0,1,3,,2,181,"STATE ROUTE 180 EASTBOUND","CEDAR AVENUE",3168.00,W,N,A,-,Y,,,180,,,,,,E,Y,4,0,2,2,A,-,03,22350,,M,C,C,A,A,H,-,C,D,0,,,,,Y,,A,01,0,0,2,0,0,0,0,0,0,"- ","- ",36.754871368408203,-119.76558685302734,FRESNO,FRESNO,-119.76558685302734,36.754859924316406
91364655,2020,2020-12-11,9435,2020-11-20,1822,020387,,5,2,9,1000,0,3,5,,2,040,"MOUNTAIN VIEW AVE.","CEDAR AVE.",0.00,,Y,A,-,N,,,,,,,,,,Y,4,0,2,2,A,-,08,22107,,N,B,C,A,A,H,-,D,D,0,,,,,Y,,D,22,0,0,2,0,0,0,0,0,0,"- ","- ",36.547370910644531,-119.75511932373047,FRESNO,UNINCORPORATED,-119.75499725341797,36.547370910644531
91366377,2020,2020-12-14,9435,2020-12-09,1020,013660,,3,1,9,1000,0,3,5,,2,034,"GOLDEN STATE BOULEVARD","AMERICAN AVENUE",0.00,,Y,A,-,N,,,,,,,,,,Y,3,0,2,2,A,-,12,22450,A,N,D,C,A,A,H,-,A,A,0,,,,Y,Y,,A,07,0,1,1,0,0,0,0,0,0,"- ","- ",36.663509368896484,-119.71840667724609,FRESNO,UNINCORPORATED,-119.71853637695312,36.663360595703125
91366427,2020,2020-12-14,9435,2020-12-04,1054,020122,,5,1,9,1000,0,3,5,,2,040,"GONSER STREET","MURPHY STREET",0.00,,Y,A,-,N,,,,,,,,,,Y,3,0,1,2,A,-,03,22350,,N,C,C,A,A,H,-,A,D,0,,,Y,,Y,,C,02,0,1,0,0,0,0,0,0,1,"- ","- ",36.434581756591797,-119.68802642822266,FRESNO,UNINCORPORATED,-119.68804168701172,36.434638977050781
91366432,2020,2020-12-14,9461,2020-12-11,1715,021056,,5,2,9,1000,0,2,4,,1,315,"NEES AVE E/B","POLE LINE RD",240.00,E,N,B,-,N,,,,,,,,,,Y,4,0,2,1,A,-,08,22107,,N,F,A,A,B,H,-,D,D,0,,,,,Y,,D,22,0,0,2,0,0,0,0,0,0,"- ","- ",36.850391387939453,-120.75473785400391,FRESNO,UNINCORPORATED,-120.7547607421875,36.850341796875
91366433,2020,2020-12-14,9435,2020-12-05,1045,018926,,6,1,9,1000,0,3,5,,2,025,"AUBERRY ROAD","VENTANA DRIVE",5808.00,W,N,A,-,N,,,,,,,,,,N,3,0,1,1,C,-,18,,,N,F,G,A,A,H,-,A,D,0,,Y,,,Y,,-,"- ",0,1,0,0,0,0,1,0,0,"- ","- ",36.963188171386719,-119.64774322509766,FRESNO,UNINCORPORATED,-119.64768218994141,36.963523864746094
91366521,2020,2020-12-14,9435,2020-12-05,0738,020122,,6,1,9,1000,0,2,S,,2,001,"MOUNTAIN VIEW AVENUE","WEST AVENUE",300.00,W,N,A,-,N,,,,,,,,,,Y,4,0,1,1,A,-,08,22107,,N,E,I,A,A,H,-,A,D,0,,,,,Y,,A,01,0,0,1,0,0,0,0,0,0,"- ","- ",36.547149658203125,-119.82769012451172,FRESNO,UNINCORPORATED,-119.82779693603516,36.547176361083984
91366543,2020,2020-12-14,9435,2020-12-06,1955,020871,,7,2,9,1000,0,3,5,,2,034,"JENSEN AVENUE WESTBOUND","ARMSTRONG AVENUE",140.00,E,N,A,-,N,,,,,,,,,,Y,4,0,1,2,A,-,03,22350,,N,C,C,A,A,H,-,D,D,0,,,,,Y,,-,99,0,0,1,0,0,0,0,0,0,"- ","- ",36.707538604736328,-119.67256164550781,FRESNO,UNINCORPORATED,-119.67255401611328,36.707511901855469
91366548,2020,2020-12-14,9435,2020-12-08,0320,020854,,2,3,9,1000,0,1,3,,1,412,"STATE ROUTE 41 SOUTHBOUND","ELKHORN AVENUE",2112.00,N,N,A,-,Y,,,41,,,,,,S,Y,3,0,1,1,A,-,08,22107,,N,F,A,A,A,H,-,D,D,0,,,,,Y,,A,07,0,1,0,0,0,0,0,0,0,"- ","- ",36.495220184326172,-119.78721618652344,FRESNO,UNINCORPORATED,-119.78707122802734,36.495151519775391
91366673,2020,2020-12-14,9435,2020-12-08,1350,020319,,2,1,9,1000,0,3,5,,2,010,"ASHLAN AVE","THORNE AVE",134.00,W,N,A,-,N,,,,,,,,,,Y,4,0,1,3,A,-,08,22107,,N,B,C,A,A,H,-,A,D,0,,,,,Y,,D,22,0,0,1,0,0,0,0,0,0,"- ","- ",36.793861389160156,-119.8135986328125,FRESNO,UNINCORPORATED,-119.81346893310547,36.79388427734375
91366863,2020,2021-02-03,9435,2020-11-01,1940,019789,,7,2,9,1000,0,1,3,,2,106,"STATE ROUTE 99 SOUTHBOUND","CENTRAL AVENUE",912.00,N,N,A,-,Y,,,99,,,,,,S,Y,1,1,0,2,A,-,11,21954,A,N,G,B,E,A,H,-,D,D,0,Y,,,,Y,,N,60,0,0,0,1,0,0,0,0,0,"- ","- ",36.679641723632812,-119.74366760253906,FRESNO,UNINCORPORATED,-119.74366760253906,36.679645538330078
9136708,2020,2020-09-04,1008,2020-05-30,1958,J310,KINGS,6,5,2,1008,0,0,0,,0,0KI,"LINDQUIST ST","E AV",10.00,S,N,A,-,N,,,,,,,,,,N,3,0,1,2,A,-,01,23152,B,F,B,E,A,A,H,-,A,D,0,,,,Y,Y,Y,F,76,0,1,0,0,0,0,0,0,0,"- ","- ",36.513778686523438,-119.57244873046875,FRESNO,KINGSBURG,-119.57237243652344,36.513938903808594
91367313,2020,2020-12-15,9435,2020-12-07,1149,014363,,1,1,9,1000,0,1,3,,2,106,"NORTH AVENUE","NEWMARK AVENUE",0.00,,Y,A,-,N,,,,,,,,,,Y,2,0,2,2,A,-,12,22450,A,N,D,C,A,A,H,-,A,A,0,,,,,Y,,A,07,2,0,0,0,0,0,0,0,0,"- ","- ",36.699489593505859,-119.54138946533203,FRESNO,UNINCORPORATED,-119.54277801513672,36.692291259765625
91367569,2020,2022-04-19,9435,2020-12-01,0905,019113,,2,1,7,1005,0,1,3,,1,411,"SR-41 N/B TO SR-99 N/B","FLORENCE AVENUE",175.00,N,N,A,-,Y,,,41,,,,R,,N,Y,1,1,0,1,A,-,08,22107,,N,E,I,A,A,H,-,A,D,0,,,,,Y,,A,07,0,0,0,0,0,0,0,0,0,"- ","- ",36.718311309814453,-119.78457641601562,FRESNO,FRESNO,-119.78457641601562,36.718311309814453
91367585,2020,2020-12-15,9435,2020-12-05,1322,018926,,6,1,9,1000,0,3,5,,2,025,"FANCHER AVENUE","OLIVE AVENUE",29.00,S,N,A,-,N,,,,,,,,,,N,2,0,2,2,A,-,09,21804,A,N,D,C,A,A,H,-,A,D,0,,,,,Y,,M,46,1,1,0,0,0,0,0,0,0,"- ","- ",36.757419586181641,-119.6324462890625,FRESNO,UNINCORPORATED,-119.63245391845703,36.757381439208984
91367604,2020,2020-12-15,9435,2020-12-10,1425,020540,,4,2,9,1000,0,1,3,,2,184,"STATE ROUTE 180","SILVER LANE",496.00,E,N,A,-,Y,,,180,,,,,,,Y,4,0,1,1,A,-,08,22107,,N,E,I,A,A,H,-,A,D,0,,,,,Y,,D,22,0,0,1,0,0,0,0,0,0,"- ","- ",36.752540588378906,-119.21614074707031,FRESNO,UNINCORPORATED,-119.21620941162109,36.752635955810547
91367657,2020,2020-12-15,9435,2020-12-11,1715,020836,,5,2,7,1005,0,1,3,,2,410,"STATE ROUTE 41 SOUTHBOUND","SHIELDS AVENUE",1056.00,S,N,A,-,Y,,,41,,,,,,S,Y,4,0,1,2,A,-,03,22350,,N,C,C,A,A,H,-,D,D,0,,,,,Y,,A,01,0,0,1,0,0,0,0,0,0,"- ","- ",36.775211334228516,-119.78520202636719,FRESNO,FRESNO,-119.78516387939453,36.77520751953125
91367719,2020,2020-12-15,9435,2020-12-11,1735,020836,,5,2,7,1005,0,1,3,,2,410,"STATE ROUTE 41 SOUTHBOUND","SHIELDS AVE",528.00,S,N,A,-,Y,,,41,,,,,,S,Y,4,0,1,3,A,-,03,22350,,N,C,C,A,A,H,-,D,D,0,,,,,Y,,A,01,0,0,1,0,0,0,0,0,0,"- ","- ",36.778110504150391,-119.78501892089844,FRESNO,FRESNO,-119.78500366210938,36.778110504150391
91367729,2020,2020-12-15,9435,2020-12-12,1510,020887,,6,2,7,1005,0,1,3,,2,105,"SR-99 S/B","STANISLAUS ST",20.00,S,N,B,-,Y,,,99,,,,,,S,Y,4,0,1,2,A,-,03,22350,,N,C,C,A,B,H,-,A,D,0,,,,,Y,,A,07,0,0,1,0,0,0,0,0,0,"- ","- ",36.733879089355469,-119.80239105224609,FRESNO,FRESNO,-119.80242919921875,36.733837127685547
91367817,2020,2020-12-15,9435,2020-10-04,1820,020078,,7,2,7,1005,0,1,3,,2,410,"STATE ROUTE 41 NORTHBOUND","STATE ROUTE 180 EASTBOUND",285.00,S,N,A,-,Y,,,41,,,,,,N,Y,1,1,1,1,A,-,01,23152,G,N,E,I,A,A,H,-,A,D,0,,,,,Y,Y,A,01,0,1,0,0,0,0,0,0,0,"- ","- ",36.753448486328125,-119.77594757080078,FRESNO,FRESNO,-119.77582550048828,36.753444671630859
91367840,2020,2020-12-15,9435,2020-12-08,0815,014363,,2,1,9,1000,0,1,3,,1,411,"STATE ROUTE 41 (SOUTHBOUND)","CENTRAL AVENUE",50.00,N,N,A,-,Y,,,41,,,,,,,N,4,0,1,2,A,-,03,22350,,N,C,C,A,A,H,-,A,A,0,,,,,Y,,A,07,0,0,1,0,0,0,0,0,0,"- ","- ",36.678131103515625,-119.78614044189453,FRESNO,UNINCORPORATED,-119.78605651855469,36.678131103515625
91367862,2020,2020-12-15,9435,2020-12-10,0705,020540,,4,1,9,1000,0,3,5,,2,060,"HILLS VALLEY ROAD","MANNING AVENUE",0.00,,Y,A,-,N,,,,,,,,,,Y,4,0,1,3,A,-,09,21802,A,M,D,C,A,A,H,-,A,A,0,,,,,Y,,A,01,0,0,1,0,0,0,0,0,0,"- ","- ",36.602680206298828,-119.30509185791016,FRESNO,UNINCORPORATED,-119.30484771728516,36.602699279785156
91367871,2020,2020-12-15,9435,2020-12-12,0718,019548,,6,1,9,1000,0,1,3,,1,169,"STATE ROUTE 168","MILLERTON ROAD",20.00,E,N,B,-,Y,,,168,,,,,,,Y,4,0,1,1,A,-,03,22350,,N,E,I,A,B,H,-,A,D,0,,,,,Y,,A,07,0,0,1,0,0,0,0,0,0,"- ","- ",36.969120025634766,-119.52854156494141,FRESNO,UNINCORPORATED,-119.52860260009766,36.969108581542969
91367888,2020,2020-12-15,9435,2020-12-13,1219,015095,,7,1,7,1005,0,1,3,,2,410,"SR-41 N/B (FROM SHIELDS AVE W/B)","SHIELDS AVENUE",150.00,N,N,B,C,Y,,,41,,,,,,N,Y,4,0,2,1,A,-,08,22107,,N,F,A,A,B,H,-,A,D,0,,,,,Y,,D,22,0,0,2,0,0,0,0,0,0,"- ","- ",36.780231475830078,-119.78414154052734,FRESNO,FRESNO,-119.78453826904297,36.780250549316406
91368218,2020,2020-12-16,9435,2020-12-09,0745,018823,,3,1,9,1000,1,3,5,,2,015,"LINCOLN AVE","CEDAR AVE",0.00,,Y,A,-,N,,,,,,,,,,N,4,0,1,3,A,-,09,21802,A,N,D,C,A,A,H,-,A,A,0,,,,,Y,,A,01,0,0,1,0,0,0,0,0,0,"- ","- ",36.648979187011719,-119.75475311279297,FRESNO,UNINCORPORATED,-119.75480651855469,36.648849487304688
91368535,2020,2020-12-16,9435,2020-12-04,1700,020078,,5,2,9,1000,0,3,5,,2,034,"MANNING AVENUE EASTBOUND","LEONARD AVENUE",0.00,,Y,A,-,N,,,,,,,,,,Y,2,0,1,2,A,-,09,21802,A,N,D,C,A,A,H,-,B,A,0,,,,,Y,,A,07,1,0,0,0,0,0,0,0,0,"- ","- ",36.605239868164062,-119.63754272460938,FRESNO,UNINCORPORATED,-119.63748931884766,36.605350494384766
91368608,2020,2020-12-16,9435,2020-12-09,2125,020871,,3,2,9,1000,0,3,5,,2,034,"JENSEN AVENUE EASTBOUND","MAPLE AVENUE",1056.00,W,N,A,-,N,,,,,,,,,,Y,2,0,1,1,A,-,01,23152,A,N,E,I,A,A,H,-,C,D,0,,,,,Y,Y,A,07,1,0,0,0,0,0,0,0,0,"- ","- ",36.706729888916016,-119.74861907958984,FRESNO,UNINCORPORATED,-119.74922180175781,36.706901550292969
91368639,2020,2020-12-16,9435,2020-12-12,2300,021165,,6,3,7,1005,0,1,3,,2,410,"NORTHBOUND STATE ROUTE 41","BULLARD AVENUE",50.00,S,N,B,-,Y,,,41,,,,,,,Y,4,0,1,3,A,-,01,23152,A,N,C,C,A,A,H,-,D,A,0,,,,,Y,Y,A,07,0,0,1,0,0,0,0,0,0,"- ","- ",36.822719573974609,-119.78447723388672,FRESNO,FRESNO,-119.78507995605469,36.822776794433594
91369131,2020,2020-12-17,9435,2020-12-13,1527,020387,,7,2,7,1005,0,1,3,,2,181,"SR-180 WESTBOUND","BROADWAY ST.",15.00,W,N,B,C,Y,,,180,,,,,,W,Y,4,0,1,3,A,-,03,22350,,N,C,C,A,B,H,-,A,D,0,,,,,Y,,A,01,0,0,1,0,0,0,0,0,0,"- ","- ",36.747329711914062,-119.80316925048828,FRESNO,FRESNO,-119.80314636230469,36.747276306152344
91369171,2020,2020-12-17,9435,2020-12-13,1311,018926,,7,1,9,1000,0,1,3,,2,106,"STATE ROUTE 99, S/B","CLOVIS AVENUE",1056.00,N,N,B,C,Y,,,99,,,,,,S,N,4,0,2,2,A,-,03,22350,,M,C,C,A,B,H,-,A,D,0,,,,,Y,,A,08,0,0,2,0,0,0,0,0,0,"- ","- ",36.660430908203125,-119.72145080566406,FRESNO,UNINCORPORATED,-119.72151947021484,36.660354614257812
91369184,2020,2020-12-17,9435,2020-12-11,2230,019548,,5,3,9,1000,0,1,3,,1,169,"STATE ROUTE 168","CHINA PEAK",4752.00,W,N,D,-,Y,,,168,,,,,,,Y,3,0,3,1,A,-,03,22350,,N,E,I,A,C,H,-,D,D,0,,,,,Y,,A,01,0,2,1,0,0,0,0,0,0,"- ","- ",37.231719970703125,-119.17150115966797,FRESNO,UNINCORPORATED,-119.17156219482422,37.231769561767578
91369200,2020,2020-12-17,9435,2020-12-13,2500,021148,,7,4,9,1000,0,1,3,,1,169,SR-168,"CRYSTAL CREEK LN",1901.00,W,N,B,-,Y,,,168,,,,,,,Y,4,0,1,1,A,-,08,22107,,M,E,I,A,C,H,-,D,D,0,,,,,Y,,A,01,0,0,1,0,0,0,0,0,0,"- ","- ",37.084701538085938,-119.33267211914062,FRESNO,UNINCORPORATED,-119.33266448974609,37.084617614746094
91369224,2020,2020-12-17,9435,2020-12-03,1241,020122,,4,1,9,1000,0,3,5,,2,015,"MANNING AVENUE","TEMPERANCE AVENUE",0.00,,Y,A,-,N,,,,,,,,,,Y,4,0,2,2,D,-,00,,,N,D,C,A,A,H,-,A,D,0,,,,,Y,,-,"- ",0,0,2,0,0,0,0,0,0,"- ","- ",36.605400085449219,-119.66443634033203,FRESNO,UNINCORPORATED,-119.66442108154297,36.605369567871094
91369569,2020,2020-12-17,9435,2020-12-17,0955,019548,,4,1,9,1000,0,1,3,,1,169,"STATE ROUTE 168","BALSAM MEADOW SNO PARK DRIVEWAY",2.00,W,N,D,-,Y,,,168,,,,,,,Y,4,0,1,1,A,-,03,22350,,N,E,I,A,C,H,-,A,D,0,,,,,Y,,A,01,0,0,1,0,0,0,0,0,0,"- ","- ",37.159259796142578,-119.242919921875,FRESNO,UNINCORPORATED,-119.24289703369141,37.159175872802734
91370984,2020,2020-12-18,9461,2020-12-15,2310,021126,,2,3,9,1000,0,3,5,,2,050,"W OXALIS AVENUE","ORSMBY STREET",50.00,W,N,B,-,N,,,,,,,,,,Y,4,0,1,1,A,-,01,23152,A,N,F,I,A,A,H,-,D,D,0,,,,,Y,Y,A,01,0,0,1,0,0,0,0,0,0,"- ","- ",36.927650451660156,-120.48893737792969,FRESNO,UNINCORPORATED,-120.48898315429688,36.927494049072266
91371048,2020,2020-12-18,9435,2020-12-15,0539,018823,,2,3,7,1005,0,1,3,,2,105,"SR-99 S/B","OLIVE AVE",225.00,S,N,E,-,Y,,,99,,,,,,S,Y,4,0,1,2,C,-,18,,,N,E,J,A,A,H,-,D,D,0,,,,,Y,,-,"- ",0,0,1,0,0,0,0,0,0,"- ","- ",36.756809234619141,-119.82952880859375,FRESNO,FRESNO,-119.82948303222656,36.7568359375
91371088,2020,2020-12-18,9435,2020-12-16,0905,015026,,3,1,7,1005,0,1,3,,2,105,"SR-99 N/B","TUOLUMNE STREET",1115.00,N,N,A,-,Y,,,99,,,,,,N,Y,3,0,1,2,A,-,07,21658,A,N,B,C,A,A,H,-,A,D,0,,,,,Y,,A,01,0,1,0,0,0,0,0,0,0,"- ","- ",36.736400604248047,-119.80502319335938,FRESNO,FRESNO,-119.80499267578125,36.736431121826172
91371375,2020,2020-12-18,9435,2020-11-27,1325,021230,,5,1,9,1000,0,3,5,,2,040,"MOUNT WHITNEY AVENUE","HARLAN AVENUE",315.00,E,N,A,-,N,,,,,,,,,,N,1,1,1,1,C,-,18,,,N,H,H,A,A,H,-,A,D,0,,,Y,,Y,,-,"- ",0,1,0,0,0,0,0,1,1,"- ","- ",36.430809020996094,-119.65363311767578,FRESNO,UNINCORPORATED,-119.65364074707031,36.430843353271484
91371507,2020,2020-12-21,9435,2020-12-09,1350,020078,,3,1,9,1000,0,3,5,,2,034,"MANNING AVENUE EASTBOUND","RIVERBEND AVENUE",225.00,E,N,A,-,N,,,,,,,,,,Y,4,0,1,1,A,-,01,23152,G,N,E,J,A,A,H,-,A,D,0,,,,,Y,Y,A,01,0,0,1,0,0,0,0,0,0,"- ","- ",36.604511260986328,-119.51064300537109,FRESNO,UNINCORPORATED,-119.51066589355469,36.604579925537109
91371784,2020,2020-12-21,9435,2020-12-10,2104,020942,,4,2,9,1000,0,3,5,,2,010,"HERNDON AVENUE","ROLINDA AVENUE",0.00,,N,A,-,N,,,,,,,,,,Y,3,0,1,1,A,-,01,23152,A,N,E,I,A,A,H,-,D,D,0,,,,,Y,Y,A,01,0,1,0,0,0,0,0,0,0,"- ","- ",36.833000183105469,-119.95481872558594,FRESNO,UNINCORPORATED,-119.96138763427734,36.832550048828125
91372044,2020,2020-12-21,9435,2020-12-17,1840,020887,,4,2,9,1000,0,1,3,,1,169,SR-168,"WOODLAND RD",1752.00,W,N,B,-,N,,,168,,,,,,,Y,4,0,1,1,A,-,03,22350,,N,E,I,A,C,H,-,D,D,0,,,,,Y,,A,07,0,0,1,0,0,0,0,0,0,"- ","- ",37.071319580078125,-119.34375,FRESNO,UNINCORPORATED,-119.34381103515625,37.071296691894531
91372129,2020,2020-12-21,9435,2020-12-12,0017,019603,,6,3,9,1000,0,1,3,,1,180,"STATE ROUTE 180","CORNELIA AVE",280.00,E,N,B,C,Y,,,180,,,,,,,Y,3,0,3,2,A,-,01,23152,A,N,A,C,A,B,H,-,D,D,0,,,,,Y,Y,A,01,0,1,2,0,0,0,0,0,0,"- ","- ",36.735519409179688,-119.87973022460938,FRESNO,UNINCORPORATED,-119.87973022460938,36.735492706298828
91372161,2020,2020-12-21,9435,2020-12-14,1730,020319,,1,2,9,1000,0,3,5,,2,010,"FRUIT AVE","GETTYSBURG AVE",0.00,,Y,A,-,N,,,,,,,,,,N,4,0,1,2,A,-,09,21802,A,M,D,C,A,A,H,-,C,A,0,,,,,Y,,-,99,0,0,1,0,0,0,0,0,0,"- ","- ",36.801090240478516,-119.81746673583984,FRESNO,UNINCORPORATED,-119.81745910644531,36.801078796386719
9137223,2020,2020-10-12,1001,2020-08-07,0950,5605,,5,5,5,1001,0,0,0,,0,006,"BARSTOW AV","KELLY AV",0.00,,Y,A,-,N,,,,,,,,,,N,3,0,1,2,A,-,05,21650,,N,D,G,A,A,H,-,A,D,0,,Y,,,Y,,L,04,0,1,0,0,0,0,1,0,0,"- ","- ",36.8154296875,-119.66976165771484,FRESNO,CLOVIS,,
91372300,2020,2020-12-21,9435,2020-12-10,1255,014363,,4,1,9,1000,0,3,5,,2,040,"BRAWLEY AVENUE","CALIFORNIA AVENUE",0.00,,Y,A,-,N,,,,,,,,,,Y,3,0,1,2,A,-,09,21802,A,N,D,C,A,A,H,-,A,A,0,,,,,Y,,D,22,0,1,0,0,0,0,0,0,0,"- ","- ",36.721038818359375,-119.86241149902344,FRESNO,UNINCORPORATED,-119.86238861083984,36.721019744873047
91372320,2020,2020-12-21,9435,2020-12-13,1420,020942,,7,2,9,1000,0,3,5,,2,034,"MANNING AVENUE","LEONARD AVENUE",0.00,,Y,C,-,N,,,,,,,,,,Y,4,0,2,2,A,-,12,22450,A,N,D,C,A,B,H,-,A,A,0,,,,,Y,,A,07,0,0,2,0,0,0,0,0,0,"- ","- ",36.605258941650391,-119.63749694824219,FRESNO,UNINCORPORATED,-119.63748931884766,36.605350494384766
91372366,2020,2020-12-21,9435,2020-12-13,1720,021148,,7,2,9,1000,0,3,5,,2,050,"AUBERRY RD","MEADOW LN",690.00,W,N,C,E,N,,,,,,,,,,Y,2,0,1,1,A,-,08,22107,,F,E,I,A,B,H,-,D,D,0,,,,,Y,,D,22,1,0,0,0,0,0,0,0,0,"- ","- ",37.083358764648438,-119.42772674560547,FRESNO,UNINCORPORATED,-119.43166351318359,37.085147857666016
91372499,2020,2020-12-21,9435,2020-12-09,1850,019926,,3,2,9,1000,0,3,5,,2,010,"VAN NESS BLVD","MENLO AVE",120.00,S,N,A,-,N,,,,,,,,,,Y,2,0,1,2,A,-,08,22107,,N,D,C,A,A,H,-,C,D,0,,,Y,,Y,,D,22,1,0,0,0,0,0,0,0,1,"- ","- ",36.831661224365234,-119.83538055419922,FRESNO,UNINCORPORATED,-119.83537292480469,36.831760406494141