CASE_ID,ACCIDENT_YEAR,PROC_DATE,JURIS,COLLISION_DATE,COLLISION_TIME,OFFICER_ID,REPORTING_DISTRICT,DAY_OF_WEEK,CHP_SHIFT,POPULATION,CNTY_CITY_LOC,SPECIAL_COND,BEAT_TYPE,CHP_BEAT_TYPE,CITY_DIVISION_LAPD,CHP_BEAT_CLASS,BEAT_NUMBER,PRIMARY_RD,SECONDARY_RD,DISTANCE,DIRECTION,INTERSECTION,WEATHER_1,WEATHER_2,STATE_HWY_IND,CALTRANS_COUNTY,CALTRANS_DISTRICT,STATE_ROUTE,ROUTE_SUFFIX,POSTMILE_PREFIX,POSTMILE,LOCATION_TYPE,RAMP_INTERSECTION,SIDE_OF_HWY,TOW_AWAY,COLLISION_SEVERITY,NUMBER_KILLED,NUMBER_INJURED,PARTY_COUNT,PRIMARY_COLL_FACTOR,PCF_CODE_OF_VIOL,PCF_VIOL_CATEGORY,PCF_VIOLATION,PCF_VIOL_SUBSECTION,HIT_AND_RUN,TYPE_OF_COLLISION,MVIW,PED_ACTION,ROAD_SURFACE,ROAD_COND_1,ROAD_COND_2,LIGHTING,CONTROL_DEVICE,CHP_ROAD_TYPE,PEDESTRIAN_ACCIDENT,BICYCLE_ACCIDENT,MOTORCYCLE_ACCIDENT,TRUCK_ACCIDENT,NOT_PRIVATE_PROPERTY,ALCOHOL_INVOLVED,STWD_VEHTYPE_AT_FAULT,CHP_VEHTYPE_AT_FAULT,COUNT_SEVERE_INJ,COUNT_VISIBLE_INJ,COUNT_COMPLAINT_PAIN,COUNT_PED_KILLED,COUNT_PED_INJURED,COUNT_BICYCLIST_KILLED,COUNT_BICYCLIST_INJURED,COUNT_MC_KILLED,COUNT_MC_INJURED,PRIMARY_RAMP,SECONDARY_RAMP,LATITUDE,LONGITUDE,COUNTY,CITY,POINT_X,POINT_Y
91520839,2021,2021-07-15,9495,2021-07-07,1845,019104,,3,2,9,1000,0,1,1,,2,002,"INTERSTATE 5 SOUTHBOUND","TUOLUMNE AVE",598.00,S,N,A,-,Y,,,5,,,,,,S,Y,2,0,2,1,A,-,08,22107,,N,E,I,A,A,H,-,A,D,0,,,,,Y,,A,07,1,1,0,0,0,0,0,0,0,"- ","- ",36.328891754150391,-120.29895782470703,FRESNO,UNINCORPORATED,-120.29891967773438,36.328922271728516
91520864,2021,2021-07-15,9435,2021-07-04,0740,020095,,7,1,7,1005,0,1,3,,2,106,"SR-99 NB","JENSEN AVE",1800.00,S,N,A,-,Y,,,99,,,,,,N,Y,4,0,1,2,A,-,01,23152,A,N,B,C,A,A,H,-,A,D,0,,,,,Y,Y,A,01,0,0,1,0,0,0,0,0,0,"- ","- ",36.702678680419922,-119.76978302001953,FRESNO,FRESNO,-119.76980590820312,36.702655792236328
91520916,2021,2021-07-15,9495,2021-07-05,0155,021300,,1,3,7,1005,0,1,1,,2,002,"INTERSTATE 5 SOUTHBOUND","JEFFREY AVENUE",10560.00,N,N,A,-,Y,,,,,,,,,,N,3,0,2,2,A,-,08,22107,,F,C,C,A,A,H,-,D,D,0,,,,,Y,,-,99,0,2,0,0,0,0,0,0,0,"- ","- ",36.394020080566406,-120.35710144042969,FRESNO,FRESNO,,
91520949,2021,2021-07-15,9435,2021-05-23,1924,020387,,7,2,9,1000,0,1,3,,1,145,"STATE ROUTE 145 (MADERA AVENUE)","CLINTON AVENUE",743.00,N,N,A,-,Y,,,145,,,,,,,Y,2,0,4,2,A,-,01,23152,A,N,E,I,A,A,H,-,A,D,0,,,,,Y,Y,A,07,3,1,0,0,0,0,0,0,0,"- ","- ",36.773490905761719,-120.06006622314453,FRESNO,UNINCORPORATED,-120.06021881103516,36.773487091064453
91520967,2021,2021-07-15,9435,2021-07-03,1125,019789,,6,1,9,1000,0,3,5,,2,040,"CLOVIS AVENUE","MOUNTAIN VIEW AVENUE",1531.00,S,N,A,-,N,,,,,,,,,,Y,3,0,2,2,A,-,01,23152,A,N,A,C,A,A,H,-,A,D,0,,,,,Y,Y,A,01,0,1,1,0,0,0,0,0,0,"- ","- ",36.542911529541016,-119.70070648193359,FRESNO,UNINCORPORATED,-119.70071411132812,36.542999267578125
91521001,2021,2021-07-15,9435,2021-07-04,1510,020887,,7,2,7,1005,0,3,5,,2,025,"AUBERRY RD","SUMMIT MTN RD",0.00,,Y,A,-,N,,,,,,,,,,N,4,0,1,1,A,-,08,22107,,N,E,I,A,A,H,-,A,D,0,,,,,Y,,A,01,0,0,1,0,0,0,0,0,0,"- ","- ",36.944408416748047,-119.67630004882812,FRESNO,FRESNO,-119.676513671875,36.944362640380859
91521053,2021,2021-07-15,9435,2021-07-08,0035,020064,,4,3,9,1000,0,3,5,,2,034,"CENTRAL AVENUE","MINNEWAWA AVENUE",75.00,E,N,A,-,N,,,,,,,,,,Y,4,0,1,1,A,-,08,22107,,N,E,I,A,A,H,-,D,B,0,,,,,Y,,A,01,0,0,1,0,0,0,0,0,0,"- ","- ",36.678108215332031,-119.70854949951172,FRESNO,UNINCORPORATED,-119.70863342285156,36.678146362304688
91521135,2021,2021-07-15,9435,2021-07-04,1700,020540,,7,2,9,1000,0,3,5,,2,060,"PIEDRA ROAD","ELWOOD ROAD",1056.00,N,N,A,-,N,,,,,,,,,,Y,2,0,2,2,A,-,03,22350,,N,C,C,A,A,H,-,A,D,0,,,,,Y,,D,22,1,0,1,0,0,0,0,0,0,"- ","- ",36.814430236816406,-119.38437652587891,FRESNO,UNINCORPORATED,-119.38449859619141,36.814136505126953
91521143,2021,2021-07-15,9435,2021-07-05,0845,019789,,1,1,7,1005,0,1,3,,2,410,"STATE ROUTE 41 S/B TO STATE ROUTE 99 S/B","CHURCH AVENUE",0.28,N,N,A,-,Y,,,41,,,,R,,S,Y,3,0,1,2,A,-,07,21658,A,F,E,I,A,A,H,-,A,D,0,,,,,Y,,-,99,0,1,0,0,0,0,0,0,0,"- ","- ",36.718288421630859,-119.78537750244141,FRESNO,FRESNO,-119.78537750244141,36.718288421630859
91521266,2021,2021-07-15,9435,2021-07-05,1530,019548,,1,2,9,1000,0,3,5,,2,050,"DINKEY CREEK ROAD","FISHING CLUB ROAD",1584.00,W,N,A,-,N,,,,,,,,,,Y,3,0,3,1,A,-,08,22107,,N,E,I,A,A,H,-,A,D,0,,,,,Y,,A,01,0,3,0,0,0,0,0,0,0,"- ","- ",37.094608306884766,-119.27545166015625,FRESNO,UNINCORPORATED,,
91521348,2021,2021-07-15,9435,2021-07-06,1920,020824,,2,2,9,1000,0,3,5,,2,034,"KINGS CANYON ROAD","RAINBOW AVENUE",1056.00,E,N,A,-,N,,,,,,,,,,Y,3,0,1,1,A,-,03,22350,,N,E,I,A,A,H,-,A,D,0,,,,,Y,,A,01,0,1,0,0,0,0,0,0,0,"- ","- ",36.733238220214844,-119.49385070800781,FRESNO,UNINCORPORATED,-119.49425506591797,36.733310699462891
91521392,2021,2021-07-15,9435,2021-05-26,1801,020319,,3,2,9,1000,0,3,5,,2,010,"BLYTHE AVE","SHIELDS AVE",0.00,,Y,A,-,N,,,,,,,,,,Y,4,0,5,2,D,-,00,,,N,D,C,A,A,H,-,A,A,0,,,,,Y,,-,"- ",0,0,5,0,0,0,0,0,0,"- ","- ",36.779071807861328,-119.87129974365234,FRESNO,UNINCORPORATED,-119.87130737304688,36.779067993164062
91521448,2021,2021-07-15,9435,2021-07-05,2145,020193,,1,2,9,1000,0,3,5,,2,010,"PARKWAY DRIVE","HERNDON AVENUE",1407.00,N,N,A,-,N,,,,,,,,,,Y,4,0,1,1,A,-,01,23152,A,N,E,I,A,A,H,-,C,D,0,,,,,Y,Y,A,01,0,0,1,0,0,0,0,0,0,"- ","- ",36.836940765380859,-119.92429351806641,FRESNO,UNINCORPORATED,-119.92752075195312,36.839347839355469
91521478,2021,2021-07-15,9495,2021-07-12,1750,019834,,1,2,9,1000,0,3,5,,2,052,"MOUNT WHITNEY AVENUE","EL DORADO AVENUE",1056.00,W,N,A,-,N,,,,,,,,,,Y,3,0,1,1,A,-,08,22107,,N,F,A,A,A,H,-,A,D,0,,,,Y,Y,,F,21,0,1,0,0,0,0,0,0,0,"- ","- ",36.42913818359375,-120.21597290039062,FRESNO,UNINCORPORATED,-120.21534200000001,36.429115000000003
91521479,2021,2021-07-15,9435,2021-07-06,0647,020095,,2,1,9,1000,0,3,5,,2,025,"SHEPHERD AVE","SUNNYSIDE AVE",850.00,W,N,A,-,N,,,,,,,,,,Y,2,0,1,1,A,-,08,22107,,N,E,I,A,A,H,-,A,A,0,,,Y,,Y,,C,02,1,0,0,0,0,0,0,0,1,"- ","- ",36.866500854492188,-119.68991851806641,FRESNO,UNINCORPORATED,-119.6959228515625,36.866622924804688
91521850,2021,2021-07-16,9435,2021-07-06,1540,020540,,2,2,9,1000,0,1,3,,2,184,"STATE ROUTE 180","REED AVENUE",0.00,,Y,A,-,Y,,,,,,,,,,Y,3,0,6,4,A,-,03,22350,,N,C,C,A,A,H,-,A,A,0,,,,,Y,,A,01,0,2,4,0,0,0,0,0,0,"- ","- ",36.724540710449219,-119.45574188232422,FRESNO,UNINCORPORATED,-119.45542907714844,36.724418640136719
91521890,2021,2021-07-16,9435,2021-06-19,2105,021119,,6,2,5,1001,0,1,3,,1,168,"STATE ROUTE 168","SUNNYSIDE AVENUE",10.00,W,N,A,-,Y,,,168,,,,,,,Y,3,0,1,3,A,-,03,22350,,N,C,C,A,A,H,-,D,D,0,,,,,Y,,A,01,0,1,0,0,0,0,0,0,0,"- ","- ",36.840728759765625,-119.67903900146484,FRESNO,CLOVIS,-119.67903900146484,36.840736389160156
91521910,2021,2021-07-16,9435,2021-06-09,0445,017165,,3,3,7,1005,0,1,3,,2,410,"STATE ROUTE 41","GETTYSBURG AVENUE",337.00,N,N,A,-,Y,,,41,,,,,,,Y,3,0,1,2,A,-,07,21658,A,F,B,C,A,A,H,-,C,D,0,,,,,Y,,-,99,0,1,0,0,0,0,0,0,0,"- ","- ",36.773281097412109,-119.78523254394531,FRESNO,FRESNO,-119.78513336181641,36.773296356201172
91521984,2021,2021-07-16,9495,2021-07-09,0123,019154,,5,3,9,1000,0,1,1,,2,001,"INTERSTATE 5 (SOUTHBOUND)","STATE ROUTE 33 (DERRICK AVENUE)",5280.00,N,N,A,-,Y,,,5,,,,,,,Y,3,0,3,2,A,-,03,22350,,N,C,C,A,A,D,-,D,D,0,,,,,Y,,D,22,0,2,1,0,0,0,0,0,0,"- ","- ",36.450229644775391,-120.40731811523438,FRESNO,UNINCORPORATED,-120.40737152099609,36.450183868408203
91522090,2021,2021-07-16,9435,2021-07-07,0710,020540,,3,1,9,1000,0,1,3,,2,184,"STATE ROUTE 180","INDIAN GUIDE ROAD",487.00,E,N,A,-,Y,,,180,,,,,,,Y,2,0,4,3,A,-,08,22107,,N,D,C,A,A,H,-,A,D,0,,,,,Y,,A,01,1,1,2,0,0,0,0,0,0,"- ","- ",36.744350433349609,-119.23269653320312,FRESNO,UNINCORPORATED,-119.23273468017578,36.744415283203125
91522093,2021,2021-07-16,9435,2021-07-06,1735,021247,,2,2,9,1000,0,3,5,,2,015,"MARKS AVENUE","AMERICAN AVENUE",0.00,,Y,A,-,N,,,,,,,,,,Y,3,0,2,2,A,-,09,21802,A,N,D,C,A,A,H,-,A,A,0,,,,,Y,,A,01,0,1,1,0,0,0,0,0,0,"- ","- ",36.663078308105469,-119.84445190429688,FRESNO,UNINCORPORATED,-119.84442138671875,36.663101196289062
91522151,2021,2021-07-16,9435,2021-07-07,0730,018926,,3,1,9,1000,0,1,3,,1,180,"STATE ROUTE 180","BRAWLEY AVENUE",310.00,W,N,A,-,Y,,,180,,,,,,,Y,4,0,1,2,A,-,03,22350,,N,C,C,A,A,H,-,A,D,0,,,,,Y,,A,01,0,0,1,0,0,0,0,0,0,"- ","- ",36.735458374023438,-119.86360168457031,FRESNO,UNINCORPORATED,-119.86360168457031,36.735492706298828
91522183,2021,2021-07-16,9495,2021-07-09,2030,021029,,5,2,7,1005,0,1,1,,2,001,"INTERSTATE 5 NORTHBOUND","KAMM AVENUE",1584.00,N,N,A,-,Y,,,,,,,,,,Y,3,0,1,1,A,-,01,23152,A,N,F,A,A,A,H,-,D,D,0,,,,,Y,Y,A,01,0,1,0,0,0,0,0,0,0,"- ","- ",36.534191131591797,-120.49220275878906,FRESNO,FRESNO,-120.48905181884766,36.531810760498047
91522294,2021,2021-07-16,9435,2021-07-06,1158,020095,,2,1,9,1000,0,3,5,,2,025,"TRIMMER SPRINGS RD","FLUME AVE",9134.00,E,N,A,-,N,,,,,,,,,,Y,2,0,1,2,A,-,03,22350,,N,C,C,A,A,H,-,C,D,0,,,,,Y,,A,07,1,0,0,0,0,0,0,0,0,"- ","- ",36.779560089111328,-119.43260192871094,FRESNO,UNINCORPORATED,-119.44064331054688,36.769489288330078
91522423,2021,2021-07-16,9435,2021-06-14,1940,018914,,1,2,9,1000,0,1,3,,1,183,"SR-180 EASTBOUND","DEL REY AVE",0.00,,Y,A,-,Y,,,180,,,,,,E,Y,2,0,2,2,A,-,09,21802,A,N,D,C,A,A,H,-,A,A,0,,,,,Y,,A,01,2,0,0,0,0,0,0,0,0,"- ","- ",36.735759735107422,-119.592041015625,FRESNO,UNINCORPORATED,-119.592041015625,36.735816955566406
91522486,2021,2021-07-16,9435,2021-07-07,1910,020540,,3,2,9,1000,0,3,5,,2,060,"AMERICAN AVENUE","ANCHOR AVENUE",1584.00,E,N,A,-,N,,,,,,,,,,Y,3,0,1,1,A,-,08,22107,,N,E,I,A,A,H,-,A,D,0,,,,,Y,,A,01,0,1,0,0,0,0,0,0,0,"- ","- ",36.660701751708984,-119.31582641601562,FRESNO,UNINCORPORATED,-119.31718444824219,36.660793304443359
91522834,2021,2021-07-19,9435,2021-07-12,1530,020871,,1,2,9,1000,0,3,5,,2,060,"STATE ROUTE 245","STATE ROUTE 180",528.00,S,N,A,-,Y,,,245,,,,,,,Y,3,0,1,1,A,-,08,22107,,N,F,A,A,A,H,-,A,D,0,,,,,Y,,A,01,0,1,0,0,0,0,0,0,0,"- ","- ",36.719070434570312,-118.99845886230469,FRESNO,UNINCORPORATED,-118.99845123291016,36.719341278076172
91522836,2021,2021-07-19,9435,2021-07-08,1322,018746,,4,1,9,1000,0,1,3,,1,183,"STATE ROUTE 180","DEWOLF AVE",50.00,W,N,A,-,Y,,,180,,,,,,,N,4,0,1,1,A,-,08,22107,,N,E,I,A,A,H,-,A,A,0,,,,,Y,,A,01,0,0,1,0,0,0,0,0,0,"- ","- ",36.737270355224609,-119.6463623046875,FRESNO,UNINCORPORATED,-119.6463623046875,36.737197875976562
91522843,2021,2021-07-19,9435,2021-07-09,1225,020540,,5,1,9,1000,0,3,5,,2,060,"CRAWFORD AVENUE","SOUTH AVENUE",0.00,,Y,A,-,N,,,,,,,,,,Y,4,0,4,2,A,-,12,22450,A,N,D,C,A,A,H,-,A,A,0,,,,,Y,Y,D,22,0,0,4,0,0,0,0,0,0,"- ","- ",36.618118286132812,-119.37644195556641,FRESNO,UNINCORPORATED,-119.37651062011719,36.618209838867188
91522845,2021,2021-07-19,9435,2021-07-09,1225,013660,,5,1,7,1005,0,1,3,,2,106,"STATE ROUTE 99 NORTHBOUND","NORTH AVENUE",235.00,S,N,A,-,Y,,,99,,,,,,N,N,4,0,1,2,A,-,07,21658,A,N,B,C,A,A,H,-,A,D,0,,,,Y,Y,,G,25,0,0,1,0,0,0,0,0,0,"- ","- ",36.691879272460938,-119.75810241699219,FRESNO,FRESNO,-119.75807189941406,36.691909790039062
91522854,2021,2021-07-19,9435,2021-07-10,1408,020064,,6,2,7,1005,0,1,3,,2,182,"STATE ROUTE 180 (SR-180) WESTBOUND","CEDAR AVENUE",2112.00,W,N,A,-,Y,,,180,,,,,,W,Y,3,0,1,2,A,-,03,22350,,N,C,C,A,A,H,-,A,D,0,,,,,Y,,A,01,0,1,0,0,0,0,0,0,0,"- ","- ",36.755138397216797,-119.76120758056641,FRESNO,FRESNO,-119.76120758056641,36.755149841308594
91522858,2021,2021-07-19,9435,2021-07-10,1530,021165,,6,2,7,1005,0,1,3,,2,181,"STATE ROUTE 180 EASTBOUND","VAN NESS AVENUE",36.00,W,N,A,-,Y,,,180,,,,,,E,Y,3,0,1,1,A,-,01,23152,A,N,E,I,A,A,H,-,A,D,0,,,,,Y,Y,A,07,0,1,0,0,0,0,0,0,0,"- ","- ",36.749008178710938,-119.79913330078125,FRESNO,FRESNO,-119.79916381835938,36.749076843261719
91522865,2021,2021-07-19,9435,2021-07-11,0500,018944,,7,3,9,1000,0,3,5,,2,010,"GETTYSBURG AVENUE","GLENN AVENUE",70.00,W,N,A,-,N,,,,,,,,,,Y,4,0,1,2,A,-,01,23152,A,N,B,E,A,A,H,-,D,D,0,,,,,Y,Y,A,01,0,0,1,0,0,0,0,0,0,"- ","- ",36.80126953125,-119.79302215576172,FRESNO,UNINCORPORATED,-119.79297637939453,36.801277160644531
91522866,2021,2021-07-19,9435,2021-07-11,0531,018926,,7,3,9,1000,0,3,5,,2,025,"MILLERTON ROAD","WINCHELL COVE ROAD",1200.00,W,N,A,-,N,,,,,,,,,,Y,3,0,4,1,A,-,03,22350,,N,E,J,A,A,H,-,D,D,0,,,,,Y,,A,01,0,3,1,0,0,0,0,0,0,"- ","- ",36.984710693359375,-119.66346740722656,FRESNO,UNINCORPORATED,-119.66352081298828,36.984775543212891
91523287,2021,2021-07-19,9435,2021-07-12,1230,017138,,1,1,9,1000,0,3,5,,2,020,"MANNING  AVENUE","MARKS AVENUE",18.00,W,N,A,-,N,,,,,,,,,,Y,3,0,1,2,A,-,03,22350,,N,C,C,A,A,H,-,A,D,0,,,,,Y,,A,01,0,1,0,0,0,0,0,0,0,"- ","- ",36.604900360107422,-119.84487152099609,FRESNO,UNINCORPORATED,-119.84486389160156,36.605098724365234
91523338,2021,2021-07-19,9495,2021-07-10,1510,020021,,6,2,9,1000,0,1,1,,2,001,"INTERSTATE 5 NORTHBOUND","MOUNTAIN VIEW AVE",2429.00,S,N,A,-,Y,,,5,,,,,,N,Y,3,0,2,1,A,-,08,22107,,N,F,A,A,A,H,-,A,D,0,,,,,Y,,A,07,0,2,0,0,0,0,0,0,0,"- ","- ",36.549179077148438,-120.51191711425781,FRESNO,UNINCORPORATED,-120.51194763183594,36.549144744873047
91523393,2021,2021-07-19,9435,2021-06-06,1515,021119,,7,2,9,1000,0,3,5,,2,040,"MANNING AVENUE","FRUIT AVENUE",1000.00,W,N,A,-,N,,,,,,,,,,N,4,0,1,1,C,-,18,,,N,H,H,A,A,H,-,A,D,0,,,Y,,Y,,-,"- ",0,0,1,0,0,0,0,0,1,"- ","- ",36.605129241943359,-119.81307220458984,FRESNO,UNINCORPORATED,-119.82127380371094,36.605190277099609
91523639,2021,2021-07-19,9435,2021-07-09,0950,019789,,5,1,9,1000,0,1,3,,1,168,"AUBERRY ROAD","MILLERTON ROAD",12144.00,W,N,A,-,N,,,,,,,,,,N,3,0,1,2,A,-,08,22107,,F,G,G,A,A,H,-,A,D,0,,Y,,,Y,,-,99,0,1,0,0,0,0,1,0,0,"- ","- ",36.952190399169922,-119.65280151367188,FRESNO,UNINCORPORATED,-119.65193176269531,36.953384399414062
91523772,2021,2021-07-20,9435,2021-07-08,1825,021119,,4,2,9,1000,0,3,5,,2,034,"MOUNTAIN VIEW AVENUE","ACADEMY AVENUE",0.00,,Y,A,-,N,,,,,,,,,,Y,3,0,1,2,A,-,01,23152,A,N,D,D,A,A,H,-,A,A,0,,,,,Y,Y,A,07,0,1,0,0,0,0,0,0,0,"- ","- ",36.546779632568359,-119.55664825439453,FRESNO,UNINCORPORATED,-119.55661773681641,36.546722412109375
91524044,2021,2021-07-20,9435,2021-07-17,2133,020062,,6,2,9,1000,0,3,5,,2,034,"MOUNTAIN VIEW AVENUE","ZEDIKER AVE",1584.00,E,N,A,-,N,,,,,,,,,,Y,4,0,1,2,A,-,03,22350,,N,C,C,A,A,H,-,D,D,0,,,,,Y,,A,01,0,0,1,0,0,0,0,0,0,"- ","- ",36.546821594238281,-119.51612091064453,FRESNO,UNINCORPORATED,-119.51583862304688,36.546829223632812
91524167,2021,2021-07-20,9435,2021-04-04,2500,019369,,7,4,9,1000,0,3,5,,2,020,"NAPA AVENUE","KAMM AVENUE",4646.00,N,N,A,-,N,,,,,,,,,,Y,1,1,0,1,A,-,08,22107,,N,F,A,A,A,H,-,D,D,0,,,,,Y,,D,22,0,0,0,0,0,0,0,0,0,"- ","- ",36.543418884277344,-120.22545623779297,FRESNO,UNINCORPORATED,-120.22521209716797,36.543422698974609
91524172,2021,2021-07-20,9435,2021-04-26,2310,016911,,1,3,9,1000,0,3,5,,2,030,"OLIVE AVENUE","WILLOW AVENUE",201.00,E,N,A,-,N,,,,,,,,,,Y,1,1,0,2,A,-,11,21954,A,F,G,B,E,A,H,-,D,D,0,Y,,,,Y,,N,60,0,0,0,1,0,0,0,0,0,"- ","- ",36.757431030273438,-119.72659301757812,FRESNO,UNINCORPORATED,-119.72663116455078,36.757488250732422
91524175,2021,2021-07-20,9435,2021-04-30,1440,020871,,5,2,9,1000,0,3,5,,2,060,"ELWOOD ROAD","BONANZA DRIVE",3168.00,N,N,A,-,N,,,,,,,,,,Y,1,1,2,2,A,-,08,22107,,N,A,C,A,A,H,-,A,D,0,,,,,Y,,A,01,0,1,1,0,0,0,0,0,0,"- ","- ",36.802459716796875,-119.32415771484375,FRESNO,UNINCORPORATED,-119.32411193847656,36.802303314208984
91524241,2021,2021-07-20,9435,2021-05-07,0155,021153,,5,3,9,1000,0,3,5,,2,034,"DE WOLF AVENUE","WALTER AVENUE",1320.00,S,N,A,-,N,,,,,,,,,,Y,1,1,0,1,A,-,08,22107,,N,E,I,A,A,H,-,D,D,0,,,,,Y,,A,01,0,0,0,0,0,0,0,0,0,"- ","- ",36.627208709716797,-119.64621734619141,FRESNO,UNINCORPORATED,-119.64620971679688,36.627208709716797
91524360,2021,2021-07-20,9435,2021-07-07,1700,016270,,3,2,9,1000,0,3,5,,2,050,"MILLERTON ROAD","RUSTY SPUR LANE",354.00,W,N,A,-,N,,,,,,,,,,Y,2,0,1,1,A,-,01,23152,A,N,E,I,A,A,H,-,A,D,0,,,,,Y,Y,A,01,1,0,0,0,0,0,0,0,0,"- ","- ",36.970081329345703,-119.57820129394531,FRESNO,UNINCORPORATED,-119.57797241210938,36.969982147216797
91524404,2021,2021-07-20,9495,2021-07-14,1655,019453,,3,2,9,1000,0,1,1,,2,002,"INTERSTATE 5 N/B","COLE AVENUE",2112.00,N,N,A,-,Y,,,5,,,,,,N,Y,4,0,1,2,A,-,08,22107,,N,B,2,A,A,H,-,A,D,0,,,,,Y,,A,01,0,0,1,0,0,0,0,0,0,"- ","- ",36.273338317871094,-120.25576019287109,FRESNO,UNINCORPORATED,-120.25574493408203,36.273349761962891
91524470,2021,2021-07-20,9435,2021-06-28,0753,020095,,1,1,9,1000,0,3,5,,2,034,"TEMPERENCE AVE","LINCOLN AVE",0.00,,Y,A,-,N,,,,,,,,,,Y,3,0,2,2,A,-,09,21802,A,M,D,C,A,A,H,-,A,A,0,,,,,Y,,A,01,0,1,1,0,0,0,0,0,0,"- ","- ",36.648998260498047,-119.66413116455078,FRESNO,UNINCORPORATED,-119.66407012939453,36.817417144775391
91524535,2021,2021-07-20,9435,2021-07-15,1140,020871,,4,1,9,1000,0,3,5,,2,060,"ALTA AVENUE","MANNING AVENUE",0.00,,Y,A,-,N,,,,,,,,,,Y,4,0,1,3,A,-,12,21453,A,N,D,C,A,A,H,-,A,A,0,,,,,Y,,D,22,0,0,1,0,0,0,0,0,0,"- ","- ",36.603908538818359,-119.39501953125,FRESNO,UNINCORPORATED,-119.39495086669922,36.603935241699219
91524741,2021,2021-07-20,9435,2021-07-15,1405,020540,,4,2,9,1000,0,3,5,,2,060,"ADAMS AVENUE","CRAWFORD AVENUE",0.00,,Y,A,-,N,,,,,,,,,,Y,4,0,1,2,A,-,09,21802,A,N,D,C,A,A,H,-,A,A,0,,,,,Y,,A,07,0,0,1,0,0,0,0,0,0,"- ","- ",36.632789611816406,-119.37670135498047,FRESNO,UNINCORPORATED,-119.37635040283203,36.6326904296875
91524779,2021,2021-07-20,9435,2021-07-15,1605,021153,,4,2,9,1000,0,3,5,,2,034,"ROSE AVENUE","ZEDIKER AVENUE",0.00,,Y,A,-,N,,,,,,,,,,Y,4,0,1,2,A,-,09,21802,A,N,D,C,A,A,H,-,A,D,0,,,,,Y,,A,01,0,0,1,0,0,0,0,0,0,"- ","- ",36.568470001220703,-119.52120971679688,FRESNO,UNINCORPORATED,-119.52126312255859,36.568511962890625
91524857,2021,2021-07-20,9435,2021-05-26,1139,019610,,3,1,9,1000,0,3,5,,2,034,"PEACH AVENUE","CENTRAL AVENUE",0.00,,Y,A,-,N,,,,,,,,,,Y,3,0,2,2,A,-,09,21802,A,N,D,C,A,A,H,-,A,A,0,,,,,Y,,A,01,0,2,0,0,0,0,0,0,0,"- ","- ",36.678108215332031,-119.71787261962891,FRESNO,UNINCORPORATED,-119.71784973144531,36.678115844726562
91525254,2021,2021-07-21,9495,2021-07-13,0950,021073,,2,1,9,1000,0,1,3,,1,009,"STATE ROUTE 198 (WARTHAN CANYON)","FIRESTONE AVENUE",31680.00,W,N,A,-,Y,,,198,,,,,,,Y,4,0,1,1,A,-,03,22350,,N,F,A,A,A,H,-,A,A,0,,,,Y,Y,,G,25,0,0,1,0,0,0,0,0,0,"- ","- ",36.096538543701172,-120.45527648925781,FRESNO,UNINCORPORATED,-120.45529174804688,36.09649658203125
91525360,2021,2021-07-21,9461,2021-07-19,0600,020351,,1,1,9,1000,0,1,1,,2,305,"INTERSTATE 5 NORTHBOUND","NEES AVENUE",1000.00,S,N,A,-,Y,,,5,,,,,,N,Y,3,0,1,2,A,-,08,22107,,N,E,I,A,A,H,-,B,D,0,,,,Y,Y,,F,25,0,1,0,0,0,0,0,0,0,"- ","- ",36.847930908203125,-120.77201080322266,FRESNO,UNINCORPORATED,-120.77205657958984,36.847896575927734
91525886,2021,2021-08-02,9495,2021-07-18,1802,019834,,7,2,9,1000,0,1,1,,2,002,"INTERSTATE 5 NORTHBOUND","STATE ROUTE 145",1320.00,S,N,A,-,Y,,,5,,,,,,N,N,4,0,1,3,A,-,03,22350,,N,C,C,A,A,H,-,A,D,0,,,,,Y,,A,01,0,0,1,0,0,0,0,0,0,"- ","- ",36.290328979492188,-120.26650238037109,FRESNO,UNINCORPORATED,-120.26646423339844,36.290351867675781
91526221,2021,2021-07-22,9435,2021-07-12,1207,020078,,1,1,9,1000,0,3,5,,2,034,"ROGERS LANE","MONTECITO AVE",385.00,S,N,A,-,N,,,,,,,,,,Y,4,0,1,2,A,-,06,21751,,N,D,C,A,A,H,-,A,D,0,,,,,Y,,D,22,0,0,1,0,0,0,0,0,0,"- ","- ",36.732818603515625,-119.70124816894531,FRESNO,UNINCORPORATED,-119.70121765136719,36.732883453369141