CASE_ID,ACCIDENT_YEAR,PROC_DATE,JURIS,COLLISION_DATE,COLLISION_TIME,OFFICER_ID,REPORTING_DISTRICT,DAY_OF_WEEK,CHP_SHIFT,POPULATION,CNTY_CITY_LOC,SPECIAL_COND,BEAT_TYPE,CHP_BEAT_TYPE,CITY_DIVISION_LAPD,CHP_BEAT_CLASS,BEAT_NUMBER,PRIMARY_RD,SECONDARY_RD,DISTANCE,DIRECTION,INTERSECTION,WEATHER_1,WEATHER_2,STATE_HWY_IND,CALTRANS_COUNTY,CALTRANS_DISTRICT,STATE_ROUTE,ROUTE_SUFFIX,POSTMILE_PREFIX,POSTMILE,LOCATION_TYPE,RAMP_INTERSECTION,SIDE_OF_HWY,TOW_AWAY,COLLISION_SEVERITY,NUMBER_KILLED,NUMBER_INJURED,PARTY_COUNT,PRIMARY_COLL_FACTOR,PCF_CODE_OF_VIOL,PCF_VIOL_CATEGORY,PCF_VIOLATION,PCF_VIOL_SUBSECTION,HIT_AND_RUN,TYPE_OF_COLLISION,MVIW,PED_ACTION,ROAD_SURFACE,ROAD_COND_1,ROAD_COND_2,LIGHTING,CONTROL_DEVICE,CHP_ROAD_TYPE,PEDESTRIAN_ACCIDENT,BICYCLE_ACCIDENT,MOTORCYCLE_ACCIDENT,TRUCK_ACCIDENT,NOT_PRIVATE_PROPERTY,ALCOHOL_INVOLVED,STWD_VEHTYPE_AT_FAULT,CHP_VEHTYPE_AT_FAULT,COUNT_SEVERE_INJ,COUNT_VISIBLE_INJ,COUNT_COMPLAINT_PAIN,COUNT_PED_KILLED,COUNT_PED_INJURED,COUNT_BICYCLIST_KILLED,COUNT_BICYCLIST_INJURED,COUNT_MC_KILLED,COUNT_MC_INJURED,PRIMARY_RAMP,SECONDARY_RAMP,LATITUDE,LONGITUDE,COUNTY,CITY,POINT_X,POINT_Y
91756467,2022,2022-04-26,9435,2022-01-19,0605,015986,,3,1,9,1000,0,3,5,,2,015,"SHAW AVENUE","WISHON COURT",65.00,E,N,A,-,N,,,,,,,,,,Y,1,1,0,2,A,-,11,21950,B,N,G,B,D,A,H,-,C,D,0,Y,,,,Y,,N,60,0,0,0,1,0,0,0,0,0,"- ","- ",36.808368682861328,-119.80371856689453,FRESNO,UNINCORPORATED,-119.80490112304688,36.808349609375
91756485,2022,2022-04-26,9435,2022-04-14,1725,020429,,4,2,9,1000,0,3,5,,2,060,"ADAMS AVENUE","ENGLEHART AVENUE",0.00,,Y,B,-,N,,,,,,,,,,Y,3,0,2,2,A,-,05,21752,D,N,D,C,A,A,H,-,A,D,0,,,,,Y,,A,01,0,1,1,0,0,0,0,0,0,"- ","- ",36.633010864257812,-119.41294860839844,FRESNO,UNINCORPORATED,-119.41298675537109,36.633022308349609
91756591,2022,2022-04-26,9435,2022-04-16,1600,021179,,6,2,7,1005,0,1,3,,1,411,"MAPLE AVENUE","JEFFERSON AVENUE",0.00,,Y,A,-,N,,,,,,,,,,Y,3,0,2,2,A,-,08,22107,,N,D,C,A,A,H,-,A,D,0,,,,,Y,,A,07,0,1,1,0,0,0,0,0,0,"- ","- ",36.656158447265625,-119.74578857421875,FRESNO,FRESNO,-119.74575805664062,36.656135559082031
91756693,2022,2022-04-26,9435,2022-04-17,1135,016507,,7,1,9,1000,0,3,5,,2,060,"FRANKWOOD AVE","JEFFERSON AVE",528.00,S,N,A,-,N,,,,,,,,,,Y,4,0,2,2,A,-,08,22107,,N,B,C,A,A,H,-,A,D,0,,,,,Y,,A,07,0,0,2,0,0,0,0,0,0,"- ","- ",36.575241088867188,-119.41297149658203,FRESNO,UNINCORPORATED,-119.44868469238281,36.653450012207031
91756793,2022,2022-04-26,9461,2022-04-15,0834,017329,,5,1,9,1000,0,1,3,,1,604,"SR-33 S/B","SHAW AVE",5808.00,S,N,A,-,Y,FRE,,33,,R,64.904,H,,L,Y,4,0,1,1,A,-,08,22107,,N,E,I,A,A,H,-,A,D,0,,,,,Y,,A,01,0,0,1,0,0,0,0,0,0,"- ","- ",36.793041229248047,-120.41223907470703,FRESNO,UNINCORPORATED,-120.41214752197266,36.793094635009766
91756855,2022,2022-04-26,9435,2022-04-21,2157,021153,,4,2,9,1000,0,1,3,,2,107,"STATE ROUTE 99 (NORTHBOUND)","BETHEL AVENUE",739.00,S,N,A,-,Y,FRE,,99,,R,1.902,H,,R,Y,4,0,1,1,A,-,01,23152,A,N,E,I,A,B,H,-,D,D,0,,,,,Y,Y,A,01,0,0,1,0,0,0,0,0,0,"- ","- ",36.52777099609375,-119.57347106933594,FRESNO,UNINCORPORATED,-119.57337188720703,36.527843475341797
91757133,2022,2022-04-26,9495,2022-04-22,2015,020716,,5,2,9,1000,0,1,1,,2,004,"INTERSTATE 5 NORTHBOUND (WEST SIDE FWY)","QUEBEC AVENUE",2640.00,S,N,A,-,Y,KIN,,5,,,23.804,H,,R,N,4,0,1,2,A,-,03,22350,,N,C,C,A,A,H,-,D,D,0,,,,,Y,,A,01,0,0,1,0,0,0,0,0,0,"- ","- ",36.049701690673828,-120.05677795410156,FRESNO,UNINCORPORATED,-120.05678558349609,36.049690246582031
91757173,2022,2022-04-26,9495,2022-04-19,1712,020021,,2,2,9,1000,0,1,1,,2,001,"INTERSTATE 5 SOUTHBOUND","MANNING AVENUE",4752.00,S,N,G,-,Y,,,,,,,,,,N,3,0,1,1,A,-,08,22107,,N,F,A,A,A,H,-,A,D,0,,,,,Y,,B,07,0,1,0,0,0,0,0,0,0,"- ","- ",35.555130004882812,-120.57366180419922,FRESNO,UNINCORPORATED,-120.58448028564453,36.603500366210938
91757459,2022,2022-04-27,9435,2022-04-20,0855,015095,,3,1,2,1003,0,1,3,,2,410,"SR-41 N/B","VAN NESS BLVD",230.00,N,N,A,-,Y,FRE,,41,,R,22.702,H,,R,Y,4,0,1,2,A,-,03,22350,,N,C,C,A,A,H,-,A,A,0,,,,,Y,,D,22,0,0,1,0,0,0,0,0,0,"- ","- ",36.729129791259766,-119.78196716308594,FRESNO,FIREBAUGH,-119.78208923339844,36.729213714599609
91757475,2022,2022-04-27,9435,2022-04-20,1855,020540,,3,2,9,1000,0,3,5,,2,060,"ENGLEHART AVENUE","FLORAL AVENUE",0.00,,Y,A,-,N,,,,,,,,,,Y,4,0,1,2,A,-,09,21802,A,N,D,C,A,A,H,-,A,A,0,,,,,Y,,D,22,0,0,1,0,0,0,0,0,0,"- ","- ",36.575420379638672,-119.41307067871094,FRESNO,UNINCORPORATED,-119.41306304931641,36.575206756591797
91757516,2022,2022-04-27,9435,2022-04-20,1437,020122,,3,2,9,1000,0,3,5,,2,015,"NORTH AVENUE","ELM AVENUE",0.00,,Y,A,-,N,,,,,,,,,,Y,4,0,1,2,A,-,12,21453,A,N,D,C,A,A,H,-,A,A,0,,,,,Y,,-,"- ",0,0,1,0,0,0,0,0,0,"- ","- ",36.692279815673828,-119.790771484375,FRESNO,UNINCORPORATED,-119.79079437255859,36.692279815673828
9175756,2020,2021-01-13,1001,2020-10-23,1508,5605,,5,5,5,1001,0,0,0,,0,002,"SHAW AV","CLOVIS AV",168.00,W,N,A,-,N,,,,,,,,,,N,4,0,1,2,A,-,09,21804,,N,G,B,E,A,H,-,A,D,0,Y,,,,Y,,A,01,0,0,1,0,1,0,0,0,0,"- ","- ",36.808399200439453,-119.70036315917969,FRESNO,CLOVIS,-119.70100402832031,36.808578491210938
91757705,2022,2022-04-27,9435,2022-04-22,0140,017518,,5,3,7,1005,0,1,3,,2,410,"STATE ROUTE 41 N/B TO STATE ROUTE 180 E/B","FIRST STREET",100.00,W,N,C,-,Y,FRE,,180,,R,58.850,H,,R,Y,3,0,1,1,A,-,08,22107,,N,E,I,A,B,H,-,C,D,0,,,,,Y,,-,"- ",0,1,0,0,0,0,0,0,0,"- ","- ",36.754489898681641,-119.77297973632812,FRESNO,FRESNO,-119.77299499511719,36.754554748535156
91757733,2022,2022-04-27,9435,2022-04-21,2113,020064,,4,2,7,1005,0,1,3,,2,410,"STATE ROUTE 41 (SR-41) SOUTHBOUND FROM SHIELDS AVE","SHIELDS AVENUE",18.00,S,N,B,-,Y,FRE,,41,,R,26.480,H,,L,Y,3,0,2,2,A,-,03,22350,,N,D,C,A,B,H,-,D,D,0,,,,,Y,,A,01,0,2,0,0,0,0,0,0,0,"- ","- ",36.779769897460938,-119.78495788574219,FRESNO,FRESNO,-119.78498077392578,36.779769897460938
91757767,2022,2022-04-27,9435,2022-04-22,1529,020319,,5,2,7,1005,0,1,3,,2,410,"SR-41 S/B","FLORADORA AVE",290.00,S,N,A,-,Y,FRE,,41,,R,24.947,H,,L,N,4,0,1,2,A,-,03,22350,,N,C,C,A,A,H,-,A,D,0,,,,,Y,,A,08,0,0,1,0,0,0,0,0,0,"- ","- ",36.760440826416016,-119.77581787109375,FRESNO,FRESNO,-119.77567291259766,36.760433197021484
91757791,2022,2022-04-27,9435,2022-04-23,1200,020592,,6,1,9,1000,0,3,5,,2,015,"EAST AVENUE","AMERICAN AVENUE",0.00,,Y,A,-,N,,,,,,,,,,N,4,0,2,2,A,-,09,21802,A,N,D,C,A,A,H,-,A,A,0,,,,Y,Y,,F,25,0,0,2,0,0,0,0,0,0,"- ","- ",36.663368225097656,-119.77278900146484,FRESNO,UNINCORPORATED,-119.77275085449219,36.663379669189453
91757796,2022,2022-04-27,9435,2022-04-23,1220,019603,,6,1,9,1000,0,3,5,,2,010,"OLIVE AVENUE","KATY AVENUE",30.00,E,N,A,-,N,,,,,,,,,,N,4,0,1,2,A,-,09,21802,A,N,C,C,A,A,H,-,A,D,0,,,,,Y,,A,01,0,0,1,0,0,0,0,0,0,"- ","- ",36.757278442382812,-119.87447357177734,FRESNO,UNINCORPORATED,-119.87451934814453,36.757301330566406
91757948,2022,2022-04-27,9435,2022-04-25,1300,015986,,1,1,7,1005,0,1,3,,2,105,"STATE ROUTE 99 N/B TO BELMONT AVENUE","BELMONT AVENUE",528.00,S,N,A,-,Y,FRE,,99,,,22.596,H,,R,Y,2,0,1,2,A,-,03,22350,,N,C,C,A,A,H,-,A,D,0,,,Y,,Y,,C,02,1,0,0,0,0,0,0,0,1,"- ","- ",36.748638153076172,-119.82337188720703,FRESNO,FRESNO,-119.82343292236328,36.748607635498047
91758075,2022,2022-04-27,9435,2022-04-27,0953,015095,,3,1,7,1005,0,1,3,,2,410,"SR-41 N/B (TO HERNDON AVENUE)","HERNDON AVENUE",450.00,S,N,A,-,Y,,,,,,,,,,N,3,0,1,2,A,-,03,22350,,N,C,C,A,A,H,-,A,A,0,,,,,Y,,D,22,0,1,0,0,0,0,0,0,0,"- ","- ",36.836158752441406,-119.78401947021484,FRESNO,FRESNO,-119.78484344482422,36.836177825927734
91758102,2022,2022-04-27,9435,2022-04-27,0800,015986,,3,1,7,1005,0,1,3,,2,105,SR99,"CLINTON AVE",60.00,N,N,A,-,Y,FRE,,99,,R,24.441,H,,R,N,3,0,1,2,A,-,03,22350,,N,C,C,A,A,H,-,A,D,0,,,,,Y,,D,22,0,1,0,0,0,0,0,0,0,"- ","- ",36.772270202636719,-119.83882904052734,FRESNO,FRESNO,-119.83885955810547,36.772254943847656
91758493,2022,2022-04-28,9435,2022-04-17,2225,020062,,7,3,7,1005,0,1,3,,2,410,"SR41 SOUTHBOUND","VANNESS AVE",300.00,N,N,A,-,Y,FRE,,41,,R,22.707,H,,L,Y,2,0,1,2,A,-,01,23152,A,M,B,C,A,A,H,-,D,D,0,,,,,Y,Y,A,01,1,0,0,0,0,0,0,0,0,"- ","- ",36.729461669921875,-119.78230285644531,FRESNO,FRESNO,-119.78223419189453,36.729415893554688
91758504,2022,2022-04-28,9435,2022-04-18,0110,018944,,1,3,9,1000,0,1,3,,2,107,"STATE ROUTE 99 SOUTHBOUND","KAMM AVENUE",2112.00,N,N,A,-,Y,FRE,,99,,R,2.778,H,,L,Y,3,0,1,2,A,-,01,23152,A,N,C,C,A,A,H,-,D,D,0,,,,Y,Y,Y,A,01,0,1,0,0,0,0,0,0,0,"- ","- ",36.536861419677734,-119.58437347412109,FRESNO,UNINCORPORATED,-119.5843505859375,36.536876678466797
91758529,2022,2022-04-28,9435,2022-04-21,1933,020095,,4,2,9,1000,0,3,5,,2,025,"MILLERTON RD","VIA BELLAGIO",1200.00,W,N,A,-,N,,,,,,,,,,Y,4,0,1,1,A,-,01,23152,A,N,E,I,A,A,H,-,A,A,0,,,,,Y,,A,01,0,0,1,0,0,0,0,0,0,"- ","- ",36.992969512939453,-119.70011138916016,FRESNO,UNINCORPORATED,-119.69969940185547,36.991920471191406
91758551,2022,2022-04-28,9435,2022-04-22,1730,021589,,5,2,9,1000,0,3,5,,2,034,"NORTH AVE","TEMPERANCE AVE",0.00,,Y,A,-,N,,,,,,,,,,Y,4,0,1,2,A,-,09,21802,A,N,D,C,A,A,H,-,A,A,0,,,,,Y,,A,07,0,0,1,0,0,0,0,0,0,"- ","- ",36.692829132080078,-119.6639404296875,FRESNO,UNINCORPORATED,-119.66397094726562,36.692829132080078
91758602,2022,2022-04-28,9435,2022-04-24,2045,020586,,7,2,9,1000,0,3,5,,2,025,"DEL REY AVENUE","HERNDON AVENUE",0.00,,Y,A,-,N,,,,,,,,,,Y,2,0,2,2,A,-,09,21802,A,N,D,C,A,A,H,-,D,A,0,,,,,Y,Y,A,01,2,0,0,0,0,0,0,0,0,"- ","- ",36.837268829345703,-119.59185028076172,FRESNO,UNINCORPORATED,-119.59185028076172,36.8372802734375
91758613,2022,2022-04-28,9435,2022-04-28,0140,020429,,4,3,9,1000,0,3,5,,2,060,"CRAWFORD AVENUE","DINUBA AVENUE",600.00,S,N,A,-,N,,,,,,,,,,N,4,0,1,1,A,-,08,22107,,N,E,I,A,A,H,-,D,D,0,,,,,Y,,A,01,0,0,1,0,0,0,0,0,0,"- ","- ",36.587471008300781,-119.37679290771484,FRESNO,UNINCORPORATED,-119.37686157226562,36.587532043457031
91758703,2021,2022-04-28,9435,2021-10-23,1312,020019,,6,1,9,1000,0,3,5,,2,030,"MCKINLEY AVENUE","REDDA ROAD",528.00,E,N,A,-,N,,,,,,,,,,Y,1,1,1,2,A,-,08,22107,,N,D,C,A,A,H,-,A,D,0,,,Y,,Y,,A,08,0,0,1,0,0,0,0,1,0,"- ","- ",36.764839172363281,-119.65872192382812,FRESNO,UNINCORPORATED,-119.659358,36.764811000000002
91758842,2022,2022-04-28,9495,2022-04-22,2015,019104,,5,2,9,1000,0,1,3,,1,014,"STATE ROUTE 269 (LASSEN AVENUE)","INTERSTATE 5 SOUTHBOUND TO STATE ROUTE 269",0.00,,Y,A,-,Y,FRE,,269,,,0.383,H,,R,Y,3,0,1,2,A,-,09,21802,A,N,D,C,A,A,H,-,C,A,0,,,,,Y,,A,01,0,1,0,0,0,0,0,0,0,"- ","- ",36.076141357421875,-120.10212707519531,FRESNO,UNINCORPORATED,-120.10203552246094,36.076141357421875
91759239,2022,2022-04-28,9435,2022-04-17,0035,021544,,7,3,9,1000,0,3,5,,2,030,"TRIMMER SPRINGS RD","PINE FLAT RD",7920.00,N,N,A,-,N,,,,,,,,,,Y,3,0,1,1,A,-,01,23152,A,N,E,I,A,A,H,-,D,D,0,,,,,Y,Y,D,22,0,1,0,0,0,0,0,0,0,"- ","- ",36.845161437988281,-119.36891937255859,FRESNO,UNINCORPORATED,-119.37017822265625,36.843021392822266
91759450,2021,2022-04-28,9435,2021-10-23,1720,021544,,6,2,9,1000,0,3,5,,2,020,"CALIFORNIA AVE","MARKS AVE",0.00,,Y,A,-,N,,,,,,,,,,N,4,0,2,2,A,-,12,22450,A,F,D,C,A,A,H,-,C,A,0,,,,,Y,,A,01,0,0,2,0,0,0,0,0,0,"- ","- ",36.72119140625,-119.84449005126953,FRESNO,UNINCORPORATED,-119.84445953369141,36.721141815185547
91760818,2022,2022-04-29,9435,2022-04-23,0510,021153,,6,3,9,1000,0,3,5,,2,034,"GOLDEN STATE BLVD (SOUTHBOUND)","GOLDEN STATE FRONTAGE RD",0.00,,Y,A,-,N,,,,,,,,,,Y,4,0,3,2,A,-,09,21804,A,N,D,C,A,A,H,-,D,D,0,,,,,Y,,A,01,0,0,3,0,0,0,0,0,0,"- ","- ",36.682540893554688,-119.73966979980469,FRESNO,UNINCORPORATED,-119.75615692138672,36.697246551513672
91761093,2022,2022-04-29,9435,2022-04-24,1830,020319,,7,2,9,1000,0,3,5,,2,010,"MAROA AVE","KEATS AVE",36.00,S,N,A,-,N,,,,,,,,,,N,3,0,1,2,A,-,01,23152,A,N,C,C,A,A,H,-,A,D,0,,,,,Y,Y,D,22,0,1,0,0,0,0,0,0,0,"- ","- ",36.810138702392578,-119.79937744140625,FRESNO,UNINCORPORATED,-119.79943084716797,36.810192108154297
91761209,2022,2022-04-29,9435,2022-04-25,0755,015751,,1,1,9,1000,0,3,5,,2,015,"GENEVA AVE","HOPKINS AVE",0.00,,Y,A,-,N,,,,,,,,,,N,4,0,1,2,A,-,09,21802,A,N,D,C,A,A,H,-,A,A,0,,,,,Y,,A,01,0,0,1,0,0,0,0,0,0,"- ","- ",36.651180267333984,-119.79235076904297,FRESNO,UNINCORPORATED,-119.79232788085938,36.651157379150391
91761579,2022,2022-05-02,9435,2022-04-22,1522,020824,,5,2,7,1005,0,1,3,,2,410,"STATE ROUTE 41 S/B TO STATE ROUTE 180 E/B","FIRST STREET",528.00,E,N,A,-,Y,,,,,,,,,,Y,4,0,1,2,A,-,03,22350,,N,C,C,A,A,H,-,A,D,0,,,,,Y,,A,01,0,0,1,0,0,0,0,0,0,"- ","- ",36.754398345947266,-119.77053833007812,FRESNO,FRESNO,-115.51599884033203,33.049381256103516
91761886,2022,2022-05-02,9435,2022-04-21,1930,018914,,4,2,7,1005,0,1,3,,1,183,"W/B SR-180 FROM N/B CLOVIS AVENUE","CLOVIS AVENUE",55.00,E,N,B,C,Y,FRE,,180,,R,62.918,H,,R,N,3,0,2,2,A,-,08,22107,,N,D,C,A,B,H,-,D,D,0,,,,,Y,,A,01,0,1,1,0,0,0,0,0,0,"- ","- ",36.752838134765625,-119.69985961914062,FRESNO,FRESNO,-119.69984436035156,36.752590179443359
91761900,2022,2022-05-02,9435,2022-04-23,1425,018914,,6,2,9,1000,0,3,5,,2,034,"TEMPERANCE AVENUE","E/B SR-180 TO TEMPERANCE AVENUE",0.00,,Y,A,-,Y,,,,,,,,,,Y,4,0,3,2,A,-,12,21453,A,N,D,C,A,A,H,-,A,A,0,,,,,Y,,A,07,0,0,3,0,0,0,0,0,0,"- ","- ",36.738601684570312,-119.66404724121094,FRESNO,UNINCORPORATED,-119.66410827636719,36.736900329589844
91761938,2022,2022-05-02,9435,2022-04-23,1735,016507,,6,2,9,1000,0,3,5,,2,060,"PARLIER AVE","ENGLEHART AVE",0.00,,Y,A,-,N,,,,,,,,,,Y,2,0,6,2,A,-,12,22450,A,N,D,C,A,A,H,-,A,A,0,,,,,Y,,A,01,2,3,1,0,0,0,0,0,0,"- ","- ",36.611301422119141,-119.41297149658203,FRESNO,UNINCORPORATED,-119.41304779052734,36.611278533935547
91761987,2022,2022-05-02,9435,2022-04-25,2500,019548,,1,4,9,1000,0,3,5,,2,050,"AUBERRY ROAD","ROCK TREE ROAD",528.00,S,N,A,-,N,,,,,,,,,,N,3,0,1,1,A,-,08,22107,,M,E,I,A,A,H,-,D,D,0,,,,,Y,,-,"- ",0,1,0,0,0,0,0,0,0,"- ","- ",37.071590423583984,-119.48716735839844,FRESNO,UNINCORPORATED,-119.48709869384766,37.072101593017578
91762174,2022,2022-05-02,9495,2022-04-20,1259,019154,,3,1,9,1000,0,1,1,,2,003,"INTERSTATE 5 SOUTHBOUND","JAYNE AVENUE",7920.00,S,N,A,-,Y,FRE,,5,,,3.761,H,,L,Y,2,0,2,1,A,-,08,22107,,N,E,J,A,A,H,-,A,D,0,,,,,Y,,A,01,2,0,0,0,0,0,0,0,0,"- ","- ",36.117530822753906,-120.14035797119141,FRESNO,UNINCORPORATED,-120.14052581787109,36.117431640625
91762398,2022,2022-05-02,9435,2022-04-25,1755,021589,,1,2,9,1000,0,1,3,,2,410,"SR-41 ON RAMP FROM ASHLAN AVE","ASHLAN AVE",500.00,S,N,A,-,Y,FRE,,41,,R,27.381,H,,L,Y,4,0,4,2,A,-,03,22350,,N,C,C,A,A,H,-,A,A,0,,,,,Y,,A,07,0,0,4,0,0,0,0,0,0,"- ","- ",36.792808532714844,-119.78517150878906,FRESNO,UNINCORPORATED,-119.78488159179688,36.792835235595703
91762446,2022,2022-09-27,9435,2022-04-28,1625,020078,,4,2,9,1000,0,1,3,,2,106,"SR-99 S/B","NORTH AVENUE",2843.00,N,N,A,-,Y,FRE,,99,,,17.803,H,,L,Y,4,0,2,5,A,-,03,22350,,N,C,C,A,A,H,-,A,D,0,,,,Y,Y,,F,25,0,0,2,0,0,0,0,0,0,"- ","- ",36.698188781738281,-119.76576232910156,FRESNO,UNINCORPORATED,-119.76572418212891,36.698211669921875
91762509,2022,2022-05-02,9435,2022-04-26,1550,020942,,2,2,9,1000,0,3,5,,2,034,"NORTH AVENUE","DEL REY AVENUE",0.00,,Y,A,-,N,,,,,,,,,,Y,3,0,2,2,A,-,12,22450,A,N,D,C,A,A,H,-,A,A,0,,,,,Y,,A,01,0,1,1,0,0,0,0,0,0,"- ","- ",36.692169189453125,-119.59227752685547,FRESNO,UNINCORPORATED,-119.59220123291016,36.692153930664062
91762696,2022,2022-05-03,9435,2022-04-24,1750,021589,,7,2,9,1000,0,3,5,,2,015,"JENSEN AVE","MARKS AVE",950.00,W,N,A,-,N,,,,,,,,,,Y,2,0,2,2,A,-,03,22350,,N,C,C,A,A,H,-,A,D,0,,,,,Y,,A,01,1,1,0,0,0,0,0,0,0,"- ","- ",36.706611633300781,-119.84771728515625,FRESNO,UNINCORPORATED,-119.84774017333984,36.70660400390625
91762711,2022,2022-06-27,9435,2022-04-27,1530,020824,,3,2,7,1005,0,1,3,,2,105,"STATE ROUTE 99 N/B","CLINTON AVENUE",2112.00,S,N,A,-,Y,FRE,,99,,,23.976,H,,R,Y,4,0,2,5,A,-,03,22350,,N,C,C,A,A,C,-,A,D,0,,,,,Y,,A,01,0,0,2,0,0,0,0,0,0,"- ","- ",36.766231536865234,-119.83503723144531,FRESNO,FRESNO,-119.83498382568359,36.766250610351562
91762951,2022,2022-05-03,9435,2022-04-28,1335,015095,,4,1,9,1000,0,3,5,,2,030,"CLINTON AVENUE","MILBROOK AVENUE",0.00,,Y,A,-,N,,,,,,,,,,Y,4,0,1,2,A,-,12,21453,A,N,D,C,A,A,H,-,A,A,0,,,,,Y,,A,01,0,0,1,0,0,0,0,0,0,"- ","- ",36.772281646728516,-119.762939453125,FRESNO,UNINCORPORATED,-119.76296997070312,36.772300720214844
91763076,2022,2022-05-03,9435,2022-01-14,2004,020319,,5,2,9,1000,0,3,5,,2,010,"SHAW AVENUE","BISHOP AVENUE",0.00,,Y,E,-,N,,,,,,,,,,Y,1,1,0,4,A,-,01,23152,A,N,B,C,A,A,H,-,D,A,0,,,,,Y,Y,A,01,0,0,0,0,0,0,0,0,0,"- ","- ",36.807750701904297,-120.00670623779297,FRESNO,UNINCORPORATED,-120.00656127929688,36.807731628417969
91763311,2022,2022-05-03,9435,2022-05-02,1712,020942,,1,2,9,1000,0,1,3,,1,412,"STATE ROUTE 41, NORTHBOUND","LAGUNA AVENUE",1056.00,N,N,A,-,Y,FRE,,41,,R,1.224,H,,R,Y,4,0,1,1,A,-,03,22350,,N,E,I,A,A,H,-,A,D,0,,,,,Y,,A,01,0,0,1,0,0,0,0,0,0,"- ","- ",36.419540405273438,-119.80355072021484,FRESNO,UNINCORPORATED,-119.80355072021484,36.419540405273438
91763366,2022,2022-05-03,9495,2022-04-24,0200,019154,,7,3,9,1000,0,3,5,,2,052,"LOS GATOS CREEK ROAD","DERRICK AVENUE",62304.00,W,N,A,-,N,,,,,,,,,,Y,4,0,2,1,A,-,08,22107,,N,E,I,A,A,H,-,D,D,0,,,,,Y,,A,01,0,0,2,0,0,0,0,0,0,"- ","- ",36.233840942382812,-120.55471038818359,FRESNO,UNINCORPORATED,-120.55376434326172,36.230644226074219
91763394,2022,2022-05-03,9435,2022-04-28,1555,020078,,4,2,9,1000,0,1,3,,2,106,"SR-99 N/B","CLOVIS AVENUE",437.00,N,N,A,-,Y,FRE,,99,,,12.525,H,,R,Y,4,0,1,2,A,-,03,22350,,N,C,C,A,A,H,-,A,D,0,,,,,Y,,A,01,0,0,1,0,0,0,0,0,0,"- ","- ",36.642131805419922,-119.70117950439453,FRESNO,UNINCORPORATED,-119.70124053955078,36.642086029052734
91763408,2022,2022-05-03,9435,2022-04-28,1931,020078,,4,2,9,1000,0,3,5,,2,020,"MARKS AVENUE","KRUGER AVENUE",0.00,,Y,A,-,N,,,,,,,,,,Y,4,0,1,2,A,-,08,22107,,N,A,C,A,A,H,-,A,A,0,,,,,Y,,D,22,0,0,1,0,0,0,0,0,0,"- ","- ",36.427299499511719,-119.85137176513672,FRESNO,UNINCORPORATED,-119.85131072998047,36.427257537841797
91763643,2022,2022-05-03,9435,2022-04-30,1315,020887,,6,1,9,1000,0,3,5,,2,034,"NORTH AVE","MCCALL AVE",0.00,,Y,A,-,N,,,,,,,,,,N,4,0,3,2,A,-,12,22450,A,N,D,C,A,A,H,-,A,A,0,,,,,Y,,A,07,0,0,3,0,0,0,0,0,0,"- ","- ",36.692150115966797,-119.61044311523438,FRESNO,UNINCORPORATED,-119.61038970947266,36.692119598388672
91764066,2022,2022-05-04,9435,2022-04-26,0315,021491,,2,3,7,1005,0,1,3,,2,106,SR-99,"ORANGE AVE",528.00,N,N,A,-,Y,FRE,,99,,,17.750,H,,R,Y,4,0,1,2,A,-,03,22350,,M,C,C,A,A,H,-,C,D,0,,,,,Y,,-,"- ",0,0,1,0,0,0,0,0,0,"- ","- ",36.6976318359375,-119.76483154296875,FRESNO,FRESNO,-119.76481628417969,36.697639465332031
91764092,2022,2022-05-04,9435,2022-04-29,1915,018914,,5,2,9,1000,0,3,5,,2,025,"HIGHLAND AVENUE","SIERRA AVENUE",0.00,,Y,A,-,N,,,,,,,,,,Y,4,0,1,2,A,-,05,21460,A,N,B,C,A,A,H,-,A,D,0,,,,,Y,,A,01,0,0,1,0,0,0,0,0,0,"- ","- ",36.830169677734375,-119.62796783447266,FRESNO,UNINCORPORATED,-119.62794494628906,36.830123901367188
91764096,2022,2022-05-04,9435,2022-04-29,0653,020680,,5,1,9,1000,0,3,5,,2,034,"MANNING AVE","LEONARD AVE",2587.00,E,N,A,-,N,,,,,,,,,,Y,4,0,1,2,A,-,03,22350,,N,C,E,A,A,H,-,A,D,0,,,,,Y,,A,07,0,0,1,0,0,0,0,0,0,"- ","- ",36.605491638183594,-119.628662109375,FRESNO,UNINCORPORATED,-119.62868499755859,36.605339050292969
91764128,2022,2022-05-04,9435,2022-04-30,1915,021357,,6,2,9,1000,0,3,5,,2,034,"GOLDEN STATE BLVD","ADAMS AVE",2112.00,N,N,A,-,N,,,,,,,,,,Y,3,0,1,1,A,-,08,22107,,N,E,J,A,A,H,-,A,D,0,,,,,Y,,-,"- ",0,1,0,0,0,0,0,0,0,"- ","- ",36.639041900634766,-119.69143676757812,FRESNO,UNINCORPORATED,-119.69134521484375,36.638877868652344