CASE_ID,ACCIDENT_YEAR,PROC_DATE,JURIS,COLLISION_DATE,COLLISION_TIME,OFFICER_ID,REPORTING_DISTRICT,DAY_OF_WEEK,CHP_SHIFT,POPULATION,CNTY_CITY_LOC,SPECIAL_COND,BEAT_TYPE,CHP_BEAT_TYPE,CITY_DIVISION_LAPD,CHP_BEAT_CLASS,BEAT_NUMBER,PRIMARY_RD,SECONDARY_RD,DISTANCE,DIRECTION,INTERSECTION,WEATHER_1,WEATHER_2,STATE_HWY_IND,CALTRANS_COUNTY,CALTRANS_DISTRICT,STATE_ROUTE,ROUTE_SUFFIX,POSTMILE_PREFIX,POSTMILE,LOCATION_TYPE,RAMP_INTERSECTION,SIDE_OF_HWY,TOW_AWAY,COLLISION_SEVERITY,NUMBER_KILLED,NUMBER_INJURED,PARTY_COUNT,PRIMARY_COLL_FACTOR,PCF_CODE_OF_VIOL,PCF_VIOL_CATEGORY,PCF_VIOLATION,PCF_VIOL_SUBSECTION,HIT_AND_RUN,TYPE_OF_COLLISION,MVIW,PED_ACTION,ROAD_SURFACE,ROAD_COND_1,ROAD_COND_2,LIGHTING,CONTROL_DEVICE,CHP_ROAD_TYPE,PEDESTRIAN_ACCIDENT,BICYCLE_ACCIDENT,MOTORCYCLE_ACCIDENT,TRUCK_ACCIDENT,NOT_PRIVATE_PROPERTY,ALCOHOL_INVOLVED,STWD_VEHTYPE_AT_FAULT,CHP_VEHTYPE_AT_FAULT,COUNT_SEVERE_INJ,COUNT_VISIBLE_INJ,COUNT_COMPLAINT_PAIN,COUNT_PED_KILLED,COUNT_PED_INJURED,COUNT_BICYCLIST_KILLED,COUNT_BICYCLIST_INJURED,COUNT_MC_KILLED,COUNT_MC_INJURED,PRIMARY_RAMP,SECONDARY_RAMP,LATITUDE,LONGITUDE,COUNTY,CITY,POINT_X,POINT_Y
91777987,2022,2022-05-23,9435,2022-05-18,1715,021299,,3,2,9,1000,0,3,5,,2,034,"ACADEMY AVE","SOUTH AVE",0.00,,Y,A,-,N,,,,,,,,,,Y,4,0,1,2,A,-,09,21802,A,N,D,C,A,A,H,-,A,A,0,,,,,Y,,D,22,0,0,1,0,0,0,0,0,0,"- ","- ",36.619598388671875,-119.55684661865234,FRESNO,UNINCORPORATED,-119.55686950683594,36.619586944580078
91778026,2022,2022-05-23,9435,2022-05-19,1645,020824,,4,2,9,1000,0,3,5,,2,040,"CENTRAL AVENUE","STATE ROUTE 99",300.00,W,N,A,-,N,,,,,,,,,,Y,4,0,1,2,A,-,03,22350,,N,C,C,A,A,H,-,A,A,0,,,,,Y,,A,07,0,0,1,0,0,0,0,0,0,"- ","- ",36.677951812744141,-119.74272918701172,FRESNO,UNINCORPORATED,-119.74231719970703,36.677921295166016
91778130,2022,2022-05-23,9435,2022-05-20,1350,020592,,5,1,9,1000,0,3,5,,2,034,"CLOVIS AVENUE","BUTLER AVENUE",0.00,,Y,A,-,N,,,,,,,,,,N,4,0,2,2,A,-,12,21453,A,N,D,C,A,A,H,-,A,A,0,,,,,Y,,A,07,0,0,2,0,0,0,0,0,0,"- ","- ",36.728588104248047,-119.69995880126953,FRESNO,UNINCORPORATED,-119.70011138916016,36.728557586669922
91778150,2022,2022-05-23,9435,2022-05-20,1710,020824,,5,2,3,1015,0,1,3,,2,106,"STATE ROUTE 99 S/B","MANNING AVENUE",1056.00,N,N,A,-,Y,FRE,,99,,,9.359,H,,L,Y,4,0,1,2,A,-,03,22350,,N,C,C,A,A,D,-,A,D,0,,,,,Y,,A,01,0,0,1,0,0,0,0,0,0,"- ","- ",36.607490539550781,-119.66365051269531,FRESNO,SELMA,-119.66365051269531,36.607490539550781
91778163,2022,2022-05-23,9435,2022-05-20,2040,020836,,5,2,9,1000,0,3,5,,2,034,"BETHEL AVENUE","FLORAL AVENUE",0.00,,Y,A,-,N,,,,,,,,,,Y,4,0,2,2,A,-,09,21801,A,N,A,C,A,A,H,-,D,D,0,,,,,Y,,A,01,0,0,2,0,0,0,0,0,0,"- ","- ",36.576080322265625,-119.57498931884766,FRESNO,UNINCORPORATED,-119.57499694824219,36.576107025146484
9177817,2020,2021-01-08,1008,2020-10-04,1119,J159,KINGS,7,5,2,1008,0,0,0,,0,J050,"8TH AV","NEVADA ST",0.00,,Y,A,-,N,,,,,,,,,,Y,4,0,1,2,A,-,09,21800,B,N,D,C,A,A,H,-,A,D,0,,,,,Y,,A,01,0,0,1,0,0,0,0,0,0,"- ","- ",36.513240814208984,-119.55902862548828,FRESNO,KINGSBURG,-119.55911254882812,36.513359069824219
9177818,2020,2021-01-14,1012,2020-10-17,1738,L177,REEDL,6,5,3,1012,0,0,0,,0,,"SPRINGFIELD AV","CEDAR AV",0.00,,Y,A,-,N,,,,,,,,,,,4,0,1,2,A,-,09,21800,A,N,D,C,A,A,H,-,A,A,0,,,,,Y,,A,01,0,0,1,0,0,0,0,0,0,"- ","- ",36.588630676269531,-119.43775939941406,FRESNO,REEDLEY,-119.43264770507812,36.596870422363281
91778186,2022,2022-05-23,9435,2022-05-20,1750,020836,,5,2,9,1000,0,3,5,,2,034,"ADAMS AVENUE","HIGHLAND AVENUE",0.00,,Y,A,-,N,,,,,,,,,,Y,2,0,2,2,A,-,09,21802,A,N,D,C,A,A,H,-,A,A,0,,,,,Y,,A,07,1,1,0,0,0,0,0,0,0,"- ","- ",36.634319305419922,-119.62816619873047,FRESNO,UNINCORPORATED,-119.62814331054688,36.634319305419922
9177819,2020,2021-01-08,1012,2020-10-21,1636,L145,REEDL,3,5,3,1012,0,0,0,,0,0RE,"MANNING AV","KINGS RIVER RD",0.00,,Y,A,-,N,,,,,,,,,,,4,0,1,1,A,-,03,22350,,N,E,I,A,A,H,-,A,D,0,,,,,Y,,A,01,0,0,1,0,0,0,0,0,0,"- ","- ",36.596210479736328,-119.47415161132812,FRESNO,REEDLEY,-119.46766662597656,36.604221343994141
91778211,2022,2022-05-23,9435,2022-05-20,1410,020193,,5,2,9,1000,0,1,3,,1,412,"STATE ROUTE 41","MOUNT WHITNEY AVENUE",500.00,S,N,A,-,Y,FRE,,41,,R,1.891,H,,R,N,4,0,1,3,C,-,18,,,N,B,C,A,A,H,-,A,D,0,,,,,Y,,-,"- ",0,0,1,0,0,0,0,0,0,"- ","- ",36.429069519042969,-119.80152130126953,FRESNO,UNINCORPORATED,-119.80158996582031,36.429080963134766
91778839,2022,2022-05-24,9435,2022-05-16,2300,021386,,1,3,9,1000,0,3,5,,2,010,"SHIELDS AVENUE","MONROE AVENUE",1220.00,E,N,A,-,N,,,,,,,,,,Y,4,0,1,1,A,-,01,23152,A,N,E,I,A,A,H,-,D,D,0,,,,,Y,Y,A,07,0,0,1,0,0,0,0,0,0,"- ","- ",36.778659820556641,-119.94010925292969,FRESNO,UNINCORPORATED,-119.93910980224609,36.778732299804688
91779091,2022,2022-05-24,9435,2022-05-23,0150,019263,,1,3,9,1000,0,1,3,,1,169,"STATE ROUTE 168","AUBERRY RD",2112.00,E,N,A,-,Y,FRE,,168,,T,30.629,H,,R,Y,4,0,1,1,A,-,08,22107,,N,E,I,A,A,H,-,A,D,0,,,,,Y,,D,22,0,0,1,0,0,0,0,0,0,"- ","- ",37.036418914794922,-119.50731658935547,FRESNO,UNINCORPORATED,-119.50730895996094,37.036403656005859
91779171,2022,2022-05-24,9435,2022-05-17,1528,019548,,2,2,9,1000,0,1,3,,1,169,"STATE ROUTE 168","WOODLAND ROAD",528.00,W,N,A,-,Y,FRE,,168,,,41.590,H,,R,Y,3,0,1,2,A,-,08,22107,,N,F,0,A,A,H,-,A,D,0,,,Y,,Y,,C,02,0,1,0,0,0,0,0,0,1,"- ","- ",37.074390411376953,-119.34384918212891,FRESNO,UNINCORPORATED,-119.34385681152344,37.074394226074219
91779222,2022,2022-05-24,9435,2022-05-20,2500,019548,,5,4,9,1000,0,3,5,,2,050,"TRIMMER SPRINGS ROAD","BIG CREEK ROAD",35376.00,E,N,A,-,N,,,,,,,,,,Y,4,0,1,1,A,-,08,22107,,N,E,I,A,A,H,-,D,D,0,,,,,Y,,D,22,0,0,1,0,0,0,0,0,0,"- ","- ",36.886539459228516,-119.17894744873047,FRESNO,UNINCORPORATED,-119.17691802978516,36.885322570800781
91779258,2022,2022-05-24,9435,2022-05-20,2200,020319,,5,3,9,1000,0,3,5,,2,010,"MCKINLEY AVE","HOWARD AVE",0.00,,Y,A,-,N,,,,,,,,,,N,3,0,1,2,A,-,12,22450,A,N,D,C,A,A,H,-,D,A,0,,,,,Y,,D,22,0,1,0,0,0,0,0,0,0,"- ","- ",36.764091491699219,-120.02438354492188,FRESNO,UNINCORPORATED,-120.02436828613281,36.764091491699219
91779280,2022,2022-05-24,9435,2022-05-21,0215,021165,,6,3,9,1000,0,1,3,,1,168,"STATE ROUTE 168 E/B TO SHAW AVENUE","SHAW AVENUE",200.00,S,N,A,-,Y,,,,,,,,,,N,3,0,1,1,A,-,08,22107,,N,E,I,A,A,H,-,D,D,0,,,,,Y,,-,"- ",0,1,0,0,0,0,0,0,0,"- ","- ",36.807880401611328,-119.73200225830078,FRESNO,UNINCORPORATED,-119.73370361328125,36.808128356933594
91779402,2022,2022-05-24,9435,2022-05-22,0700,017310,,7,1,9,1000,0,1,3,,2,410,"SR 41 N/B","TULARE ST",200.00,S,N,A,-,Y,FRE,,41,,R,23.687,H,,R,N,3,0,1,1,A,-,08,22107,,N,E,I,A,A,H,-,A,D,0,,,,,Y,,D,22,0,1,0,0,0,0,0,0,0,"- ","- ",36.7423095703125,-119.77748107910156,FRESNO,UNINCORPORATED,-119.77732849121094,36.742294311523438
91779406,2021,2022-05-24,9435,2021-10-09,1620,021544,,6,2,9,1000,0,3,5,,2,015,"JENSEN AVENUE","SYCAMORE AVENUE",85.00,W,N,A,-,N,,,,,,,,,,Y,1,1,4,2,A,-,09,21801,A,N,D,C,A,A,H,-,A,D,0,,,,,Y,,A,01,0,0,4,0,0,0,0,0,0,"- ","- ",36.705848693847656,-120.03392028808594,FRESNO,UNINCORPORATED,-120.03389739990234,36.705860137939453
91779530,2022,2022-05-24,9435,2022-05-22,1312,020122,,7,1,9,1000,0,3,5,,2,030,"PEACH AVENUE","BELMONT AVENUE",165.00,N,N,A,-,N,,,,,,,,,,N,4,0,1,2,A,-,03,22350,,N,C,C,A,A,H,-,A,D,0,,,,,Y,,A,01,0,0,1,0,0,0,0,0,0,"- ","- ",36.750999450683594,-119.71819305419922,FRESNO,UNINCORPORATED,-119.71836090087891,36.750831604003906
91779904,2022,2022-05-25,9435,2022-05-17,1510,019113,,2,2,7,1005,0,1,3,,2,105,"STATE ROUTE 99 SOUTHBOUND","BELMONT AVENUE",1056.00,S,N,A,-,Y,FRE,,99,,,22.530,H,,L,Y,3,0,2,4,A,-,03,22350,,N,C,C,A,A,H,-,A,D,0,,,Y,,Y,,A,01,0,1,1,0,0,0,0,0,1,"- ","- ",36.747730255126953,-119.82308959960938,FRESNO,FRESNO,-119.82299041748047,36.747779846191406
91779920,2022,2022-05-25,9435,2022-05-20,2135,020854,,5,2,9,1000,0,3,5,,2,015,"ELM AVENUE","CLAYTON AVENUE",20.00,S,N,A,-,N,,,,,,,,,,Y,3,0,1,2,A,-,01,23152,A,N,C,C,A,A,H,-,D,D,0,,,,,Y,Y,A,07,0,1,0,0,0,0,0,0,0,"- ","- ",36.64141845703125,-119.79081726074219,FRESNO,UNINCORPORATED,-119.79080963134766,36.641433715820312
91780017,2022,2022-05-25,9435,2022-05-21,1105,020540,,6,1,9,1000,0,1,3,,2,245,"STATE ROUTE 245","DUNLAP ROAD",5280.00,S,N,A,-,Y,FRE,,245,,,2.167,H,,R,Y,3,0,1,1,A,-,03,22350,,N,E,I,A,A,H,-,A,D,0,,,Y,,Y,,C,02,0,1,0,0,0,0,0,0,1,"- ","- ",36.677028656005859,-119.01840209960938,FRESNO,UNINCORPORATED,-119.01850891113281,36.677070617675781
91780237,2022,2022-05-25,9435,2022-05-24,1200,015751,,2,1,7,1005,0,1,3,,1,168,"SR-168 W/B TO SR-41","CEDAR AVENUE",739.00,W,N,A,-,Y,,,,,,,,,,N,4,0,1,2,A,-,03,22350,,F,C,C,A,A,H,-,A,D,0,,,,,Y,,-,99,0,0,1,0,0,0,0,0,0,"- ","- ",36.755538940429688,-119.75730895996094,FRESNO,FRESNO,-119.72084808349609,36.819370269775391
91780321,2022,2022-05-25,9435,2022-05-23,1725,020942,,1,2,9,1000,0,3,5,,2,015,"WEST AVENUE","CENTRAL AVENUE",40.00,S,N,A,-,N,,,,,,,,,,N,4,0,1,2,A,-,03,22350,,F,C,C,A,A,H,-,A,A,0,,,,,Y,,-,99,0,0,1,0,0,0,0,0,0,"- ","- ",36.677631378173828,-119.82688903808594,FRESNO,UNINCORPORATED,-119.82688140869141,36.677650451660156
91780383,2022,2022-05-25,9495,2022-05-16,2035,019453,,1,2,9,1000,0,1,3,,1,008,"STATE ROUTE 198",I-5,6336.00,W,N,A,-,Y,FRE,,198,,,25.570,H,,R,Y,3,0,1,1,A,-,17,21662,,N,F,A,A,A,H,-,D,D,0,,,,,Y,,A,01,0,1,0,0,0,0,0,0,0,"- ","- ",36.253551483154297,-120.26641845703125,FRESNO,UNINCORPORATED,-120.26641845703125,36.253543853759766
91781221,2022,2022-05-26,9435,2022-05-20,1600,021402,,5,2,9,1000,0,1,3,,1,180,SR-180,"JAMES ROAD",0.00,,Y,A,-,Y,FRE,,180,,,34.590,H,,R,Y,4,0,3,2,A,-,09,21801,A,N,D,C,A,A,H,-,A,D,0,,,,,Y,,A,07,0,0,3,0,0,0,0,0,0,"- ","- ",36.734550476074219,-120.20513153076172,FRESNO,UNINCORPORATED,-120.20513153076172,36.734535217285156
91781235,2022,2022-05-26,9435,2022-05-21,1600,021402,,6,2,9,1000,0,3,5,,2,010,"HERNDON AVENUE","MONROE AVENUE",2640.00,W,N,A,-,N,,,,,,,,,,N,4,0,1,1,A,-,08,22107,,N,E,I,A,A,H,-,A,D,0,,,,,Y,,A,07,0,0,1,0,0,0,0,0,0,"- ","- ",36.832050323486328,-119.95114898681641,FRESNO,UNINCORPORATED,-119.95218658447266,36.832561492919922
91781679,2022,2022-05-26,9435,2022-05-25,1505,021247,,3,2,7,1005,1,3,5,,2,010,"GRANTLAND AVENUE","PARKWAY AVENUE",634.00,S,N,A,-,N,,,,,,,,,,Y,4,0,1,2,A,-,03,22350,,N,C,C,A,A,H,-,A,D,0,,,,,Y,,A,01,0,0,1,0,0,0,0,0,0,"- ","- ",36.828910827636719,-119.91652679443359,FRESNO,FRESNO,-119.9166259765625,36.829006195068359
91781751,2022,2022-05-26,9495,2022-05-20,1740,019789,,5,2,9,1000,0,1,1,,2,003,"INTERSTATE 5 NORTHBOUND","GALE AVENUE U/C",1584.00,N,N,A,-,Y,FRE,,5,,,9.559,H,,L,Y,4,0,2,2,A,-,03,22350,,N,C,C,A,A,H,-,A,D,0,,,,,Y,,A,08,0,0,2,0,0,0,0,0,0,"- ","- ",36.185550689697266,-120.20108032226562,FRESNO,UNINCORPORATED,-120.20095062255859,36.185604095458984
9178203,2020,2021-02-04,1001,2020-11-04,2237,5465,,3,5,5,1001,0,0,0,,0,002,"CLOVIS AV","GETTYSBURG AV",184.00,S,N,A,-,N,,,,,,,,,,Y,4,0,1,2,A,-,01,23152,F,N,B,C,A,A,A,-,C,A,0,,,,,Y,,D,72,0,0,1,0,0,0,0,0,0,"- ","- ",36.801639556884766,-119.70021057128906,FRESNO,CLOVIS,-119.70021057128906,36.801280975341797
9178215,2020,2021-02-08,1001,2020-11-07,1103,5773,,6,5,5,1001,0,0,0,,0,002,"CLOVIS AV","GETTYSBURG AV",0.00,,Y,B,-,N,,,,,,,,,,Y,4,0,1,2,A,-,09,21800,D,N,D,C,A,A,H,-,A,B,0,,,,,Y,,A,01,0,0,1,0,0,0,0,0,0,"- ","- ",36.801639556884766,-119.70021057128906,FRESNO,CLOVIS,-119.70021057128906,36.801639556884766
91783067,2022,2022-05-27,9435,2022-05-25,2218,021491,,3,3,7,1005,0,3,5,,2,010,"SHAW AVE","MAROA AVE",200.00,W,N,A,-,N,,,,,,,,,,N,3,0,1,2,A,-,11,21954,A,N,G,B,D,A,H,-,C,D,0,Y,,,,Y,,N,60,0,1,0,0,1,0,0,0,0,"- ","- ",36.808368682861328,-119.80030822753906,FRESNO,FRESNO,-119.80013275146484,36.808380126953125
91783191,2022,2022-05-27,9435,2022-05-18,1705,021594,,3,2,7,1005,0,1,3,,2,410,"SR-41 N/B","ASHLAN AVENUE",2640.00,S,N,A,-,Y,FRE,,41,,R,26.919,H,,R,N,4,0,2,3,A,-,03,22350,,N,C,A,A,A,H,-,A,D,0,,,,,Y,,A,01,0,0,2,0,0,0,0,0,0,"- ","- ",36.786121368408203,-119.78428649902344,FRESNO,FRESNO,-119.78425598144531,36.786117553710938
91783477,2022,2022-05-27,9435,2022-05-26,1600,021247,,4,2,9,1000,0,3,5,,2,015,"JENSEN AVENUE","DICKENSON AVENUE",2798.00,W,N,A,-,N,,,,,,,,,,Y,3,0,1,1,A,-,08,22107,,N,F,A,A,A,H,-,A,D,0,,,,,Y,,D,22,0,1,0,0,0,0,0,0,0,"- ","- ",36.706001281738281,-119.97965240478516,FRESNO,UNINCORPORATED,-119.97960662841797,36.705917358398438
91784680,2022,2022-05-31,9435,2022-05-21,1035,015890,,6,1,9,1000,0,3,5,,2,015,"AMERICAN AVE","CHESTNUT AVE",0.00,,Y,A,-,N,,,,,,,,,,Y,4,0,1,2,A,-,09,21802,A,N,D,C,A,A,H,-,A,A,0,,,,,Y,,D,22,0,0,1,0,0,0,0,0,0,"- ","- ",36.663410186767578,-119.73680877685547,FRESNO,UNINCORPORATED,-119.73679351806641,36.663417816162109
91784825,2022,2022-05-31,9435,2022-05-21,1845,021402,,6,2,9,1000,0,3,5,,2,010,"SHIELDS AVENUE","GARFIELD AVENUE",0.00,,Y,A,-,N,,,,,,,,,,N,3,0,1,2,A,-,01,23152,A,M,D,G,A,A,H,-,A,A,0,,,,,Y,Y,D,22,0,1,0,0,0,0,0,0,0,"- ","- ",36.778858184814453,-119.92527008056641,FRESNO,UNINCORPORATED,-119.92530822753906,36.778923034667969
91784965,2022,2022-05-31,9435,2022-05-23,1640,020942,,1,2,9,1000,0,3,5,,2,015,"CENTRAL AVENUE","FRUIT AVENUE",0.00,,Y,A,-,N,,,,,,,,,,Y,3,0,1,2,A,-,09,21802,A,N,D,C,A,A,H,-,A,A,0,,,,,Y,,A,07,0,1,0,0,0,0,0,0,0,"- ","- ",36.677780151367188,-119.81787109375,FRESNO,UNINCORPORATED,-119.81782531738281,36.677772521972656
91785158,2022,2022-05-31,9435,2022-05-18,2317,021544,,3,3,9,1000,0,1,3,,1,168,"SR-168 W/B TO BULLARD AVENUE","BULLARD AVE",200.00,N,N,A,-,Y,,,,,,,,,,Y,2,0,1,1,A,-,01,23152,A,N,E,I,A,A,H,-,C,D,0,,,,,Y,Y,A,01,1,0,0,0,0,0,0,0,0,"- ","- ",36.823699951171875,-119.71862030029297,FRESNO,UNINCORPORATED,-119.71717834472656,36.823249816894531
91785180,2022,2022-05-31,9435,2022-05-21,2100,021357,,6,2,7,1005,0,1,3,,2,182,"SR-180 E/B","CHESTNUT AVE",970.00,E,N,A,-,Y,FRE,,180,,R,61.094,H,,R,Y,2,0,1,1,A,-,08,22107,,F,F,A,A,A,H,-,A,D,0,,,Y,,Y,,C,02,1,0,0,0,0,0,0,0,1,"- ","- ",36.753791809082031,-119.73275756835938,FRESNO,FRESNO,-119.73271942138672,36.753940582275391
91785378,2022,2022-05-31,9435,2022-05-23,1640,021299,,1,2,9,1000,0,3,5,,2,010,"CLINTON AVE","BOND ST",365.00,E,N,A,-,N,,,,,,,,,,Y,4,0,1,4,A,-,21,22106,,N,B,C,A,A,H,-,A,D,0,,,,,Y,,A,01,0,0,1,0,0,0,0,0,0,"- ","- ",36.772220611572266,-119.7666015625,FRESNO,UNINCORPORATED,-119.76664733886719,36.772304534912109
91785599,2022,2022-07-13,9435,2022-05-24,1745,021402,,2,2,9,1000,0,1,3,,2,105,"SR-99 N/B","TRINITY STREET",15.00,N,N,A,-,Y,FRE,,99,,,21.484,H,,R,N,2,0,1,2,A,-,03,22350,,N,C,C,A,A,H,-,A,D,0,,,,,Y,,A,01,1,0,0,0,0,0,0,0,0,"- ","- ",36.738780975341797,-119.80850982666016,FRESNO,UNINCORPORATED,-119.8084716796875,36.73883056640625
91785600,2022,2022-06-01,9435,2022-05-24,2110,021386,,2,2,9,1000,0,3,5,,2,010,"BELMONT AVENUE","VINELAND AVENUE",0.00,,Y,A,-,N,,,,,,,,,,Y,4,0,1,2,A,-,03,22350,,N,D,C,A,A,H,-,D,D,0,,,,,Y,,D,22,0,0,1,0,0,0,0,0,0,"- ","- ",36.749500274658203,-120.05152130126953,FRESNO,UNINCORPORATED,-120.05150604248047,36.749530792236328
91785990,2022,2022-06-01,9495,2022-05-23,1500,021186,,1,2,9,1000,0,1,1,,2,003,"INTERSTATE 5 SOUTHBOUND TO STATE ROUTE 269 (LASSEN","STATE ROUTE 269 (LASSEN AVENUE)",65.00,N,N,A,-,Y,FRE,,269,,,0.386,H,,R,Y,4,0,2,2,A,-,08,22107,,N,C,E,A,A,H,-,A,D,0,,,,,Y,,E,22,0,0,2,0,0,0,0,0,0,"- ","- ",36.076190948486328,-120.10225677490234,FRESNO,UNINCORPORATED,-120.10203552246094,36.076190948486328
91786091,2022,2022-06-01,9435,2022-05-26,1600,020824,,4,2,9,1000,0,1,3,,2,106,"STATE ROUTE 99 S/B","CLOVIS AVENUE",2640.00,N,N,A,-,Y,FRE,,99,,,12.924,H,,L,N,4,0,2,4,A,-,03,22350,,N,C,C,A,A,H,-,A,D,0,,,,,Y,,A,01,0,0,2,0,0,0,0,0,0,"- ","- ",36.64617919921875,-119.70599365234375,FRESNO,UNINCORPORATED,-119.70598602294922,36.646183013916016
91786092,2022,2022-06-01,9495,2022-05-23,2215,020434,,1,3,9,1000,0,1,3,,1,008,"STATE ROUTE 198 (DORRIS AVENUE)","S. HOWARD AVENUE",528.00,E,N,A,-,Y,FRE,,198,,,38.859,H,,R,Y,4,0,1,1,A,-,08,22107,,N,F,A,A,A,H,-,D,D,0,,,,,Y,,A,01,0,0,1,0,0,0,0,0,0,"- ","- ",36.25531005859375,-120.02845001220703,FRESNO,UNINCORPORATED,-120.02845001220703,36.255413055419922
91786198,2022,2022-06-01,9435,2022-05-27,0550,016507,,5,3,9,1000,0,3,5,,2,060,"HILLS VALLEY ROAD","DINUBA AVE",1056.00,N,N,A,-,N,,,,,,,,,,Y,2,0,1,1,A,-,08,22107,,N,E,I,A,A,H,-,A,D,0,,,,,Y,,A,01,1,0,0,0,0,0,0,0,0,"- ","- ",36.589519500732422,-119.30503845214844,FRESNO,UNINCORPORATED,-119.3050537109375,36.588188171386719
91786223,2022,2022-06-01,9435,2022-05-27,1128,015106,,5,1,7,1005,0,1,3,,2,182,"SR-180 EASTBOUND","MAPLE AVE. U/C",240.00,E,N,A,-,Y,FRE,,180,,R,60.422,H,,R,N,3,0,1,1,A,-,08,22107,,N,E,I,A,A,H,-,A,D,0,,,Y,,Y,,C,02,0,1,0,0,0,0,0,0,1,"- ","- ",36.754848480224609,-119.74468994140625,FRESNO,FRESNO,-119.74468994140625,36.754871368408203
91786293,2022,2022-06-01,9435,2022-05-27,0728,015890,,5,1,9,1000,0,3,5,,2,020,"MANNING AVE","CHATEAU FRESNO AVE",929.00,E,N,A,-,N,,,,,,,,,,Y,3,0,1,2,A,-,05,21650,,N,B,C,A,A,H,-,A,A,0,,,,Y,Y,,A,01,0,1,0,0,0,0,0,0,0,"- ","- ",36.604480743408203,-119.9317626953125,FRESNO,UNINCORPORATED,-119.93184661865234,36.604503631591797
91786504,2022,2022-06-02,9435,2022-05-24,2145,020854,,2,2,9,1000,0,3,5,,2,034,"DEL REY AVENUE","AMERICAN AVENUE",0.00,,Y,A,-,N,,,,,,,,,,Y,4,0,1,2,A,-,12,22450,A,N,D,C,A,A,H,-,D,A,0,,,,,Y,,A,01,0,0,1,0,0,0,0,0,0,"- ","- ",36.663219451904297,-119.59253692626953,FRESNO,UNINCORPORATED,-119.59249114990234,36.663200378417969
91786506,2022,2022-06-02,9435,2022-05-18,2055,021299,,3,2,7,1005,0,1,3,,2,106,"SR-99 S/B","JENSEN AVE",550.00,N,N,A,-,Y,FRE,,99,,,18.707,H,,L,Y,3,0,2,2,A,-,07,21658,A,F,B,C,A,A,H,-,D,D,0,,,,Y,Y,,G,25,0,2,0,0,0,0,0,0,0,"- ","- ",36.708450317382812,-119.77584075927734,FRESNO,FRESNO,-119.77574157714844,36.708511352539062
91786729,2022,2022-06-02,9435,2022-05-27,1305,015890,,5,1,9,1000,0,3,5,,2,040,"FLORAL AVE","CEDAR AVE",0.00,,Y,A,-,N,,,,,,,,,,Y,3,0,3,2,A,-,12,22450,A,N,D,C,A,A,H,-,A,A,0,,,,,Y,,A,07,0,3,0,0,0,0,0,0,0,"- ","- ",36.576339721679688,-119.75498199462891,FRESNO,UNINCORPORATED,-119.7548828125,36.576332092285156
91786819,2022,2022-06-02,9435,2022-05-24,0535,014363,,2,3,9,1000,0,3,5,,2,034,"MOUNTAIN VIEW AVENUE","SMITH AVENUE",26.00,W,N,A,-,N,,,,,,,,,,N,2,0,2,2,A,-,09,21801,A,N,D,C,A,A,H,-,A,D,0,,,,,Y,,A,01,1,1,0,0,0,0,0,0,0,"- ","- ",36.546901702880859,-119.50356292724609,FRESNO,UNINCORPORATED,-119.50344085693359,36.546920776367188
91787188,2022,2022-06-02,9435,2022-05-22,0120,021357,,7,3,7,1005,0,1,3,,2,182,"SR-180 E/B","FOWLER AVE",1180.00,E,N,A,-,Y,FRE,,180,,R,64.159,H,,R,Y,2,0,2,1,A,-,01,23152,A,N,E,I,A,A,H,-,A,D,0,,,,,Y,Y,A,01,1,0,1,0,0,0,0,0,0,"- ","- ",36.751579284667969,-119.67797088623047,FRESNO,FRESNO,-119.67793273925781,36.751632690429688
91787251,2022,2022-10-13,9435,2022-05-26,1740,021148,,4,2,7,1005,0,1,3,,2,410,"SR-41 N/B TO SHIELDS AVENUE","SHIELDS AVENUE",60.00,S,N,A,-,Y,,,,,,,,,,N,3,0,2,3,A,-,01,23152,A,N,C,C,A,A,H,-,A,A,0,,,,,Y,Y,A,01,0,1,1,0,0,0,0,0,0,"- ","- ",36.779361724853516,-119.78340148925781,FRESNO,FRESNO,-119.78340148925781,36.779361724853516
91787589,2022,2022-06-03,9435,2022-05-28,1303,020122,,6,1,9,1000,0,3,5,,2,015,"NORTHBOUND CHERRY AVENUE","CENTRAL AVENUE",708.00,S,N,A,-,N,,,,,,,,,,N,4,0,1,2,A,-,03,22350,,N,C,C,A,A,H,-,A,D,0,,,,,Y,,A,07,0,0,1,0,0,0,0,0,0,"- ","- ",36.675880432128906,-119.78177642822266,FRESNO,UNINCORPORATED,-119.78176116943359,36.675937652587891