CASE_ID,ACCIDENT_YEAR,PROC_DATE,JURIS,COLLISION_DATE,COLLISION_TIME,OFFICER_ID,REPORTING_DISTRICT,DAY_OF_WEEK,CHP_SHIFT,POPULATION,CNTY_CITY_LOC,SPECIAL_COND,BEAT_TYPE,CHP_BEAT_TYPE,CITY_DIVISION_LAPD,CHP_BEAT_CLASS,BEAT_NUMBER,PRIMARY_RD,SECONDARY_RD,DISTANCE,DIRECTION,INTERSECTION,WEATHER_1,WEATHER_2,STATE_HWY_IND,CALTRANS_COUNTY,CALTRANS_DISTRICT,STATE_ROUTE,ROUTE_SUFFIX,POSTMILE_PREFIX,POSTMILE,LOCATION_TYPE,RAMP_INTERSECTION,SIDE_OF_HWY,TOW_AWAY,COLLISION_SEVERITY,NUMBER_KILLED,NUMBER_INJURED,PARTY_COUNT,PRIMARY_COLL_FACTOR,PCF_CODE_OF_VIOL,PCF_VIOL_CATEGORY,PCF_VIOLATION,PCF_VIOL_SUBSECTION,HIT_AND_RUN,TYPE_OF_COLLISION,MVIW,PED_ACTION,ROAD_SURFACE,ROAD_COND_1,ROAD_COND_2,LIGHTING,CONTROL_DEVICE,CHP_ROAD_TYPE,PEDESTRIAN_ACCIDENT,BICYCLE_ACCIDENT,MOTORCYCLE_ACCIDENT,TRUCK_ACCIDENT,NOT_PRIVATE_PROPERTY,ALCOHOL_INVOLVED,STWD_VEHTYPE_AT_FAULT,CHP_VEHTYPE_AT_FAULT,COUNT_SEVERE_INJ,COUNT_VISIBLE_INJ,COUNT_COMPLAINT_PAIN,COUNT_PED_KILLED,COUNT_PED_INJURED,COUNT_BICYCLIST_KILLED,COUNT_BICYCLIST_INJURED,COUNT_MC_KILLED,COUNT_MC_INJURED,PRIMARY_RAMP,SECONDARY_RAMP,LATITUDE,LONGITUDE,COUNTY,CITY,POINT_X,POINT_Y
91831299,2022,2022-08-02,9435,2022-07-30,0320,021357,,6,3,7,1005,0,3,5,,2,030,"CLINTON AVE","ROWELL AVE",55.00,W,N,A,-,N,,,,,,,,,,Y,3,0,2,2,A,-,08,22107,,N,B,E,A,A,H,-,D,D,0,,,,,Y,,A,01,0,1,1,0,0,0,0,0,0,"- ","- ",36.772388458251953,-119.75213623046875,FRESNO,FRESNO,-119.75204467773438,36.772323608398438
91831464,2022,2022-08-02,9435,2022-07-29,1212,020592,,5,1,9,1000,0,3,5,,2,010,"GOLDENROD AVENUE","MCKINLEY AVENUE",0.00,,Y,A,-,N,,,,,,,,,,Y,4,0,3,2,A,-,09,21802,A,N,D,C,A,A,H,-,A,A,0,,,,,Y,,A,07,0,0,3,0,0,0,0,0,0,"- ","- ",36.764118194580078,-120.04248809814453,FRESNO,UNINCORPORATED,-120.04249572753906,36.764072418212891
91831631,2022,2022-08-02,9435,2022-08-01,0825,020592,,1,1,9,1000,0,3,5,,2,015,"AMERICAN AVENUE","CHESTNUT AVENUE",0.00,,Y,A,-,N,,,,,,,,,,Y,4,0,1,2,A,-,09,21802,A,N,D,C,A,A,H,-,A,A,0,,,,Y,Y,,D,22,0,0,1,0,0,0,0,0,0,"- ","- ",36.663440704345703,-119.73674011230469,FRESNO,UNINCORPORATED,-119.73679351806641,36.663417816162109
91831667,2022,2022-08-02,9435,2022-07-28,1350,021312,,4,1,9,1000,0,3,5,,2,034,"LINCOLN AVENUE","TEMPERANCE AVENUE",0.00,,Y,A,-,N,,,,,,,,,,Y,3,0,4,2,A,-,09,21802,A,N,D,C,A,A,H,-,A,A,0,,,,,Y,,D,22,0,4,0,0,0,0,0,0,0,"- ","- ",36.649009704589844,-119.66417694091797,FRESNO,UNINCORPORATED,-119.66407012939453,36.817417144775391
91832024,2022,2022-08-03,9435,2022-07-23,0809,019548,,6,1,9,1000,0,3,5,,2,050,"SAMPLE ROAD","FRONTIER TRAIL LANE",420.00,E,N,A,-,N,,,,,,,,,,N,2,0,1,1,A,-,08,22107,,N,F,A,A,A,H,-,A,D,0,,,Y,,Y,,C,02,1,0,0,0,0,0,0,0,1,"- ","- ",36.904430389404297,-119.50331878662109,FRESNO,UNINCORPORATED,,
91832036,2022,2022-08-03,9435,2022-07-30,1420,021402,,6,2,9,1000,0,1,3,,1,183,"STATE ROUTE 180 WESTBOUND","BETHEL AVENUE",70.00,E,N,A,-,Y,FRE,,180,,R,70.364,H,,L,N,4,0,1,2,A,-,03,22350,,M,C,C,A,A,H,-,A,A,0,,,,,Y,,-,99,0,0,1,0,0,0,0,0,0,"- ","- ",36.736171722412109,-119.57379913330078,FRESNO,UNINCORPORATED,-119.57379913330078,36.736171722412109
91832075,2022,2022-08-03,9435,2022-07-23,1750,021179,,6,2,7,1005,0,1,3,,1,411,"KEARNEY BOULEVARD","BISHOP AVENUE",0.00,,Y,A,-,N,,,,,,,,,,Y,4,0,2,2,A,-,09,21802,A,N,D,C,A,A,H,-,A,A,0,,,,,Y,,A,01,0,0,2,0,0,0,0,0,0,"- ","- ",36.727638244628906,-120.00612640380859,FRESNO,FRESNO,-120.00613403320312,36.727714538574219
91832096,2022,2022-08-03,9435,2022-07-29,0740,020592,,5,1,9,1000,0,3,5,,2,010,"PALM AVENUE","GETTYSBURG AVENUE",0.00,,Y,A,-,N,,,,,,,,,,N,4,0,2,2,A,-,09,21800,D,N,D,C,A,A,H,-,A,B,0,,,,,Y,,A,07,0,0,2,0,0,0,0,0,0,"- ","- ",36.801181793212891,-119.80850982666016,FRESNO,UNINCORPORATED,-119.80857849121094,36.801143646240234
91832225,2022,2022-08-03,9435,2022-07-03,1614,019548,,7,2,9,1000,0,1,3,,1,169,"STATE ROUTE 168","OCKENDEN RANCH ROAD",1056.00,W,N,A,-,Y,FRE,,168,,,43.832,H,,R,Y,3,0,1,1,A,-,01,23152,A,N,E,I,A,A,H,-,A,D,0,,,,,Y,Y,A,01,0,1,0,0,0,0,0,0,0,"- ","- ",37.088661193847656,-119.32068634033203,FRESNO,UNINCORPORATED,-119.3206787109375,37.088657379150391
91832245,2022,2022-08-03,9435,2022-03-05,0705,019113,,6,1,9,1000,0,3,5,,2,040,"CEDAR AVENUE","MOUNT WHITNEY AVENUE",0.00,,Y,B,-,N,,,,,,,,,,N,1,1,3,2,A,-,12,22450,A,N,D,C,A,A,H,-,A,A,0,,,,,Y,,A,01,3,0,0,0,0,0,0,0,0,"- ","- ",36.431049346923828,-119.76248168945312,FRESNO,UNINCORPORATED,-119.762451171875,36.431026458740234
91832247,2022,2022-08-03,9435,2022-07-29,1710,016507,,5,2,9,1000,0,3,5,,2,060,"CRAWFORD AVE","ADAMS AVE",0.00,,Y,A,-,N,,,,,,,,,,Y,3,0,3,2,A,-,09,21802,A,N,D,C,A,A,H,-,A,A,0,,,,,Y,,A,01,0,1,2,0,0,0,0,0,0,"- ","- ",36.632678985595703,-119.37635803222656,FRESNO,UNINCORPORATED,-119.37635040283203,36.6326904296875
91832253,2022,2022-08-03,9435,2022-06-18,1135,019548,,6,1,9,1000,0,3,5,,2,050,"PITTMAN HILL ROAD","STONEY HILL LANE",353.00,S,N,A,-,N,,,,,,,,,,Y,1,1,0,1,A,-,08,22107,,N,E,I,A,A,H,-,A,D,0,,,,,Y,,A,07,0,0,0,0,0,0,0,0,0,"- ","- ",36.9334716796875,-119.45762634277344,FRESNO,UNINCORPORATED,-119.45758056640625,36.933475494384766
91832453,2022,2022-08-03,9435,2022-07-22,1840,021148,,5,2,7,1005,0,1,3,,2,410,"SR-41 N/B","SHIELDS AVE",30.00,S,N,A,-,Y,FRE,,41,,R,26.480,H,,R,Y,2,0,1,2,A,-,07,21658,A,N,B,C,A,A,H,-,A,D,0,,,Y,,Y,,C,02,1,0,0,0,0,0,0,0,1,"- ","- ",36.779750823974609,-119.78455352783203,FRESNO,FRESNO,-119.78461456298828,36.779750823974609
91832589,2021,2022-08-03,9435,2021-11-27,0245,021402,,6,3,7,1005,0,1,3,,2,181,"STATE ROUTE 180 EASTBOUND","CEDAR AVENUE",2340.00,W,N,A,-,Y,,,180,,,,,,E,Y,1,1,0,2,A,-,07,21658,A,F,G,B,E,A,H,-,C,D,0,Y,,,,Y,Y,N,60,0,0,0,1,0,0,0,0,0,"- ","- ",36.754909515380859,-119.76332092285156,FRESNO,FRESNO,-119.76332092285156,36.754863739013672
91833067,2022,2022-08-04,9435,2022-07-28,0440,021247,,4,3,9,1000,0,3,5,,2,010,"SHAW AVENUE","HOWARD AVENUE",686.00,E,N,A,-,N,,,,,,,,,,Y,2,0,3,2,A,-,03,22350,,N,C,C,A,A,H,-,D,D,0,,,,,Y,,A,01,2,1,0,0,0,0,0,0,0,"- ","- ",36.8077392578125,-120.02229309082031,FRESNO,UNINCORPORATED,-120.02230072021484,36.807708740234375
91833151,2022,2022-08-04,9461,2022-07-05,0445,021536,,2,3,9,1000,0,1,3,,1,604,"STATE ROUTE 33","WEST PANOCHE ROAD",0.00,,Y,A,-,Y,FRE,,33,,,59.434,H,,R,Y,1,1,6,2,A,-,09,21802,A,N,D,C,A,A,H,-,D,A,0,,,,,Y,,-,"- ",2,0,4,0,0,0,0,0,0,"- ","- ",36.720180511474609,-120.38725280761719,FRESNO,UNINCORPORATED,-120.38718414306641,36.720180511474609
91833160,2022,2022-08-04,9435,2022-07-29,2210,021594,,5,3,9,1000,0,3,5,,2,015,"CORNELIA AVENUE S/B","MANNING AVENUE",700.00,N,N,A,-,N,,,,,,,,,,N,4,0,3,1,A,-,08,22107,,N,F,I,A,A,H,-,D,D,0,,,,,Y,,D,22,0,0,3,0,0,0,0,0,0,"- ","- ",36.606838226318359,-119.88094329833984,FRESNO,UNINCORPORATED,-119.88081359863281,36.606781005859375
91833244,2022,2022-08-04,9435,2022-08-03,2221,017518,,3,3,9,1000,0,3,5,,2,030,"DEL REY AVENUE","BELMONT AVENUE",1214.00,N,N,A,-,N,,,,,,,,,,Y,3,0,1,2,A,-,03,22350,,N,C,C,A,A,H,-,D,D,0,,,,,Y,,A,08,0,1,0,0,0,0,0,0,0,"- ","- ",36.753719329833984,-119.59197235107422,FRESNO,UNINCORPORATED,-119.59199523925781,36.753471374511719
91833441,2022,2022-08-04,9435,2022-07-28,1550,021148,,4,2,9,1000,0,3,5,,2,025,"COPPER AVE","PEACH AVENUE",305.00,W,N,A,-,N,,,,,,,,,,Y,2,0,1,2,A,-,06,21760,B,N,C,G,A,A,H,-,A,D,0,,Y,,,Y,,A,01,1,0,0,0,0,0,1,0,0,"- ","- ",36.895919799804688,-119.72135162353516,FRESNO,UNINCORPORATED,-119.72127532958984,36.895881652832031
91833459,2022,2022-08-04,9435,2022-07-31,1937,021687,,7,2,9,1000,0,1,3,,1,430,SR-43,"KAMM AVENUE",250.00,N,N,A,-,Y,FRE,,43,,,6.400,H,,R,Y,3,0,2,2,A,-,06,21751,,N,A,C,A,A,H,-,B,D,0,,,,,Y,,A,07,0,2,0,0,0,0,0,0,0,"- ","- ",36.533500671386719,-119.62882995605469,FRESNO,UNINCORPORATED,-119.62890625,36.533500671386719
91833814,2022,2022-08-05,9435,2022-07-27,0020,018944,,3,3,7,1005,0,1,3,,2,105,"STATE ROUTE 99 SOUTHBOUND","TEILMAN AVENUE",100.00,S,N,A,-,Y,FRE,,99,,,22.365,H,,L,Y,2,0,2,2,A,-,01,23152,A,N,B,C,A,A,H,-,D,D,0,,,,,Y,Y,A,01,1,1,0,0,0,0,0,0,0,"- ","- ",36.745731353759766,-119.82137298583984,FRESNO,FRESNO,-119.82132720947266,36.745750427246094
91833860,2022,2022-08-05,9435,2022-07-27,1300,020078,,3,1,9,1000,0,3,5,,2,025,"SR-99 SB","JENSEN AVE",70.00,S,N,A,-,Y,FRE,,99,,,18.545,H,,L,Y,4,0,1,2,D,-,00,,,N,B,C,A,A,H,-,A,D,0,,,Y,Y,Y,,-,"- ",0,0,1,0,0,0,0,0,1,"- ","- ",36.706611633300781,-119.77400207519531,FRESNO,UNINCORPORATED,-119.77394866943359,36.706642150878906
91833881,2022,2022-08-05,9435,2022-07-27,2149,018944,,3,2,9,1000,0,3,5,,2,010,"BLYTHE AVENUE","DAKOTA AVENUE",0.00,,Y,A,-,N,,,,,,,,,,N,4,0,1,2,A,-,09,21800,A,N,D,C,A,A,H,-,D,A,0,,,,,Y,,A,07,0,0,1,0,0,0,0,0,0,"- ","- ",36.786369323730469,-119.87130737304688,FRESNO,UNINCORPORATED,-119.87133026123047,36.786357879638672
91833906,2022,2022-08-05,9435,2022-07-28,1835,021179,,4,2,7,1005,0,1,3,,2,105,"PALM AVENUE","GETTYSBURG AVENUE",0.00,,Y,A,-,N,,,,,,,,,,Y,3,0,1,2,A,-,12,21453,A,N,D,C,A,A,H,-,A,A,0,,,,,Y,,A,07,0,1,0,0,0,0,0,0,0,"- ","- ",36.801128387451172,-119.80854797363281,FRESNO,FRESNO,-119.80857849121094,36.801143646240234
91833939,2022,2022-08-05,9435,2022-08-04,0755,015095,,4,1,7,1005,0,1,3,,1,168,"SR-168 W/B FROM MCKINLEY AVE","MCKINLEY AVENUE",300.00,N,N,A,-,Y,FRE,,168,,R,1.080,H,,L,Y,4,0,2,2,A,-,03,22350,,N,C,C,A,A,H,-,A,A,0,,,,,Y,,A,01,0,0,2,0,0,0,0,0,0,"- ","- ",36.766029357910156,-119.74977874755859,FRESNO,FRESNO,-119.74950408935547,36.766029357910156
91833959,2022,2022-08-05,9435,2022-08-04,0845,015106,,4,1,7,1005,0,1,3,,2,410,"SR-41 NORTHBOUND","ASHLAN AVE O/C",680.00,N,N,A,-,Y,FRE,,41,,R,27.608,H,,R,Y,3,0,2,3,A,-,03,22350,,F,C,C,A,A,H,-,A,D,0,,,,,Y,,A,01,0,1,1,0,0,0,0,0,0,"- ","- ",36.796070098876953,-119.78507232666016,FRESNO,FRESNO,-119.78504943847656,36.796070098876953
91833966,2022,2022-08-05,9435,2022-08-04,1215,015106,,4,1,7,1005,0,1,3,,2,105,"SR-99 NORTHBOUND TO SR-180 EASTBOUND","SR-99 U/C",700.00,E,N,A,-,Y,,,,,,,,,,Y,3,0,2,2,A,-,03,22350,,N,B,C,A,A,H,-,A,D,0,,,,,Y,,-,"- ",0,1,1,0,0,0,0,0,0,"- ","- ",36.741889953613281,-119.81125640869141,FRESNO,FRESNO,-119.81125640869141,36.741889953613281
91833981,2022,2022-08-05,9435,2022-08-04,1005,015890,,4,1,9,1000,0,1,3,,1,412,"SR-41 N/B","MANNING AVE",451.00,S,N,A,-,Y,FRE,,41,,R,14.013,H,,R,Y,3,0,1,2,A,-,03,22350,,N,C,C,A,A,H,-,A,A,0,,,,,Y,,A,01,0,1,0,0,0,0,0,0,0,"- ","- ",36.604000091552734,-119.78588104248047,FRESNO,UNINCORPORATED,-119.78588104248047,36.604000091552734
91835555,2022,2022-08-08,9461,2022-08-02,0720,014933,,2,1,9,1000,0,3,5,,2,060,"SHAW AVE.","WASHOE AVE.",25.00,E,N,A,-,N,,,,,,,,,,Y,3,0,1,2,A,-,09,21802,A,N,D,C,A,A,H,-,A,A,0,,,,,Y,,A,08,0,1,0,0,0,0,0,0,0,"- ","- ",36.807041168212891,-120.45818328857422,FRESNO,UNINCORPORATED,-120.45817565917969,36.807048797607422
91836092,2022,2022-08-09,9435,2022-07-04,1635,020540,,1,2,9,1000,0,3,5,,2,060,"PRIVATE PROPERTY (6300 BLOCK COVE ROAD)","CLAYTON AVENUE",1320.00,N,N,A,-,N,,,,,,,,,,N,1,1,1,1,B,-,22,,,N,F,A,A,A,H,-,A,D,0,,,Y,,Y,,C,06,0,1,0,0,0,0,0,1,1,"- ","- ",36.643241882324219,-119.35077667236328,FRESNO,UNINCORPORATED,,
91836148,2022,2022-08-09,9435,2022-07-29,0706,020095,,5,1,9,1000,0,3,5,,2,034,"CLOVIS  AVE","GOLDEN STATE FRONTAGE RD",18.00,S,N,A,-,N,,,,,,,,,,Y,3,0,2,2,A,-,03,22350,,M,C,C,A,A,H,-,A,A,0,,,,,Y,,D,22,0,2,0,0,0,0,0,0,0,"- ","- ",36.644371032714844,-119.69989776611328,FRESNO,UNINCORPORATED,-119.70008850097656,36.644458770751953
91836281,2022,2022-08-09,9461,2022-08-03,0522,014933,,3,3,9,1000,0,2,4,,1,615,"NEES AVE.","DOUGLAS AVE.",1100.00,E,N,A,-,N,,,,,,,,,,Y,3,0,1,2,A,-,03,22350,,N,C,C,A,A,H,-,D,D,0,,,,Y,Y,,A,01,0,1,0,0,0,0,0,0,0,"- ","- ",36.851020812988281,-120.48966979980469,FRESNO,UNINCORPORATED,-120.48966217041016,36.851081848144531
91836380,2022,2022-08-09,9435,2022-07-30,1500,021179,,6,2,7,1005,0,3,5,,2,010,"PARKWAY DRIVE","HERNDON AVENUE",30.00,N,N,A,-,N,,,,,,,,,,N,4,0,1,2,A,-,09,21804,A,M,D,C,A,A,H,-,A,D,0,,,,,Y,,A,01,0,0,1,0,0,0,0,0,0,"- ","- ",36.831691741943359,-119.91883087158203,FRESNO,FRESNO,-119.92417907714844,36.836910247802734
91836432,2022,2022-08-09,9435,2022-07-31,0230,016860,,7,3,9,1000,0,3,5,,2,050,"AUBERRY ROAD","CORLEW MTN RD",2640.00,N,N,A,-,N,,,,,,,,,,N,2,0,1,2,D,-,00,,,F,G,B,E,A,H,-,D,D,0,Y,,,,Y,Y,-,"- ",1,0,0,0,1,0,0,0,0,"- ","- ",37.021419525146484,-119.54412841796875,FRESNO,UNINCORPORATED,-119.54324340820312,37.022815704345703
91836448,2022,2022-08-09,9435,2022-07-31,0756,020019,,7,1,9,1000,0,3,5,,2,025,"AUBERRY ROAD","MILLERTON ROAD",528.00,W,N,A,-,N,,,,,,,,,,Y,3,0,1,1,A,-,08,22107,,N,E,I,A,A,H,-,A,D,0,,,,,Y,Y,A,08,0,1,0,0,0,0,0,0,0,"- ","- ",36.967399597167969,-119.62750244140625,FRESNO,UNINCORPORATED,-119.62564849853516,36.968791961669922
91836460,2022,2022-08-09,9435,2022-07-31,1230,016911,,7,1,9,1000,0,3,5,,2,050,SR-168,"OAK VIEW DR",400.00,E,N,A,-,Y,FRE,,168,,T,24.934,H,,R,N,3,0,1,1,A,-,08,22107,,N,F,A,A,A,H,-,A,D,0,,,Y,,Y,,C,02,0,1,0,0,0,0,0,0,1,"- ","- ",36.972301483154297,-119.52828979492188,FRESNO,UNINCORPORATED,-119.52826690673828,36.972297668457031
91836518,2022,2022-08-09,9435,2022-07-31,2255,021357,,7,3,9,1000,0,3,5,,2,034,"BETHEL AVE","DINUBA AVE",158.00,S,N,B,-,N,,,,,,,,,,N,4,0,1,1,A,-,01,23152,A,N,E,I,A,A,H,-,D,D,0,,,,,Y,Y,A,07,0,0,1,0,0,0,0,0,0,"- ","- ",36.590141296386719,-119.57482147216797,FRESNO,UNINCORPORATED,-119.57489013671875,36.590175628662109
91836628,2022,2022-08-09,9435,2022-08-02,2300,018944,,2,3,9,1000,0,3,5,,2,010,"MAROA AVENUE","SHAW AVENUE",0.00,,Y,A,-,N,,,,,,,,,,Y,4,0,1,2,A,-,01,23152,A,N,A,C,A,A,H,-,C,A,0,,,,,Y,Y,A,01,0,0,1,0,0,0,0,0,0,"- ","- ",36.808490753173828,-119.79956817626953,FRESNO,UNINCORPORATED,-119.79945373535156,36.808387756347656
91837156,2022,2022-08-10,9435,2022-08-03,1040,016860,,3,1,9,1000,0,1,3,,1,169,"STATE ROUTE 168","OAK VIEW DRIVE",1584.00,E,N,A,-,Y,FRE,,168,,T,25.144,H,,R,Y,4,0,1,1,A,-,08,22107,,N,E,I,A,A,H,-,A,D,0,,,,,Y,,D,22,0,0,1,0,0,0,0,0,0,"- ","- ",36.974971771240234,-119.52722930908203,FRESNO,UNINCORPORATED,-119.52726745605469,36.974945068359375
91837195,2022,2022-08-10,9461,2022-08-06,1305,021619,,6,1,2,1003,0,1,3,,1,103,"W BULLARD AVE","N SAN DIEGO AVENUE",4200.00,E,N,A,-,N,,,,,,,,,,N,2,0,1,2,B,-,22,,,N,C,B,F,A,H,-,A,D,0,Y,,,,Y,,D,22,1,0,0,0,1,0,0,0,0,"- ","- ",36.770648956298828,-120.42629241943359,FRESNO,FIREBAUGH,-120.43681335449219,36.821861267089844
91837203,2022,2022-08-10,9435,2022-08-03,2040,020078,,3,2,9,1000,0,3,5,,2,015,"LINCOLN AVENUE","CORNELIA AVE",0.00,,Y,A,-,N,,,,,,,,,,N,4,0,1,2,A,-,09,21802,A,N,D,C,A,A,H,-,D,A,0,,,,,Y,,D,22,0,0,1,0,0,0,0,0,0,"- ","- ",36.648418426513672,-119.88057708740234,FRESNO,UNINCORPORATED,-119.88053894042969,36.64837646484375
91837374,2022,2022-08-10,9435,2022-08-05,0905,020592,,5,1,9,1000,0,1,3,,1,411,"SOUTHBOUND STATE ROUTE 41","AMERICAN AVENUE",65.00,N,N,B,-,Y,FRE,,41,,R,18.124,H,,R,N,4,0,1,2,A,-,06,21750,A,N,C,C,A,A,H,-,A,A,0,,,,,Y,,E,22,0,0,1,0,0,0,0,0,0,"- ","- ",36.663631439208984,-119.78614044189453,FRESNO,UNINCORPORATED,-119.78582000732422,36.663627624511719
9183744,2020,2020-12-10,1008,2020-10-08,1100,J264,,4,5,2,1008,0,0,0,,0,,"LUNA AV","CHURCH ST",3.00,S,N,A,-,N,,,,,,,,,,,4,0,1,2,A,-,09,21802,A,N,D,C,A,A,H,-,A,A,0,,,,,Y,,A,01,0,0,1,0,0,0,0,0,0,"- ","- ",,,FRESNO,KINGSBURG,,
91837464,2022,2022-08-10,9435,2022-08-05,1255,020193,,5,1,9,1000,0,3,5,,2,034,"NEWMARK AVENUE","ANNADALE AVENUE",845.00,S,N,B,-,N,,,,,,,,,,N,4,0,2,2,A,-,03,22350,,N,C,C,A,A,H,-,A,D,0,,,,,Y,,A,01,0,0,2,0,0,0,0,0,0,"- ","- ",36.697219848632812,-119.54178619384766,FRESNO,UNINCORPORATED,-119.54181671142578,36.697219848632812
91837493,2022,2022-08-10,9435,2022-08-05,1715,021119,,5,2,9,1000,0,3,5,,2,034,"HIGHLAND AVE","DINUBA AVENUE",15.00,S,N,A,-,N,,,,,,,,,,N,4,0,1,2,A,-,21,22106,,N,C,C,A,A,H,-,A,D,0,,,,,Y,,A,01,0,0,1,0,0,0,0,0,0,"- ","- ",36.590801239013672,-119.62857055664062,FRESNO,UNINCORPORATED,-119.62857055664062,36.590770721435547
91837518,2022,2022-08-10,9435,2022-08-06,0735,020836,,6,1,9,1000,0,3,5,,2,034,"MANNING AVENUE","DEL REY AVENUE",720.00,W,N,A,-,N,,,,,,,,,,Y,4,0,1,1,A,-,08,22107,,N,E,I,A,A,H,-,A,D,0,,,,,Y,,A,01,0,0,1,0,0,0,0,0,0,"- ","- ",36.605209350585938,-119.59546661376953,FRESNO,UNINCORPORATED,-119.595458984375,36.605022430419922
91837520,2022,2022-08-10,9435,2022-08-02,1048,018926,,2,1,9,1000,0,1,3,,1,180,"STATE ROUTE 180","JAMES ROAD",0.00,,Y,A,-,Y,FRE,,180,,,34.593,H,,R,Y,2,0,1,2,A,-,09,21802,A,N,D,C,A,A,H,-,A,D,0,,,,Y,Y,,G,27,1,0,0,0,0,0,0,0,0,"- ","- ",36.734539031982422,-120.205078125,FRESNO,UNINCORPORATED,-120.205078125,36.734535217285156
91837554,2022,2022-08-10,9495,2022-07-29,0630,019789,,5,1,9,1000,0,1,1,,2,002,"INTERSTATE 5 SOUTHBOUND","STATE ROUTE 145",6864.00,S,N,A,-,Y,FRE,,5,,,16.703,H,,L,Y,4,0,1,2,A,-,08,22107,,N,B,C,A,A,H,-,A,D,0,,,,,Y,,B,07,0,0,1,0,0,0,0,0,0,"- ","- ",36.277938842773438,-120.25907897949219,FRESNO,UNINCORPORATED,-120.25907135009766,36.277942657470703
91837571,2022,2022-08-10,9435,2022-08-06,0826,018609,,6,1,9,1000,0,3,5,,2,025,"MILLERTON ROAD","NORTH FORK ROAD",528.00,N,N,A,-,N,,,,,,,,,,N,3,0,1,1,A,-,08,22107,,N,F,A,A,A,H,-,A,D,0,,,Y,,Y,,C,02,0,1,0,0,0,0,0,0,1,"- ","- ",36.992221832275391,-119.71041107177734,FRESNO,UNINCORPORATED,,
91837594,2022,2022-08-10,9495,2022-07-28,1730,021029,,4,2,9,1000,0,1,1,,2,003,"INTERSTATE 5 N/B TO STATE ROUTE 198","STATE ROUTE 198",528.00,S,N,A,-,Y,,,,,,,,,,Y,3,0,1,1,A,-,01,23152,A,N,F,A,A,A,H,-,A,D,0,,,,,Y,Y,D,22,0,1,0,0,0,0,0,0,0,"- ","- ",36.252861022949219,-120.24210357666016,FRESNO,UNINCORPORATED,-120.24210357666016,36.252861022949219
91837903,2022,2022-08-11,9435,2022-07-31,1912,021315,,7,2,9,1000,0,3,5,,2,010,"STATE ROUTE 145","LINCOLN AVENUE",0.00,,Y,A,-,N,,,,,,,,,,Y,4,0,1,3,A,-,01,23152,A,F,C,C,A,A,H,-,A,A,0,,,,Y,Y,Y,A,07,0,0,1,0,0,0,0,0,0,"- ","- ",36.647449493408203,-120.06102752685547,FRESNO,UNINCORPORATED,-120.06114959716797,36.647476196289062
91837979,2022,2022-08-11,9435,2022-08-06,1540,021178,,6,2,9,1000,0,3,5,,2,034,"DEWITT AVE","MONTECITO AVE",5.00,S,N,A,-,N,,,,,,,,,,N,3,0,1,2,A,-,09,21804,A,N,D,G,A,A,H,-,A,D,0,,Y,,,Y,,-,"- ",0,1,0,0,0,0,1,0,0,"- ","- ",36.734020233154297,-119.70414733886719,FRESNO,UNINCORPORATED,-119.70413970947266,36.734016418457031
91837993,2022,2022-08-11,9435,2022-08-09,1620,021178,,2,2,9,1000,0,1,3,,2,410,"SR-41 S/B","SHAW AVE",528.00,N,N,A,-,Y,FRE,,41,,R,28.824,H,,L,N,4,0,1,2,A,-,03,22350,,N,C,C,A,A,H,-,A,D,0,,,,,Y,,A,01,0,0,1,0,0,0,0,0,0,"- ","- ",36.813720703125,-119.78553009033203,FRESNO,UNINCORPORATED,-119.78551483154297,36.813720703125
91838345,2022,2022-08-11,9495,2022-08-01,1825,019789,,1,2,9,1000,0,1,3,,1,013,"STATE ROUTE 145","INTERSTATE 5",365.00,W,N,A,-,Y,FRE,,33,,R,28.913,H,,R,Y,4,0,1,3,A,-,03,22350,,N,C,C,A,A,H,-,A,D,0,,,,,Y,,A,01,0,0,1,0,0,0,0,0,0,"- ","- ",36.293491363525391,-120.27030944824219,FRESNO,UNINCORPORATED,-120.27030944824219,36.293491363525391
91838375,2022,2022-08-11,9435,2022-08-01,0310,016911,,1,3,9,1000,0,3,5,,2,050,"SR-168 WESTBOUND","BALSAM SNOW PARK",100.00,W,N,A,-,Y,FRE,,168,,,53.950,H,,L,N,4,0,1,1,A,-,08,22107,,N,F,A,A,A,H,-,A,D,0,,,Y,,Y,,-,"- ",0,0,1,0,0,0,0,0,1,"- ","- ",37.159099578857422,-119.24327850341797,FRESNO,UNINCORPORATED,-119.24325561523438,37.159076690673828