CASE_ID,ACCIDENT_YEAR,PROC_DATE,JURIS,COLLISION_DATE,COLLISION_TIME,OFFICER_ID,REPORTING_DISTRICT,DAY_OF_WEEK,CHP_SHIFT,POPULATION,CNTY_CITY_LOC,SPECIAL_COND,BEAT_TYPE,CHP_BEAT_TYPE,CITY_DIVISION_LAPD,CHP_BEAT_CLASS,BEAT_NUMBER,PRIMARY_RD,SECONDARY_RD,DISTANCE,DIRECTION,INTERSECTION,WEATHER_1,WEATHER_2,STATE_HWY_IND,CALTRANS_COUNTY,CALTRANS_DISTRICT,STATE_ROUTE,ROUTE_SUFFIX,POSTMILE_PREFIX,POSTMILE,LOCATION_TYPE,RAMP_INTERSECTION,SIDE_OF_HWY,TOW_AWAY,COLLISION_SEVERITY,NUMBER_KILLED,NUMBER_INJURED,PARTY_COUNT,PRIMARY_COLL_FACTOR,PCF_CODE_OF_VIOL,PCF_VIOL_CATEGORY,PCF_VIOLATION,PCF_VIOL_SUBSECTION,HIT_AND_RUN,TYPE_OF_COLLISION,MVIW,PED_ACTION,ROAD_SURFACE,ROAD_COND_1,ROAD_COND_2,LIGHTING,CONTROL_DEVICE,CHP_ROAD_TYPE,PEDESTRIAN_ACCIDENT,BICYCLE_ACCIDENT,MOTORCYCLE_ACCIDENT,TRUCK_ACCIDENT,NOT_PRIVATE_PROPERTY,ALCOHOL_INVOLVED,STWD_VEHTYPE_AT_FAULT,CHP_VEHTYPE_AT_FAULT,COUNT_SEVERE_INJ,COUNT_VISIBLE_INJ,COUNT_COMPLAINT_PAIN,COUNT_PED_KILLED,COUNT_PED_INJURED,COUNT_BICYCLIST_KILLED,COUNT_BICYCLIST_INJURED,COUNT_MC_KILLED,COUNT_MC_INJURED,PRIMARY_RAMP,SECONDARY_RAMP,LATITUDE,LONGITUDE,COUNTY,CITY,POINT_X,POINT_Y
91872165,2022,2022-09-23,9435,2022-09-15,2215,021247,,4,3,7,1005,0,1,3,,1,180,"STATE ROUTE 180","ROLINDA AVENUE",60.00,E,N,A,-,Y,FRE,,180,,,48.165,H,,R,Y,4,0,1,2,A,-,01,23152,F,N,B,C,A,A,H,-,D,D,0,,,,,Y,,A,01,0,0,1,0,0,0,0,0,0,"- ","- ",36.735050201416016,-119.96063232421875,FRESNO,FRESNO,-119.96063232421875,36.735076904296875
91872258,2022,2022-09-23,9435,2022-09-15,1555,021386,,4,2,7,1005,0,1,3,,2,181,"STATE ROUTE 180 EASTBOUND","STATE ROUTE 41",325.00,W,N,A,-,Y,FRE,,180,,R,58.619,H,,R,Y,4,0,1,4,A,-,07,21658,A,N,B,C,A,A,H,-,A,D,0,,,,,Y,,A,01,0,0,1,0,0,0,0,0,0,"- ","- ",36.754001617431641,-119.777099609375,FRESNO,FRESNO,-119.77711486816406,36.754074096679688
91872333,2022,2022-09-23,9435,2022-09-15,0757,018609,,4,1,9,1000,0,3,5,,2,030,"MCKINLEY AVENUE","FANCHER AVENUE",0.00,,Y,A,-,N,,,,,,,,,,Y,3,0,4,3,A,-,09,21801,A,N,D,C,A,A,H,-,A,A,0,,,,,Y,,A,01,0,1,3,0,0,0,0,0,0,"- ","- ",36.764751434326172,-119.63253021240234,FRESNO,UNINCORPORATED,-119.63249969482422,36.764766693115234
91872334,2022,2022-09-23,9435,2022-09-16,1247,020062,,5,1,9,1000,0,1,3,,1,180,SR180,"FLOYD AVE",5.00,W,N,A,-,Y,FRE,,180,,,46.148,H,,R,Y,4,0,2,2,A,-,06,21751,,N,A,C,A,A,H,-,A,D,0,,,,,Y,,A,01,0,0,2,0,0,0,0,0,0,"- ","- ",36.734981536865234,-119.9970703125,FRESNO,UNINCORPORATED,-119.9970703125,36.734966278076172
91872339,2022,2022-09-23,9435,2022-09-19,1525,020942,,1,2,9,1000,0,3,5,,2,010,"BELMONT AVENUE","MARKS AVENUE",0.00,,Y,B,C,N,,,,,,,,,,Y,4,0,1,2,D,-,00,,,N,D,C,A,B,H,-,A,A,0,,,,,Y,,-,"- ",0,0,1,0,0,0,0,0,0,"- ","- ",36.750129699707031,-119.84422302246094,FRESNO,UNINCORPORATED,-119.84429931640625,36.750141143798828
91872350,2022,2022-09-23,9435,2022-09-19,0450,021702,,1,3,9,1000,0,3,5,,2,025,"MILLERTON RD","VIA BELLAGIO",211.00,E,N,C,-,N,,,,,,,,,,Y,4,0,2,2,A,-,08,22107,,N,D,C,A,B,H,-,D,D,0,,,,,Y,,D,22,0,0,2,0,0,0,0,0,0,"- ","- ",36.990520477294922,-119.69638061523438,FRESNO,UNINCORPORATED,-119.69867706298828,36.991031646728516
91872652,2022,2022-09-26,9435,2022-09-23,1705,020540,,5,2,9,1000,0,3,5,,2,060,"GOODFELLOW AVENUE","REED AVENUE",16.00,W,N,A,-,N,,,,,,,,,,N,4,0,1,2,A,-,03,22350,,N,C,C,A,A,H,-,A,A,0,,,,,Y,,A,01,0,0,1,0,0,0,0,0,0,"- ","- ",36.669609069824219,-119.45777893066406,FRESNO,UNINCORPORATED,-119.45754241943359,36.669620513916016
91872678,2022,2022-09-26,9435,2022-09-22,1415,021178,,4,2,9,1000,0,3,5,,2,025,"FRIANT RD","WILLOW AVE",230.00,S,N,A,-,N,,,,,,,,,,Y,4,0,1,1,A,-,08,22107,,N,E,I,A,A,H,-,A,D,0,,,,,Y,,A,01,0,0,1,0,0,0,0,0,0,"- ","- ",36.919769287109375,-119.734130859375,FRESNO,UNINCORPORATED,-119.73386383056641,36.920486450195312
91872701,2022,2022-09-26,9435,2022-09-22,0810,020540,,4,1,9,1000,0,3,5,,2,060,"ALTA AVENUE","ADAMS AVENUE",0.00,,Y,A,-,N,,,,,,,,,,N,4,0,1,2,A,-,03,22350,,N,C,C,A,A,H,-,A,A,0,,,,,Y,,A,01,0,0,1,0,0,0,0,0,0,"- ","- ",36.632888793945312,-119.39518737792969,FRESNO,UNINCORPORATED,-119.39479827880859,36.632942199707031
91872839,2022,2022-09-26,9435,2022-09-18,0151,021357,,7,3,9,1000,0,3,5,,2,034,"JENSEN AVE","TEMPERANCE AVE",808.00,E,N,A,-,N,,,,,,,,,,Y,3,0,2,2,A,-,01,23152,A,N,A,C,A,A,H,-,D,D,0,,,,,Y,Y,D,22,0,1,1,0,0,0,0,0,0,"- ","- ",36.707439422607422,-119.66123962402344,FRESNO,UNINCORPORATED,-119.66130828857422,36.707530975341797
91872858,2022,2022-09-26,9435,2022-09-16,0812,020019,,5,1,2,1004,0,1,3,,2,106,"SR-99 SB TO MERCED ST","MERCED STREET",441.00,N,N,A,-,Y,FRE,,99,,,11.205,H,,L,Y,4,0,1,4,A,-,03,22350,,N,C,C,A,A,H,-,A,A,0,,,Y,,Y,,A,01,0,0,1,0,0,0,0,0,0,"- ","- ",36.627361297607422,-119.68582916259766,FRESNO,FOWLER,-119.68560028076172,36.627525329589844
9187297,2020,2021-02-05,1001,2020-11-01,1519,5246,,7,5,5,1001,0,0,0,,0,001,"W ALAMOS AV","VILLA AV",559.00,W,N,A,-,N,,,,,,,,,,N,4,0,1,3,A,-,08,22103,,N,H,A,A,A,H,-,-,D,0,,,Y,,Y,,A,01,0,0,1,0,0,0,0,0,1,"- ","- ",36.806171417236328,-119.71540832519531,FRESNO,CLOVIS,-119.715576171875,36.806114196777344
9187298,2020,2021-02-05,1001,2020-11-13,1745,5691,,5,5,5,1001,0,0,0,,0,005,"SIERRA AV","CLOVIS AV",0.00,,Y,A,-,N,,,,,,,,,,N,4,0,1,2,A,-,12,21453,A,N,D,C,A,A,H,-,C,A,0,,,Y,,Y,,C,02,0,0,1,0,0,0,0,0,1,"- ","- ",36.830329895019531,-119.70024108886719,FRESNO,CLOVIS,-119.70034027099609,36.830329895019531
9187299,2020,2021-02-05,1001,2020-11-18,1838,5465,,3,5,5,1001,0,0,0,,0,004,"W SHAW AVE","HELM AVE",75.00,W,N,A,-,N,,,,,,,,,,N,3,0,1,2,A,-,11,21954,A,N,G,B,D,A,H,-,C,B,0,Y,,,,Y,,N,60,0,1,0,0,1,0,0,0,0,"- ","- ",36.809158325195312,-119.72454071044922,FRESNO,CLOVIS,-119.72411346435547,36.808559417724609
9187300,2020,2021-02-05,1001,2020-11-16,1049,5277,,1,5,5,1001,0,0,0,,0,006,"HERDON AV","ARMSTRONG AV",223.00,E,N,A,-,N,,,,,,,,,,Y,4,0,1,2,A,-,07,21658,A,N,B,C,A,A,H,-,A,D,0,,,,,Y,,A,01,0,0,1,0,0,0,0,0,0,"- ","- ",,,FRESNO,CLOVIS,-119.67444610595703,36.837326049804688
91873128,2022,2022-09-26,9435,2022-09-18,1355,021402,,7,1,9,1000,0,3,5,,2,034,"MOUNTAIN VIEW AVENUE","MENDOCINO AVENUE",55.00,W,N,A,-,N,,,,,,,,,,N,4,0,1,2,A,-,03,22350,,N,C,C,A,A,H,-,A,A,0,,,,,Y,,E,22,0,0,1,0,0,0,0,0,0,"- ","- ",36.546680450439453,-119.54831695556641,FRESNO,UNINCORPORATED,-119.54818725585938,36.546710968017578
91873180,2022,2022-09-26,9435,2022-09-19,0535,014363,,1,3,9,1000,0,3,5,,2,034,"MANNING AVENUE","BETHEL AVENUE",50.00,E,N,B,C,N,,,,,,,,,,N,3,0,1,2,A,-,03,22350,,M,C,C,A,B,H,-,C,A,0,,,,,Y,,-,99,0,1,0,0,0,0,0,0,0,"- ","- ",36.605209350585938,-119.57460021972656,FRESNO,UNINCORPORATED,-119.57466888427734,36.605068206787109
91873272,2022,2022-09-26,9461,2022-09-21,2355,021660,,3,3,9,1000,0,2,4,,1,315,"NEES AVE.","OXFORD AVE.",5280.00,W,N,A,-,N,,,,,,,,,,Y,3,0,2,1,A,-,08,22107,,N,E,J,A,A,H,-,D,D,0,,,,,Y,,A,07,0,2,0,0,0,0,0,0,0,"- ","- ",36.850498199462891,-120.72759246826172,FRESNO,UNINCORPORATED,-120.72686004638672,36.850456237792969
91873280,2022,2022-09-26,9435,2022-09-25,1725,021119,,7,2,9,1000,0,1,3,,2,107,"STATE ROUTE 99 NORTHBOUND","FLORAL AVENUE",1320.00,N,N,A,-,Y,FRE,,99,,,7.380,H,,R,Y,4,0,1,1,A,-,08,22107,,N,F,A,A,A,H,-,A,D,0,,,,,Y,,A,07,0,0,1,0,0,0,0,0,0,"- ","- ",36.586009979248047,-119.63970947265625,FRESNO,UNINCORPORATED,-119.63977813720703,36.585964202880859
91873529,2022,2022-09-26,9435,2022-09-23,1400,021402,,5,2,9,1000,0,3,5,,2,034,"GOLDEN STATE FRONTAGE ROAD","MAPLE AVENUE",0.00,,Y,A,-,N,,,,,,,,,,N,4,0,1,2,A,-,08,22107,,N,D,C,A,A,H,-,A,A,0,,,,,Y,,A,01,0,0,1,0,0,0,0,0,0,"- ","- ",36.687591552734375,-119.7454833984375,FRESNO,UNINCORPORATED,-119.74565887451172,36.687797546386719
91873537,2022,2022-09-26,9435,2022-09-19,1155,020592,,1,1,7,1005,0,1,3,,2,410,"SOUTHBOUND STATE ROUTE 41 TO DIVSADERO STREET","DIVISADERO STREET",52.00,N,N,B,-,Y,,,,,,,,,,N,4,0,2,3,A,-,03,22350,,N,B,C,A,A,H,-,A,A,0,,,,,Y,,A,07,0,0,2,0,0,0,0,0,0,"- ","- ",36.743579864501953,-119.77780151367188,FRESNO,FRESNO,-119.77780151367188,36.743579864501953
91873811,2022,2022-09-30,9435,2022-09-24,1720,018914,,6,2,9,1000,0,1,3,,1,168,"STATE ROUTE 168","ACADEMY AVENUE",0.00,,Y,A,-,Y,FRE,,168,,,15.467,H,,R,N,1,1,1,2,A,-,03,22350,,N,C,C,A,A,H,-,A,D,0,,,Y,,Y,,C,02,0,1,0,0,0,0,0,1,1,"- ","- ",36.873779296875,-119.55741882324219,FRESNO,UNINCORPORATED,-119.55741119384766,36.873775482177734
91874297,2022,2022-09-27,9435,2022-09-20,1553,020019,,2,2,7,1005,0,1,3,,1,168,"SR-168 WB TO SR-180 WB","CEDAR AVENUE",1914.00,W,N,A,-,Y,,,,,,,,,,Y,3,0,3,3,A,-,03,22350,,N,C,C,A,A,H,-,A,D,0,,,,,Y,,A,07,0,1,2,0,0,0,0,0,0,"- ","- ",36.755428314208984,-119.76141357421875,FRESNO,FRESNO,-119.72084808349609,36.819370269775391
91874318,2022,2022-09-27,9435,2022-09-20,1830,019263,,2,2,9,1000,0,3,5,,2,050,"AUBERRY RD","UPPITY-UPPITY ROAD",528.00,E,N,A,-,N,,,,,,,,,,Y,2,0,1,1,A,-,01,23152,A,N,F,A,A,A,H,-,D,D,0,,,,,Y,Y,A,01,1,0,0,0,0,0,0,0,0,"- ","- ",37.081760406494141,-119.47650909423828,FRESNO,UNINCORPORATED,,
91874331,2022,2022-09-27,9435,2022-09-20,1940,020319,,2,2,9,1000,0,3,5,,2,010,"OLIVE AVE","VALENTINE AVE",0.00,,Y,A,-,N,,,,,,,,,,N,3,0,1,2,A,-,17,24250,,N,D,C,A,A,H,-,D,A,0,,,Y,,Y,,C,03,0,1,0,0,0,0,0,0,1,"- ","- ",36.757320404052734,-119.85327911376953,FRESNO,UNINCORPORATED,-119.853271484375,36.757377624511719
91874340,2022,2022-09-27,9435,2022-09-16,1710,021402,,5,2,9,1000,0,1,3,,2,106,"SR-99 S/B","CENTRAL AVENUE",2640.00,N,N,A,-,Y,FRE,,99,,,16.389,H,,L,Y,3,0,2,3,A,-,03,22350,,N,C,C,A,A,H,-,A,D,0,,,,,Y,,D,22,0,1,1,0,0,0,0,0,0,"- ","- ",36.683300018310547,-119.74800872802734,FRESNO,UNINCORPORATED,-119.74802398681641,36.68328857421875
91874417,2022,2022-09-27,9435,2022-09-21,1815,021148,,3,2,7,1005,0,1,3,,2,410,"SR-41 N/B","SIERRA AVENUE",970.00,S,N,A,-,Y,FRE,,41,,R,29.773,H,,R,Y,3,0,1,2,A,-,03,22350,,N,C,C,A,A,H,-,A,D,0,,,Y,,Y,,C,02,0,1,0,0,0,0,0,0,1,"- ","- ",36.827468872070312,-119.784912109375,FRESNO,FRESNO,-119.78492736816406,36.827468872070312
91874532,2022,2022-09-27,9435,2022-09-22,0608,018609,,4,1,9,1000,0,3,5,,2,025,"MILLERTON ROAD","MARINA DRIVE",3696.00,W,N,A,-,N,,,,,,,,,,Y,3,0,1,1,A,-,08,22107,,N,E,I,A,A,H,-,A,D,0,,,,,Y,,A,01,0,1,0,0,0,0,0,0,0,"- ","- ",36.985481262207031,-119.67169952392578,FRESNO,UNINCORPORATED,-119.671875,36.98565673828125
91874903,2022,2022-09-27,9435,2022-09-27,0500,020429,,2,3,9,1000,0,3,5,,2,060,"STATE ROUTE 180","CHERRY GAP",8448.00,E,N,A,-,Y,FRE,,180,,,115.099,H,,R,Y,3,0,1,1,A,-,08,22107,,N,F,A,A,A,H,-,D,D,0,,,,,Y,,A,01,0,1,0,0,0,0,0,0,0,"- ","- ",36.798538208007812,-118.95223999023438,FRESNO,UNINCORPORATED,-118.95228576660156,36.798629760742188
91874987,2022,2022-09-27,9435,2022-09-20,1540,021312,,2,2,7,1005,0,1,3,,2,181,"STATE ROUTE 180 WESTBOUND","ABBY STREET",528.00,E,N,A,-,Y,FRE,,180,,R,58.077,H,,L,Y,3,0,1,1,A,-,08,22107,,N,E,I,A,A,H,-,A,D,0,,,,,Y,,A,01,0,1,0,0,0,0,0,0,0,"- ","- ",36.752838134765625,-119.78669738769531,FRESNO,FRESNO,-119.78672027587891,36.752906799316406
91875473,2022,2022-09-28,9435,2022-09-17,1917,021386,,6,2,9,1000,0,3,5,,2,015,"CALIFORNIA AVENUE","CHATEAU FRESNO AVENUE",0.00,,Y,A,-,N,,,,,,,,,,Y,3,0,3,3,A,-,09,21802,A,N,D,C,A,A,H,-,B,A,0,,,,,Y,,A,07,0,2,1,0,0,0,0,0,0,"- ","- ",36.720661163330078,-119.93437957763672,FRESNO,UNINCORPORATED,-119.93435668945312,36.720703125
91875500,2022,2022-09-28,9435,2022-09-26,0031,020064,,1,3,7,1005,0,1,3,,2,410,"STATE ROUTE 41 (SR-41) NORTHBOUND","HUNTINGTON BOULEVARD",83.00,N,N,A,-,Y,FRE,,41,,R,23.521,H,,R,Y,3,0,1,1,A,-,01,23152,A,N,E,I,A,A,H,-,D,D,0,,,,,Y,Y,A,07,0,1,0,0,0,0,0,0,0,"- ","- ",36.7398681640625,-119.77752685546875,FRESNO,FRESNO,-119.77748870849609,36.739871978759766
91875550,2022,2022-09-28,9435,2022-09-27,0545,020429,,2,3,9,1000,0,3,5,,2,060,"BUTTONWILLOW AVENUE","ADAMS AVENUE",0.00,,Y,A,-,N,,,,,,,,,,Y,3,0,2,2,A,-,12,22450,A,N,D,C,A,A,H,-,D,A,0,,,,,Y,,A,08,0,1,1,0,0,0,0,0,0,"- ","- ",36.633060455322266,-119.43077850341797,FRESNO,UNINCORPORATED,-119.43086242675781,36.633068084716797
91875563,2022,2022-09-28,9435,2022-09-19,1820,021386,,1,2,9,1000,0,3,5,,2,015,"JENSEN AVENUE","BRAWLEY AVENUE",0.00,,Y,B,C,N,,,,,,,,,,Y,2,0,4,2,A,-,09,21802,A,N,D,C,A,A,H,-,B,A,0,,,,,Y,,A,07,2,1,1,0,0,0,0,0,0,"- ","- ",36.706539154052734,-119.86241149902344,FRESNO,UNINCORPORATED,-119.86236572265625,36.706516265869141
91875651,2022,2022-09-28,9435,2022-09-26,1545,021386,,1,2,9,1000,0,3,5,,2,015,"CHESTNUT AVENUE","MALAGA AVENUE",5.00,N,N,A,-,N,,,,,,,,,,Y,4,0,1,2,A,-,03,22350,,N,C,C,A,A,H,-,A,D,0,,,,,Y,,A,01,0,0,1,0,0,0,0,0,0,"- ","- ",36.670738220214844,-119.73677062988281,FRESNO,UNINCORPORATED,-119.73677825927734,36.670692443847656
91875666,2022,2022-09-28,9435,2022-09-22,1005,015095,,4,1,7,1005,0,3,5,,2,010,"SR-41 N/B","GETTYSBURG AVENUE",1056.00,S,N,A,-,Y,FRE,,41,,R,27.753,H,,R,Y,3,0,1,2,A,-,03,22350,,N,C,C,A,A,H,-,A,D,0,,,,,Y,,D,22,0,1,0,0,0,0,0,0,0,"- ","- ",36.798168182373047,-119.78520202636719,FRESNO,FRESNO,-119.78519439697266,36.798168182373047
91875683,2022,2022-09-28,9435,2022-09-22,1640,020942,,4,2,9,1000,0,1,3,,1,412,"STATE ROUTE 41, SOUTHBOUND","FLORAL AVENUE",0.00,,Y,A,-,Y,FRE,,41,,R,12.101,H,,L,Y,2,0,2,2,A,-,09,21802,A,N,D,C,A,A,H,-,A,A,0,,,,,Y,,A,01,1,0,1,0,0,0,0,0,0,"- ","- ",36.576290130615234,-119.78623962402344,FRESNO,UNINCORPORATED,-119.78626251220703,36.576290130615234
91875699,2022,2022-09-28,9435,2022-09-25,2135,019263,,7,2,9,1000,0,3,5,,2,050,"MILLERTON ROAD","FERGUSON RD",200.00,E,N,A,-,N,,,,,,,,,,Y,4,0,2,1,A,-,03,22350,,N,E,I,A,A,H,-,A,D,0,,,,,Y,,A,01,0,0,2,0,0,0,0,0,0,"- ","- ",36.968788146972656,-119.59661865234375,FRESNO,UNINCORPORATED,-119.59656524658203,36.96881103515625
91875754,2022,2022-09-28,9435,2022-09-22,1755,018914,,4,2,9,1000,0,3,5,,2,025,"BELMONT AVENUE","DE WOLF AVENUE",0.00,,Y,A,-,N,,,,,,,,,,N,2,0,1,2,A,-,09,21801,A,N,D,G,A,A,H,-,A,D,0,,Y,,,Y,,A,01,1,0,0,0,0,0,1,0,0,"- ","- ",36.750221252441406,-119.64595031738281,FRESNO,UNINCORPORATED,-119.64591217041016,36.750267028808594
91876024,2022,2022-09-28,9435,2022-09-19,1220,014363,,1,1,9,1000,0,3,5,,2,040,"MANNING AVENUE","MCCALL AVENUE",0.00,,Y,B,-,N,,,,,,,,,,N,4,0,1,4,A,-,12,21453,A,N,D,C,A,A,H,-,A,A,0,,,,,Y,,D,22,0,0,1,0,0,0,0,0,0,"- ","- ",36.605251312255859,-119.61062622070312,FRESNO,UNINCORPORATED,-119.61071014404297,36.605232238769531
91876051,2022,2022-09-28,9435,2022-09-26,1705,020193,,1,2,9,1000,0,1,3,,1,430,"STATE ROUTE 43","CLARKSON AVENUE",0.00,,Y,A,-,Y,FRE,,43,,,4.368,H,,R,N,2,0,2,2,A,-,12,22450,A,N,D,C,A,A,H,-,A,A,0,,,,,Y,,A,01,1,0,1,0,0,0,0,0,0,"- ","- ",36.504058837890625,-119.62909698486328,FRESNO,UNINCORPORATED,-119.62906646728516,36.504058837890625
91876446,2022,2022-09-29,9435,2022-09-28,1845,020193,,3,2,9,1000,0,1,3,,1,412,"STATE ROUTE 41","MOUNTAIN VIEW AVENUE",0.00,,Y,A,-,Y,FRE,,41,,R,10.117,H,,L,N,4,0,1,2,A,-,12,21453,A,N,D,C,A,A,H,-,B,A,0,,,Y,,Y,,C,03,0,0,1,0,0,0,0,0,1,"- ","- ",36.547481536865234,-119.78650665283203,FRESNO,UNINCORPORATED,-119.78631591796875,36.547481536865234
91876481,2022,2022-09-29,9435,2022-09-24,1525,021386,,6,2,9,1000,0,3,5,,2,034,"CHESTNUT AVENUE SOUTHBOUND","CENTRAL AVENUE",75.00,N,N,A,-,N,,,,,,,,,,Y,4,0,1,2,A,-,03,22350,,N,C,C,A,A,H,-,A,A,0,,,,,Y,,D,22,0,0,1,0,0,0,0,0,0,"- ","- ",36.678199768066406,-119.73679351806641,FRESNO,UNINCORPORATED,-119.73681640625,36.678115844726562
91876489,2022,2022-09-29,9435,2022-09-24,1930,021312,,6,2,9,1000,0,1,3,,2,106,"SR-99 S/B","AMERICAN AVENUE",1954.00,N,N,A,-,Y,FRE,,99,,,14.870,H,,L,Y,3,0,1,1,A,-,08,22107,,N,E,I,A,A,H,-,D,D,0,,,,,Y,,A,01,0,1,0,0,0,0,0,0,0,"- ","- ",36.667331695556641,-119.72933959960938,FRESNO,UNINCORPORATED,-119.72926330566406,36.667385101318359
91876501,2022,2022-09-29,9435,2022-09-27,1555,021148,,2,2,7,1005,0,1,3,,2,182,"SR-180 EASTBOUND","PEACH AVENUE",0.00,,Y,A,-,Y,FRE,,180,,R,61.858,H,,R,N,3,0,1,1,A,-,03,22350,,N,F,A,A,A,H,-,A,D,0,,,Y,,Y,,C,02,0,1,0,0,0,0,0,0,1,"- ","- ",36.753238677978516,-119.71898651123047,FRESNO,FRESNO,-119.71898651123047,36.75323486328125
91876541,2022,2022-09-29,9435,2022-09-24,1658,021312,,6,2,9,1000,0,1,3,,2,181,"SR-180 W/B","G STREET",180.00,E,N,A,-,Y,FRE,,180,,R,56.729,H,,L,Y,3,0,4,3,A,-,07,21658,A,N,C,C,A,A,H,-,A,D,0,,,,,Y,,A,01,0,3,1,0,0,0,0,0,0,"- ","- ",36.744449615478516,-119.80857086181641,FRESNO,UNINCORPORATED,-119.80854034423828,36.744415283203125
91876548,2022,2022-09-29,9435,2022-09-26,0140,017518,,1,3,7,1005,0,1,3,,2,182,"STATE ROUTE 180 W/B TO CEDAR AVENUE","MAPLE AVENUE",690.00,W,N,A,-,Y,,,,,,,,,,Y,3,0,1,1,A,-,01,23152,A,M,E,I,A,A,H,-,C,D,0,,,,,Y,Y,A,01,0,1,0,0,0,0,0,0,0,"- ","- ",36.755588531494141,-119.74787139892578,FRESNO,FRESNO,-119.74787139892578,36.755588531494141
91876563,2022,2022-09-29,9435,2022-09-23,1155,015986,,5,1,7,1005,0,1,3,,2,105,SR99,"GOLDEN STATE BLVD",354.00,S,N,A,-,Y,FRE,,99,,R,25.858,H,,R,Y,2,0,2,2,A,-,03,22350,,N,C,C,A,A,H,-,A,D,0,,,,,Y,,D,22,1,1,0,0,0,0,0,0,0,"- ","- ",36.787849426269531,-119.85559844970703,FRESNO,FRESNO,-119.85559844970703,36.787853240966797
91876618,2022,2022-09-29,9435,2022-09-25,1953,021153,,7,2,7,1005,0,1,3,,2,181,"STATE ROUTE 180 (WESTBOUND)","BLACKSTONE AVENUE",1426.00,E,N,A,-,Y,FRE,,180,,R,58.214,H,,R,Y,2,0,1,1,A,-,03,22350,,N,E,I,A,A,H,-,D,D,0,,,,,Y,,A,01,1,0,0,0,0,0,0,0,0,"- ","- ",36.753261566162109,-119.78437042236328,FRESNO,FRESNO,-119.78432464599609,36.753089904785156
91877081,2022,2022-09-29,9435,2022-09-22,0850,020540,,4,1,9,1000,0,3,5,,2,060,"PARLIER AVENUE","ENGLEHART AVENUE",0.00,,Y,D,-,N,,,,,,,,,,Y,2,0,3,2,A,-,01,23152,F,F,F,C,A,A,H,-,A,A,0,,,,,Y,,A,01,1,2,0,0,0,0,0,0,0,"- ","- ",36.611278533935547,-119.41297149658203,FRESNO,UNINCORPORATED,-119.41304779052734,36.611278533935547
91877156,2022,2022-09-29,9435,2022-09-23,0730,019603,,5,1,9,1000,0,3,5,,2,040,"STATE ROUTE 180","DICKESON AVENUE",925.00,E,N,A,-,Y,FRE,,180,,,47.831,H,,R,Y,4,0,1,3,A,-,03,22350,,N,C,C,A,A,H,-,A,D,0,,,,,Y,,A,07,0,0,1,0,0,0,0,0,0,"- ","- ",36.735069274902344,-119.96669769287109,FRESNO,UNINCORPORATED,-119.96669769287109,36.735042572021484
91878789,2022,2022-09-30,9435,2022-09-24,1625,021402,,6,2,9,1000,0,1,3,,2,181,"SR-180 W/B","BROADWAY STREET",125.00,W,N,A,-,Y,FRE,,180,,R,57.050,H,,L,Y,4,0,1,3,A,-,03,22350,,N,C,C,A,A,H,-,A,D,0,,,,,Y,,-,"- ",0,0,1,0,0,0,0,0,0,"- ","- ",36.74713134765625,-119.80354309082031,FRESNO,UNINCORPORATED,-119.80350494384766,36.747085571289062
91878855,2022,2022-09-30,9435,2022-09-26,0741,020019,,1,1,2,1004,0,1,3,,2,106,"STATE ROUTE 99 NORTHBOUND","MERCED STREET",528.00,N,N,A,-,Y,FRE,,99,,,11.455,H,,R,N,4,0,1,2,A,-,03,22350,,N,C,C,A,A,H,-,A,D,0,,,,,Y,,D,22,0,0,1,0,0,0,0,0,0,"- ","- ",36.630321502685547,-119.68834686279297,FRESNO,FOWLER,-119.68833160400391,36.630329132080078
91878874,2022,2022-09-30,9435,2022-09-26,0750,020429,,1,1,9,1000,0,3,5,,2,060,"MANNING AVENUE","ANCHOR AVENUE",0.00,,Y,A,-,N,,,,,,,,,,Y,3,0,2,2,A,-,09,21802,A,N,D,C,A,A,H,-,A,D,0,,,,,Y,,A,01,0,2,0,0,0,0,0,0,0,"- ","- ",36.602951049804688,-119.32276153564453,FRESNO,UNINCORPORATED,-119.32276916503906,36.602928161621094
91878891,2022,2022-09-30,9435,2022-09-26,0755,019926,,1,1,9,1000,0,3,5,,2,034,"MANNING AVE W/B","MCCALL AVE",350.00,E,N,A,-,N,,,,,,,,,,N,3,0,2,2,A,-,03,22350,,N,C,C,A,A,H,-,A,A,0,,,,,Y,,A,01,0,2,0,0,0,0,0,0,0,"- ","- ",36.605358123779297,-119.60935974121094,FRESNO,UNINCORPORATED,-119.60951995849609,36.605228424072266
91880294,2022,2022-10-03,9435,2022-07-30,1015,016911,,6,1,9,1000,0,3,5,,2,050,"MCKINLEY GROVE ROAD","WISHON VILLAGE RV PARK",2112.00,W,N,A,-,N,,,,,,,,,,N,1,1,0,2,A,-,07,21658,A,N,A,G,A,A,H,-,A,D,0,,Y,,,Y,,M,91,0,0,0,0,0,1,0,0,0,"- ","- ",37.009708404541016,-118.99327087402344,FRESNO,UNINCORPORATED,-118.99313354492188,37.009647369384766