CASE_ID,ACCIDENT_YEAR,PROC_DATE,JURIS,COLLISION_DATE,COLLISION_TIME,OFFICER_ID,REPORTING_DISTRICT,DAY_OF_WEEK,CHP_SHIFT,POPULATION,CNTY_CITY_LOC,SPECIAL_COND,BEAT_TYPE,CHP_BEAT_TYPE,CITY_DIVISION_LAPD,CHP_BEAT_CLASS,BEAT_NUMBER,PRIMARY_RD,SECONDARY_RD,DISTANCE,DIRECTION,INTERSECTION,WEATHER_1,WEATHER_2,STATE_HWY_IND,CALTRANS_COUNTY,CALTRANS_DISTRICT,STATE_ROUTE,ROUTE_SUFFIX,POSTMILE_PREFIX,POSTMILE,LOCATION_TYPE,RAMP_INTERSECTION,SIDE_OF_HWY,TOW_AWAY,COLLISION_SEVERITY,NUMBER_KILLED,NUMBER_INJURED,PARTY_COUNT,PRIMARY_COLL_FACTOR,PCF_CODE_OF_VIOL,PCF_VIOL_CATEGORY,PCF_VIOLATION,PCF_VIOL_SUBSECTION,HIT_AND_RUN,TYPE_OF_COLLISION,MVIW,PED_ACTION,ROAD_SURFACE,ROAD_COND_1,ROAD_COND_2,LIGHTING,CONTROL_DEVICE,CHP_ROAD_TYPE,PEDESTRIAN_ACCIDENT,BICYCLE_ACCIDENT,MOTORCYCLE_ACCIDENT,TRUCK_ACCIDENT,NOT_PRIVATE_PROPERTY,ALCOHOL_INVOLVED,STWD_VEHTYPE_AT_FAULT,CHP_VEHTYPE_AT_FAULT,COUNT_SEVERE_INJ,COUNT_VISIBLE_INJ,COUNT_COMPLAINT_PAIN,COUNT_PED_KILLED,COUNT_PED_INJURED,COUNT_BICYCLIST_KILLED,COUNT_BICYCLIST_INJURED,COUNT_MC_KILLED,COUNT_MC_INJURED,PRIMARY_RAMP,SECONDARY_RAMP,LATITUDE,LONGITUDE,COUNTY,CITY,POINT_X,POINT_Y
91905329,2022,2022-10-31,9435,2022-10-21,2105,020854,,5,2,9,1000,0,3,5,,2,020,"JAMESON AVENUE","SWANSON AVENUE",3168.00,N,N,A,-,N,,,,,,,,,,Y,3,0,1,1,A,-,01,23152,A,N,E,I,A,A,H,-,D,D,0,,,,,Y,Y,A,01,0,1,0,0,0,0,0,0,0,"- ","- ",36.504451751708984,-119.98988342285156,FRESNO,UNINCORPORATED,-119.98975372314453,36.503925323486328
91905582,2022,2022-10-31,9435,2022-10-22,1350,021402,,6,1,9,1000,0,3,5,,2,015,"BUTTE AVENUE","CENTRAL AVENUE",0.00,,Y,A,-,N,,,,,,,,,,N,4,0,4,2,A,-,05,21460,C,N,D,C,A,A,H,-,A,D,0,,,,,Y,,A,07,0,0,4,0,0,0,0,0,0,"- ","- ",36.676239013671875,-120.15142822265625,FRESNO,UNINCORPORATED,-120.15135955810547,36.676250457763672
91905662,2022,2022-10-31,9435,2022-10-22,2225,016911,,6,3,9,1000,0,3,5,,2,060,"CRAWFORD AVE","HUNTSMAN AVE",0.00,,Y,A,-,N,,,,,,,,,,N,3,0,1,2,A,-,09,21801,A,N,A,C,A,A,H,-,D,D,0,,,,,Y,Y,A,01,0,1,0,0,0,0,0,0,0,"- ","- ",36.581951141357422,-119.37698364257812,FRESNO,UNINCORPORATED,-119.37693786621094,36.581932067871094
91905666,2022,2022-10-31,9435,2022-10-23,1440,021148,,7,2,7,1005,0,3,5,,2,025,"TRIMMER SPRINGS RD","PIEDRA RD",10560.00,S,N,A,-,N,,,,,,,,,,Y,3,0,1,1,A,-,03,22350,,N,E,I,A,A,H,-,A,D,0,,,Y,,Y,,C,02,0,1,0,0,0,0,0,0,1,"- ","- ",36.801010131835938,-119.39997863769531,FRESNO,FRESNO,-119.40021514892578,36.800765991210938
91905821,2022,2022-10-31,9435,2022-10-23,1705,016507,,7,2,9,1000,0,3,5,,2,060,"REED AVE","PETER AVE",0.00,,Y,A,-,N,,,,,,,,,,Y,3,0,6,2,A,-,09,21802,A,N,D,C,A,A,H,-,A,A,0,,,,,Y,,A,01,0,1,5,0,0,0,0,0,0,"- ","- ",36.636859893798828,-119.45771026611328,FRESNO,UNINCORPORATED,-119.45767974853516,36.636966705322266
91906599,2022,2022-11-01,9435,2022-10-25,2110,021687,,2,2,9,1000,0,1,3,,1,168,"SR-168 EASTBOUND","OWENS MOUNTAIN PARKWAY",20.00,W,N,A,-,Y,FRE,,168,,R,11.813,H,,R,N,4,0,1,1,C,-,18,,,N,E,A,A,A,H,-,D,D,0,,,,,Y,,-,"- ",0,0,1,0,0,0,0,0,0,"- ","- ",36.8648681640625,-119.62496185302734,FRESNO,UNINCORPORATED,-119.62506103515625,36.864990234375
91906611,2022,2022-11-01,9435,2022-10-24,1655,021153,,1,2,9,1000,0,3,5,,2,034,"CHESTNUT AVENUE","MUSCAT AVENUE",0.00,,Y,A,-,N,,,,,,,,,,N,4,0,2,2,A,-,09,21802,A,N,D,C,A,A,H,-,A,A,0,,,,,Y,,A,07,0,0,2,0,0,0,0,0,0,"- ","- ",36.685260772705078,-119.73664855957031,FRESNO,UNINCORPORATED,-119.73677825927734,36.685222625732422
91906623,2022,2022-11-01,9435,2022-10-26,0937,020019,,3,1,9,1000,0,3,5,,2,030,"WATTS VALLEY ROAD","PITTMAN HILL ROAD",14256.00,W,N,A,-,N,,,,,,,,,,Y,3,0,1,1,A,-,03,22350,,N,F,A,A,A,H,-,A,D,0,,,Y,,Y,,C,02,0,1,0,0,0,0,0,0,1,"- ","- ",36.854648590087891,-119.46755981445312,FRESNO,UNINCORPORATED,-119.46179962158203,36.893051147460938
91906672,2022,2022-11-01,9435,2022-10-22,2000,021031,,6,2,9,1000,0,3,5,,2,040,"CHERRY AVENUE","NEBRASKA AVENUE",0.00,,Y,A,-,N,,,,,,,,,,Y,3,0,2,2,A,-,09,21802,A,N,D,C,A,A,H,-,A,A,0,,,,,Y,,D,22,0,1,1,0,0,0,0,0,0,"- ","- ",36.561878204345703,-119.78195953369141,FRESNO,UNINCORPORATED,-119.78189849853516,36.561832427978516
91906768,2022,2022-11-01,9435,2022-10-26,1530,021135,,3,2,2,1003,0,1,3,,2,410,"STATE ROUTE 41","GETTYSBURG AVE",590.00,S,N,A,-,Y,FRE,,41,,R,27.879,H,,R,N,4,0,1,2,A,-,03,22350,,N,C,C,A,A,H,-,A,D,0,,,,,Y,,A,01,0,0,1,0,0,0,0,0,0,"- ","- ",36.799991607666016,-119.78514862060547,FRESNO,FIREBAUGH,-119.78517913818359,36.799991607666016
91906869,2022,2022-11-01,9435,2022-10-24,1405,021178,,1,2,9,1000,0,3,5,,2,034,"LINCOLN AVE","TEMPERANCE AVE",0.00,,Y,A,-,N,,,,,,,,,,Y,4,0,1,3,A,-,09,21802,A,N,D,C,A,A,H,-,A,A,0,,,,,Y,,A,08,0,0,1,0,0,0,0,0,0,"- ","- ",36.649009704589844,-119.66417694091797,FRESNO,UNINCORPORATED,-119.66407012939453,36.817417144775391
91906922,2022,2022-11-01,9435,2022-07-02,0350,021357,,6,3,9,1000,0,3,5,,2,015,"JENSEN AVENUE","MARKS AVENUE",0.00,,Y,D,-,N,,,,,,,,,,Y,1,1,2,2,A,-,01,23152,A,N,D,C,A,A,H,-,D,A,0,,,,,Y,Y,A,01,1,0,1,0,0,0,0,0,0,"- ","- ",36.706661224365234,-119.84446716308594,FRESNO,UNINCORPORATED,-119.84449768066406,36.706626892089844
91907025,2022,2022-11-01,9435,2022-10-28,2155,019523,,5,2,9,1000,0,3,5,,2,015,"SPRINGFIELD AVENUE","CLAREMONT AVENUE",670.00,W,N,A,-,N,,,,,,,,,,Y,3,0,1,1,A,-,01,23152,A,N,E,I,A,A,H,-,D,D,0,,,,,Y,Y,A,01,0,1,0,0,0,0,0,0,0,"- ","- ",36.598171234130859,-119.69152069091797,FRESNO,UNINCORPORATED,-119.69142913818359,36.598194122314453
91907330,2022,2022-11-02,9435,2022-10-22,1018,020586,,6,1,9,1000,0,1,3,,1,411,"STATE ROUTE 41 SOUTHBOUND (SR-41)","ADAMS AVENUE",15.00,N,N,B,-,Y,FRE,,41,,R,16.112,H,,L,N,3,0,3,2,A,-,01,23152,A,N,C,C,A,A,H,-,A,A,0,,,,,Y,Y,A,01,0,1,2,0,0,0,0,0,0,"- ","- ",36.634429931640625,-119.78617095947266,FRESNO,UNINCORPORATED,-119.78616333007812,36.634429931640625
91907350,2022,2022-11-02,9435,2022-10-22,1830,021402,,6,2,9,1000,0,3,5,,2,015,"CENTRAL AVENUE","FIG AVENUE",80.00,E,N,A,-,N,,,,,,,,,,N,2,0,1,2,A,-,05,21202,A,F,C,G,A,A,H,-,D,D,0,,Y,,,Y,,L,04,1,0,0,0,0,0,1,0,0,"- ","- ",36.677860260009766,-119.79947662353516,FRESNO,UNINCORPORATED,-119.79954528808594,36.677841186523438
91907492,2022,2022-11-02,9435,2022-10-27,0945,017310,,4,1,9,1000,0,3,5,,2,025,"FRIANT ROAD","FRIANT FRONTAGE ROAD",1584.00,S,N,A,-,N,,,,,,,,,,N,3,0,1,1,A,-,08,22107,,N,F,A,A,A,H,-,A,D,0,,,,Y,Y,,F,27,0,1,0,0,0,0,0,0,0,"- ","- ",36.962669372558594,-119.72840118408203,FRESNO,UNINCORPORATED,-119.72812652587891,36.961997985839844
91907589,2022,2022-11-02,9435,2022-10-28,1547,018609,,5,2,9,1000,0,1,3,,1,169,"STATE ROUTE 168","DINKEY CREEK ROAD",130.00,S,N,A,-,Y,FRE,,168,,,44.972,H,,R,Y,4,0,1,1,A,-,08,22107,,M,E,I,A,A,H,-,A,D,0,,,,,Y,,D,22,0,0,1,0,0,0,0,0,0,"- ","- ",37.101119995117188,-119.31826782226562,FRESNO,UNINCORPORATED,-119.31821441650391,37.101131439208984
91907676,2022,2022-11-02,9435,2022-08-16,1310,020095,,2,1,9,1000,0,3,5,,2,034,"MANNING AVE","LAC JAC AVE",710.00,E,N,A,-,Y,,,,,,,,,,Y,2,0,1,2,A,-,03,22350,,F,E,I,A,A,H,-,A,A,0,,,Y,,Y,,C,02,1,0,0,0,0,0,0,0,1,"- ","- ",36.604358673095703,-119.48188781738281,FRESNO,UNINCORPORATED,-119.48207092285156,36.604377746582031
91907727,2022,2022-11-02,9435,2022-10-21,1755,021544,,5,2,9,1000,0,3,5,,2,015,"KEARNEY BLVD","WESTLAWN AVE",0.00,,Y,A,-,N,,,,,,,,,,Y,4,0,1,2,A,-,05,21752,D,N,D,C,A,A,H,-,A,D,0,,,,,Y,,D,22,0,0,1,0,0,0,0,0,0,"- ","- ",36.727828979492188,-119.95189666748047,FRESNO,UNINCORPORATED,-119.95186614990234,36.727848052978516
91907784,2022,2022-11-02,9435,2022-09-29,2120,020854,,4,2,9,1000,0,3,5,,2,040,"RIVERDALE AVENUE","DE WOLF AVENUE",2640.00,W,N,A,-,N,,,,,,,,,,N,4,0,1,1,A,-,03,22350,,N,F,A,A,A,H,-,D,D,0,,,Y,,Y,,C,02,0,0,1,0,0,0,0,0,1,"- ","- ",36.437999725341797,-119.66361236572266,FRESNO,UNINCORPORATED,-119.66363525390625,36.437961578369141
91908450,2022,2022-11-03,9435,2022-10-28,1405,021119,,5,2,9,1000,0,1,3,,1,430,"STATE ROUTE 43","CONEJO AVENUE",0.00,,Y,A,-,N,,,,,,,,,,Y,4,0,1,2,A,-,12,21453,A,N,D,C,A,A,H,-,A,A,0,,,,,Y,,A,07,0,0,1,0,0,0,0,0,0,"- ","- ",36.518131256103516,-119.62899017333984,FRESNO,UNINCORPORATED,-119.62898254394531,36.518146514892578
91908494,2022,2022-11-03,9435,2022-10-25,1005,014363,,2,1,9,1000,0,3,5,,2,034,"CALVIN AENUE","CHESTNUT AVENUE",0.00,,Y,A,-,N,,,,,,,,,,Y,2,0,2,2,A,-,09,21802,B,N,D,C,A,A,H,-,A,A,0,,,,,Y,,A,01,1,0,1,0,0,0,0,0,0,"- ","- ",36.685260772705078,-119.73665618896484,FRESNO,UNINCORPORATED,,
91908883,2022,2022-11-03,9435,2022-01-27,0157,021544,,4,3,7,1005,0,1,3,,2,106,"STATE ROUTE 99 NORTHBOUND","ORANGE AVENUE",600.00,S,N,A,-,Y,FRE,,99,,,17.533,H,,R,Y,1,1,0,1,A,-,01,23152,A,N,E,I,A,A,H,-,C,D,0,,,,,Y,Y,D,22,0,0,0,0,0,0,0,0,0,"- ","- ",36.695400238037109,-119.76220703125,FRESNO,FRESNO,-119.76223754882812,36.69537353515625
91908891,2022,2022-11-03,9435,2022-08-26,1725,021148,,5,2,9,1000,0,3,5,,2,010,"LINCOLN AVENUE","BLYTHE AVENUE",893.00,W,N,A,-,N,,,,,,,,,,Y,1,1,0,1,A,-,08,22107,,N,F,A,A,A,H,-,A,D,0,,,,,Y,,D,22,0,0,0,0,0,0,0,0,0,"- ","- ",36.648448944091797,-119.87464141845703,FRESNO,UNINCORPORATED,-119.87454986572266,36.648452758789062
91908900,2021,2022-11-03,9435,2021-10-14,1533,021544,,4,2,9,1000,0,3,5,,2,040,"MOUNT WHITNEY AVENUE","CEDAR STREET",0.00,,Y,A,-,N,,,,,,,,,,Y,1,1,0,2,A,-,03,22350,,N,D,C,A,A,H,-,A,D,0,,,,Y,Y,,A,01,0,0,0,0,0,0,0,0,0,"- ","- ",36.431049346923828,-119.76251220703125,FRESNO,UNINCORPORATED,-119.762451171875,36.431026458740234
91908964,2022,2022-12-01,9435,2022-10-31,0620,020062,,1,1,2,1004,0,1,3,,2,106,"SR99 SOUTHBOUND TO MERCED STREET","MERCED STREET",528.00,N,N,A,-,Y,FRE,,99,,,11.403,H,,L,N,4,0,2,3,A,-,03,22350,,M,C,C,A,A,H,-,D,D,0,,,,,Y,,-,99,0,0,2,0,0,0,0,0,0,"- ","- ",36.629638671875,-119.68805694580078,FRESNO,FOWLER,-119.68800354003906,36.629680633544922
91908994,2022,2022-11-03,9435,2022-10-29,1652,020887,,6,2,9,1000,0,1,3,,1,168,SR-168,"SHEPHERD AVE",150.00,E,N,A,-,Y,FRE,,168,,,14.792,H,,R,N,4,0,2,2,A,-,03,22350,,N,C,C,A,A,H,-,A,D,0,,,,,Y,,D,22,0,0,2,0,0,0,0,0,0,"- ","- ",36.868091583251953,-119.56448364257812,FRESNO,UNINCORPORATED,-119.56447601318359,36.868083953857422
91909168,2022,2022-11-03,9435,2022-10-22,1435,021544,,6,2,9,1000,0,3,5,,2,010,"4TH ST","F AVE",0.00,,Y,A,-,N,,,,,,,,,,Y,4,0,2,2,A,-,09,21800,A,N,D,C,A,A,H,-,A,D,0,,,,,Y,,A,01,0,0,2,0,0,0,0,0,0,"- ","- ",36.80303955078125,-120.01979827880859,FRESNO,UNINCORPORATED,-120.01975250244141,36.803043365478516
91909184,2022,2022-11-03,9435,2022-11-03,0000,020680,,4,3,9,1000,0,1,3,,2,105,"SR-99 N/B","OLIVE AVE",120.00,N,N,B,-,Y,FRE,,99,,,23.340,H,,R,Y,4,0,1,1,A,-,08,22107,,N,E,I,A,A,H,-,D,D,0,,,,,Y,,A,07,0,0,1,0,0,0,0,0,0,"- ","- ",36.757881164550781,-119.83004760742188,FRESNO,UNINCORPORATED,-119.82994079589844,36.757926940917969
91909198,2022,2022-11-03,9435,2022-10-22,2045,021031,,6,2,9,1000,0,3,5,,2,040,"CLARKSON AVENUE","BETHEL AVENUE",2640.00,E,N,A,-,N,,,,,,,,,,Y,3,0,1,1,A,-,08,22107,,M,E,I,A,A,H,-,D,D,0,,,,,Y,,A,01,0,1,0,0,0,0,0,0,0,"- ","- ",36,-119,FRESNO,UNINCORPORATED,-119.566162109375,36.503410339355469
91909204,2022,2022-11-03,9435,2022-10-26,0532,015890,,3,3,9,1000,0,3,5,,2,015,"CORNELIA AVE","KEARNEY BLVD",0.00,,Y,A,-,N,,,,,,,,,,Y,3,0,1,2,A,-,12,22450,A,N,D,C,A,A,H,-,D,A,0,,,,Y,Y,,G,25,0,1,0,0,0,0,0,0,0,"- ","- ",36.7281494140625,-119.88070678710938,FRESNO,UNINCORPORATED,-119.88066101074219,36.727981567382812
91909749,2022,2022-11-04,9435,2022-10-25,1930,019926,,2,2,7,1005,0,1,3,,2,105,"SR-99 N/B","MCKINLEY AVE",150.00,S,N,A,-,Y,FRE,,99,,,23.823,H,,R,N,4,0,2,4,A,-,07,21658,A,N,B,C,A,A,H,-,D,D,0,,,,,Y,,I,10,0,0,2,0,0,0,0,0,0,"- ","- ",36.764251708984375,-119.83374786376953,FRESNO,FRESNO,-119.83378601074219,36.764236450195312
91909786,2022,2022-11-04,9435,2022-10-28,1500,021153,,5,2,9,1000,0,3,5,,2,010,"ASHLAN AVENUE","VAN NESS BOULEVARD",0.00,,Y,A,-,N,,,,,,,,,,N,4,0,1,2,A,-,03,22350,,N,C,C,A,A,H,-,A,D,0,,,,,Y,,A,01,0,0,1,0,0,0,0,0,0,"- ","- ",36.793941497802734,-119.80403900146484,FRESNO,UNINCORPORATED,-119.80405426025391,36.793952941894531
91909845,2022,2022-11-04,9435,2022-10-28,1920,020592,,5,2,9,1000,0,3,5,,2,010,"BIOLA AVENUE","B STREET",40.00,N,N,A,-,N,,,,,,,,,,N,4,0,1,3,A,-,08,22107,,N,G,B,E,A,H,-,D,D,0,Y,,,,Y,,A,01,0,0,1,0,1,0,0,0,0,"- ","- ",36.806369781494141,-120.01660919189453,FRESNO,UNINCORPORATED,-120.01654052734375,36.806320190429688
91910150,2022,2022-11-04,9435,2022-10-30,1151,020122,,7,1,9,1000,0,3,5,,2,025,"MILLERTON ROAD","WINCHELL COVE ROAD",820.00,W,N,A,-,N,,,,,,,,,,Y,2,0,4,2,A,-,08,22107,,N,D,C,A,A,H,-,A,D,0,,,,,Y,,A,01,1,1,2,0,0,0,0,0,0,"- ","- ",36.984348297119141,-119.66249084472656,FRESNO,UNINCORPORATED,-119.66236114501953,36.984310150146484
91911044,2022,2022-11-07,9435,2022-10-28,2120,021165,,5,2,9,1000,0,3,5,,2,010,"HERNDON AVENUE","STATE ROUTE 99",170.00,W,N,A,-,N,,,,,,,,,,N,4,0,2,2,A,-,08,22107,,N,D,C,A,A,H,-,D,D,0,,,,,Y,,A,01,0,0,2,0,0,0,0,0,0,"- ","- ",36.831890106201172,-119.91806030273438,FRESNO,UNINCORPORATED,-119.91804504394531,36.831890106201172
91911078,2022,2022-11-07,9435,2022-10-30,0030,021299,,7,3,9,1000,0,3,5,,2,060,"HILLS VALLEY ROAD","AMERICAN AVENUE",270.00,N,N,A,-,N,,,,,,,,,,Y,3,0,1,1,C,-,18,,,N,H,H,A,A,H,-,D,D,0,,,,,Y,,-,"- ",0,1,0,0,0,0,0,0,0,"- ","- ",36.661449432373047,-119.30458068847656,FRESNO,UNINCORPORATED,-119.30465698242188,36.661350250244141
91911157,2022,2022-11-07,9435,2022-04-26,0313,021491,,2,3,7,1005,0,1,3,,2,106,"STATE ROUTE 99 NORTHBOUND","BNSF RAILROAD OVERCROSSING NORTH OF ORANGE AVENUE",92.00,S,N,A,-,Y,FRE,,99,,,17.755,H,,R,Y,1,1,4,6,A,-,03,22350,,N,C,C,E,A,H,-,D,D,0,Y,,,,Y,,A,07,0,3,1,1,0,0,0,0,0,"- ","- ",36.697669982910156,-119.76490783691406,FRESNO,FRESNO,-119.76487731933594,36.69769287109375
91911168,2022,2022-11-07,9435,2022-06-23,1110,020095,,4,1,9,1000,0,3,5,,2,040,"BETHEL AVENUE","CLARKSON AVENUE",0.00,,Y,A,-,N,,,,,,,,,,Y,1,1,1,2,A,-,12,22450,A,M,D,C,A,A,H,-,A,A,0,,,,,Y,,A,01,0,0,1,0,0,0,0,0,0,"- ","- ",36.503459930419922,-119.57514953613281,FRESNO,UNINCORPORATED,-119.57514190673828,36.503452301025391
91911285,2022,2022-11-07,9435,2022-10-29,1650,020887,,6,2,9,1000,0,1,3,,1,168,SR-168,"SHEPHERD AVE",0.00,,Y,A,-,Y,FRE,,168,,R,11.844,H,,R,N,3,0,3,2,A,-,09,21802,A,N,D,C,A,A,H,-,A,A,0,,,,,Y,,D,22,0,1,2,0,0,0,0,0,0,"- ","- ",36.865200042724609,-119.62457275390625,FRESNO,UNINCORPORATED,-119.62459564208984,36.865238189697266
91911330,2022,2022-11-07,9435,2022-10-26,0650,020095,,3,1,9,1000,0,1,3,,1,412,"SR-41 N/B","ELKHORN AVE",750.00,S,N,A,-,Y,FRE,,41,,M,5.927,H,,R,N,4,0,1,4,A,-,03,22350,,M,C,C,A,A,H,-,B,A,0,,,,,Y,,D,22,0,0,1,0,0,0,0,0,0,"- ","- ",36.487308502197266,-119.79051971435547,FRESNO,UNINCORPORATED,-119.79055786132812,36.487323760986328
91911664,2022,2022-11-07,9435,2022-10-26,0125,021594,,3,3,9,1000,0,1,3,,2,107,"SR-99 S/B","MOUNTAIN VIEW AVENUE",1320.00,N,N,A,-,Y,FRE,,99,,R,3.998,H,,L,Y,4,0,2,2,A,-,01,23152,A,N,C,C,A,A,H,-,C,D,0,,,,,Y,,A,07,0,0,2,0,0,0,0,0,0,"- ","- ",36.549671173095703,-119.59953308105469,FRESNO,UNINCORPORATED,-119.59947204589844,36.549713134765625
91911721,2022,2022-11-07,9435,2022-10-29,1920,016507,,6,2,9,1000,0,3,5,,2,060,"ENGLEHART AVE","DINUBA AVE",0.00,,Y,A,-,N,,,,,,,,,,Y,3,0,3,2,A,-,12,22450,A,N,D,C,A,A,H,-,D,A,0,,,,,Y,,A,01,0,1,2,0,0,0,0,0,0,"- ","- ",36.589550018310547,-119.41297912597656,FRESNO,UNINCORPORATED,-119.41306304931641,36.589561462402344
91911806,2022,2022-11-07,9435,2022-10-31,1110,020019,,1,1,7,1005,0,1,3,,1,168,"STATE ROUTE 168 EB FROM EB SHAW AVENUE","SHAW AVENUE",128.00,S,N,B,-,Y,,,,,,,,,,Y,3,0,1,1,A,-,08,22107,,N,E,I,A,A,H,-,A,D,0,,,,,Y,,A,01,0,1,0,0,0,0,0,0,0,"- ","- ",36.808078765869141,-119.73483276367188,FRESNO,FRESNO,-119.73483276367188,36.808078765869141
91912334,2022,2022-11-08,9435,2022-11-01,0740,019926,,2,1,7,1005,0,1,3,,2,106,"SR-99 N/B","CHURCH AVE",20.00,N,N,A,-,Y,FRE,,99,,,19.219,H,,R,N,4,0,2,4,A,-,03,22350,,N,C,C,A,A,H,-,A,D,0,,,,,Y,,A,07,0,0,2,0,0,0,0,0,0,"- ","- ",36.714370727539062,-119.78124237060547,FRESNO,FRESNO,-119.78124237060547,36.714366912841797
91912460,2022,2022-11-08,9435,2022-11-01,2115,021315,,2,2,9,1000,0,3,5,,2,030,"JACKSON AVENUE","NORMAL AVENUE",0.00,,Y,B,-,N,,,,,,,,,,N,4,0,2,2,A,-,08,22107,,M,B,C,A,B,H,-,D,A,0,,,,,Y,,-,99,0,0,2,0,0,0,0,0,0,"- ","- ",36.767471313476562,-119.74786376953125,FRESNO,UNINCORPORATED,-119.74790954589844,36.7674560546875
91912605,2022,2022-11-08,9435,2022-10-31,2140,018944,,1,2,9,1000,0,3,5,,2,010,"HERNDON AVENUE","ROLINDA AVENE",1109.00,E,N,A,-,N,,,,,,,,,,Y,3,0,2,1,A,-,01,23152,A,N,E,I,A,B,H,-,D,D,0,,,,,Y,Y,A,01,0,2,0,0,0,0,0,0,0,"- ","- ",36.83251953125,-119.95755004882812,FRESNO,UNINCORPORATED,-119.9576416015625,36.832569122314453
91912665,2022,2023-09-25,9461,2022-10-24,1635,021387,,1,2,9,1000,0,2,4,,1,310,"RUSSELL AVENUE","SHIELDS AVENUE",0.00,,Y,A,-,N,,,,,,,,,,Y,1,2,1,3,A,-,12,22450,A,N,D,C,A,A,H,-,A,A,0,,,,Y,Y,,A,07,1,0,0,0,0,0,0,0,0,"- ","- ",36.778171539306641,-120.65715789794922,FRESNO,UNINCORPORATED,-120.65714263916016,36.778240203857422
91912810,2022,2022-11-08,9435,2022-10-29,0100,020854,,6,3,9,1000,0,3,5,,2,015,"VALENTINE AVENUE","MUSCAT AVENUE",600.00,N,N,A,-,N,,,,,,,,,,Y,3,0,1,2,A,-,01,23152,A,N,A,C,A,A,H,-,D,D,0,,,,Y,Y,Y,A,01,0,1,0,0,0,0,0,0,0,"- ","- ",36.686580657958984,-119.85340881347656,FRESNO,UNINCORPORATED,-119.85340881347656,36.686447143554688
91912980,2022,2022-11-08,9435,2022-11-04,1019,015986,,5,1,7,1005,0,1,3,,2,105,"SR99 SB","ASHLAN AVENUE",528.00,S,N,A,-,Y,FRE,,99,,,26.368,H,,L,Y,4,0,1,2,A,-,03,22350,,N,C,C,A,A,H,-,A,D,0,,,,Y,Y,,A,01,0,0,1,0,0,0,0,0,0,"- ","- ",36.791839599609375,-119.86300659179688,FRESNO,FRESNO,-119.86298370361328,36.791873931884766
91913558,2022,2022-11-09,9435,2022-11-03,0911,015890,,4,1,9,1000,0,3,5,,2,015,"MARKS AVE","LINCOLN AVE",1531.00,S,N,B,-,N,,,,,,,,,,Y,4,0,1,1,A,-,08,22107,,N,F,A,A,A,H,-,A,D,0,,,,,Y,,A,07,0,0,1,0,0,0,0,0,0,"- ","- ",36.64434814453125,-119.84455871582031,FRESNO,UNINCORPORATED,-119.84450531005859,36.644397735595703
91913654,2022,2022-11-09,9495,2022-10-31,0500,021213,,1,3,9,1000,0,1,3,,1,006,"STATE ROUTE 33 (JAYNE AVENUE)","CALAVERAS AVENUE",528.00,E,N,A,-,N,,,,,,,,,,Y,2,0,4,2,A,-,08,22107,,N,C,C,A,A,H,-,D,D,0,,,,,Y,,-,"- ",1,0,3,0,0,0,0,0,0,"- ","- ",36.136920928955078,-120.28099060058594,FRESNO,UNINCORPORATED,-120.28099060058594,36.136924743652344
91913660,2022,2022-11-09,9435,2022-11-04,0950,017310,,5,1,7,1005,0,1,3,,2,410,"SR 41 NB","GETTYSBURG AVE",50.00,N,N,A,-,Y,FRE,,41,,R,27.988,H,,R,N,4,0,3,2,A,-,03,22350,,N,C,C,A,A,H,-,A,D,0,,,,,Y,,A,01,0,0,3,0,0,0,0,0,0,"- ","- ",36.801570892333984,-119.78513336181641,FRESNO,FRESNO,-119.78516387939453,36.801570892333984
91913661,2022,2022-11-09,9495,2022-11-01,1645,021354,,2,2,9,1000,0,1,3,,2,005,"STATE ROUTE 33","COALINGA MENDOTA ROAD",3696.00,S,N,B,-,Y,FRE,,33,,,26.275,H,,R,Y,4,0,1,1,A,-,08,22107,,N,F,A,A,A,H,-,A,D,0,,,,,Y,,A,01,0,0,1,0,0,0,0,0,0,"- ","- ",36.271919250488281,-120.30583190917969,FRESNO,UNINCORPORATED,-120.30589294433594,36.271980285644531
91913751,2022,2022-11-09,9435,2022-10-29,2015,016507,,6,2,9,1000,0,1,3,,2,184,"STATE ROUTE 180","COVE AVE",5.00,W,N,A,-,Y,FRE,,180,,,83.809,H,,R,Y,3,0,1,2,A,-,01,23152,A,N,D,C,A,A,H,-,D,A,0,,,,,Y,Y,A,01,0,1,0,0,0,0,0,0,0,"- ","- ",36.715320587158203,-119.34909820556641,FRESNO,UNINCORPORATED,-119.34909820556641,36.715335845947266