CASE_ID,ACCIDENT_YEAR,PROC_DATE,JURIS,COLLISION_DATE,COLLISION_TIME,OFFICER_ID,REPORTING_DISTRICT,DAY_OF_WEEK,CHP_SHIFT,POPULATION,CNTY_CITY_LOC,SPECIAL_COND,BEAT_TYPE,CHP_BEAT_TYPE,CITY_DIVISION_LAPD,CHP_BEAT_CLASS,BEAT_NUMBER,PRIMARY_RD,SECONDARY_RD,DISTANCE,DIRECTION,INTERSECTION,WEATHER_1,WEATHER_2,STATE_HWY_IND,CALTRANS_COUNTY,CALTRANS_DISTRICT,STATE_ROUTE,ROUTE_SUFFIX,POSTMILE_PREFIX,POSTMILE,LOCATION_TYPE,RAMP_INTERSECTION,SIDE_OF_HWY,TOW_AWAY,COLLISION_SEVERITY,NUMBER_KILLED,NUMBER_INJURED,PARTY_COUNT,PRIMARY_COLL_FACTOR,PCF_CODE_OF_VIOL,PCF_VIOL_CATEGORY,PCF_VIOLATION,PCF_VIOL_SUBSECTION,HIT_AND_RUN,TYPE_OF_COLLISION,MVIW,PED_ACTION,ROAD_SURFACE,ROAD_COND_1,ROAD_COND_2,LIGHTING,CONTROL_DEVICE,CHP_ROAD_TYPE,PEDESTRIAN_ACCIDENT,BICYCLE_ACCIDENT,MOTORCYCLE_ACCIDENT,TRUCK_ACCIDENT,NOT_PRIVATE_PROPERTY,ALCOHOL_INVOLVED,STWD_VEHTYPE_AT_FAULT,CHP_VEHTYPE_AT_FAULT,COUNT_SEVERE_INJ,COUNT_VISIBLE_INJ,COUNT_COMPLAINT_PAIN,COUNT_PED_KILLED,COUNT_PED_INJURED,COUNT_BICYCLIST_KILLED,COUNT_BICYCLIST_INJURED,COUNT_MC_KILLED,COUNT_MC_INJURED,PRIMARY_RAMP,SECONDARY_RAMP,LATITUDE,LONGITUDE,COUNTY,CITY,POINT_X,POINT_Y
91937265,2022,2022-12-08,9435,2022-12-06,1425,021153,,2,2,9,1000,0,1,3,,2,105,"STATE ROUTE 99 (SOUTHBOUND)","GOLDEN STATE BOULEVARD",1200.00,S,N,A,-,Y,FRE,,99,,R,25.979,H,,R,N,3,0,1,2,A,-,03,22350,,N,C,C,A,A,H,-,A,D,0,,,,,Y,,D,22,0,1,0,0,0,0,0,0,0,"- ","- ",36.789070129394531,-119.857177734375,FRESNO,UNINCORPORATED,-119.85704803466797,36.789165496826172
91937279,2022,2022-12-08,9435,2022-12-04,1747,021153,,7,2,9,1000,0,3,5,,2,010,"MCKINLEY AVENUE","GOLDENROD AVENUE",0.00,,Y,A,-,N,,,,,,,,,,N,4,0,2,2,A,-,09,21802,A,N,D,C,A,A,H,-,D,D,0,,,,,Y,,A,07,0,0,2,0,0,0,0,0,0,"- ","- ",36.76409912109375,-120.04250335693359,FRESNO,UNINCORPORATED,-120.04249572753906,36.764072418212891
91937284,2022,2022-12-08,9435,2022-12-03,1513,021153,,6,2,9,1000,0,3,5,,2,010,"BULLARD AVENUE","DEL MAR AVENUE",0.00,,Y,A,-,N,,,,,,,,,,N,3,0,1,2,A,-,09,21802,A,N,D,C,A,B,H,-,A,D,0,,,,,Y,,D,22,0,1,0,0,0,0,0,0,0,"- ","- ",36.822940826416016,-119.79483032226562,FRESNO,UNINCORPORATED,-119.79486846923828,36.822898864746094
91937285,2022,2022-12-08,9435,2022-11-15,0633,015890,,2,1,9,1000,0,3,5,,2,040,"CEDAR AVE","WOOD AVE",277.00,N,N,A,-,N,,,,,,,,,,Y,2,0,1,1,A,-,08,22107,,N,F,A,A,A,E,-,C,D,0,,,,Y,Y,,F,21,1,0,0,0,0,0,0,0,0,"- ","- ",36.424579620361328,-119.76249694824219,FRESNO,UNINCORPORATED,-119.762451171875,36.424530029296875
91937597,2022,2022-12-08,9435,2022-11-29,1050,019603,,2,1,9,1000,0,3,5,,2,010,"PALM AVENUE","GETTYSBURG AVENUE",0.00,,Y,A,-,N,,,,,,,,,,Y,2,0,1,2,A,-,09,21800,D,N,D,D,A,A,H,-,A,B,0,,,Y,,Y,,C,02,1,0,0,0,0,0,0,0,1,"- ","- ",36.801120758056641,-119.80853271484375,FRESNO,UNINCORPORATED,-119.80857849121094,36.801143646240234
91937618,2022,2022-12-08,9435,2022-12-04,1320,020887,,7,1,7,1005,0,1,3,,2,410,"SR-41 NB","GETTYSBURG AVE",200.00,S,N,A,-,Y,FRE,,41,,R,27.925,H,,R,N,4,0,1,2,A,-,03,22350,,N,C,C,A,A,H,-,A,D,0,,,,,Y,,A,01,0,0,1,0,0,0,0,0,0,"- ","- ",36.8006591796875,-119.78511047363281,FRESNO,FRESNO,-119.78517150878906,36.8006591796875
91937635,2022,2022-12-08,9435,2022-11-15,0945,015890,,2,1,9,1000,0,3,5,,2,015,"SOUTH AVE","CEDAR AVE",0.00,,Y,A,-,N,,,,,,,,,,Y,3,0,1,2,A,-,09,21802,A,N,D,C,A,A,H,-,A,A,0,,,,,Y,,A,01,0,1,0,0,0,0,0,0,0,"- ","- ",36.619941711425781,-119.70018768310547,FRESNO,UNINCORPORATED,-119.75482177734375,36.619838714599609
91938222,2022,2022-12-09,9435,2022-12-04,0035,021165,,7,3,9,1000,0,3,5,,2,040,"MANNING AVENUE","CENTRAL AVENUE",0.00,,Y,B,C,N,,,,,,,,,,Y,4,0,1,2,A,-,01,23152,A,N,D,C,A,B,H,-,C,A,0,,,,,Y,Y,A,01,0,0,1,0,0,0,0,0,0,"- ","- ",36.605358123779297,-119.75489807128906,FRESNO,UNINCORPORATED,,
91938467,2022,2022-12-09,9461,2022-12-06,2350,018586,,2,3,9,1000,0,1,1,,2,305,"I-5 N/B","RUSSELL AVE",1584.00,S,N,A,-,Y,FRE,,5,,,52.439,H,,R,Y,3,0,2,2,A,-,03,22350,,N,C,2,A,A,H,-,D,D,0,,,,Y,Y,,G,75,0,2,0,0,0,0,0,0,0,"- ","- ",36.682159423828125,-120.65528106689453,FRESNO,UNINCORPORATED,-120.65531158447266,36.682144165039062
91938567,2022,2022-12-09,9435,2022-12-05,0931,020095,,1,1,9,1000,0,3,5,,2,015,"AMERICAN AVE","CHESTNUT AVE",0.00,,Y,A,-,N,,,,,,,,,,Y,3,0,1,2,A,-,09,21802,A,N,D,C,A,A,H,-,A,A,0,,,,,Y,,A,01,0,1,0,0,0,0,0,0,0,"- ","- ",36.663440704345703,-119.73677062988281,FRESNO,UNINCORPORATED,-119.73679351806641,36.663417816162109
91938636,2022,2022-12-09,9435,2022-12-03,2200,016507,,6,3,9,1000,0,1,3,,2,184,"STATE ROUTE 180","DUNLAP RD",26400.00,E,N,C,-,Y,FRE,,180,,,100.237,H,,R,Y,2,0,1,1,A,-,01,23152,A,N,F,A,A,B,H,-,D,D,0,,,,,Y,Y,D,22,1,0,0,0,0,0,0,0,0,"- ","- ",36.749271392822266,-119.09146881103516,FRESNO,UNINCORPORATED,-119.09143829345703,36.749298095703125
91939026,2022,2022-12-12,9435,2022-11-30,1300,019603,,3,1,9,1000,0,3,5,,2,040,"CLOVIS AVENUE","CLARKSON AVENUE",0.00,,Y,A,-,N,,,,,,,,,,Y,4,0,1,2,A,-,12,22450,A,N,D,D,A,A,H,-,A,A,0,,,,Y,Y,,D,22,0,0,1,0,0,0,0,0,0,"- ","- ",36.503688812255859,-119.70099639892578,FRESNO,UNINCORPORATED,-119.70097351074219,36.503677368164062
91939434,2022,2022-12-12,9435,2022-12-03,1935,021086,,6,2,7,1005,0,1,3,,2,410,"STATE ROUTE 41","DAKOTA AVENUE",95.00,S,N,C,-,Y,FRE,,41,,R,26.942,H,,R,Y,4,0,1,1,A,-,03,22350,,N,F,I,A,B,H,-,D,D,0,,,,,Y,,A,01,0,0,1,0,0,0,0,0,0,"- ","- ",36.786441802978516,-119.78408050537109,FRESNO,FRESNO,-119.78424072265625,36.786445617675781
91939441,2022,2022-12-12,9435,2022-12-05,1630,021315,,1,2,9,1000,0,3,5,,2,015,"MANNING AVENUE","STATE ROUTE 145",10.00,W,N,A,-,N,,,,,,,,,,N,4,0,1,2,A,-,03,22350,,N,C,C,A,A,H,-,B,A,0,,,,,Y,,D,22,0,0,1,0,0,0,0,0,0,"- ","- ",36.603729248046875,-120.06156158447266,FRESNO,UNINCORPORATED,-120.06144714355469,36.603778839111328
91939608,2022,2022-12-12,9435,2022-06-07,2005,021357,,2,2,9,1000,0,3,5,,2,040,"FLORAL AVENUE","DE WOLF AVENUE",0.00,,Y,A,-,N,,,,,,,,,,Y,1,2,1,2,A,-,09,21801,A,N,A,C,A,A,H,-,B,D,0,,,,,Y,Y,A,07,1,0,0,0,0,0,0,0,0,"- ","- ",36.576351165771484,-119.64663696289062,FRESNO,UNINCORPORATED,-119.64659118652344,36.576351165771484
91939627,2022,2022-12-12,9495,2022-12-03,1010,021073,,6,1,9,1000,0,1,1,,2,002,"INTERSTATE 5 (NORTHBOUND) FROM STATE ROUTE 198 (DO","STATE ROUTE 198 (DORRIS AVE.)",528.00,N,N,B,-,Y,FRE,,5,,,14.984,H,,R,Y,3,0,1,2,A,-,07,21658,A,N,C,C,A,B,H,-,A,D,0,,,,,Y,,A,01,0,1,0,0,0,0,0,0,0,"- ","- ",36.255828857421875,-120.24463653564453,FRESNO,UNINCORPORATED,-120.24468994140625,36.255809783935547
91939680,2022,2023-01-23,9435,2022-12-06,0615,015095,,2,1,9,1000,0,3,5,,2,010,"HOWARD AVENUE","SHIELDS AVENUE",0.00,,Y,A,-,N,,,,,,,,,,Y,4,0,1,2,A,-,09,21802,A,N,D,C,A,A,H,-,B,A,0,,,,,Y,,A,01,0,0,1,0,0,0,0,0,0,"- ","- ",36.778648376464844,-120.02451324462891,FRESNO,UNINCORPORATED,-120.02445220947266,36.778652191162109
91939733,2022,2022-12-12,9435,2022-08-26,1425,021148,,5,2,9,1000,0,3,5,,2,040,"ELM AVENUE","RIVERDALE AVENUE",1110.00,S,N,A,-,N,,,,,,,,,,Y,1,1,0,2,A,-,06,21750,,N,C,C,A,A,H,-,A,D,0,,,Y,Y,Y,,C,02,0,0,0,0,0,0,0,1,0,"- ","- ",36.435249328613281,-119.79843902587891,FRESNO,UNINCORPORATED,-119.79837799072266,36.435264587402344
91939827,2022,2022-12-12,9435,2022-12-09,1805,020060,,5,2,7,1005,0,1,3,,2,105,"STATE ROUTE 99 N/B","CLINTON AVENUE",1000.00,S,N,A,-,Y,FRE,,99,,,24.115,H,,R,Y,4,0,1,2,A,-,07,21658,A,F,E,I,A,A,H,-,C,D,0,,,,,Y,,-,99,0,0,1,0,0,0,0,0,0,"- ","- ",36.768089294433594,-119.83601379394531,FRESNO,FRESNO,-119.83608245849609,36.768062591552734
91939859,2022,2022-12-12,9495,2022-12-04,2115,021351,,7,2,9,1000,0,1,3,,1,014,"STATE ROUTE 269 (LASSEN AVENUE)","JAYNE AVENUE",100.00,S,N,B,-,Y,FRE,,269,,,4.630,H,,R,Y,4,0,2,2,A,-,03,22350,,N,C,C,A,A,H,-,C,A,0,,,,,Y,,A,01,0,0,2,0,0,0,0,0,0,"- ","- ",36.137699127197266,-120.10279846191406,FRESNO,UNINCORPORATED,-120.10277557373047,36.137699127197266
91940085,2022,2022-12-12,9435,2022-12-10,1950,020298,,6,2,7,1005,0,1,3,,2,181,"SR-180 E/B","BLACKSTONE AVE",2640.00,W,N,C,-,Y,FRE,,180,,R,57.592,H,,R,Y,4,0,1,1,A,-,03,22350,,N,E,8,A,B,H,-,C,D,0,,,,,Y,,A,01,0,0,1,0,0,0,0,0,0,"- ","- ",36.750869750976562,-119.79518127441406,FRESNO,FRESNO,-119.79513549804688,36.750785827636719
91940763,2022,2022-12-13,9435,2022-12-01,1900,016911,,4,2,9,1000,0,3,5,,2,050,SR168,"LITTLEFIELD RD",1320.00,E,N,D,-,Y,FRE,,168,,,42.771,H,,R,N,3,0,2,1,A,-,03,22350,,N,F,A,A,C,H,-,D,D,0,,,,,Y,,A,01,0,2,0,0,0,0,0,0,0,"- ","- ",37.084629058837891,-119.33303070068359,FRESNO,UNINCORPORATED,-119.33302307128906,37.084575653076172
91942684,2022,2022-12-15,9435,2022-12-02,1325,021315,,5,1,9,1000,0,3,5,,2,015,"MANNING AVENUE","CEDAR AVENUE",150.00,W,N,A,-,N,,,,,,,,,,Y,4,0,1,2,A,-,01,23152,A,N,B,C,A,A,H,-,A,D,0,,,,,Y,Y,A,07,0,0,1,0,0,0,0,0,0,"- ","- ",36.605369567871094,-119.75543212890625,FRESNO,UNINCORPORATED,-119.75539398193359,36.605327606201172
91943089,2022,2022-12-15,9435,2022-12-03,1945,018914,,6,2,7,1005,0,1,3,,1,168,"SR-168 W/B","MCKINLEY AVE",1260.00,N,N,B,C,Y,FRE,,168,,R,1.264,H,,L,Y,4,0,1,2,A,-,03,22350,,N,C,C,A,B,H,-,D,D,0,,,,Y,Y,,A,07,0,0,1,0,0,0,0,0,0,"- ","- ",36.768699645996094,-119.74951171875,FRESNO,FRESNO,-119.74950408935547,36.768699645996094
91943106,2022,2022-12-15,9435,2022-12-07,0650,019603,,3,1,7,1005,0,1,3,,2,181,"STATE ROUTE 180 WESTBOUND","G STREET",150.00,E,N,A,-,Y,FRE,,180,,R,56.703,H,,L,Y,4,0,1,2,A,-,03,22350,,N,C,C,A,A,H,-,A,D,0,,,,,Y,,A,07,0,0,1,0,0,0,0,0,0,"- ","- ",36.74420166015625,-119.80892944335938,FRESNO,FRESNO,-119.80892944335938,36.74420166015625
91943175,2022,2022-12-15,9495,2022-12-02,1515,021029,,5,2,9,1000,0,1,1,,2,003,"INTERSTATE 5 (NORTHBOUND)","STATE ROUTE 269 (LASSEN AVE)",5808.00,N,N,A,-,Y,FRE,,5,,,1.313,H,,R,Y,4,0,2,2,A,-,08,22107,,N,B,E,A,A,H,-,A,D,0,,,,Y,Y,,G,25,0,0,2,0,0,0,0,0,0,"- ","- ",36.089088439941406,-120.11412811279297,FRESNO,UNINCORPORATED,-120.11418151855469,36.089057922363281
91943412,2022,2024-04-30,9461,2022-12-13,1435,019052,,2,2,9,1000,1,1,3,,1,604,SR-33,"PANOCHE RD.",0.00,,Y,A,-,Y,FRE,,33,,,59.432,H,,R,Y,1,1,6,2,A,-,09,21802,A,N,D,C,A,A,H,-,A,A,0,,,,,Y,,A,01,1,0,5,0,0,0,0,0,0,"- ","- ",36.720161437988281,-120.38719940185547,FRESNO,UNINCORPORATED,-120.38718414306641,36.720161437988281
91943744,2022,2022-12-15,9435,2022-12-07,1355,018914,,3,1,5,1001,0,1,3,,1,168,"SR-168 E/B TO HERNDON AVENUE","HERNDON AVENUE",25.00,S,N,A,-,Y,,,,,,,,,,N,4,0,1,2,A,-,03,22350,,N,C,C,A,A,H,-,A,A,0,,,,,Y,,D,22,0,0,1,0,0,0,0,0,0,"- ","- ",36.837070465087891,-119.70198822021484,FRESNO,CLOVIS,-119.70198822021484,36.837070465087891
91944430,2022,2022-12-16,9495,2022-12-12,0650,021628,,1,1,9,1000,0,1,3,,1,013,"STATE ROUTE 145 (FRESNO COALINGA RD)","SOUTH NAPA AVE",1584.00,N,N,B,-,Y,FRE,,145,,,3.497,H,,R,Y,4,0,1,2,A,-,08,22107,,N,A,C,A,A,H,-,A,D,0,,,,,Y,,A,07,0,0,1,0,0,0,0,0,0,"- ","- ",36.330631256103516,-120.22547912597656,FRESNO,UNINCORPORATED,-120.22549438476562,36.330642700195312
91944513,2022,2022-12-16,9495,2022-12-08,1735,021029,,4,2,9,1000,0,3,5,,2,052,"COALINGA-MENDOTA ROAD","STATE ROUTE 33",7920.00,N,N,A,-,N,,,,,,,,,,N,4,0,1,1,A,-,08,22107,,N,F,I,A,A,H,-,D,D,0,,,,,Y,,-,"- ",0,0,1,0,0,0,0,0,0,"- ","- ",36.302291870117188,-120.30223846435547,FRESNO,UNINCORPORATED,-120.30244445800781,36.303176879882812
91944564,2022,2022-12-16,9435,2022-12-14,1728,020193,,3,2,9,1000,0,3,5,,2,015,"ELM AVENUE","SOUTH AVENUE",0.00,,Y,A,-,N,,,,,,,,,,N,4,0,1,2,A,-,08,22107,,N,A,C,A,A,H,-,D,A,0,,,,,Y,,A,01,0,0,1,0,0,0,0,0,0,"- ","- ",36.619720458984375,-119.79087829589844,FRESNO,UNINCORPORATED,-119.79084777832031,36.619731903076172
91944581,2022,2022-12-16,9435,2022-12-08,1640,018914,,4,2,9,1000,0,3,5,,2,025,"HERNDON AVENUE","ACADEMY AVENUE",0.00,,Y,A,-,N,,,,,,,,,,Y,3,0,1,2,A,-,09,21802,A,N,D,C,A,A,H,-,B,A,0,,,,,Y,,A,07,0,1,0,0,0,0,0,0,0,"- ","- ",36.837139129638672,-119.55573272705078,FRESNO,UNINCORPORATED,-119.55573272705078,36.837154388427734
91944659,2022,2022-12-16,9435,2022-12-16,0842,015890,,5,1,9,1000,0,1,3,,1,412,SR-41,"MT WHITNEY AVE",365.00,S,N,E,-,Y,FRE,,41,,R,1.959,H,,R,Y,3,0,2,2,A,-,03,22350,,N,C,C,A,A,H,-,A,D,0,,,,,Y,,A,01,0,1,1,0,0,0,0,0,0,"- ","- ",36.430038452148438,-119.80136108398438,FRESNO,UNINCORPORATED,-119.80139923095703,36.430046081542969
91944665,2022,2022-12-16,9435,2022-12-08,0640,018926,,4,1,9,1000,0,3,5,,2,010,"OLIVE AVENUE","CORNELIA AVENUE",20.00,W,N,B,E,N,,,,,,,,,,N,4,0,1,2,A,-,03,22350,,N,C,C,A,A,H,-,A,D,0,,,,,Y,,A,01,0,0,1,0,0,0,0,0,0,"- ","- ",36.757301330566406,-119.88037109375,FRESNO,UNINCORPORATED,-119.88031768798828,36.757297515869141
91944813,2022,2022-12-16,9495,2022-12-03,0625,021186,,6,1,9,1000,0,1,3,,1,006,"STATE ROUTE 33 (SOUTH LOST HILLS ROAD)","SUTTER AVENUE",11616.00,N,N,C,-,Y,FRE,,33,,,5.335,H,,R,Y,3,0,1,1,A,-,03,22350,,N,E,A,A,B,F,-,D,D,0,,,,,Y,,J,48,0,1,0,0,0,0,0,0,0,"- ","- ",36.073570251464844,-120.22865295410156,FRESNO,UNINCORPORATED,-120.22866821289062,36.073551177978516
91945264,2022,2022-12-19,9435,2022-12-07,1840,021086,,3,2,9,1000,0,1,3,,2,410,"STATE ROUTE 41 (S/B) TO SR168/SR180.","FLORADORA AVENUE",290.00,S,N,A,-,Y,FRE,,41,,R,24.947,H,,L,Y,4,0,1,3,A,-,03,22350,,N,C,C,A,A,H,-,D,D,0,,,,,Y,,A,01,0,0,1,0,0,0,0,0,0,"- ","- ",36.760440826416016,-119.77581024169922,FRESNO,UNINCORPORATED,-119.77567291259766,36.760433197021484
91945268,2022,2022-12-19,9435,2022-12-07,2210,017518,,3,3,9,1000,0,3,5,,2,030,"MAYFAIR DR  N","SIXTH ST",50.00,W,N,A,-,N,,,,,,,,,,N,3,0,1,2,A,-,01,23152,A,M,B,E,A,A,H,-,D,D,0,,,,,Y,Y,D,22,0,1,0,0,0,0,0,0,0,"- ","- ",36.7711181640625,-119.76513671875,FRESNO,UNINCORPORATED,-119.76502227783203,36.771064758300781
91945289,2022,2022-12-19,9435,2022-11-05,2255,021600,,6,3,9,1000,0,3,5,,2,015,"BISHOP AVE.","KEARNEY BOULEVARD",0.00,,Y,A,-,N,,,,,,,,,,Y,4,0,1,2,A,-,01,23152,A,N,D,C,A,A,H,-,D,A,0,,,,,Y,Y,A,01,0,0,1,0,0,0,0,0,0,"- ","- ",36.727729797363281,-120.0006103515625,FRESNO,UNINCORPORATED,-120.00613403320312,36.727714538574219
91945293,2022,2022-12-19,9435,2022-12-08,0811,014363,,4,1,9,1000,0,1,3,,2,107,"SR-99 N/B TO MOUNTAIN VIEW AVENUE","MOUNTAIN VIEW AVENUE",11.00,S,N,A,-,Y,,,,,,,,,,N,3,0,1,2,A,-,03,22350,,N,C,C,A,A,H,-,A,A,0,,,,,Y,,A,07,0,1,0,0,0,0,0,0,0,"- ","- ",36.546939849853516,-119.59423828125,FRESNO,UNINCORPORATED,-119.59423828125,36.546939849853516
91945301,2022,2022-12-19,9435,2022-12-09,1730,019926,,5,2,9,1000,0,3,5,,2,025,"MINNEWAWA AVE","COPPER AVE",0.00,,Y,A,-,N,,,,,,,,,,N,4,0,1,2,A,-,09,21802,A,N,D,C,A,A,H,-,D,A,0,,,,,Y,,A,01,0,0,1,0,0,0,0,0,0,"- ","- ",36.89569091796875,-119.71116638183594,FRESNO,UNINCORPORATED,-119.711181640625,36.895687103271484
91945303,2022,2022-12-19,9435,2022-12-10,1010,021606,,6,1,9,1000,0,3,5,,2,025,"MILERTON RD.","FRIANT KERN CANAL",100.00,N,N,C,-,N,,,,,,,,,,N,4,0,2,1,A,-,08,22107,,N,F,J,A,B,H,-,A,D,0,,,,,Y,,D,22,0,0,2,0,0,0,0,0,0,"- ","- ",36.992900848388672,-119.70217132568359,FRESNO,UNINCORPORATED,-119.71058654785156,36.991886138916016
91945307,2022,2022-12-19,9435,2022-12-08,0723,014363,,4,1,9,1000,0,3,5,,2,034,"MANNING AVENUE","MCCALL AVENUE",70.00,E,N,E,-,N,,,,,,,,,,N,3,0,1,2,A,-,03,22350,,N,C,C,A,A,H,-,A,D,0,,,,,Y,,A,01,0,1,0,0,0,0,0,0,0,"- ","- ",36.605358123779297,-119.61036682128906,FRESNO,UNINCORPORATED,-119.6104736328125,36.605228424072266
91945535,2022,2022-12-19,9435,2022-12-07,1710,021135,,3,2,9,1000,0,3,5,,2,015,"ANNADALE AVE","WALNUT AVENUE",686.00,W,N,C,-,N,,,,,,,,,,N,3,0,1,2,A,-,08,22107,,F,G,G,A,B,H,-,B,D,0,,Y,,,Y,,-,99,0,1,0,0,0,0,1,0,0,"- ","- ",36.699539184570312,-119.81121826171875,FRESNO,UNINCORPORATED,-119.81118011474609,36.699520111083984
91945560,2022,2022-12-19,9435,2022-12-07,1820,020586,,3,2,7,1005,0,1,3,,2,410,"SR-41 SB TO SR-180 EB","FIRST STREET",950.00,E,N,A,-,Y,,,,,,,,,,Y,4,0,2,3,A,-,03,22350,,N,C,C,A,A,H,-,C,A,0,,,,,Y,,A,07,0,0,2,0,0,0,0,0,0,"- ","- ",36.754428863525391,-119.76898956298828,FRESNO,FRESNO,-115.51599884033203,33.049381256103516
91945614,2022,2022-12-19,9435,2022-12-08,0920,016507,,4,1,9,1000,0,3,5,,2,060,"ENGLEHART AVE","MANNING AVE",0.00,,Y,A,-,N,,,,,,,,,,Y,3,0,1,2,A,-,12,22450,A,N,D,C,A,A,H,-,A,A,0,,,,Y,Y,,A,01,0,1,0,0,0,0,0,0,0,"- ","- ",36.604080200195312,-119.41300964355469,FRESNO,UNINCORPORATED,-119.41303253173828,36.604026794433594
91945625,2022,2022-12-19,9435,2022-12-08,1251,020062,,4,1,9,1000,0,1,3,,2,106,"SR99 SOUTHBOUND","MERCED STREET",2640.00,S,N,A,-,Y,FRE,,99,,,10.562,H,,L,Y,4,0,1,2,A,-,07,21658,A,N,C,2,A,A,D,-,A,D,0,,,,Y,Y,,A,01,0,0,1,0,0,0,0,0,0,"- ","- ",36.620540618896484,-119.67794036865234,FRESNO,UNINCORPORATED,-119.67791748046875,36.620555877685547
91945743,2022,2022-12-19,9435,2022-12-08,1804,020586,,4,2,7,1005,0,1,3,,2,410,"SR-41 SB","SHAW AVE",739.00,S,N,A,-,Y,FRE,,41,,R,28.320,H,,L,Y,4,0,1,2,A,-,08,22107,,N,C,C,A,A,H,-,D,D,0,,,,,Y,,A,07,0,0,1,0,0,0,0,0,0,"- ","- ",36.806381225585938,-119.78558349609375,FRESNO,FRESNO,-119.78544616699219,36.806381225585938
91945744,2022,2022-12-19,9435,2022-12-08,1610,021119,,4,2,9,1000,0,3,5,,2,015,"MALAGA AVENUE","CHESTNUT AVENUE",0.00,,Y,A,-,N,,,,,,,,,,N,4,0,1,2,A,-,09,21802,A,N,D,C,A,A,H,-,A,A,0,,,,,Y,,D,22,0,0,1,0,0,0,0,0,0,"- ","- ",36.670700073242188,-119.73674011230469,FRESNO,UNINCORPORATED,-119.73677825927734,36.670680999755859
91945786,2022,2022-12-19,9435,2022-12-09,1810,021606,,5,2,3,1015,0,1,3,,2,107,"STATE ROUTE 99","FLORAL AVE.",500.00,N,N,A,-,Y,FRE,,99,,,7.282,H,,R,N,4,0,1,2,A,-,03,22350,,N,C,C,A,B,H,-,C,D,0,,,,,Y,,D,22,0,0,1,0,0,0,0,0,0,"- ","- ",36.584880828857422,-119.63863372802734,FRESNO,SELMA,-119.63861083984375,36.584892272949219
91945818,2022,2022-12-19,9435,2022-12-08,2010,021555,,4,2,9,1000,0,3,5,,2,050,"SJ&E ROAD","33927 OLD RIVER ROAD",236.00,S,N,A,-,N,,,,,,,,,,Y,4,0,1,1,A,-,01,23152,A,M,F,A,A,A,H,-,D,D,0,,,,,Y,Y,D,22,0,0,1,0,0,0,0,0,0,"- ","- ",37.061988830566406,-119.47718048095703,FRESNO,UNINCORPORATED,-119.47825622558594,37.064525604248047
91945825,2022,2022-12-19,9435,2022-12-09,0420,017518,,5,3,9,1000,0,3,5,,2,025,"BULLARD AVENUE","HIGHLAND AVENUE",160.00,E,N,A,-,N,,,,,,,,,,Y,3,0,1,1,A,-,08,22107,,N,E,I,A,A,H,-,D,D,0,,,,,Y,,A,01,0,1,0,0,0,0,0,0,0,"- ","- ",36.822841644287109,-119.62734985351562,FRESNO,UNINCORPORATED,-119.62738037109375,36.822834014892578
91945832,2022,2022-12-19,9435,2022-12-09,0629,020095,,5,1,9,1000,0,3,5,,2,015,"CEDAR AVE","SOUTH AVE",0.00,,Y,A,-,N,,,,,,,,,,N,4,0,2,2,A,-,09,21802,A,N,D,C,A,A,H,-,B,A,0,,,,,Y,,A,01,0,0,2,0,0,0,0,0,0,"- ","- ",36.619880676269531,-119.75491333007812,FRESNO,UNINCORPORATED,-119.75482177734375,36.619838714599609
91945872,2022,2022-12-19,9435,2022-12-10,2130,021544,,6,2,7,1005,0,1,3,,2,410,"SR-41 N/B","VAN NESS AVE",150.00,N,N,C,-,Y,FRE,,41,,R,22.684,H,,R,Y,4,0,2,1,A,-,03,22350,,N,H,J,A,B,H,-,D,D,0,,,,,Y,,A,01,0,0,2,0,0,0,0,0,0,"- ","- ",36.728958129882812,-119.78221130371094,FRESNO,FRESNO,-119.78229522705078,36.729015350341797
91945893,2022,2022-12-19,9435,2022-12-09,1130,020887,,5,1,9,1000,0,3,5,,2,025,"ASHLAN AVE","MINNEWAWA AVE",0.00,,Y,A,-,N,,,,,,,,,,N,4,0,1,2,A,-,12,21453,A,N,D,C,A,A,H,-,A,A,0,,,,,Y,,A,01,0,0,1,0,0,0,0,0,0,"- ","- ",36.794410705566406,-119.70919036865234,FRESNO,UNINCORPORATED,-119.70913696289062,36.794456481933594
91946715,2022,2022-12-20,9435,2022-04-03,2325,021544,,7,3,7,1005,0,1,3,,1,168,"SR-168 EASTBOUND TO MCKINLEY AVENUE","MCKINLEY AVENUE",275.00,N,N,A,-,Y,,,,,,,,,,Y,1,1,2,1,A,-,01,23152,A,N,E,I,A,D,H,-,C,D,0,,,,,Y,Y,A,01,2,0,0,0,0,0,0,0,0,"- ","- ",36.765830993652344,-119.74881744384766,FRESNO,FRESNO,-119.74881744384766,36.765830993652344