CASE_ID,ACCIDENT_YEAR,PROC_DATE,JURIS,COLLISION_DATE,COLLISION_TIME,OFFICER_ID,REPORTING_DISTRICT,DAY_OF_WEEK,CHP_SHIFT,POPULATION,CNTY_CITY_LOC,SPECIAL_COND,BEAT_TYPE,CHP_BEAT_TYPE,CITY_DIVISION_LAPD,CHP_BEAT_CLASS,BEAT_NUMBER,PRIMARY_RD,SECONDARY_RD,DISTANCE,DIRECTION,INTERSECTION,WEATHER_1,WEATHER_2,STATE_HWY_IND,CALTRANS_COUNTY,CALTRANS_DISTRICT,STATE_ROUTE,ROUTE_SUFFIX,POSTMILE_PREFIX,POSTMILE,LOCATION_TYPE,RAMP_INTERSECTION,SIDE_OF_HWY,TOW_AWAY,COLLISION_SEVERITY,NUMBER_KILLED,NUMBER_INJURED,PARTY_COUNT,PRIMARY_COLL_FACTOR,PCF_CODE_OF_VIOL,PCF_VIOL_CATEGORY,PCF_VIOLATION,PCF_VIOL_SUBSECTION,HIT_AND_RUN,TYPE_OF_COLLISION,MVIW,PED_ACTION,ROAD_SURFACE,ROAD_COND_1,ROAD_COND_2,LIGHTING,CONTROL_DEVICE,CHP_ROAD_TYPE,PEDESTRIAN_ACCIDENT,BICYCLE_ACCIDENT,MOTORCYCLE_ACCIDENT,TRUCK_ACCIDENT,NOT_PRIVATE_PROPERTY,ALCOHOL_INVOLVED,STWD_VEHTYPE_AT_FAULT,CHP_VEHTYPE_AT_FAULT,COUNT_SEVERE_INJ,COUNT_VISIBLE_INJ,COUNT_COMPLAINT_PAIN,COUNT_PED_KILLED,COUNT_PED_INJURED,COUNT_BICYCLIST_KILLED,COUNT_BICYCLIST_INJURED,COUNT_MC_KILLED,COUNT_MC_INJURED,PRIMARY_RAMP,SECONDARY_RAMP,LATITUDE,LONGITUDE,COUNTY,CITY,POINT_X,POINT_Y
92000169,2023,2023-02-22,9435,2023-02-15,1835,020942,,3,2,9,1000,0,3,5,,2,010,"BELMONT AVENUE","BRAWLEY AVENUE",1056.00,W,N,A,-,N,,,,,,,,,,N,3,0,2,2,A,-,06,21750,A,F,B,C,A,A,H,-,D,D,0,,,,,Y,,-,99,0,1,1,0,0,0,0,0,0,"- ","- ",36.749988555908203,-119.86576843261719,FRESNO,UNINCORPORATED,-119.86563110351562,36.750003814697266
92000266,2023,2023-02-22,9435,2023-02-15,"940 ",014650,,3,1,7,1005,0,1,3,,2,105,"SR-99 N/B","BELMONT AVE",600.00,S,N,A,-,Y,,,,,,,,,,Y,3,0,1,2,A,-,03,22350,,M,C,C,A,A,H,-,A,D,0,,,,,Y,,A,01,0,1,0,0,0,0,0,0,0,"- ","- ",36.774909973144531,-119.82388305664062,FRESNO,FRESNO,-119.82373809814453,36.748912811279297
92000434,2023,2023-02-22,9435,2023-02-16,1705,020824,,4,2,7,1005,0,1,3,,2,105,"STATE ROUTE 99 N/B","BELMONT AVENUE",1584.00,S,N,B,-,Y,FRE,,99," "," ",22.445,H,,R,N,4,0,1,2,A,-,03,22350,,F,C,C,A,A,H,-,A,D,0,,,,,Y,Y,-,99,0,0,1,0,0,0,0,0,0,"- ","- ",36.746749877929688,-119.82195281982422,FRESNO,FRESNO,-119.82193756103516,36.746753692626953
92001002,2023,2023-02-23,9435,2023-02-22,2305,020592,,3,3,9,1000,0,3,5,,2,025,"OLIVER AVENUE","TRIMMER SPRINGS ROAD",528.00,N,N,A,-,N,,,,,,,,,,Y,4,0,1,1,A,-,08,22107,,N,F,I,A,A,H,-,D,D,0,,,,,Y,,A,07,0,0,1,0,0,0,0,0,0,"- ","- ",36.738750457763672,-119.49762725830078,FRESNO,UNINCORPORATED,-119.49854278564453,36.737884521484375
92001005,2023,2023-02-23,9435,2023-02-22,1455,021119,,3,2,9,1000,0,1,3,,2,106,"STATE ROUTE 99 NORTHBOUND","MERCED ST",500.00,S,N,A,-,Y,FRE,,99," "," ",10.802,H,,R,N,4,0,1,1,A,-,08,22107,,N,E,9,A,A,H,-,A,D,0,,,,,Y,,D,22,0,0,1,0,0,0,0,0,0,"- ","- ",36.623279571533203,-119.68048858642578,FRESNO,UNINCORPORATED,-119.68054962158203,36.623241424560547
92001055,2023,2023-02-23,9435,2023-02-15,1640,020942,,3,2,9,1000,0,1,3,,1,180,"STATE ROUTE 180","DICKENSON AVENUE",2587.00,W,N,A,-,Y,FRE,,180," "," ",47.128,H,,R,Y,2,0,2,2,A,-,03,22350,,N,A,C,A,A,H,-,A,D,0,,,,,Y,,A,01,1,0,1,0,0,0,0,0,0,"- ","- ",36.734939575195312,-119.97895812988281,FRESNO,UNINCORPORATED,-119.97895812988281,36.735000610351562
92001062,2023,2023-02-23,9461,2023-02-09,2355,018586,,4,3,9,1000,0,2,4,,1,310,"RUSSELL AVE","ALTHEA AVE",12144.00,N,N,A,-,N,,,,,,,,,,Y,4,0,1,1,A,-,08,22107,,N,E,I,A,A,H,-,D,D,0,,,,,Y,,A,01,0,0,1,0,0,0,0,0,0,"- ","- ",36.924720764160156,-120.65426635742188,FRESNO,UNINCORPORATED,-120.65451049804688,36.924034118652344
92001080,2023,2023-02-23,9435,2023-02-12,1205,020062,,7,1,9,1000,0,3,5,,2,030,"WILLOW AVENUE","BELMONT AVENUE",0.00,,Y,A,-,N,,,,,,,,,,Y,4,0,5,2,D,-,00,,,N,D,D,A,A,H,-,A,A,0,,,,,Y,,-,"- ",0,0,5,0,0,0,0,0,0,"- ","- ",36.750499725341797,-119.72734069824219,FRESNO,UNINCORPORATED,-119.72731781005859,36.750392913818359
92001182,2023,2023-02-23,9435,2023-02-07,1257,015986,,2,1,9,1000,0,3,5,,2,010,"PALM AVENUE","ASHLAN AVENUE",0.00,,Y,A,-,N,,,,,,,,,,Y,2,0,2,2,A,-,09,21801,A,N,D,C,A,A,H,-,A,A,0,,,,,Y,,A,01,1,1,0,0,0,0,0,0,0,"- ","- ",36.793910980224609,-119.80857849121094,FRESNO,UNINCORPORATED,-119.80860137939453,36.793899536132812
92001201,2023,2023-02-23,9435,2023-02-06,1655,021312,,1,2,9,1000,0,3,5,,2,034,"ACADEMY AVE","CENTRAL AVE",0.00,,Y,A,-,N,,,,,,,,,,Y,4,0,1,2,A,-,12,22450,A,N,D,C,A,A,H,-,A,A,0,,,,,Y,,A,07,0,0,1,0,0,0,0,0,0,"- ","- ",36.677780151367188,-119.55660247802734,FRESNO,UNINCORPORATED,-119.55654907226562,36.677753448486328
92001203,2023,2023-02-23,9435,2023-02-12,1225,015095,,7,1,9,1000,0,3,5,,2,030,"UNION AVENUE","CEDAR AVENUE",256.00,W,N,A,-,N,,,,,,,,,,N,3,0,1,2,A,-,09,21802,A,N,D,G,A,A,H,-,A,D,0,,Y,,,Y,,L,04,0,1,0,0,0,0,1,0,0,"- ","- ",36.771350860595703,-119.75547027587891,FRESNO,UNINCORPORATED,-119.75536346435547,36.77130126953125
92001250,2023,2023-02-23,9435,2023-02-16,1118,015751,,4,1,9,1000,0,3,5,,2,010,"SHAW AVENUE","MAROA AVE",0.00,,Y,A,-,N,,,,,,,,,,Y,4,0,1,3,A,-,12,21453,A,N,D,C,A,A,H,-,A,A,0,,,,,Y,,D,22,0,0,1,0,0,0,0,0,0,"- ","- ",36.808391571044922,-119.79939270019531,FRESNO,UNINCORPORATED,-119.79945373535156,36.808387756347656
92001257,2023,2023-02-23,9495,2023-02-13,"800 ",020434,,1,1,9,1000,0,3,5,,2,053,"EL DORADO AVENUE","FORD AVENUE",1584.00,S,N,A,-,N,,,,,,,,,,Y,3,0,2,2,A,-,03,22350,,N,C,C,A,A,H,-,A,D,0,,,,,Y,,D,22,0,1,1,0,0,0,0,0,0,"- ","- ",36.308048248291016,-120.21173095703125,FRESNO,UNINCORPORATED,-120.21174621582031,36.308452606201172
92001263,2023,2023-02-23,9461,2023-02-04,2020,021837,,6,2,9,1000,0,1,1,,2,206,"I-5 N/B","NEES AVENUE",10560.00,N,N,A,-,Y,MER,,5," "," ",1.576,H,,R,Y,2,0,1,1,A,-,06,21750,A,N,F,A,A,A,H,-,D,D,0,,,,,Y,,-,99,1,0,0,0,0,0,0,0,0,"- ","- ",36.875099182128906,-120.79075622558594,FRESNO,UNINCORPORATED,-120.79078674316406,36.875087738037109
92001306,2023,2023-02-23,9461,2023-02-19,"825 ",020101,,7,1,9,1000,0,1,1,,2,305,"I-5 S/B","CALIFORNIA AVE",2640.00,S,N,A,-,Y,FRE,,5," "," ",55.029,H,,L,Y,4,0,2,2,A,-,03,22350,,N,C,C,A,A,H,-,A,D,0,,,,,Y,,A,01,0,0,2,0,0,0,0,0,0,"- ","- ",36.713859558105469,-120.68006134033203,FRESNO,UNINCORPORATED,-120.68012237548828,36.713829040527344
92001337,2023,2023-02-23,9435,2023-02-13,1720,021031,,1,2,9,1000,0,3,5,,2,040,"CEDAR AVENUE","MOUNT WHITNEY AVENUE",0.00,,Y,A,-,N,,,,,,,,,,Y,2,0,1,2,A,-,12,22450,A,N,D,C,A,A,H,-,A,A,0,,,,,Y,,A,07,1,0,0,0,0,0,0,0,0,"- ","- ",36.431060791015625,-119.76248931884766,FRESNO,UNINCORPORATED,-119.762451171875,36.431026458740234
92001468,2023,2023-02-23,9435,2023-02-17,1755,021119,,5,2,9,1000,0,3,5,,2,034,"JENSEN AVENUE","LEONARD AVENUE",500.00,E,N,A,-,N,,,,,,,,,,N,4,0,3,2,A,-,03,22350,,N,C,C,A,A,H,-,D,D,0,,,,,Y,,A,01,0,0,3,0,0,0,0,0,0,"- ","- ",36.7069091796875,-119.63481903076172,FRESNO,UNINCORPORATED,-119.63527679443359,36.706886291503906
92001513,2023,2023-02-23,9435,2023-02-12,2053,021031,,7,2,9,1000,0,1,3,,2,410,"DINUBA AVENUE","LAC JAC AVENUE",0.00,,Y,A,-,N,,,,,,,,,,Y,2,0,7,2,A,-,12,22450,A,N,D,8,A,A,H,-,D,A,0,,,,,Y,,A,01,2,5,0,0,0,0,0,0,0,"- ","- ",36.589870452880859,-119.48458862304688,FRESNO,UNINCORPORATED,-119.48466491699219,36.589885711669922
92001593,2023,2023-02-23,9435,2023-02-21,1740,019926,,2,2,7,1005,0,1,3,,2,181,"SR-180 W/B","FRESNO ST",700.00,W,N,A,-,Y,FRE,,180," ",R,58.231,H,,L,N,4,0,2,2,A,-,07,21658,A,N,C,C,A,A,H,-,A,D,0,,,,,Y,,A,01,0,0,2,0,0,0,0,0,0,"- ","- ",36.753368377685547,-119.78399658203125,FRESNO,FRESNO,-119.78401184082031,36.753410339355469
92001706,2023,2023-02-23,9461,2023-02-18,2100,021811,,6,2,9,1000,0,3,5,,2,060,"BASS AVE.","N HELM CANAL ROAD",100.00,S,N,A,-,N,,,,,,,,,,Y,4,0,1,1,A,-,08,22107,,N,H,J,A,A,H,-,D,D,0,,,,,Y,,A,07,0,0,1,0,0,0,0,0,0,"- ","- ",36.785839080810547,-120.37403869628906,FRESNO,UNINCORPORATED,-120.373779296875,36.785739898681641
92002130,2023,2023-02-24,9435,2023-02-20,1600,018914,,1,2,9,1000,0,3,5,,2,034,"TRIMMER SPRINGS RD","FRIANT KERN CANAL",750.00,N,N,A,-,N,,,,,,,,,,N,4,0,1,2,A,-,03,22350,,N,C,C,A,A,H,-,A,D,0,,,,,Y,,A,01,0,0,1,0,0,0,0,0,0,"- ","- ",36.766868591308594,-119.44329833984375,FRESNO,UNINCORPORATED,,
92002239,2023,2023-02-24,9435,2023-02-17,"545 ",019705,,5,3,9,1000,0,3,5,,2,015,"SAN BENITO AVENUE","PANOCHE ROAD",8976.00,W,N,A,-,N,,,,,,,,,,Y,4,0,1,1,A,-,08,22107,,N,F,I,A,A,H,-,D,D,0,,,,,Y,,A,01,0,0,1,0,0,0,0,0,0,"- ","- ",36.706348419189453,-120.36051177978516,FRESNO,UNINCORPORATED,-120.36155700683594,36.7322998046875
9200224,2020,2021-02-11,1015,2020-12-13,1030,N265,SELMA,7,5,3,1015,0,0,0,,0,0SE,"MCCALL AV","ARRANTS ST",0.00,,Y,B,-,N,,,,,,,,,,Y,4,0,2,2,A,-,09,21802,A,N,D,C,A,A,H,-,A,D,0,,,,,Y,,A,08,0,0,2,0,0,0,0,0,0,"- ","- ",36.563289642333984,-119.6163330078125,FRESNO,SELMA,-119.61073303222656,36.570720672607422
92002254,2023,2023-02-24,9435,2023-02-18,1435,020824,,6,2,9,1000,0,3,5,,2,034,"MANNING AVENUE","STATE ROUTE 99",100.00,E,N,A,-,N,,,,,,,,,,Y,2,0,1,2,A,-,07,21658,A,N,B,C,A,A,H,-,A,D,0,,,Y,,Y,,A,07,1,0,0,0,0,0,0,0,1,"- ","- ",36.605369567871094,-119.66056823730469,FRESNO,UNINCORPORATED,,
92002298,2022,2023-02-24,9435,2022-12-16,1857,015751,,5,2,9,1000,0,3,5,,2,010,"PALM AVENUE","SHAW AVENUE",0.00,,Y,A,-,N,,,,,,,,,,N,4,0,1,2,A,-,00,2818,,N,D,G,A,A,H,-,C,A,0,,Y,,,Y,,L,04,0,0,1,0,0,0,1,0,0,"- ","- ",36.808319091796875,-119.80831146240234,FRESNO,UNINCORPORATED,-119.80854034423828,36.808315277099609
92002372,2023,2023-02-24,9495,2023-02-18,1349,019789,,6,1,9,1000,0,1,3,,1,008,"STATE ROUTE 198","KINGS COUNTY LINE",177.00,W,N,A,-,Y,FRE,,198," "," ",42.697,H,,R,N,3,0,1,2,A,-,03,22350,,N,C,C,A,A,H,-,A,D,0,,,,,Y,,A,01,0,1,0,0,0,0,0,0,0,"- ","- ",36.255489349365234,-119.95967864990234,FRESNO,UNINCORPORATED,-119.95967864990234,36.255508422851562
92002394,2023,2023-02-24,9435,2023-02-14,1723,016911,,2,2,9,1000,0,3,5,,2,050,SR-168,"NICHOLAS RD",0.00,,Y,A,-,Y,FRE,,168," ",T,23.702,H,,R,N,3,0,2,2,A,-,03,22350,,N,C,C,A,A,H,-,D,D,0,,,,,Y,,A,07,0,1,1,0,0,0,0,0,0,"- ","- ",36.962799072265625,-119.51332855224609,FRESNO,UNINCORPORATED,-119.51332092285156,36.962806701660156
92002423,2023,2023-02-24,9435,2023-02-24,"100 ",021357,,5,3,9,1000,0,1,3,,2,107,"SR-99 S/B","MANNING AVE",5650.00,S,N,B,-,Y,FRE,,99," "," ",8.084,H,,L,Y,4,0,1,1,A,-,01,23152,A,N,E,I,A,B,D,-,D,D,0,,,,,Y,Y,A,01,0,0,1,0,0,0,0,0,0,"- ","- ",36.593639373779297,-119.64846038818359,FRESNO,UNINCORPORATED,-119.64848327636719,36.593624114990234
92002557,2023,2023-02-24,9435,2023-02-14,1720,021031,,2,2,9,1000,0,3,5,,2,034,"DEWOLF AVENUE","SOUTH AVENUE",0.00,,Y,A,-,N,,,,,,,,,,Y,2,0,1,2,A,-,12,22450,A,N,D,2,A,A,H,-,A,A,0,,,,Y,Y,,G,25,1,0,0,0,0,0,0,0,0,"- ","- ",36.619869232177734,-119.64636993408203,FRESNO,UNINCORPORATED,-119.6463623046875,36.619865417480469
92002669,2023,2023-02-24,9435,2023-02-15,"810 ",015095,,3,1,7,1005,1,3,5,,2,010,"GRANTLAND AVENUE","BELMONT AVENUE",0.00,,Y,A,-,N,,,,,,,,,,Y,3,0,2,3,A,-,01,23152,F,N,D,C,A,A,H,-,A,A,0,,,,,Y,,A,01,0,2,0,0,0,0,0,0,0,"- ","- ",36.749858856201172,-119.61622619628906,FRESNO,FRESNO,-119.91619110107422,36.749862670898438
92003731,2023,2023-02-27,9435,2023-02-16,1700,021402,,4,2,7,1005,0,1,3,,2,181,"SR-180 W/B","G STREET",60.00,W,N,A,-,Y,FRE,,180," ",R,56.660,H,,L,Y,4,0,1,3,A,-,03,22350,,M,C,C,A,A,H,-,A,D,0,,,,,Y,,A,01,0,0,1,0,0,0,0,0,0,"- ","- ",36.743881225585938,-119.80957794189453,FRESNO,FRESNO,-119.80956268310547,36.743862152099609
92003961,2023,2023-02-27,9435,2023-02-18,"325 ",021594,,6,3,7,1005,0,1,3,,2,105,"SR-99 S/B","ASHLAN AVENUE",2640.00,S,N,A,-,Y,FRE,,99," ",R,26.162,H,,L,N,4,0,1,2,A,-,03,22350,,M,C,C,A,A,H,-,D,D,0,,,,,Y,,-,99,0,0,1,0,0,0,0,0,0,"- ","- ",36.790508270263672,-119.85977935791016,FRESNO,FRESNO,-119.85976409912109,36.790534973144531
92004029,2023,2023-02-27,9435,2023-02-17,1820,021086,,5,2,9,1000,0,1,3,,2,410,"STATE ROUTE 41 (S/B) TO BULLARD AVENUE","BULLARD AVENUE",240.00,N,N,A,-,Y,,,,,,,,,,N,4,0,3,2,A,-,03,22350,,N,C,C,A,A,H,-,A,A,0,,,,,Y,,A,01,0,0,3,0,0,0,0,0,0,"- ","- ",36.82373046875,-119.78589630126953,FRESNO,UNINCORPORATED,-119.78501892089844,36.823677062988281
92004032,2023,2023-02-27,9435,2023-02-18,"730 ",020062,,6,1,9,1000,0,3,5,,2,034,"CLOVIS AVENUE","BUTLER AVENUE",0.00,,Y,A,-,N,,,,,,,,,,Y,4,0,1,2,A,-,12,21453,A,N,D,C,A,A,H,-,A,A,0,,,,,Y,,A,01,0,0,1,0,0,0,0,0,0,"- ","- ",36.728519439697266,-119.69995880126953,FRESNO,UNINCORPORATED,-119.70011138916016,36.728557586669922
92004062,2023,2023-02-27,9461,2023-02-24,1624,021811,,5,2,9,1000,0,2,4,,1,315,"NEES AVENUE","FIRST LIFT CANAL",5.00,W,N,B,C,N,,,,,,,,,,Y,3,0,1,1,A,-,08,22107,,N,E,8,A,B,H,-,A,D,0,,,,,Y,,A,07,0,1,0,0,0,0,0,0,0,"- ","- ",36.850440979003906,-120.76245880126953,FRESNO,UNINCORPORATED,-119.77468872070312,36.851871490478516
92004171,2023,2023-02-27,9435,2023-02-17,"818 ",015986,,5,1,9,1000,0,3,5,,2,010,"BRYAN AVENUE","SHIELDS AVENUE",0.00,,Y,A,-,N,,,,,,,,,,Y,2,0,3,2,A,-,09,21802,A,N,D,C,A,A,H,-,A,A,0,,,,,Y,,A,08,1,0,2,0,0,0,0,0,0,"- ","- ",36.778968811035156,-119.90733337402344,FRESNO,UNINCORPORATED,-119.90727996826172,36.778923034667969
92004900,2023,2023-02-28,9435,2023-02-18,1515,021135,,6,2,9,1000,0,3,5,,2,025,"FRIANT ROAD","WILLOW AVENUE",0.00,,Y,A,-,N,,,,,,,,,,N,3,0,2,2,A,-,09,21801,A,N,D,C,A,A,H,-,A,D,0,,,,,Y,,D,22,0,1,1,0,0,0,0,0,0,"- ","- ",36.921108245849609,-119.73377990722656,FRESNO,UNINCORPORATED,-119.73360443115234,36.921077728271484
92004909,2023,2023-02-28,9435,2023-02-20,1055,016507,,1,1,9,1000,0,3,5,,2,060,"SOUTH AVE","HILL AVE",0.00,,Y,A,-,N,,,,,,,,,,Y,4,0,2,2,A,-,09,21802,A,N,D,C,A,A,H,-,A,A,0,,,,,Y,,A,01,0,0,2,0,0,0,0,0,0,"- ","- ",36.617630004882812,-119.34043884277344,FRESNO,UNINCORPORATED,-119.68798828125,36.619983673095703
92004913,2023,2023-02-28,9435,2023-02-18,1620,020942,,6,2,9,1000,0,3,5,,2,010,"GOLDENROD AVENUE","BELMONT AVENUE",0.00,,Y,A,-,N,,,,,,,,,,Y,4,0,2,2,A,-,09,21802,A,N,D,C,A,A,H,-,A,A,0,,,,,Y,,A,01,0,0,2,0,0,0,0,0,0,"- ","- ",36.749549865722656,-120.04250335693359,FRESNO,UNINCORPORATED,-120.04244232177734,36.749546051025391
92004925,2023,2023-07-20,9435,2023-02-20,1130,020680,,1,1,9,1000,0,1,3,,2,181,"SR-180 W/B TO SR-99 N/B","SR-99 N/B",1250.00,E,N,B,-,Y,FRE,,180," ",R,56.555,H,,L,Y,4,0,1,2,A,-,07,21658,A,N,B,C,A,A,H,-,A,D,0,,,,,Y,,D,22,0,0,1,0,0,0,0,0,0,"- ","- ",36.743091583251953,-119.81118011474609,FRESNO,UNINCORPORATED,-119.81112670898438,36.743022918701172
92004958,2023,2023-02-28,9435,2023-02-18,2130,021357,,6,2,7,1005,0,1,3,,2,106,"SR-99 S/B","CENTRAL AVE",426.00,N,N,A,-,Y,FRE,,99," "," ",15.951,H,,L,Y,3,0,2,2,A,-,07,21658,A,N,B,C,A,A,H,-,D,D,0,,,,Y,Y,,G,25,0,1,1,0,0,0,0,0,0,"- ","- ",36.678840637207031,-119.74266815185547,FRESNO,FRESNO,-119.74268341064453,36.678829193115234
92004963,2023,2023-02-28,9435,2023-02-20,"345 ",021594,,1,3,7,1005,0,3,5,,2,030,"ASHLAN AVENUE W/B","MANILA AVENUE",250.00,W,N,A,-,N,,,,,,,,,,N,4,0,1,2,A,-,08,22107,,N,B,E,A,A,H,-,D,D,0,,,,,Y,,A,01,0,0,1,0,0,0,0,0,0,"- ","- ",36.793781280517578,-119.69553375244141,FRESNO,FRESNO,-119.69541168212891,36.793716430664062
92004973,2023,2023-02-28,9435,2023-02-20,"738 ",015890,,1,1,9,1000,0,3,5,,2,015,"JEFFERSON AVE","EAST AVE",0.00,,Y,A,-,N,,,,,,,,,,Y,4,0,1,2,A,-,12,22450,A,N,D,C,A,A,H,-,A,A,0,,,,,Y,,D,22,0,0,1,0,0,0,0,0,0,"- ","- ",36.656070709228516,-119.77278137207031,FRESNO,UNINCORPORATED,-119.77275848388672,36.656074523925781
92005125,2023,2023-02-28,9435,2023-02-27,"832 ",020122,,1,1,7,1005,0,1,3,,2,410,"SOUTHBOUND STATE ROUTE 41","ALLUVIAL AVENUE",90.00,N,N,C,-,Y,FRE,,41," ",R,30.987,H,,R,Y,4,0,2,2,A,-,03,22350,,N,C,C,A,B,H,-,A,D,0,,,,,Y,,A,01,0,0,2,0,0,0,0,0,0,"- ","- ",36.845020294189453,-119.78517150878906,FRESNO,FRESNO,-119.78488159179688,36.845016479492188
92005131,2023,2023-02-28,9435,2023-02-22,1815,021119,,3,2,9,1000,0,3,5,,2,034,"MCCALL AVENUE","JEFFERSON AVENUE",15.00,N,N,B,-,N,,,,,,,,,,N,3,0,2,3,A,-,03,22350,,N,C,C,A,B,H,-,D,D,0,,,,,Y,,D,22,0,1,1,0,0,0,0,0,0,"- ","- ",36.656299591064453,-119.61061859130859,FRESNO,UNINCORPORATED,-119.61058807373047,36.656280517578125
92005168,2023,2023-02-28,9435,2023-02-23,"720 ",015095,,4,1,7,1005,0,1,3,,2,181,"SR-180 W/B","H STREET",50.00,W,N,A,-,Y,FRE,,180," ",R,56.823,H,,L,Y,4,0,1,2,A,-,03,22350,,N,C,C,A,A,H,-,A,D,0,,,,,Y,,A,01,0,0,1,0,0,0,0,0,0,"- ","- ",36.7452392578125,-119.80709075927734,FRESNO,FRESNO,-119.80706024169922,36.745201110839844
92005380,2023,2023-02-28,9435,2023-02-24,"610 ",015986,,5,1,7,1005,0,1,3,,2,105,SR99,"ASHLAN AVENUR",298.00,S,N,C,-,Y,FRE,,99," "," ",26.378,H,,R,Y,3,0,1,2,A,-,03,22350,,N,E,I,A,B,H,-,D,D,0,,,,Y,Y,,A,01,0,1,0,0,0,0,0,0,0,"- ","- ",36.792098999023438,-119.86293792724609,FRESNO,FRESNO,-119.86294555664062,36.792091369628906
92005434,2023,2023-02-28,9435,2023-02-15,1805,021312,,3,2,2,1008,1,4,S,,2,901,"SIERRA ST","RAFER JOHNSON DR",117.00,E,N,A,-,N,,,,,,,,,,N,4,0,1,1,C,-,18,,,M,E,I,A,A,H,-,C,D,0,,,,,Y,,-,"- ",0,0,1,0,0,0,0,0,0,"- ","- ",36.518039703369141,-119.56561279296875,FRESNO,KINGSBURG,-119.56564331054688,36.517879486083984
92005448,2023,2023-02-28,9435,2023-02-24,1330,020193,,5,1,2,1008,0,1,3,,2,107,"STATE ROUTE 99","MENDOCINO AVENUE",1630.00,N,N,C,-,Y,FRE,,99," ",R,0.193,H,,R,N,4,0,1,1,A,-,08,22107,,N,E,I,A,B,H,-,A,D,0,,,,,Y,,A,01,0,0,1,0,0,0,0,0,0,"- ","- ",36.509910583496094,-119.55206298828125,FRESNO,KINGSBURG,-119.55198669433594,36.509960174560547
92005478,2023,2023-02-28,9435,2023-02-24,"750 ",015986,,5,1,7,1005,0,1,3,,2,105,SR99,"CLINTON AVENUE",200.00,N,N,C,-,Y,FRE,,99," ",R,24.458,H,,R,Y,3,0,2,2,A,-,03,22350,,N,B,C,A,B,H,-,A,D,0,,,,,Y,,A,01,0,2,0,0,0,0,0,0,0,"- ","- ",36.7724609375,-119.83902740478516,FRESNO,FRESNO,-119.83902740478516,36.7724609375
92005615,2023,2023-03-01,9435,2023-02-24,2240,021312,,5,3,9,1000,0,1,3,,2,410,"SR-41 S/B","ASHLAN AVE",275.00,N,N,B,C,Y,FRE,,41," ",R,27.531,H,,L,N,4,0,1,2,A,-,07,21658,A,M,B,C,A,B,H,-,D,D,0,,,,,Y,,-,99,0,0,1,0,0,0,0,0,0,"- ","- ",36.794998168945312,-119.78520965576172,FRESNO,UNINCORPORATED,-119.78522491455078,36.794998168945312
92006617,2023,2023-03-01,9435,2023-02-20,1245,014363,,1,1,9,1000,0,1,3,,2,107,"STATE ROUTE 99 NORTHBOUND FROM MOUNTAIN VIEW AVENU","MOUNTAIN VIEW AVENUE",351.00,N,N,A,-,Y,,,,,,,,,,N,3,0,1,1,A,-,08,22107,,N,E,I,A,A,H,-,A,D,0,,,,,Y,,A,01,0,1,0,0,0,0,0,0,0,"- ","- ",36.547641754150391,-119.59626007080078,FRESNO,UNINCORPORATED,-119.59626007080078,36.547641754150391
92006654,2023,2023-03-01,9435,2023-02-21,"953 ",014363,,2,1,9,1000,0,1,3,,2,107,"STATE ROUTE 99 (NORTHBOUND)","MANNING AVENUE",817.00,S,N,B,-,Y,FRE,,99," "," ",8.991,H,,R,N,2,0,1,1,C,-,18,,,N,E,I,A,A,H,-,A,D,0,,,,,Y,,-,"- ",1,0,0,0,0,0,0,0,0,"- ","- ",36.603580474853516,-119.6588134765625,FRESNO,UNINCORPORATED,-119.65892791748047,36.603496551513672
92006708,2023,2023-03-01,9435,2023-02-20,1453,020942,,1,2,9,1000,0,3,5,,2,010,"SHIELDS AVENUE","DOWER AVENUE",0.00,,Y,A,-,N,,,,,,,,,,Y,3,0,6,2,A,-,01,23153,G,F,D,C,A,A,H,-,A,A,0,,,,,Y,Y,A,01,0,6,0,0,0,0,0,0,0,"- ","- ",36.778690338134766,-119.97920989990234,FRESNO,UNINCORPORATED,-119.97914123535156,36.778671264648438
92006726,2023,2023-03-01,9435,2023-02-20,"329 ",021687,,1,3,9,1000,0,3,5,,2,034,"JENSEN AVENUE","DE WOLF AVENUE",0.00,,Y,A,-,N,,,,,,,,,,Y,3,0,1,2,A,-,09,21802,A,N,D,C,A,A,H,-,D,A,0,,,,,Y,,A,08,0,1,0,0,0,0,0,0,0,"- ","- ",36.70745849609375,-119.64598083496094,FRESNO,UNINCORPORATED,-119.64600372314453,36.707317352294922
92006760,2023,2023-03-01,9435,2023-02-24,1358,020429,,5,1,9,1000,0,3,5,,2,060,"MANNING AVENUE","PEDERSON AVE",550.00,W,N,B,C,N,,,,,,,,,,N,4,0,1,1,A,-,08,22107,,N,E,I,A,B,H,-,A,D,0,,,,,Y,,A,01,0,0,1,0,0,0,0,0,0,"- ","- ",36.603939056396484,-119.40596771240234,FRESNO,UNINCORPORATED,,