CASE_ID,ACCIDENT_YEAR,PROC_DATE,JURIS,COLLISION_DATE,COLLISION_TIME,OFFICER_ID,REPORTING_DISTRICT,DAY_OF_WEEK,CHP_SHIFT,POPULATION,CNTY_CITY_LOC,SPECIAL_COND,BEAT_TYPE,CHP_BEAT_TYPE,CITY_DIVISION_LAPD,CHP_BEAT_CLASS,BEAT_NUMBER,PRIMARY_RD,SECONDARY_RD,DISTANCE,DIRECTION,INTERSECTION,WEATHER_1,WEATHER_2,STATE_HWY_IND,CALTRANS_COUNTY,CALTRANS_DISTRICT,STATE_ROUTE,ROUTE_SUFFIX,POSTMILE_PREFIX,POSTMILE,LOCATION_TYPE,RAMP_INTERSECTION,SIDE_OF_HWY,TOW_AWAY,COLLISION_SEVERITY,NUMBER_KILLED,NUMBER_INJURED,PARTY_COUNT,PRIMARY_COLL_FACTOR,PCF_CODE_OF_VIOL,PCF_VIOL_CATEGORY,PCF_VIOLATION,PCF_VIOL_SUBSECTION,HIT_AND_RUN,TYPE_OF_COLLISION,MVIW,PED_ACTION,ROAD_SURFACE,ROAD_COND_1,ROAD_COND_2,LIGHTING,CONTROL_DEVICE,CHP_ROAD_TYPE,PEDESTRIAN_ACCIDENT,BICYCLE_ACCIDENT,MOTORCYCLE_ACCIDENT,TRUCK_ACCIDENT,NOT_PRIVATE_PROPERTY,ALCOHOL_INVOLVED,STWD_VEHTYPE_AT_FAULT,CHP_VEHTYPE_AT_FAULT,COUNT_SEVERE_INJ,COUNT_VISIBLE_INJ,COUNT_COMPLAINT_PAIN,COUNT_PED_KILLED,COUNT_PED_INJURED,COUNT_BICYCLIST_KILLED,COUNT_BICYCLIST_INJURED,COUNT_MC_KILLED,COUNT_MC_INJURED,PRIMARY_RAMP,SECONDARY_RAMP,LATITUDE,LONGITUDE,COUNTY,CITY,POINT_X,POINT_Y
92026818,2023,2023-03-23,9435,2023-03-21,1935,019926,,2,2,7,1005,0,1,3,,2,181,"SR-180 E/B","FRESNO ST",450.00,W,N,B,C,Y,FRE,,180," ",R,58.282,H,,R,N,4,0,3,2,A,-,03,22350,,N,C,C,A,B,H,-,D,D,0,,,,,Y,,D,22,0,0,3,0,0,0,0,0,0,"- ","- ",36.753250122070312,-119.78309631347656,FRESNO,FRESNO,-119.78311157226562,36.7532958984375
92026822,2022,2023-03-23,9435,2022-09-16,1930,021547,,5,2,9,1000,0,1,3,,2,105,"STATE ROUTE 99 SOUTHBOUND","SHAW AVENUE",600.00,N,N,A,-,Y,FRE,,99,,,28.232,H,,L,Y,1,1,0,2,A,-,03,22350,,N,E,J,A,A,C,-,D,D,0,,,Y,,Y,,C,02,0,0,0,0,0,0,0,1,0,"- ","- ",36.809238433837891,-119.88886260986328,FRESNO,UNINCORPORATED,-119.8887939453125,36.809295654296875
92026883,2023,2023-03-23,9435,2023-03-20,1525,021606,,1,2,9,1000,0,3,5,,2,010,"SHIELDS AVE.","BRYAN AVE.",0.00,,Y,B,-,N,,,,,,,,,,N,4,0,1,3,A,-,09,21802,A,N,D,C,A,A,H,-,A,A,0,,,,,Y,,A,01,0,0,1,0,0,0,0,0,0,"- ","- ",36.778938293457031,-119.90730285644531,FRESNO,UNINCORPORATED,-119.90727996826172,36.778923034667969
92026930,2022,2023-03-23,9435,2022-08-18,1517,021386,,4,2,9,1000,0,3,5,,2,015,"CHURCH AVENUE","WEST AVENUE",634.00,W,N,A,-,N,,,,,,,,,,Y,1,1,3,3,A,-,03,22350,,N,C,C,A,A,H,-,A,D,0,,,,,Y,,A,07,1,1,1,0,0,0,0,0,0,"- ","- ",36.714000701904297,-119.82903289794922,FRESNO,UNINCORPORATED,-119.56313323974609,36.713970184326172
92026942,2023,2023-03-23,9461,2023-03-17,1925,017029,,5,2,9,1000,0,3,5,,2,030,"SAN DIEGO AVENUE","BELMONT AVENUE",300.00,S,N,B,-,N,,,,,,,,,,N,3,0,1,1,A,-,08,22107,,N,F,A,A,A,H,-,B,D,0,,,Y,,Y,,C,06,0,1,0,0,0,0,0,0,1,"- ","- ",36.750278472900391,-120.44130706787109,FRESNO,UNINCORPORATED,-120.44142150878906,36.748207092285156
92027023,2023,2023-03-23,9435,2023-03-20,1313,020062,,1,1,9,1000,0,1,3,,1,183,"SR180 WESTBOUND","OLIVER AVENUE",0.00,,Y,A,-,Y,FRE,,180," ",R,74.533,H,,L,Y,3,0,1,2,A,-,09,21802,A,N,D,C,A,A,H,-,A,A,0,,,,Y,Y,,A,07,0,1,0,0,0,0,0,0,0,"- ","- ",36.735019683837891,-119.49880218505859,FRESNO,UNINCORPORATED,-119.49880218505859,36.7349853515625
92027935,2023,2023-03-24,9435,2023-03-10,"925 ",015095,,5,1,7,1005,0,1,3,,2,410,"SR-41 S/B","GETTYSBURG AVENUE",528.00,S,N,B,C,Y,FRE,,41," ",R,27.857,H,,L,Y,3,0,3,3,A,-,03,22350,,N,B,C,A,B,H,-,A,D,0,,,,,Y,,D,22,0,3,0,0,0,0,0,0,0,"- ","- ",36.799678802490234,-119.78556823730469,FRESNO,FRESNO,-119.7855224609375,36.799678802490234
92028077,2023,2023-03-24,9435,2023-03-16,"728 ",015890,,4,1,9,1000,0,3,5,,2,040,"FLORAL AVE","CEDAR AVE",0.00,,Y,A,-,N,,,,,,,,,,Y,2,0,6,2,A,-,12,22450,A,N,D,C,A,A,H,-,A,A,0,,,,,Y,,A,07,1,4,1,0,0,0,0,0,0,"- ","- ",36.576339721679688,-119.75495147705078,FRESNO,UNINCORPORATED,-119.7548828125,36.576332092285156
92028109,2023,2023-03-24,9435,2023-02-26,"403 ",021687,,7,3,7,1005,0,1,3,,2,181,"SR-180 EASTBOUND","SAN PABLO AVENUE",50.00,E,N,C,-,Y,FRE,,180," ",R,57.620,H,,R,Y,2,0,2,2,C,-,18,,,N,C,C,A,B,H,-,D,D,0,,,,,Y,,-,"- ",2,0,0,0,0,0,0,0,0,"- ","- ",36.750930786132812,-119.79466247558594,FRESNO,FRESNO,-119.79465484619141,36.750911712646484
92028156,2023,2023-03-24,9435,2023-03-20,1952,021135,,1,2,2,1003,0,1,3,,2,410,"STATE ROUTE 41","SHIELDS AVENUE",1056.00,N,N,C,-,Y,FRE,,41," ",R,26.724,H,,L,N,4,0,2,2,A,-,07,21658,A,N,B,C,A,B,H,-,D,D,0,,,,,Y,,A,01,0,0,2,0,0,0,0,0,0,"- ","- ",36.783290863037109,-119.78473663330078,FRESNO,FIREBAUGH,-119.78474426269531,36.783290863037109
92028238,2023,2023-03-24,9435,2023-03-18,"915 ",019705,,6,1,9,1000,0,1,3,,1,411,"SR-41 S/B","MANNING AVENUE",82.00,S,N,A,-,Y,FRE,,41," ",R,14.057,H,,L,N,4,0,1,2,A,-,07,21658,A,N,B,C,A,A,H,-,A,D,0,,,Y,,Y,,C,02,0,0,1,0,0,0,0,0,1,"- ","- ",36.604648590087891,-119.78610229492188,FRESNO,UNINCORPORATED,-119.78619384765625,36.604648590087891
92028276,2023,2023-03-24,9435,2023-03-18,"921 ",020122,,6,1,9,1000,0,3,5,,2,010,"LAKE AVENUE","BELMONT AVENUE",0.00,,Y,A,-,N,,,,,,,,,,Y,4,0,2,2,A,-,09,21802,A,N,D,C,A,A,H,-,A,A,0,,,,Y,Y,,A,01,0,0,2,0,0,0,0,0,0,"- ","- ",36.749439239501953,-120.13230133056641,FRESNO,UNINCORPORATED,-120.13225555419922,36.749393463134766
92029235,2023,2023-03-27,9435,2023-03-26,2345,021402,,7,3,7,1005,0,1,3,,2,105,"SR-99 S/B","ASHLAN AVENUE",2000.00,S,N,A,-,Y,FRE,,99," "," ",26.228,H,,L,N,4,0,3,1,A,-,08,22107,,N,E,I,A,A,H,-,C,D,0,,,,,Y,,A,07,0,0,3,0,0,0,0,0,0,"- ","- ",36.790798187255859,-119.86077117919922,FRESNO,FRESNO,-119.8607177734375,36.790897369384766
92029322,2023,2023-03-27,9435,2023-03-19,2020,021086,,7,2,9,1000,0,1,3,,1,183,"STATE ROUTE 180","HIGHLAND AVENUE",825.00,E,N,B,-,Y,FRE,,180," ",R,67.531,H,,R,N,4,0,1,2,A,-,03,22350,,M,C,C,A,A,H,-,D,D,0,,,,,Y,,-,99,0,0,1,0,0,0,0,0,0,"- ","- ",36.736080169677734,-119.62481689453125,FRESNO,UNINCORPORATED,-119.62482452392578,36.735858917236328
92029479,2023,2023-03-27,9435,2023-03-11,2353,021702,,6,3,9,1000,0,3,5,,2,025,"MILLERTON RD","MARINA DR",528.00,W,N,A,-,N,,,,,,,,,,Y,3,0,3,2,A,-,05,21460,A,N,B,C,A,A,H,-,D,D,0,,,,,Y,,A,07,0,1,2,0,0,0,0,0,0,"- ","- ",36.984149932861328,-119.66184997558594,FRESNO,UNINCORPORATED,-119.66141510009766,36.984073638916016
92029534,2023,2023-03-27,9435,2023-03-17,1810,020887,,5,2,9,1000,0,3,5,,2,025,"MILLERTON RD","MARINA DR",686.00,W,N,A,-,N,,,,,,,,,,N,2,0,1,1,A,-,08,22107,,N,E,I,A,A,H,-,A,D,0,,,,,Y,,A,01,1,0,0,0,0,0,0,0,0,"- ","- ",36.984291076660156,-119.66211700439453,FRESNO,UNINCORPORATED,-119.66193389892578,36.984169006347656
92029541,2023,2023-06-21,9435,2023-03-12,1830,021606,,7,2,9,1000,0,3,5,,2,040,"MT WHITNEY AVE.","ELM AVE.",0.00,,Y,B,C,N,,,,,,,,,,N,4,0,2,2,A,-,09,21802,A,N,D,C,A,B,H,-,A,A,0,,,,,Y,,-,"- ",0,0,2,0,0,0,0,0,0,"- ","- ",36.431079864501953,-119.79836273193359,FRESNO,UNINCORPORATED,-119.79833221435547,36.431045532226562
92029551,2023,2023-03-27,9435,2023-03-12,2120,021386,,7,2,9,1000,0,3,5,,2,034,"GOLDEN STATE FRONTAGE ROAD","CLOVIS AVENUE",400.00,N,N,C,-,N,,,,,,,,,,Y,4,0,1,2,A,-,08,22107,,N,B,C,A,B,H,-,D,D,0,,,,,Y,,A,01,0,0,1,0,0,0,0,0,0,"- ","- ",36.647281646728516,-119.701171875,FRESNO,UNINCORPORATED,-119.70030975341797,36.645370483398438
92029605,2023,2023-03-27,9435,2023-03-22,1625,019926,,3,2,7,1005,0,1,3,,2,105,"SR-99 N/B","STANISLAUS ST",500.00,N,N,B,-,Y,FRE,,99," "," ",21.115,H,,R,N,4,0,1,2,A,-,03,22350,,N,C,C,A,A,H,-,A,D,0,,,,,Y,,A,01,0,0,1,0,0,0,0,0,0,"- ","- ",36.735210418701172,-119.80361175537109,FRESNO,FRESNO,-119.80363464355469,36.735191345214844
92029613,2023,2023-03-27,9435,2023-03-21,2000,020887,,2,2,9,1000,0,3,5,,2,025,"MILLERTON RD","VIA MIRA BELLA",634.00,E,N,C,-,N,,,,,,,,,,N,4,0,1,2,A,-,08,22107,,N,B,C,A,B,H,-,D,D,0,,,,,Y,,A,01,0,0,1,0,0,0,0,0,0,"- ","- ",36.990428924560547,-119.69484710693359,FRESNO,UNINCORPORATED,,
92029677,2022,2023-03-27,9435,2022-10-28,1920,020887,,5,2,9,1000,0,3,5,,2,025,"MAPLE AVENUE","YALE AVENUE",150.00,S,N,A,-,N,,,,,,,,,,N,1,1,0,2,A,-,11,21954,A,N,G,B,D,A,H,-,D,D,0,Y,,,,Y,,N,60,0,0,0,1,0,0,0,0,0,"- ","- ",36.769519805908203,-119.74539947509766,FRESNO,UNINCORPORATED,-119.74539947509766,36.769557952880859
92029814,2023,2023-03-27,9495,2023-03-18,"628 ",019789,,6,1,9,1000,0,3,5,,2,053,"JAYNE AVENUE","S. GLENN AVENUE",80.00,E,N,A,-,N,,,,,,,,,,Y,3,0,3,3,A,-,09,21801,,F,A,C,A,A,H,-,D,D,0,,,,,Y,,E,22,0,3,0,0,0,0,0,0,0,"- ","- ",36.137760162353516,-120.16416168212891,FRESNO,UNINCORPORATED,-120.16420745849609,36.137741088867188
92029823,2023,2023-03-27,9435,2023-03-20,1545,021119,,1,2,9,1000,0,3,5,,2,034,"MCCALL AVENUE","SOUTH AVENUE",0.00,,Y,A,-,N,,,,,,,,,,Y,4,0,4,3,A,-,09,21802,A,N,D,C,A,A,H,-,A,A,0,,,,,Y,,A,01,0,0,4,0,0,0,0,0,0,"- ","- ",36.619819641113281,-119.61067199707031,FRESNO,UNINCORPORATED,-119.61066436767578,36.61981201171875
92029824,2023,2023-03-27,9435,2023-03-20,1605,020942,,1,2,9,1000,0,3,5,,2,015,"FANTZ AVENUE","SARAH STREET",250.00,W,N,A,-,N,,,,,,,,,,Y,4,0,1,3,A,-,08,22107,,N,A,E,A,A,H,-,A,D,0,,,,,Y,,A,07,0,0,1,0,0,0,0,0,0,"- ","- ",36.652000427246094,-119.77874755859375,FRESNO,UNINCORPORATED,-119.77880859375,36.652023315429688
92030572,2022,2023-03-28,9435,2022-08-26,1400,021119,,5,2,9,1000,0,1,3,,1,412,"STATE ROUTE 41","HARLAN AVENUE",915.00,S,N,A,-,Y,FRE,,41,,R,3.005,H,,R,Y,1,1,0,2,A,-,06,21750,,N,E,I,A,A,H,-,A,D,0,,,Y,Y,Y,,C,02,0,0,0,0,0,0,0,1,0,"- ","- ",36.445079803466797,-119.79833221435547,FRESNO,UNINCORPORATED,-119.79833221435547,36.445079803466797
92030574,2022,2023-03-28,9435,2022-12-10,1330,020062,,6,1,9,1000,0,3,5,,2,034,"DE WOLF AVENUE","NORTH AVENUE",0.00,,Y,B,-,N,,,,,,,,,,Y,1,2,0,2,A,-,12,22450,A,N,D,C,A,A,H,-,A,A,0,,,,Y,Y,,A,01,0,0,0,0,0,0,0,0,0,"- ","- ",36.692581176757812,-119.64598846435547,FRESNO,UNINCORPORATED,-119.64596557617188,36.692550659179688
92030589,2023,2023-03-28,9435,2023-03-25,"753 ",020062,,6,1,9,1000,0,3,5,,2,034,"CENTRAL AVENUE","BETHEL AVENUE",0.00,,Y,A,-,N,,,,,,,,,,Y,3,0,3,2,A,-,12,22450,A,N,D,C,A,A,H,-,A,A,0,,,,,Y,,A,01,0,1,2,0,0,0,0,0,0,"- ","- ",36.677711486816406,-119.57440948486328,FRESNO,UNINCORPORATED,-119.57437133789062,36.677707672119141
92030593,2023,2023-05-19,9495,2023-03-26,1900,021473,,7,2,9,1000,0,1,1,,2,002,"INTERSTATE 5 NORTHBOUND","EXCELSIOR AVENUE",845.00,S,N,A,-,Y,FRE,,5," "," ",26.650,H,,R,N,4,0,2,2,A,-,03,22350,,N,C,C,A,A,H,-,A,D,0,,,,,Y,,A,07,0,0,2,0,0,0,0,0,0,"- ","- ",36.397010803222656,-120.35916137695312,FRESNO,UNINCORPORATED,-120.35923004150391,36.396965026855469
92030727,2023,2023-03-28,9435,2023-03-20,1247,015890,,1,1,9,1000,0,1,3,,1,430,SR-43,"NEBRASKA AVENUE",5280.00,S,N,A,-,Y,FRE,,43," "," ",7.500,H,,R,N,3,0,1,2,A,-,06,21755,A,N,B,C,A,A,H,-,A,D,0,,,,,Y,,A,01,0,1,0,0,0,0,0,0,0,"- ","- ",36.549461364746094,-119.62882995605469,FRESNO,UNINCORPORATED,-119.62876892089844,36.549461364746094
92031018,2022,2023-03-28,9435,2022-11-15,1718,015806,,2,2,7,1005,1,3,5,,2,010,"BRYAN AVENUE","ASHLAN AVENUE",2.00,N,N,A,-,N,,,,,,,,,,N,4,0,1,1,A,-,08,22107,,N,E,J,A,A,H,-,B,A,0,,,,,Y,,H,13,0,0,1,0,0,0,0,0,0,"- ","- ",36.793758392333984,-119.90735626220703,FRESNO,FRESNO,-119.90740203857422,36.793605804443359
92031565,2023,2023-03-29,9435,2023-03-28,1630,020429,,2,2,9,1000,0,3,5,,2,060,"SQUAW VALLEY ROAD","SHOREWOOD LANE",0.00,,Y,B,C,N,,,,,,,,,,Y,3,0,1,2,A,-,09,21802,A,N,D,C,A,B,H,-,A,D,0,,,,,Y,,A,07,0,1,0,0,0,0,0,0,0,"- ","- ",36.678138732910156,-119.17640686035156,FRESNO,UNINCORPORATED,-119.1763916015625,36.678150177001953
92031576,2023,2023-03-29,9435,2023-03-28,1645,020887,,2,2,7,1005,0,1,3,,2,105,"SR-99 N/B","EL DORADO ST",792.00,N,N,C,-,Y,FRE,,99," "," ",21.630,H,,R,N,4,0,2,3,A,-,03,22350,,N,C,C,A,B,H,-,A,D,0,,,,,Y,,A,01,0,0,2,0,0,0,0,0,0,"- ","- ",36.739639282226562,-119.8109130859375,FRESNO,FRESNO,-119.81089782714844,36.739665985107422
92031599,2023,2023-03-29,9435,2023-03-25,1155,019263,,6,1,7,1005,0,1,3,,2,410,"SR-41 N/B","SR-180 E/B",528.00,S,N,A,-,Y,FRE,,41," ",R,24.376,H,,R,Y,3,0,2,2,A,-,03,22350,,N,C,C,A,A,H,-,A,D,0,,,,,Y,,A,01,0,1,1,0,0,0,0,0,0,"- ","- ",36.752159118652344,-119.77588653564453,FRESNO,FRESNO,-119.77586364746094,36.752159118652344
92031810,2023,2023-03-29,9435,2023-03-23,"740 ",017310,,4,1,7,1005,0,1,3,,2,410,"SR 41 NB","VENTURA ST",105.00,N,N,A,-,Y,FRE,,41," ",R,23.272,H,,R,N,3,0,1,1,A,-,08,22107,,N,E,I,A,B,H,-,A,D,0,,,,,Y,,A,01,0,1,0,0,0,0,0,0,0,"- ","- ",36.736209869384766,-119.77748107910156,FRESNO,FRESNO,-119.77732849121094,36.736213684082031
92031831,2023,2023-03-29,9435,2023-03-29,"715 ",019263,,3,1,9,1000,0,3,5,,2,015,"BRAWLEY AVE","JENSEN AVE",5.00,S,N,B,-,N,,,,,,,,,,N,4,0,1,2,A,-,08,22107,,F,B,C,A,A,H,-,A,D,0,,,,,Y,,A,01,0,0,1,0,0,0,0,0,0,"- ","- ",36.706459045410156,-119.86238861083984,FRESNO,UNINCORPORATED,-119.86237335205078,36.706504821777344
92032468,2023,2023-03-30,9435,2023-03-28,1615,018746,,2,2,5,1001,0,1,3,,1,168,SR-168,"HERNDON AVENUE",56.00,N,N,B,C,Y,,,,,,,,,,Y,4,0,1,1,A,-,08,22107,,N,E,I,A,B,H,-,A,D,0,,,,,Y,,D,22,0,0,1,0,0,0,0,0,0,"- ","- ",36.837669372558594,-119.70378112792969,FRESNO,CLOVIS,-119.70352935791016,36.837448120117188
92032494,2023,2023-03-30,9435,2023-03-23,2336,020854,,4,3,9,1000,0,3,5,,2,034,"GOLDEN STATE BOULEVARD","CITRON AVENUE",500.00,N,N,A,-,N,,,,,,,,,,Y,4,0,2,1,A,-,08,22107,,N,A,I,A,A,H,-,D,D,0,,,,,Y,,A,01,0,0,2,0,0,0,0,0,0,"- ","- ",36.653949737548828,-119.7080078125,FRESNO,UNINCORPORATED,-119.70783996582031,36.653598785400391
92032551,2023,2023-03-30,9435,2023-02-14,1225,016507,,2,1,9,1000,0,1,3,,2,184,"STATE ROUTE 180","FRANKWOOD AVENUE",8448.00,E,N,A,-,Y,FRE,,180," "," ",79.526,H,,R,Y,1,1,0,1,A,-,08,22107,,N,E,I,A,A,H,-,A,D,0,,,,,Y,Y,D,22,0,0,0,0,0,0,0,0,0,"- ","- ",36.714881896972656,-119.42086791992188,FRESNO,UNINCORPORATED,-119.42086791992188,36.714912414550781
92032555,2022,2023-03-30,9435,2022-11-11,0010,020540,,5,3,7,1005,0,3,5,,2,060,"MANNING AVENUE","PORTER AVENUE",529.00,E,N,A,-,N,,,,,,,,,,Y,1,1,1,1,A,-,01,23152,G,N,E,I,A,A,H,-,D,D,0,,,,,Y,Y,A,01,1,0,0,0,0,0,0,0,0,"- ","- ",36.603588104248047,-119.365478515625,FRESNO,FRESNO,-119.36592864990234,36.603534698486328
92032663,2023,2023-03-30,9435,2023-03-11,1700,020901,,6,2,7,1005,0,1,3,,2,105,"RT 180","FULTON ST",700.00,E,N,C,-,Y,FRE,,180," ",R,57.400,H,,L,Y,4,0,2,5,A,-,03,22350,,M,D,C,A,B,H,-,A,D,0,,,,,Y,,D,22,0,0,2,0,0,0,0,0,0,"- ","- ",36.749881744384766,-119.79824066162109,FRESNO,FRESNO,-119.79822540283203,36.749862670898438
92032714,2023,2023-03-30,9495,2023-03-21,"802 ",019789,,2,1,3,1002,1,4,S,,2,901,"SUNSET AVENUE","CAMBRIDGE AVENUE",400.00,S,N,C,-,N,,,,,,,,,,N,4,0,1,1,A,-,09,21804,A,N,H,A,A,B,H,-,A,D,0,,,,,Y,,H,13,0,0,1,0,0,0,0,0,0,"- ","- ",36.149810791015625,-120.36353302001953,FRESNO,COALINGA,-120.36347198486328,36.149860382080078
92032775,2023,2023-03-30,9435,2023-03-23,1415,021606,,4,2,7,1005,0,1,3,,2,105,SR-99,"CLINTON AVE",1350.00,S,N,A,-,Y,FRE,,99," "," ",24.135,H,,R,N,4,0,1,2,A,-,03,22350,,N,C,C,A,B,H,-,A,D,0,,,,,Y,,A,07,0,0,1,0,0,0,0,0,0,"- ","- ",36.768348693847656,-119.83618927001953,FRESNO,FRESNO,-119.83624267578125,36.768329620361328
92032808,2023,2023-03-30,9435,2023-03-30,"950 ",015095,,4,1,7,1005,0,1,3,,1,168,"SR-168 E/B","MCKINLEY AVE",650.00,S,N,B,-,Y,FRE,,168," ",R,0.881,H,,R,N,4,0,1,2,A,-,03,22350,,N,C,C,A,A,H,-,A,D,0,,,,,Y,,A,01,0,0,1,0,0,0,0,0,0,"- ","- ",36.763118743896484,-119.74913024902344,FRESNO,FRESNO,-119.7491455078125,36.763118743896484
92032913,2023,2023-03-30,9495,2023-03-28,"625 ",021029,,2,1,9,1000,0,3,5,,2,053,"JAYNE AVENUE","SUTTER AVENUE",0.00,,Y,A,-,N,,,,,,,,,,Y,4,0,1,2,A,-,03,22350,,N,C,C,A,A,H,-,A,D,0,,,,,Y,,A,01,0,0,1,0,0,0,0,0,0,"- ","- ",36.137508392333984,-120.20037078857422,FRESNO,UNINCORPORATED,-120.20026397705078,36.137527465820312
92032923,2022,2023-03-30,9435,2022-05-01,2025,020887,,7,2,7,1005,0,1,3,,2,181,"SR-180 W/B","CLOVIS AVE",10.00,E,N,A,-,Y,FRE,,180,,R,62.896,H,,L,N,4,0,1,1,A,-,08,22107,,N,E,I,A,A,H,-,C,D,0,,,,,Y,,A,01,0,0,1,0,0,0,0,0,0,"- ","- ",36.75299072265625,-119.70025634765625,FRESNO,FRESNO,-119.70024871826172,36.752830505371094
92033012,2023,2023-03-30,9435,2023-03-21,1051,015890,,2,1,9,1000,0,3,5,,2,040,"MAPLE AVE","EXCELSIOR AVE",0.00,,Y,B,-,N,,,,,,,,,,Y,3,0,1,2,A,-,09,21802,A,N,D,C,A,A,H,-,A,A,0,,,,,Y,,D,22,0,1,0,0,0,0,0,0,0,"- ","- ",36.401908874511719,-119.75311279296875,FRESNO,UNINCORPORATED,-119.75260162353516,36.401767730712891
92033032,2023,2023-03-30,9435,2023-02-13,1540,021031,,1,2,9,1000,0,3,5,,2,040,"FLORAL AVENUE","CHESTNUT AVENUE",0.00,,Y,A,-,N,,,,,,,,,,Y,4,0,1,3,A,-,12,22450,A,M,D,C,A,A,H,-,A,A,0,,,,,Y,,A,01,0,0,1,0,0,0,0,0,0,"- ","- ",36.576419830322266,-119.73697662353516,FRESNO,UNINCORPORATED,-119.7369384765625,36.576377868652344
92035639,2023,2023-04-03,9435,2023-04-03,"625 ",019263,,1,1,7,1005,0,1,3,,2,181,"SR-180 WB","FIRST ST",1200.00,E,N,A,-,Y,FRE,,180," ",R,59.114,H,,L,Y,4,0,2,2,A,-,08,22107,,N,A,C,A,A,A,H,A,D,0,,,,,Y,,A,01,0,0,2,0,0,0,0,0,0,"- ","- ",36.755100250244141,-119.76825714111328,FRESNO,FRESNO,-119.76825714111328,36.755130767822266
92035672,2023,2023-04-03,9435,2023-03-26,2015,021148,,7,2,9,1000,0,1,3,,2,107,"SR-99 N/B","FLORAL AVENUE",7128.00,N,N,A,-,Y,FRE,,99," "," ",7.885,H,,R,Y,3,0,1,2,A,-,01,23152,A,M,B,C,A,A,H,-,A,D,0,,,,Y,Y,Y,A,01,0,1,0,0,0,0,0,0,0,"- ","- ",36.59149169921875,-119.64572906494141,FRESNO,UNINCORPORATED,-119.64580535888672,36.591438293457031
92035863,2023,2023-04-03,9435,2023-03-27,"730 ",019705,,1,1,9,1000,0,1,3,,2,105,"SR-99 NORTHBOUND","HERNDON AVE",1584.00,S,N,A,-,Y,FRE,,99," "," ",29.275,H,,R,Y,3,0,2,2,A,-,08,22107,,N,B,C,A,A,H,-,A,D,0,,,,,Y,,A,01,0,2,0,0,0,0,0,0,0,"- ","- ",36.820068359375,-119.90190124511719,FRESNO,UNINCORPORATED,-119.90193939208984,36.820041656494141
92035938,2023,2023-04-03,9435,2023-03-23,"545 ",015890,,4,3,9,1000,0,3,5,,2,015,"CORNELIA AVENUE","JENSEN AVENUE",0.00,,Y,A,-,N,,,,,,,,,,Y,3,0,1,2,A,-,09,21802,A,N,D,C,A,A,H,-,D,A,0,,,,,Y,,D,22,0,1,0,0,0,0,0,0,0,"- ","- ",36.706401824951172,-119.88056182861328,FRESNO,UNINCORPORATED,-119.88052368164062,36.7064208984375
92036392,2023,2023-04-04,9435,2023-03-23,"645 ",021031,,4,1,9,1000,0,1,3,,1,180,SR-180,"DICKENSON AVENUE",770.00,E,N,A,-,Y,FRE,,180," "," ",47.495,H,,R,Y,4,0,3,4,A,-,03,22350,,N,C,C,A,A,H,-,B,D,0,,,,,Y,,A,08,0,0,3,0,0,0,0,0,0,"- ","- ",36.734981536865234,-119.97265625,FRESNO,UNINCORPORATED,-119.97265625,36.734977722167969
92036394,2023,2023-04-04,9435,2023-03-25,1620,021606,,6,2,9,1000,0,3,5,,2,015,"ELM AVE.","CENTRAL AVE.",0.00,,Y,A,-,N,,,,,,,,,,Y,3,0,2,2,A,-,12,22450,A,N,D,C,A,A,H,-,A,B,0,,,,,Y,,A,01,0,1,1,0,0,0,0,0,0,"- ","- ",36.677940368652344,-119.79075622558594,FRESNO,UNINCORPORATED,-119.790771484375,36.677944183349609
92036443,2023,2023-04-04,9435,2023-03-15,2126,021230,,3,2,7,1005,0,1,3,,2,410,"STATE ROUTE 41 SOUTHBOUND","SHIELDS AVENUE",950.00,S,N,A,-,Y,FRE,,41," ",R,26.411,H,,L,N,4,0,1,4,A,-,01,23152,A,N,E,I,A,A,H,-,D,D,0,,,,,Y,Y,A,01,0,0,1,0,0,0,0,0,0,"- ","- ",36.778770446777344,-119.78495788574219,FRESNO,FRESNO,-119.7850341796875,36.778774261474609
92036444,2023,2023-04-04,9435,2023-04-01,2015,021119,,6,2,9,1000,0,3,5,,2,020,"MARKS AVENUE","CARUTHERS AVENUE",500.00,N,N,A,-,N,,,,,,,,,,N,4,0,1,2,A,-,08,22107,,N,B,C,A,A,H,-,D,D,0,,,,,Y,,A,07,0,0,1,0,0,0,0,0,0,"- ","- ",36.538951873779297,-119.84525299072266,FRESNO,UNINCORPORATED,-119.84522247314453,36.541263580322266