CASE_ID,ACCIDENT_YEAR,PROC_DATE,JURIS,COLLISION_DATE,COLLISION_TIME,OFFICER_ID,REPORTING_DISTRICT,DAY_OF_WEEK,CHP_SHIFT,POPULATION,CNTY_CITY_LOC,SPECIAL_COND,BEAT_TYPE,CHP_BEAT_TYPE,CITY_DIVISION_LAPD,CHP_BEAT_CLASS,BEAT_NUMBER,PRIMARY_RD,SECONDARY_RD,DISTANCE,DIRECTION,INTERSECTION,WEATHER_1,WEATHER_2,STATE_HWY_IND,CALTRANS_COUNTY,CALTRANS_DISTRICT,STATE_ROUTE,ROUTE_SUFFIX,POSTMILE_PREFIX,POSTMILE,LOCATION_TYPE,RAMP_INTERSECTION,SIDE_OF_HWY,TOW_AWAY,COLLISION_SEVERITY,NUMBER_KILLED,NUMBER_INJURED,PARTY_COUNT,PRIMARY_COLL_FACTOR,PCF_CODE_OF_VIOL,PCF_VIOL_CATEGORY,PCF_VIOLATION,PCF_VIOL_SUBSECTION,HIT_AND_RUN,TYPE_OF_COLLISION,MVIW,PED_ACTION,ROAD_SURFACE,ROAD_COND_1,ROAD_COND_2,LIGHTING,CONTROL_DEVICE,CHP_ROAD_TYPE,PEDESTRIAN_ACCIDENT,BICYCLE_ACCIDENT,MOTORCYCLE_ACCIDENT,TRUCK_ACCIDENT,NOT_PRIVATE_PROPERTY,ALCOHOL_INVOLVED,STWD_VEHTYPE_AT_FAULT,CHP_VEHTYPE_AT_FAULT,COUNT_SEVERE_INJ,COUNT_VISIBLE_INJ,COUNT_COMPLAINT_PAIN,COUNT_PED_KILLED,COUNT_PED_INJURED,COUNT_BICYCLIST_KILLED,COUNT_BICYCLIST_INJURED,COUNT_MC_KILLED,COUNT_MC_INJURED,PRIMARY_RAMP,SECONDARY_RAMP,LATITUDE,LONGITUDE,COUNTY,CITY,POINT_X,POINT_Y
92044336,2023,2023-04-13,9495,2023-04-10,"741 ",020434,,1,1,9,1000,0,1,3,,1,008,"STATE ROUTE 198","INTERSTATE 5 SOUTHBOUND TO STATE ROUTE 198",70.00,E,N,A,-,Y,FRE,,198," "," ",26.727,H,,R,Y,4,0,1,2,A,-,03,22350,,N,C,C,A,A,H,-,A,A,0,,,,Y,Y,,A,07,0,0,1,0,0,0,0,0,0,"- ","- ",36.254348754882812,-120.24552917480469,FRESNO,UNINCORPORATED,-120.24552917480469,36.25433349609375
92044397,2023,2023-04-13,9435,2023-04-01,"640 ",019603,,6,1,9,1000,0,3,5,,2,015,"BRAWLEY AVENUE","CALIFORNIA AVENUE",0.00,,Y,A,-,N,,,,,,,,,,Y,2,0,3,2,A,-,09,21802,A,N,D,D,A,A,H,-,A,A,0,,,,,Y,,A,01,1,0,2,0,0,0,0,0,0,"- ","- ",36.721019744873047,-119.86244201660156,FRESNO,UNINCORPORATED,-119.86238861083984,36.721015930175781
92044398,2023,2023-04-13,9435,2023-04-01,"348 ",021386,,6,3,9,1000,0,3,5,,2,010,"ASHLAN AVENUE","HARRISON AVENUE",110.00,W,N,B,-,N,,,,,,,,,,Y,3,0,1,2,A,-,01,23152,A,N,C,E,A,A,H,-,D,D,0,,,,,Y,Y,A,01,0,1,0,0,0,0,0,0,0,"- ","- ",36.793811798095703,-119.81125640869141,FRESNO,UNINCORPORATED,-119.81116485595703,36.793880462646484
92044400,2023,2023-04-13,9435,2023-04-03,2116,020019,,1,2,9,1000,0,3,5,,2,030,"TERRACE AVENUE","MAPLE AVENUE",0.00,,Y,A,-,N,,,,,,,,,,Y,4,0,3,2,A,-,09,21802,A,N,D,C,A,A,H,-,C,A,0,,,,,Y,,A,07,0,0,3,0,0,0,0,0,0,"- ","- ",36.773220062255859,-119.745361328125,FRESNO,UNINCORPORATED,-119.74536895751953,36.773216247558594
92044553,2023,2023-04-13,9435,2023-04-11,1115,015890,,2,1,9,1000,0,3,5,,2,020,"KAMM AVENUE","MARKS AVENUE",0.00,,Y,A,-,N,,,,,,,,,,Y,3,0,2,2,A,-,12,22450,A,N,D,C,A,A,H,-,A,A,0,,,,Y,Y,,F,25,0,2,0,0,0,0,0,0,0,"- ","- ",36.532638549804688,-119.84526824951172,FRESNO,UNINCORPORATED,-119.84526824951172,36.532646179199219
92045196,2023,2023-04-14,9435,2023-04-07,1418,020019,,5,2,7,1005,0,1,3,,2,410,"STATE ROUTE 41 NORTHBOUND","PRINCETON AVENUE",55.00,N,N,B,-,Y,FRE,,41," ",R,26.226,H,,R,Y,4,0,2,2,A,-,03,22350,,N,C,C,A,A,H,-,A,D,0,,,,,Y,,A,01,0,0,2,0,0,0,0,0,0,"- ","- ",36.776069641113281,-119.78485870361328,FRESNO,FRESNO,-119.78484344482422,36.776069641113281
92045316,2023,2023-04-14,9435,2023-04-14,"702 ",015890,,5,1,9,1000,0,1,3,,1,412,"SR-41 (S/B)","FLORAL AVE",0.00,,Y,A,-,Y,FRE,,41," ",R,12.099,H,,R,N,4,0,1,2,A,-,09,21801,A,N,D,C,A,A,H,-,A,D,0,,,,,Y,,A,01,0,0,1,0,0,0,0,0,0,"- ","- ",36.576271057128906,-119.78594970703125,FRESNO,UNINCORPORATED,-119.78594970703125,36.576271057128906
92046339,2023,2023-04-17,9435,2023-04-05,2005,021148,,3,2,9,1000,0,3,5,,2,015,"JENSEN AVE","MARKS AVE",0.00,,Y,A,-,N,,,,,,,,,,Y,4,0,1,2,A,-,09,21802,A,N,D,C,A,A,H,-,D,A,0,,,,,Y,,A,01,0,0,1,0,0,0,0,0,0,"- ","- ",36.706649780273438,-119.84454345703125,FRESNO,UNINCORPORATED,-119.84449768066406,36.706626892089844
92046347,2023,2023-04-17,9495,2023-04-09,1623,021029,,7,2,9,1000,0,1,1,,2,002,"INTERSTATE 5 NORTHBOUND","DERRICK AVENUE (STATE ROUTE 33)",5280.00,S,N,A,-,Y,FRE,,5," "," ",28.739,H,,R,N,4,0,2,2,A,-,03,22350,,N,C,C,A,A,H,-,A,D,0,,,,,Y,,A,07,0,0,2,0,0,0,0,0,0,"- ","- ",36.421520233154297,-120.38124847412109,FRESNO,UNINCORPORATED,-120.38121795654297,36.421539306640625
92046377,2023,2023-04-17,9495,2023-04-10,"639 ",019789,,1,1,9,1000,0,1,3,,1,014,"STATE ROUTE 269","GALE AVENUE",0.00,,Y,A,-,Y,FRE,,269," "," ",7.637,H,,R,Y,4,0,1,2,A,-,03,22350,,N,C,C,A,A,H,-,A,D,0,,,,,Y,,A,01,0,0,1,0,0,0,0,0,0,"- ","- ",36.181308746337891,-120.10327911376953,FRESNO,UNINCORPORATED,-120.10327911376953,36.181308746337891
92046476,2023,2023-04-17,9495,2023-04-10,2125,021473,,1,2,9,1000,0,3,5,,2,053,"BUTTE AVENUE","GALE AVENUE",0.00,,Y,A,-,N,,,,,,,,,,Y,4,0,1,1,A,-,03,22350,,N,E,I,A,A,H,-,D,D,0,,,,,Y,,-,"- ",0,0,1,0,0,0,0,0,0,"- ","- ",36.181179046630859,-120.15699005126953,FRESNO,UNINCORPORATED,-120.15688323974609,36.181179046630859
92046767,2023,2023-04-17,9435,2023-04-09,1520,021086,,7,2,9,1000,0,1,3,,1,183,"ACADEMY AVENUE","STATE ROUTE 180",60.00,S,N,A,-,N,,,,,,,,,,N,4,0,1,2,A,-,03,22350,,M,C,C,A,A,H,-,A,A,0,,,,,Y,,-,99,0,0,1,0,0,0,0,0,0,"- ","- ",36.735679626464844,-119.55628204345703,FRESNO,UNINCORPORATED,-119.55631256103516,36.735736846923828
92046779,2023,2023-04-17,9435,2023-04-17,1106,015890,,1,1,9,1000,0,3,5,,2,020,"HAYES AVENUE","MANNING AVENUE",0.00,,Y,A,-,N,,,,,,,,,,Y,3,0,1,2,A,-,12,22450,A,N,D,C,A,A,H,-,A,A,0,,,,Y,Y,,E,22,0,1,0,0,0,0,0,0,0,"- ","- ",36.604709625244141,-119.89894104003906,FRESNO,UNINCORPORATED,-119.89891815185547,36.604736328125
92046909,2023,2023-04-17,9435,2023-04-06,1832,020019,,4,2,7,1005,0,1,3,,2,410,"STATE ROUTE 41 NORTHBOUND","MCKINLEY AVENUE",528.00,S,N,B,-,Y,FRE,,41," ",R,25.109,H,,R,Y,4,0,1,2,A,-,08,22107,,N,B,C,A,A,H,-,A,D,0,,,,,Y,,A,01,0,0,1,0,0,0,0,0,0,"- ","- ",36.762760162353516,-119.77545166015625,FRESNO,FRESNO,-119.77548980712891,36.762752532958984
92046924,2023,2023-04-17,9435,2023-04-04,2318,021702,,2,3,9,1000,0,3,5,,2,010,"ROLINDA AVE","DAKOTA AVE",1690.00,N,N,A,-,N,,,,,,,,,,Y,2,0,2,3,A,-,21,22106,,N,D,2,E,A,H,-,D,D,0,Y,,,,Y,,E,22,1,0,1,0,1,0,0,0,0,"- ","- ",36.790660858154297,-119.96115875244141,FRESNO,UNINCORPORATED,-119.96114349365234,36.790569305419922
92046960,2023,2023-04-17,9495,2023-04-04,"334 ",021628,,2,3,9,1000,0,1,1,,2,002,"INTERSTATE 5 SOUTHBOUND","STATE ROUTE 198",2640.00,N,N,A,-,Y,FRE,,5," "," ",15.420,H,,L,Y,3,0,4,2,A,-,03,22350,,F,C,2,A,A,H,-,D,D,0,,,,,Y,,A,01,0,3,1,0,0,0,0,0,0,"- ","- ",36.261379241943359,-120.24861907958984,FRESNO,UNINCORPORATED,-120.24861907958984,36.261383056640625
92046989,2023,2023-04-17,9435,2023-04-11,1825,021135,,2,2,7,1005,0,1,3,,2,410,"STATE ROUTE 41","MCKINLEY AVE",121.00,N,N,A,-,Y,FRE,,41," ",R,25.321,H,,L,N,3,0,1,2,A,-,07,21658,A,N,D,C,A,A,H,-,A,D,0,,,,,Y,,A,07,0,1,0,0,0,0,0,0,0,"- ","- ",36.765419006347656,-119.77761840820312,FRESNO,FRESNO,-119.77756500244141,36.765457153320312
92046993,2023,2023-04-17,9435,2023-03-31,"210 ",021547,,5,3,9,1000,0,1,3,,1,180,"WESTBOUND SR-180","CLOVIS AVENUE",1745.00,E,N,A,-,Y,FRE,,180," ",R,62.999,H,,R,Y,3,0,1,1,A,-,01,23152,A,N,E,I,A,A,H,-,A,D,0,,,,,Y,Y,A,01,0,1,0,0,0,0,0,0,0,"- ","- ",36.752559661865234,-119.69838714599609,FRESNO,UNINCORPORATED,-119.69839477539062,36.752651214599609
92047425,2023,2023-04-18,9435,2023-04-17,"845 ",019603,,1,1,7,1005,0,1,3,,2,410,"STATE ROUTE 41 NORTHBOUND","MCKINLEY AVENUE",1324.00,N,N,A,-,Y,FRE,,41," ",R,25.513,H,,R,N,3,0,2,2,A,-,03,22350,,N,C,C,A,A,H,-,A,D,0,,,,,Y,,A,07,0,1,1,0,0,0,0,0,0,"- ","- ",36.767269134521484,-119.78005218505859,FRESNO,FRESNO,-119.78002166748047,36.767303466796875
92047518,2023,2023-04-18,9435,2023-04-15,1050,019705,,6,1,9,1000,0,3,5,,2,015,"JENSEN AVE","FLOYD AVE",1056.00,E,N,A,-,N,,,,,,,,,,Y,4,0,2,1,A,-,08,22107,,N,E,I,A,A,H,-,A,D,0,,,,,Y,,A,01,0,0,2,0,0,0,0,0,0,"- ","- ",36.705760955810547,-119.99321746826172,FRESNO,UNINCORPORATED,-119.99382781982422,36.705890655517578
92047523,2023,2023-04-18,9435,2023-04-05,1319,014363,,3,1,9,1000,0,3,5,,2,034,"AMERICAN AVENUE","ACADEMY AVENUE",0.00,,Y,A,-,N,,,,,,,,,,N,3,0,1,2,A,-,09,21802,A,N,D,C,A,A,H,-,A,A,0,,,,,Y,,D,22,0,1,0,0,0,0,0,0,0,"- ","- ",36.663181304931641,-119.55654144287109,FRESNO,UNINCORPORATED,-119.55651092529297,36.663200378417969
92047647,2023,2023-04-24,9435,2023-04-06,"730 ",014363,,4,1,9,1000,0,3,5,,2,034,"MENDOCINO AVENUE","DINUBA AVENUE",1056.00,S,N,A,-,N,,,,,,,,,,N,4,0,1,1,A,-,08,22107,,N,E,I,A,A,H,-,A,D,0,,,,,Y,,A,01,0,0,1,0,0,0,0,0,0,"- ","- ",36.5877685546875,-119.54808807373047,FRESNO,UNINCORPORATED,-119.54802703857422,36.587512969970703
92048003,2023,2023-04-18,9435,2023-04-13,1050,015890,,4,1,9,1000,0,1,3,,1,412,"STATE ROUTE 41","FLORAL AVENUE",0.00,,Y,A,-,Y,FRE,,41," ",R,12.097,H,,R,Y,3,0,1,2,A,-,09,21801,A,N,D,C,A,A,H,-,A,D,0,,,,,Y,,A,01,0,1,0,0,0,0,0,0,0,"- ","- ",36.576248168945312,-119.78594970703125,FRESNO,UNINCORPORATED,-119.78594970703125,36.576248168945312
92048581,2023,2023-04-19,9435,2023-04-14,1415,021086,,5,2,9,1000,0,1,3,,2,410,"STATE ROUTE 41","VENTURA AVENUE",40.00,N,N,A,-,Y,FRE,,41," ",R,23.258,H,,R,N,4,0,1,2,D,-,00,,,N,B,C,A,A,H,-,A,D,0,,,,,Y,,-,"- ",0,0,1,0,0,0,0,0,0,"- ","- ",36.736011505126953,-119.77761077880859,FRESNO,UNINCORPORATED,-119.77732849121094,36.736015319824219
92048591,2023,2023-04-19,9435,2023-04-13,1457,021386,,4,2,9,1000,0,3,5,,2,020,"KAMM AVENUE","JAMESON AVENUE",0.00,,Y,A,-,N,,,,,,,,,,Y,4,0,1,2,A,-,12,22450,A,N,D,C,A,A,H,-,A,A,0,,,,,Y,,A,01,0,0,1,0,0,0,0,0,0,"- ","- ",36.532039642333984,-119.98963165283203,FRESNO,UNINCORPORATED,-119.98960876464844,36.532054901123047
92048748,2023,2023-04-19,9435,2023-04-09,2335,021315,,7,3,7,1005,0,1,3,,1,411,"STATE ROUTE 41","JENSEN AVENUE",1300.00,S,N,A,-,Y,FRE,,41," ",R,20.857,H,,L,Y,4,0,1,1,A,-,01,23152,A,N,E,I,A,A,H,-,C,D,0,,,,,Y,Y,A,01,0,0,1,0,0,0,0,0,0,"- ","- ",36.703281402587891,-119.78614807128906,FRESNO,FRESNO,-119.78605651855469,36.703273773193359
92048791,2023,2023-04-19,9435,2023-04-16,1905,021148,,7,2,9,1000,0,3,5,,2,034,"CLOVIS AVE","NORTH AVE",30.00,S,N,A,-,N,,,,,,,,,,Y,3,0,2,1,A,-,08,22107,,N,E,I,A,A,H,-,B,A,0,,,,,Y,,A,01,0,1,1,0,0,0,0,0,0,"- ","- ",36.692680358886719,-119.69965362548828,FRESNO,UNINCORPORATED,-119.69995880126953,36.692756652832031
92048817,2023,2023-04-19,9435,2023-04-14,"800 ",017310,,5,1,7,1005,0,1,3,,2,105,"RT 99","CLINTON AVE",1056.00,N,N,A,-,Y,FRE,,99," ",R,24.838,H,,R,N,3,0,1,2,A,-,03,22350,,N,C,C,A,A,H,-,A,D,0,,,,,Y,,A,01,0,1,0,0,0,0,0,0,0,"- ","- ",36.776679992675781,-119.84343719482422,FRESNO,FRESNO,-119.84334564208984,36.776748657226562
92049629,2023,2023-04-20,9435,2023-04-18,1510,020205,,2,2,9,1000,0,3,5,,2,034,"EASTBOUND MANNING AVE.","LEONARD AVE",1000.00,W,N,A,-,N,,,,,,,,,,N,4,0,1,1,A,-,08,22107,,N,F,J,A,A,H,-,A,D,0,,,,,Y,,A,01,0,0,1,0,0,0,0,0,0,"- ","- ",36.605270385742188,-119.64112091064453,FRESNO,UNINCORPORATED,-119.64089202880859,36.605220794677734
92049739,2023,2023-04-20,9435,2023-04-09,1812,021086,,7,2,9,1000,0,3,5,,2,030,"ACADEMY AVENUE","MCKINLEY AVENUE",385.00,S,N,A,-,N,,,,,,,,,,Y,4,0,1,1,A,-,01,23152,A,N,E,I,A,A,H,-,A,D,0,,,,,Y,Y,D,22,0,0,1,0,0,0,0,0,0,"- ","- ",36.763568878173828,-119.55625915527344,FRESNO,UNINCORPORATED,-119.55618286132812,36.763553619384766
92049876,2022,2023-04-20,9435,2022-11-19,0508,021230,,6,3,7,1005,0,1,3,,1,183,"STATE ROUTE180 WESTBOUND","CLOVIS AVENUE",410.00,E,N,A,-,Y,FRE,,180,,R,62.994,H,,L,N,4,0,2,2,A,-,01,23152,A,N,C,C,A,A,H,-,C,D,0,,,,Y,Y,Y,A,01,0,0,2,0,0,0,0,0,0,"- ","- ",36.752918243408203,-119.698486328125,FRESNO,FRESNO,-119.698486328125,36.752914428710938
92050767,2023,2023-04-21,9435,2023-04-20,"534 ",020540,,4,3,9,1000,0,3,5,,2,060,"ALTA AVENUE","DINUBA AVE",0.00,,Y,A,-,N,,,,,,,,,,Y,4,0,1,2,A,-,12,22450,A,N,D,C,A,A,H,-,C,A,0,,,,,Y,,D,22,0,0,1,0,0,0,0,0,0,"- ","- ",36.589500427246094,-119.39504241943359,FRESNO,UNINCORPORATED,-119.39502716064453,36.589420318603516
9205135,2020,2021-02-10,1001,2020-12-12,1939,5511,,6,5,5,1001,0,0,0,,0,007,"W SPRUCE AV","PEACH AV",0.00,,Y,A,-,N,,,,,,,,,,Y,4,0,1,3,A,-,09,21802,,N,D,C,A,A,H,-,C,D,0,,,,,Y,,A,01,0,0,1,0,0,0,0,0,0,"- ","- ",34.84014892578125,-119.72012329101562,FRESNO,CLOVIS,-119.72016143798828,36.840160369873047
92051601,2023,2023-04-24,9435,2023-04-12,2054,021135,,3,2,9,1000,0,3,5,,2,020,"BRAWLEY AVENUE","MT WHITNEY AVENUE",1690.00,S,N,A,-,N,,,,,,,,,,N,3,0,1,1,C,-,18,,,N,E,H,A,A,H,-,D,D,0,,,Y,,Y,,-,"- ",0,1,0,0,0,0,0,0,1,"- ","- ",36.425998687744141,-119.86917877197266,FRESNO,UNINCORPORATED,-119.86914825439453,36.426170349121094
92051700,2023,2023-04-24,9435,2023-04-14,1815,020540,,5,2,9,1000,0,3,5,,2,060,"AMERICAN AVENUE","PEDERSON AVENUE",0.00,,Y,A,-,N,,,,,,,,,,Y,4,0,2,2,A,-,12,22450,A,N,D,C,A,A,H,-,A,A,0,,,,,Y,,A,01,0,0,2,0,0,0,0,0,0,"- ","- ",36.661930084228516,-119.40360260009766,FRESNO,UNINCORPORATED,-119.40366363525391,36.661933898925781
92051725,2023,2023-04-24,9461,2023-04-16,"635 ",020101,,7,1,9,1000,0,1,1,,2,305,"I-5 N/B","CALIFORNIA AVE",2640.00,N,N,A,-,Y,FRE,,5," "," ",56.035,H,,R,Y,3,0,1,1,A,-,08,22107,,N,F,0,A,A,H,-,B,D,0,,,,,Y,,A,01,0,1,0,0,0,0,0,0,0,"- ","- ",36.726638793945312,-120.68881225585938,FRESNO,UNINCORPORATED,-120.68878936767578,36.726646423339844
92051810,2023,2023-04-24,9461,2023-04-20,"745 ",014933,,4,1,9,1000,0,3,5,,2,060,"BULLARD AVE.","FAIRFAX AVE.",10560.00,E,N,A,-,N,,,,,,,,,,Y,4,0,1,1,A,-,03,22350,,N,H,H,A,A,H,-,A,D,0,,,,,Y,,A,01,0,0,1,0,0,0,0,0,0,"- ","- ",36.821449279785156,-120.53518676757812,FRESNO,UNINCORPORATED,-120.53007507324219,36.821418762207031
92051827,2023,2023-04-24,9435,2023-04-13,1710,021386,,4,2,9,1000,0,3,5,,2,015,"NORTH AVENUE","VALENTINE AVENUE",0.00,,Y,A,-,N,,,,,,,,,,N,4,0,1,3,A,-,09,21802,A,N,D,C,A,A,H,-,A,A,0,,,,,Y,,D,22,0,0,1,0,0,0,0,0,0,"- ","- ",36.692058563232422,-119.85343933105469,FRESNO,UNINCORPORATED,-119.85340881347656,36.692081451416016
92051836,2023,2023-04-24,9435,2023-04-14,1540,021153,,5,2,7,1005,0,1,3,,2,105,"STATE ROUTE 99 (NORTHBOUND)","SHAW AVENUE",20.00,S,N,A,-,Y,FRE,,99," "," ",28.080,H,,R,N,3,0,2,2,A,-,08,22107,,N,B,C,A,A,H,-,A,D,0,,,,,Y,,D,22,0,1,1,0,0,0,0,0,0,"- ","- ",36.807929992675781,-119.8863525390625,FRESNO,FRESNO,-119.88638305664062,36.807899475097656
92051840,2023,2023-04-24,9435,2023-04-13,1547,021386,,4,2,9,1000,0,1,3,,1,412,"STATE ROUTE 41 NORTHBOUND","NEBRASKA AVENUE",0.00,,Y,A,-,Y,FRE,,41," ",R,11.111,H,,R,Y,2,0,2,2,A,-,09,21802,A,N,D,C,A,A,H,-,A,A,0,,,,,Y,,A,08,1,0,1,0,0,0,0,0,0,"- ","- ",36.561870574951172,-119.78592681884766,FRESNO,UNINCORPORATED,-119.78594207763672,36.561870574951172
92051850,2023,2023-04-26,9435,2023-04-14,1202,017310,,5,1,9,1000,0,3,5,,2,025,"MILLERTON ROAD","MILLERTON LAKE ENTRANCE",0.00,,Y,A,-,N,,,,,,,,,,N,3,0,2,3,A,-,09,21801,A,N,D,C,A,A,H,-,A,D,0,,,,,Y,,A,01,0,1,1,0,0,0,0,0,0,"- ","- ",36.986698150634766,-119.68685913085938,FRESNO,UNINCORPORATED,-119.52336883544922,36.967193603515625
92051857,2023,2023-04-24,9435,2023-04-15,"700 ",019705,,6,1,9,1000,0,1,3,,2,105,"SR-99 S/B","CLINTON AVE",528.00,S,N,A,-,Y,,,,,,,,,,N,4,0,1,2,A,-,03,22350,,N,C,C,A,A,H,-,A,D,0,,,,,Y,,A,01,0,0,1,0,0,0,0,0,0,"- ","- ",36.769458770751953,-119.83773040771484,FRESNO,UNINCORPORATED,-119.839599609375,36.772834777832031
92051860,2023,2023-04-24,9435,2023-04-23,1553,021153,,7,2,9,1000,0,1,3,,2,105,"STATE ROUTE 99 (SOUTHBOUND)","CLINTON AVENUE",570.00,N,N,A,-,Y,FRE,,99," ",R,24.546,H,,R,N,3,0,1,1,A,-,08,22107,,N,E,I,A,A,H,-,A,D,0,,,,,Y,,A,01,0,1,0,0,0,0,0,0,0,"- ","- ",36.773448944091797,-119.84002685546875,FRESNO,UNINCORPORATED,-119.83994293212891,36.77349853515625
92051908,2023,2023-04-24,9435,2023-04-17,1135,020062,,1,1,9,1000,0,1,3,,1,430,"CLARKSON AVENUE",SR43,0.00,,Y,A,-,Y,FRE,,43," "," ",4.341,H,,R,Y,4,0,2,2,A,-,09,21802,A,N,D,2,A,A,H,-,A,A,0,,,,Y,Y,,G,25,0,0,2,0,0,0,0,0,0,"- ","- ",36.503658294677734,-119.62904357910156,FRESNO,UNINCORPORATED,-119.62907409667969,36.503658294677734
92051919,2023,2023-04-24,9435,2023-04-14,1550,021086,,5,2,9,1000,1,1,3,,2,410,"STATE ROUTE 41 SOUTHBOUND","SHAW AVENUE",500.00,N,N,A,-,Y,FRE,,41," ",R,28.573,H,,L,N,4,0,1,3,A,-,03,22350,,N,C,C,A,A,H,-,A,D,0,,,,,Y,,H,14,0,0,1,0,0,0,0,0,0,"- ","- ",36.81005859375,-119.78550720214844,FRESNO,UNINCORPORATED,-119.78546905517578,36.810062408447266
92051945,2023,2023-04-24,9435,2023-04-15,1028,020095,,6,1,9,1000,0,3,5,,2,034,"JENSEN AVE","PULLMAN ST",0.00,,Y,A,-,N,,,,,,,,,,Y,4,0,1,2,A,-,09,21801,A,N,D,C,A,A,H,-,A,D,0,,,,,Y,,E,22,0,0,1,0,0,0,0,0,0,"- ","- ",36.706199645996094,-119.76039123535156,FRESNO,UNINCORPORATED,-119.76031494140625,36.705997467041016
92052005,2023,2023-04-24,9435,2023-04-15,1920,020319,,6,2,9,1000,0,1,3,,1,180,SR-180,"ROLINDA AVE",1200.00,E,N,A,-,Y,FRE,,180," "," ",48.379,H,,R,N,4,0,1,2,A,-,03,22350,,M,C,C,A,A,H,-,B,D,0,,,,,Y,Y,A,07,0,0,1,0,0,0,0,0,0,"- ","- ",36.735069274902344,-119.95674896240234,FRESNO,UNINCORPORATED,-119.95674896240234,36.735099792480469
92052106,2023,2023-04-24,9435,2023-04-13,1838,021402,,4,2,9,1000,0,3,5,,2,040,"ELM AVENUE","CONEJO AVENUE",0.00,,Y,A,-,N,,,,,,,,,,Y,2,0,3,2,A,-,12,22450,A,N,D,C,A,A,H,-,A,A,0,,,,,Y,,A,01,3,0,0,0,0,0,0,0,0,"- ","- ",36.518291473388672,-119.79110717773438,FRESNO,UNINCORPORATED,-119.79109191894531,36.518291473388672
92052135,2023,2023-04-24,9435,2023-04-17,2100,020019,,1,2,9,1000,0,3,5,,2,025,"HERNDON AVENUE","HIGHLAND AVENUE",528.00,E,N,A,-,N,,,,,,,,,,Y,4,0,2,2,A,-,03,22350,,N,C,C,A,A,H,-,D,D,0,,,,,Y,,A,01,0,0,2,0,0,0,0,0,0,"- ","- ",36.837379455566406,-119.62706756591797,FRESNO,UNINCORPORATED,-119.62815093994141,36.837379455566406
92052435,2023,2023-04-25,9435,2023-04-16,"215 ",021687,,7,3,9,1000,0,3,5,,2,015,"JENSEN AVENUE","MARKS AVENUE",1320.00,E,N,A,-,N,,,,,,,,,,Y,3,0,1,1,A,-,08,22107,,M,E,8,A,A,H,-,D,D,0,,,,,Y,,-,99,0,1,0,0,0,0,0,0,0,"- ","- ",36.706680297851562,-119.83910369873047,FRESNO,UNINCORPORATED,-119.83999633789062,36.706645965576172
92052442,2023,2023-04-25,9435,2023-04-16,1520,021386,,7,2,9,1000,0,3,5,,2,015,"KEARNEY BOULEVARD","HOWARD AVENUE",0.00,,Y,A,-,N,,,,,,,,,,Y,3,0,2,2,A,-,12,22450,A,N,D,C,A,A,H,-,A,A,0,,,,,Y,,A,07,0,2,0,0,0,0,0,0,0,"- ","- ",36.727649688720703,-120.02432250976562,FRESNO,UNINCORPORATED,-120.02425384521484,36.727676391601562
92052508,2023,2023-04-25,9435,2023-04-18,2205,021357,,2,3,9,1000,0,3,5,,2,020,"SR-41 N/B","HARLAN AVE",6494.00,N,N,A,-,Y,FRE,,41," ",R,4.263,H,,R,Y,4,0,1,1,A,-,08,22107,,N,E,I,A,A,H,-,D,A,0,,,,,Y,,A,07,0,0,1,0,0,0,0,0,0,"- ","- ",36.463241577148438,-119.7952880859375,FRESNO,UNINCORPORATED,-119.79529571533203,36.463241577148438
92052614,2023,2023-04-25,9435,2023-04-24,1135,018926,,1,1,9,1000,0,3,5,,2,010,"BELMONT AVE.","HOWARD AVE.",0.00,,Y,A,-,N,,,,,,,,,,Y,3,0,2,2,A,-,09,21802,A,N,D,C,A,A,H,-,A,D,0,,,,,Y,,D,22,0,2,0,0,0,0,0,0,0,"- ","- ",36.749568939208984,-120.02433776855469,FRESNO,UNINCORPORATED,-119.78262329101562,36.750339508056641
92052617,2023,2023-04-25,9435,2023-04-22,1030,015095,,6,1,7,1005,0,1,3,,2,181,"SR-180 WESTBOUND","CEDAR AVENUE",225.00,E,N,A,-,Y,FRE,,180," ",R,59.928,H,,L,N,3,0,1,1,A,-,03,22350,,N,H,A,A,A,H,-,A,D,0,,,Y,,Y,,C,02,0,1,0,0,0,0,0,0,1,"- ","- ",36.755119323730469,-119.75348663330078,FRESNO,FRESNO,-119.75348663330078,36.755142211914062