CASE_ID,ACCIDENT_YEAR,PROC_DATE,JURIS,COLLISION_DATE,COLLISION_TIME,OFFICER_ID,REPORTING_DISTRICT,DAY_OF_WEEK,CHP_SHIFT,POPULATION,CNTY_CITY_LOC,SPECIAL_COND,BEAT_TYPE,CHP_BEAT_TYPE,CITY_DIVISION_LAPD,CHP_BEAT_CLASS,BEAT_NUMBER,PRIMARY_RD,SECONDARY_RD,DISTANCE,DIRECTION,INTERSECTION,WEATHER_1,WEATHER_2,STATE_HWY_IND,CALTRANS_COUNTY,CALTRANS_DISTRICT,STATE_ROUTE,ROUTE_SUFFIX,POSTMILE_PREFIX,POSTMILE,LOCATION_TYPE,RAMP_INTERSECTION,SIDE_OF_HWY,TOW_AWAY,COLLISION_SEVERITY,NUMBER_KILLED,NUMBER_INJURED,PARTY_COUNT,PRIMARY_COLL_FACTOR,PCF_CODE_OF_VIOL,PCF_VIOL_CATEGORY,PCF_VIOLATION,PCF_VIOL_SUBSECTION,HIT_AND_RUN,TYPE_OF_COLLISION,MVIW,PED_ACTION,ROAD_SURFACE,ROAD_COND_1,ROAD_COND_2,LIGHTING,CONTROL_DEVICE,CHP_ROAD_TYPE,PEDESTRIAN_ACCIDENT,BICYCLE_ACCIDENT,MOTORCYCLE_ACCIDENT,TRUCK_ACCIDENT,NOT_PRIVATE_PROPERTY,ALCOHOL_INVOLVED,STWD_VEHTYPE_AT_FAULT,CHP_VEHTYPE_AT_FAULT,COUNT_SEVERE_INJ,COUNT_VISIBLE_INJ,COUNT_COMPLAINT_PAIN,COUNT_PED_KILLED,COUNT_PED_INJURED,COUNT_BICYCLIST_KILLED,COUNT_BICYCLIST_INJURED,COUNT_MC_KILLED,COUNT_MC_INJURED,PRIMARY_RAMP,SECONDARY_RAMP,LATITUDE,LONGITUDE,COUNTY,CITY,POINT_X,POINT_Y
92060362,2022,2023-05-03,9435,2022-11-14,0700,020592,,1,1,9,1000,0,3,5,,2,020,"JAMESON AVENUE","KAMM AVENUE",0.00,,Y,B,E,N,,,,,,,,,,Y,1,3,0,2,A,-,12,22450,A,N,D,C,A,A,H,-,A,A,0,,,,Y,Y,,F,21,0,0,0,0,0,0,0,0,0,"- ","- ",36.532051086425781,-119.98960876464844,FRESNO,UNINCORPORATED,-119.98960876464844,36.532054901123047
92060428,2023,2023-05-03,9435,2023-04-26,1720,016507,,3,2,9,1000,0,3,5,,2,060,"CRAWFORD AVE","DINUBA AVE",50.00,S,N,A,-,N,,,,,,,,,,Y,3,0,2,2,A,-,03,22350,,N,C,C,A,A,H,-,A,A,0,,,,,Y,,A,01,0,1,1,0,0,0,0,0,0,"- ","- ",36.589111328125,-119.37683868408203,FRESNO,UNINCORPORATED,-119.37683868408203,36.589042663574219
92060433,2023,2023-05-03,9435,2023-04-24,1635,018746,,1,2,7,1005,0,1,3,,1,168,"SR-168 EASTBOUND","SHIELDS AVENUE",13.00,S,N,A,-,Y,,,,,,,,,,N,4,0,1,2,A,-,21,22106,,N,D,G,A,A,H,-,A,A,0,,Y,,,Y,,A,01,0,0,1,0,0,0,1,0,0,"- ","- ",36.779430389404297,-119.74801635742188,FRESNO,FRESNO,-119.74900817871094,36.778659820556641
92060461,2023,2023-05-03,9435,2023-04-26,1456,016507,,3,2,9,1000,0,3,5,,2,060,"REED AVE","PETER AVE",0.00,,Y,A,-,N,,,,,,,,,,Y,4,0,2,3,A,-,03,22350,,N,C,C,A,A,H,-,A,D,0,,,,,Y,,A,01,0,0,2,0,0,0,0,0,0,"- ","- ",36.6368408203125,-119.45767974853516,FRESNO,UNINCORPORATED,-119.45767974853516,36.636966705322266
92060493,2023,2023-05-03,9435,2023-04-21,1530,021086,,5,2,7,1005,0,1,3,,2,105,"STATE ROUTE 99","ASHLAN AVENUE",1200.00,N,N,A,-,Y,FRE,,99," "," ",26.803,H,,R,Y,4,0,2,4,A,-,03,22350,,N,C,C,A,A,H,-,A,D,0,,,,Y,Y,,D,22,0,0,2,0,0,0,0,0,0,"- ","- ",36.795871734619141,-119.86888885498047,FRESNO,FRESNO,-119.86874389648438,36.796005249023438
92060628,2023,2023-05-03,9435,2023-05-01,1335,015890,,1,1,9,1000,0,3,5,,2,020,"SAN MATEO AVENUE","MTN VIEW AVENUE",2006.00,N,N,B,-,N,,,,,,,,,,Y,3,0,3,1,A,-,08,22107,,N,F,A,A,A,H,-,A,D,0,,,,,Y,,D,22,0,3,0,0,0,0,0,0,0,"- ","- ",36.550338745117188,-120.31604766845703,FRESNO,UNINCORPORATED,-120.31610107421875,36.550228118896484
92061164,2023,2023-05-04,9435,2023-04-28,"750 ",019263,,5,1,9,1000,0,1,3,,2,106,"SR-99 N/B","NORTH AVE OVER CROSSING",350.00,S,N,A,-,Y,FRE,,99," "," ",17.185,H,,R,Y,4,0,1,2,A,-,03,22350,,N,C,C,A,A,H,-,A,D,0,,,,Y,Y,,F,55,0,0,1,0,0,0,0,0,0,"- ","- ",36.691680908203125,-119.75782775878906,FRESNO,UNINCORPORATED,-119.7578125,36.691692352294922
92061227,2023,2023-05-04,9435,2023-05-03,"845 ",015106,,3,1,7,1005,0,1,3,,2,410,"SR-41 NORTHBOUND","DAKOTA AVE O/C",35.00,S,N,B,-,Y,FRE,,41," ",R,26.954,H,,R,N,4,0,2,2,A,-,03,22350,,N,C,C,A,A,H,-,A,D,0,,,,,Y,,A,01,0,0,2,0,0,0,0,0,0,"- ","- ",36.78662109375,-119.78424835205078,FRESNO,FRESNO,-119.78423309326172,36.78662109375
92061528,2023,2023-05-19,9435,2023-04-26,1718,018746,,3,2,7,1005,0,1,3,,1,168,"SR-168 WESTBOUND","11TH STREET",15.00,W,N,A,-,Y,,,,,,,,,,Y,4,0,4,4,A,-,03,22350,,N,C,C,A,A,H,-,A,D,0,,,,,Y,,A,07,0,0,4,0,0,0,0,0,0,"- ","- ",36.755901336669922,-119.75656890869141,FRESNO,FRESNO,-120.183349609375,36.608795166015625
92061552,2023,2023-05-04,9435,2023-04-22,2011,021148,,6,2,9,1000,0,3,5,,2,034,"JENSEN AVENUE","DEWOLF AVENUE",0.00,,Y,A,-,N,,,,,,,,,,Y,4,0,1,3,A,-,03,22350,,N,A,C,A,A,H,-,D,A,0,,,,,Y,,A,07,0,0,1,0,0,0,0,0,0,"- ","- ",36.707450866699219,-119.64610290527344,FRESNO,UNINCORPORATED,-119.64600372314453,36.707317352294922
92061561,2023,2023-05-04,9435,2023-04-26,1815,018746,,3,2,7,1005,0,1,3,,1,168,SR-168,"FLORADORA AVENUE",100.00,E,N,A,-,Y,FRE,,168," ",R,0.769,H,,L,Y,4,0,1,3,A,-,07,21658,A,N,C,C,A,A,H,-,A,D,0,,,,,Y,,A,07,0,0,1,0,0,0,0,0,0,"- ","- ",36.761508941650391,-119.74945068359375,FRESNO,FRESNO,-119.74946594238281,36.761508941650391
92061584,2023,2023-05-04,9435,2023-04-26,1823,020205,,3,2,9,1000,0,3,5,,2,015,"ELM AVENUE","VOGEL AVE",15.00,S,N,A,-,N,,,,,,,,,,N,4,0,6,3,A,-,03,22350,,N,C,C,A,A,H,-,A,D,0,,,,,Y,,A,07,0,0,6,0,0,0,0,0,0,"- ","- ",36.644241333007812,-119.79080200195312,FRESNO,UNINCORPORATED,-119.79084014892578,36.644207000732422
92061619,2023,2023-05-04,9435,2023-04-26,1830,018746,,3,2,9,1000,0,3,5,,2,025,"WATTS VALLEY ROAD","PITMAN HILL ROAD",15418.00,W,N,A,-,N,,,,,,,,,,N,2,0,1,1,A,-,08,22107,,N,E,I,A,A,H,-,A,D,0,,,Y,,Y,,C,02,1,0,0,0,0,0,0,0,1,"- ","- ",36.854751586914062,-119.46743011474609,FRESNO,UNINCORPORATED,-119.46179962158203,36.893051147460938
92061725,2023,2023-05-04,9435,2023-04-21,1755,021086,,5,2,9,1000,0,1,3,,2,105,"STATE ROUTE 99","SHAW AVENUE",4100.00,N,N,A,-,Y,FRE,,99," "," ",28.897,H,,R,Y,3,0,3,2,A,-,01,23152,A,F,C,C,A,A,H,-,A,D,0,,,,,Y,Y,A,01,0,3,0,0,0,0,0,0,0,"- ","- ",36.816150665283203,-119.89711761474609,FRESNO,UNINCORPORATED,-119.89708709716797,36.816173553466797
92062574,2023,2023-05-05,9435,2023-05-04,"818 ",015986,,4,1,9,1000,0,3,5,,2,010,"BIOLA AVENUE","SHIELDS AVENUE",0.00,,Y,A,-,N,,,,,,,,,,Y,4,0,1,2,A,-,09,21802,A,N,D,C,A,A,H,-,A,A,0,,,,Y,Y,,G,25,0,0,1,0,0,0,0,0,0,"- ","- ",36.778648376464844,-120.01541900634766,FRESNO,UNINCORPORATED,-120.015380859375,36.778652191162109
92062588,2023,2023-05-05,9435,2023-04-28,2155,016507,,5,2,9,1000,0,3,5,,2,060,"MANNING AVE","ENGLEHART AVE",0.00,,Y,A,-,N,,,,,,,,,,Y,4,0,1,2,A,-,09,21801,A,N,D,C,A,A,H,-,D,D,0,,,,,Y,,D,22,0,0,1,0,0,0,0,0,0,"- ","- ",36.604061126708984,-119.41297912597656,FRESNO,UNINCORPORATED,-119.41303253173828,36.604026794433594
92063678,2023,2023-05-08,9435,2023-04-28,"929 ",019263,,5,1,7,1005,0,3,5,,2,034,"JENSEN AVE E/B","MCCALL AVE",5.00,W,N,A,-,N,,,,,,,,,,Y,2,0,3,2,A,-,01,23152,F,N,C,C,A,A,H,-,A,A,0,,,,,Y,,A,01,1,2,0,0,0,0,0,0,0,"- ","- ",36.706531524658203,-119.61042022705078,FRESNO,FRESNO,-119.61024475097656,36.7064208984375
92063746,2023,2023-05-08,9435,2023-04-29,1949,020064,,6,2,7,1005,0,1,3,,1,168,"STATE ROUTE 168 W/B TO STATE ROUTE 180 W/B","OLIVE AVENUE",307.00,S,N,B,-,Y,FRE,,168," ",R,0.422,H,,L,N,4,0,1,1,A,-,01,23152,A,M,E,I,A,A,H,-,A,D,0,,,,,Y,Y,A,01,0,0,1,0,0,0,0,0,0,"- ","- ",36.756870269775391,-119.75022125244141,FRESNO,FRESNO,-119.75017547607422,36.756847381591797
92063780,2023,2023-05-08,9435,2023-05-02,1410,021148,,2,2,9,1000,0,3,5,,2,034,"ADAMS AVENUE","MENDOCINO AVENUE",0.00,,Y,B,-,N,,,,,,,,,,Y,4,0,1,2,A,-,04,21703,,N,C,C,A,A,H,-,A,D,0,,,,,Y,,D,22,0,0,1,0,0,0,0,0,0,"- ","- ",36.634059906005859,-119.54747772216797,FRESNO,UNINCORPORATED,-119.54756164550781,36.634033203125
92063786,2023,2023-05-08,9435,2023-05-02,1500,020887,,2,2,7,1005,0,1,3,,2,105,"SR-99 S/B TO FRESNO ST","FRESNO ST",634.00,N,N,A,-,Y,FRE,,99," "," ",20.866,H,,L,N,3,0,4,1,A,-,08,22107,,N,E,I,A,A,H,-,A,D,0,,,,,Y,,D,22,0,4,0,0,0,0,0,0,0,"- ","- ",36.732311248779297,-119.80092620849609,FRESNO,FRESNO,-119.80081939697266,36.732391357421875
92063803,2023,2023-05-08,9435,2023-05-02,1145,016507,,2,1,9,1000,0,3,5,,2,060,"HILL AVE","ADAMS AVE",0.00,,Y,A,-,N,,,,,,,,,,Y,3,0,2,2,A,-,09,21802,A,N,D,C,A,A,H,-,A,A,0,,,,,Y,,A,08,0,1,1,0,0,0,0,0,0,"- ","- ",36.632129669189453,-119.3402099609375,FRESNO,UNINCORPORATED,-119.34024047851562,36.632152557373047
92063831,2023,2023-05-08,9435,2023-05-04,2100,020205,,4,2,9,1000,0,3,5,,2,010,"GETTYSBURG AVE","PALM AVE",0.00,,Y,B,-,N,,,,,,,,,,N,3,0,1,2,A,-,12,21453,A,N,D,C,A,A,H,-,C,A,0,,,,,Y,,A,07,0,1,0,0,0,0,0,0,0,"- ","- ",36.801200866699219,-119.80845642089844,FRESNO,UNINCORPORATED,-119.80857849121094,36.801143646240234
92063867,2023,2023-05-08,9435,2023-05-04,1422,021153,,4,2,9,1000,0,3,5,,2,015,"SAN BENITO AVENUE","PANOCHE ROAD",0.00,,Y,A,-,N,,,,,,,,,,Y,3,0,2,2,A,-,12,22450,A,N,D,C,A,A,H,-,A,D,0,,,,,Y,,A,01,0,2,0,0,0,0,0,0,0,"- ","- ",36.730991363525391,-120.36107635498047,FRESNO,UNINCORPORATED,-120.36105346679688,36.731014251708984
92063869,2023,2023-05-08,9435,2023-05-04,"415 ",021230,,4,3,7,1005,0,1,3,,2,105,"STATE ROUTE 99 SOUTHBOUND","SHAW AVENUE",3168.00,S,N,B,-,Y,FRE,,99," "," ",27.423,H,,L,N,4,0,1,2,A,-,03,22350,,N,C,C,A,B,H,-,D,D,0,,,,Y,Y,,A,01,0,0,1,0,0,0,0,0,0,"- ","- ",36.801708221435547,-119.87767028808594,FRESNO,FRESNO,-119.87764739990234,36.801731109619141
92063908,2023,2023-05-08,9435,2023-05-04,1445,020193,,4,2,9,1000,0,3,5,,2,020,"JAMESON AVENUE","KAMM AVENUE",2380.00,S,N,B,-,N,,,,,,,,,,Y,2,0,1,2,A,-,03,22350,,N,D,C,A,A,H,-,A,D,0,,,,Y,Y,,G,25,1,0,0,0,0,0,0,0,0,"- ","- ",36.525470733642578,-119.98963928222656,FRESNO,UNINCORPORATED,-119.98966979980469,36.525516510009766
92064002,2023,2023-05-08,9435,2023-04-27,"800 ",019926,,4,1,9,1000,0,3,5,,2,010,"ASHLAN AVE","ARTHUR AVE",180.00,E,N,A,-,Y,,,,,,,,,,N,4,0,1,2,A,-,03,22350,,N,C,C,A,A,H,-,A,D,0,,,,,Y,,A,07,0,0,1,0,0,0,0,0,0,"- ","- ",36.793849945068359,-119.81462097167969,FRESNO,UNINCORPORATED,-119.81462860107422,36.793880462646484
92064088,2023,2023-05-08,9435,2023-05-06,"235 ",016507,,6,3,9,1000,0,3,5,,2,060,"DUNLAP ROAD","RUTH HILL ROAD",5280.00,N,N,A,-,N,,,,,,,,,,Y,4,0,1,1,A,-,08,22107,,N,E,8,A,A,H,-,D,D,0,,,,,Y,,D,22,0,0,1,0,0,0,0,0,0,"- ","- ",36.742000579833984,-119.14109039306641,FRESNO,UNINCORPORATED,-119.12882995605469,36.745079040527344
92064128,2023,2023-05-08,9435,2023-05-07,1615,021153,,7,2,9,1000,0,3,5,,2,034,"CHESTNUT AVENUE","NORTH AVENUE",0.00,,Y,A,-,N,,,,,,,,,,N,4,0,2,2,A,-,12,21453,A,N,D,C,A,A,H,-,A,A,0,,,,,Y,,A,07,0,0,2,0,0,0,0,0,0,"- ","- ",36.692428588867188,-119.73655700683594,FRESNO,UNINCORPORATED,-119.73659515380859,36.692459106445312
92064168,2023,2023-05-08,9435,2023-05-07,"622 ",021606,,7,1,9,1000,0,1,3,,1,412,"STATE ROUTE 41","MANNING AVE.",750.00,S,N,A,-,Y,FRE,,41," ",R,13.973,H,,R,Y,4,0,1,1,C,-,18,,,N,F,I,A,A,H,-,A,D,0,,,,,Y,,-,"- ",0,0,1,0,0,0,0,0,0,"- ","- ",36.603431701660156,-119.78575134277344,FRESNO,UNINCORPORATED,-119.78587341308594,36.603427886962891
92064193,2023,2023-05-08,9435,2023-05-05,"635 ",019603,,5,1,9,1000,0,3,5,,2,010,"SHAW AVENUE","BIOLA AVENUE",0.00,,Y,A,-,N,,,,,,,,,,Y,3,0,1,2,A,-,09,21802,B,N,D,D,A,A,H,-,B,A,0,,,,,Y,,A,01,0,1,0,0,0,0,0,0,0,"- ","- ",36.80767822265625,-120.01641845703125,FRESNO,UNINCORPORATED,-120.01554870605469,36.807712554931641
92064277,2023,2023-05-08,9435,2023-04-26,1513,020942,,3,2,2,1008,0,1,3,,2,107,"STATE ROUTE 99, SOUTHBOUND","SIERRA AVENUE",2957.00,S,N,A,-,Y,FRE,,99," ",R,0.377,H,,L,Y,4,0,2,5,A,-,07,21658,A,N,E,I,A,A,H,-,A,D,0,,,,Y,Y,,D,22,0,0,2,0,0,0,0,0,0,"- ","- ",36.51190185546875,-119.55420684814453,FRESNO,KINGSBURG,-119.55429077148438,36.5118408203125
92064735,2023,2023-05-09,9435,2023-04-27,1600,018746,,4,2,9,1000,1,3,5,,2,034,"BETHEL AVENUE",SR-180,65.00,S,N,A,-,Y,FRE,,180," ",R,70.345,H,,R,Y,3,0,1,3,A,-,08,22107,,N,D,C,A,A,H,-,A,A,0,,,,,Y,,A,01,0,1,0,0,0,0,0,0,0,"- ","- ",36.735698699951172,-119.57412719726562,FRESNO,UNINCORPORATED,-119.57413482666016,36.735908508300781
92064796,2023,2023-05-09,9435,2023-05-04,2105,019523,,4,2,9,1000,0,3,5,,2,040,"MT WHITNEY AVENUE","CLOVIS AVENUE",562.00,E,N,A,-,N,,,,,,,,,,Y,4,0,1,2,A,-,08,22107,,N,A,C,A,A,H,-,D,D,0,,,,,Y,,D,22,0,0,1,0,0,0,0,0,0,"- ","- ",36.430931091308594,-119.70668029785156,FRESNO,UNINCORPORATED,-119.70674133300781,36.430927276611328
92064817,2023,2023-05-09,9435,2023-05-06,"844 ",020062,,6,1,9,1000,0,3,5,,2,015,"JENSEN AVENUE","LAKE AVENUE",15.00,E,N,A,-,N,,,,,,,,,,Y,3,0,2,2,A,-,03,22350,,N,C,C,A,A,H,-,A,D,0,,,,,Y,,A,01,0,1,1,0,0,0,0,0,0,"- ","- ",36.705478668212891,-120.13292694091797,FRESNO,UNINCORPORATED,-120.13298797607422,36.705451965332031
92064879,2023,2023-05-09,9435,2023-05-08,1605,021687,,1,2,9,1000,0,1,3,,2,410,"CHESTNUT AVENUE","FLORAL AVENUE",0.00,,Y,A,-,N,,,,,,,,,,Y,3,0,1,2,A,-,09,21802,A,N,D,2,A,A,H,-,A,A,0,,,,,Y,,A,08,0,1,0,0,0,0,0,0,0,"- ","- ",36.576419830322266,-119.73695373535156,FRESNO,UNINCORPORATED,-119.7369384765625,36.576377868652344
92064880,2023,2023-05-09,9435,2023-05-06,1645,021687,,6,2,9,1000,0,3,5,,2,015,"FRUIT AVENUE","CENTRAL AVENUE",100.00,N,N,B,-,N,,,,,,,,,,Y,2,0,1,1,A,-,08,22107,,N,E,I,A,A,H,-,A,D,0,,,,,Y,,-,"- ",1,0,0,0,0,0,0,0,0,"- ","- ",36.678001403808594,-119.81786346435547,FRESNO,UNINCORPORATED,-119.81783294677734,36.678043365478516
92064886,2023,2023-05-09,9435,2023-05-05,1429,021086,,5,2,9,1000,0,1,3,,2,106,"STATE ROUTE 99 (N/B) TO CEDAR AVENUE","CEDAR AVENUE",860.00,S,N,A,-,Y,,,,,,,,,,Y,2,0,1,1,A,-,08,22107,,N,E,8,A,A,H,-,A,D,0,,,,,Y,,D,22,1,0,0,0,0,0,0,0,0,"- ","- ",36.688838958740234,-119.75369262695312,FRESNO,UNINCORPORATED,-119.75264739990234,36.687107086181641
92064976,2023,2024-06-05,9435,2023-04-29,2245,021702,,6,3,9,1000,0,3,5,,2,034,"CLOVIS AVENUE","AMERICAN AVENUE",0.00,,Y,A,-,N,,,,,,,,,,Y,2,0,6,2,A,-,09,21453,C,N,D,C,A,A,H,-,C,A,0,,,,,Y,,A,07,1,1,4,0,0,0,0,0,0,"- ","- ",36.663581848144531,-119.69986724853516,FRESNO,UNINCORPORATED,-119.69985961914062,36.663562774658203
92065005,2023,2023-05-09,9435,2023-04-30,2102,020064,,7,2,9,1000,0,1,3,,1,168,"STATE ROUTE 168 W/B TO STATE ROUTE 180 E/B","MAPLE AVENUE",44.00,E,N,A,-,Y,FRE,,180," ",R,60.394,H,,R,Y,2,0,5,1,A,-,01,23152,A,N,E,I,A,A,H,-,D,D,0,,,,,Y,Y,A,07,1,4,0,0,0,0,0,0,0,"- ","- ",36.754669189453125,-119.74519348144531,FRESNO,UNINCORPORATED,-119.74518585205078,36.754875183105469
92065286,2023,2023-05-09,9435,2023-04-10,"830 ",016911,,1,1,9,1000,0,3,5,,2,060,SR180,"REED AVE",0.00,,Y,A,-,Y,,,,,,,,,,N,3,0,5,2,A,-,12,21453,A,N,D,C,A,A,H,-,A,A,0,,,,,Y,,D,22,0,2,3,0,0,0,0,0,0,"- ","- ",36.723709106445312,-119.45603179931641,FRESNO,UNINCORPORATED,-119.45542907714844,36.724418640136719
92065306,2023,2023-06-08,9435,2023-04-27,2326,020062,,4,3,9,1000,0,3,5,,2,010,"BARSTOW AVENUE","FLOYD AVENUE",300.00,E,N,A,-,N,,,,,,,,,,Y,1,1,0,1,A,-,08,22107,,N,E,I,A,A,H,-,D,D,0,,,,,Y,,A,01,0,0,0,0,0,0,0,0,0,"- ","- ",36.815029144287109,-119.99636840820312,FRESNO,UNINCORPORATED,-119.99651336669922,36.81500244140625
92065780,2023,2023-05-10,9435,2023-05-09,1455,020193,,2,2,9,1000,0,1,3,,2,106,"STATE ROUTE 99","MANNING AVENUE",5280.00,N,N,A,-,Y,FRE,,99," "," ",10.315,H,,R,N,4,0,2,2,A,-,03,22350,,N,C,C,A,A,H,-,A,D,0,,,,,Y,,A,01,0,0,2,0,0,0,0,0,0,"- ","- ",36.617801666259766,-119.67491912841797,FRESNO,UNINCORPORATED,-119.67472076416016,36.617938995361328
92065784,2023,2023-05-10,9435,2023-04-28,2053,020193,,5,2,9,1000,0,3,5,,2,040,"FOWLER AVENUE","DAVIS AVENUE",2560.00,S,N,A,-,N,,,,,,,,,,N,2,0,2,2,A,-,05,21650,,N,A,C,A,A,H,-,D,D,0,,,,,Y,,D,22,1,0,1,0,0,0,0,0,0,"- ","- ",36.467121124267578,-119.69045257568359,FRESNO,UNINCORPORATED,-119.69046020507812,36.467376708984375
92065841,2023,2023-05-10,9435,2023-05-09,1334,015986,,2,1,7,1005,0,1,3,,2,105,SR99,"CLINTON AVENUE",6.00,S,N,A,-,Y,,,,,,,,,,N,4,0,1,2,A,-,03,22350,,N,C,C,A,A,H,-,A,A,0,,,,,Y,,A,07,0,0,1,0,0,0,0,0,0,"- ","- ",36.771728515625,-119.837890625,FRESNO,FRESNO,-119.83818054199219,36.771549224853516
92065915,2023,2023-05-10,9435,2023-05-09,"727 ",015986,,2,1,7,1005,0,1,3,,2,181,SR180,"G STREET",121.00,W,N,A,-,Y,FRE,,180," ",R,56.647,H,,L,N,4,0,1,2,A,-,03,22350,,N,C,C,A,A,H,-,A,D,0,,,,,Y,,A,01,0,0,1,0,0,0,0,0,0,"- ","- ",36.743770599365234,-119.80976867675781,FRESNO,FRESNO,-119.80976104736328,36.743759155273438
92065952,2023,2023-05-10,9435,2023-05-01,1726,020019,,1,2,7,1005,0,1,3,,1,168,"STATE ROUTE 168 WB TO SR-180 WB","CEDAR AVENUE",1056.00,E,N,A,-,Y,FRE,,168," ",R,0.383,H,,L,Y,3,0,1,2,A,-,08,22107,,N,E,I,A,A,H,-,A,D,0,,,Y,,Y,,C,02,0,1,0,0,0,0,0,0,1,"- ","- ",36.756519317626953,-119.75044250488281,FRESNO,FRESNO,-119.75047302246094,36.756546020507812
92066088,2023,2023-05-10,9435,2023-04-24,"715 ",020540,,1,1,9,1000,0,3,5,,2,060,"BUTTONWILLOW AVENUE","LINCOLN AVENUE",0.00,,Y,A,-,N,,,,,,,,,,Y,2,0,6,2,A,-,12,22450,A,N,D,C,A,A,H,-,A,A,0,,,,,Y,,A,01,1,5,0,0,0,0,0,0,0,"- ","- ",36.647529602050781,-119.43079376220703,FRESNO,UNINCORPORATED,-119.43091583251953,36.590995788574219
92066537,2023,2023-05-11,9435,2023-05-10,1810,020205,,3,2,7,1005,0,1,3,,2,181,"SR-180 W/B","G ST",60.00,W,N,A,-,Y,FRE,,180," ",R,56.665,H,,L,N,4,0,1,2,A,-,03,22350,,N,C,C,A,A,H,-,A,D,0,,,,,Y,,A,01,0,0,1,0,0,0,0,0,0,"- ","- ",36.743919372558594,-119.80950927734375,FRESNO,FRESNO,-119.80949401855469,36.743900299072266
92066640,2023,2023-05-11,9495,2023-05-05,1410,021073,,5,2,9,1000,0,3,5,,2,053,"JAYNE AVENUE","EL DORADO AVENUE",500.00,W,N,A,-,N,,,,,,,,,,Y,4,0,2,2,A,-,03,22350,,N,C,C,A,A,H,-,A,D,0,,,,Y,Y,,A,01,0,0,2,0,0,0,0,0,0,"- ","- ",36.137439727783203,-120.2109375,FRESNO,UNINCORPORATED,-120.21220397949219,36.137435913085938
92066681,2023,2023-05-11,9435,2023-05-10,1635,020540,,3,2,9,1000,0,3,5,,2,060,"ADAMS AVENUE","CRAWFORD AVENUE",0.00,,Y,A,-,N,,,,,,,,,,Y,3,0,6,2,A,-,08,22107,,N,D,C,A,A,H,-,A,A,0,,,,,Y,,A,01,0,4,2,0,0,0,0,0,0,"- ","- ",36.632598876953125,-119.37624359130859,FRESNO,UNINCORPORATED,-119.37635040283203,36.6326904296875
92066814,2023,2023-05-11,9435,2023-05-06,1119,019263,,6,1,7,1005,0,1,3,,1,168,"EB SR-168 TO SHIELDS OFFRAMP","SHIELDS AVE",25.00,W,N,A,-,Y,,,,,,,,,,N,4,0,1,2,A,-,01,23152,F,N,C,C,A,A,H,-,A,D,0,,,,,Y,,A,01,0,0,1,0,0,0,0,0,0,"- ","- ",36.779369354248047,-119.7481689453125,FRESNO,FRESNO,-119.7481689453125,36.779369354248047
92067688,2023,2023-05-12,9461,2023-05-02,"855 ",014933,,2,1,9,1000,0,1,3,,1,604,SR-33,"CALIFORNIA AVE.",0.00,,Y,B,-,Y,FRE,,33," "," ",59.428,H,,R,Y,2,0,1,2,A,-,12,22450,A,N,D,C,A,A,H,-,A,A,0,,,,Y,Y,,G,25,1,0,0,0,0,0,0,0,0,"- ","- ",36.720100402832031,-120.38716888427734,FRESNO,UNINCORPORATED,-120.38718414306641,36.720100402832031
92067817,2023,2023-05-12,9495,2023-05-05,1247,019789,,5,1,9,1000,0,1,1,,2,001,"INTERSTATE 5 NORTHBOUND","KAMM AVENUE",15312.00,S,N,B,-,Y,FRE,,5," "," ",35.500,H,,R,Y,4,0,1,1,A,-,08,22107,,N,E,I,A,A,H,-,A,D,0,,,,,Y,,A,01,0,0,1,0,0,0,0,0,0,"- ","- ",36.500259399414062,-120.45345306396484,FRESNO,UNINCORPORATED,-120.45336151123047,36.500320434570312
92068847,2023,2023-05-15,9435,2023-05-07,"540 ",019926,,7,3,7,1005,0,1,3,,2,181,"SR-180 E/B","BLACKSTONE AVE",75.00,W,N,A,-,Y,FRE,,180," ",R,57.835,H,,R,N,4,0,1,2,A,-,01,23152,A,N,C,C,A,A,H,-,B,D,0,,,,,Y,Y,A,01,0,0,1,0,0,0,0,0,0,"- ","- ",36.751708984375,-119.79090881347656,FRESNO,FRESNO,-119.79092407226562,36.751750946044922
92068991,2023,2023-05-15,9435,2023-05-09,2248,021230,,2,3,9,1000,0,3,5,,2,034,"MENDOCINO AVE","NEBRASKA AVE",0.00,,Y,A,-,N,,,,,,,,,,N,4,0,2,2,A,-,09,21802,A,N,D,C,A,A,H,-,D,D,0,,,,,Y,,A,07,0,0,2,0,0,0,0,0,0,"- ","- ",36.561351776123047,-119.54789733886719,FRESNO,UNINCORPORATED,-119.54801177978516,36.561347961425781