CASE_ID,ACCIDENT_YEAR,PROC_DATE,JURIS,COLLISION_DATE,COLLISION_TIME,OFFICER_ID,REPORTING_DISTRICT,DAY_OF_WEEK,CHP_SHIFT,POPULATION,CNTY_CITY_LOC,SPECIAL_COND,BEAT_TYPE,CHP_BEAT_TYPE,CITY_DIVISION_LAPD,CHP_BEAT_CLASS,BEAT_NUMBER,PRIMARY_RD,SECONDARY_RD,DISTANCE,DIRECTION,INTERSECTION,WEATHER_1,WEATHER_2,STATE_HWY_IND,CALTRANS_COUNTY,CALTRANS_DISTRICT,STATE_ROUTE,ROUTE_SUFFIX,POSTMILE_PREFIX,POSTMILE,LOCATION_TYPE,RAMP_INTERSECTION,SIDE_OF_HWY,TOW_AWAY,COLLISION_SEVERITY,NUMBER_KILLED,NUMBER_INJURED,PARTY_COUNT,PRIMARY_COLL_FACTOR,PCF_CODE_OF_VIOL,PCF_VIOL_CATEGORY,PCF_VIOLATION,PCF_VIOL_SUBSECTION,HIT_AND_RUN,TYPE_OF_COLLISION,MVIW,PED_ACTION,ROAD_SURFACE,ROAD_COND_1,ROAD_COND_2,LIGHTING,CONTROL_DEVICE,CHP_ROAD_TYPE,PEDESTRIAN_ACCIDENT,BICYCLE_ACCIDENT,MOTORCYCLE_ACCIDENT,TRUCK_ACCIDENT,NOT_PRIVATE_PROPERTY,ALCOHOL_INVOLVED,STWD_VEHTYPE_AT_FAULT,CHP_VEHTYPE_AT_FAULT,COUNT_SEVERE_INJ,COUNT_VISIBLE_INJ,COUNT_COMPLAINT_PAIN,COUNT_PED_KILLED,COUNT_PED_INJURED,COUNT_BICYCLIST_KILLED,COUNT_BICYCLIST_INJURED,COUNT_MC_KILLED,COUNT_MC_INJURED,PRIMARY_RAMP,SECONDARY_RAMP,LATITUDE,LONGITUDE,COUNTY,CITY,POINT_X,POINT_Y
92088464,2023,2023-06-07,9435,2023-06-02,1440,020205,,5,2,7,1005,0,1,3,,2,105,"SR-99 S/B FROM CLINTON AVE","CLINTON AVE",945.00,S,N,A,-,Y,,,,,,,,,,N,4,0,1,2,A,-,03,22350,,F,C,C,A,A,H,-,A,A,0,,,,,Y,,-,99,0,0,1,0,0,0,0,0,0,"- ","- ",36.769641876220703,-119.83773040771484,FRESNO,FRESNO,-119.83773040771484,36.769641876220703
92088595,2023,2023-06-07,9435,2023-03-11,1025,019603,,6,1,9,1000,0,3,5,,2,025,"MILLERTON ROAD","MARINA DRIVE",1223.00,W,N,B,-,N,,,,,,,,,,N,2,0,1,2,A,-,08,22107,,N,H,G,A,A,H,-,A,D,0,,Y,,,Y,,A,01,1,0,0,0,0,0,1,0,0,"- ","- ",36.984809875488281,-119.6636962890625,FRESNO,UNINCORPORATED,-119.66359710693359,36.984798431396484
92089152,2023,2023-06-08,9435,2023-06-03,"555 ",020062,,6,3,9,1000,0,3,5,,2,034,"ACADEMY AVENUE","SOUTH AVENUE",1056.00,N,N,A,-,N,,,,,,,,,,Y,2,0,2,1,A,-,08,22107,,N,F,A,A,A,H,-,B,D,0,,,,,Y,,A,07,1,1,0,0,0,0,0,0,0,"- ","- ",36.623100280761719,-119.55687713623047,FRESNO,UNINCORPORATED,-119.55684661865234,36.622489929199219
92089171,2023,2023-06-08,9435,2023-06-07,1455,020193,,3,2,9,1000,0,1,3,,1,146,"STATE ROUTE 145","NORTH AVENUE",470.00,N,N,A,-,N,,,,,,,,,,N,4,0,3,2,A,-,03,22350,,N,C,C,A,A,H,-,A,D,0,,,,,Y,,D,22,0,0,3,0,0,0,0,0,0,"- ","- ",36.692619323730469,-120.06060791015625,FRESNO,UNINCORPORATED,-120.06069183349609,36.692619323730469
92089179,2023,2023-06-08,9435,2023-06-07,2000,020193,,3,2,9,1000,0,3,5,,2,015,"MCMULLIN GRADE","JAMESON AVENUE",0.00,,Y,A,-,N,,,,,,,,,,N,4,0,1,2,D,-,00,,,N,C,C,A,A,H,-,D,D,0,,,,,Y,,-,"- ",0,0,1,0,0,0,0,0,0,"- ","- ",36.646579742431641,-119.99047088623047,FRESNO,UNINCORPORATED,-119.990478,36.646588000000001
92089306,2023,2023-06-08,9435,2023-06-07,"742 ",015986,,3,1,7,1005,0,1,3,,2,182,SR180,"PEACH AVENUE",581.00,E,N,A,-,Y,FRE,,180," ",R,62.023,H,,L,Y,3,0,1,2,A,-,07,21658,A,M,E,I,A,A,H,-,A,D,0,,,,,Y,,-,99,0,1,0,0,0,0,0,0,0,"- ","- ",36.753471374511719,-119.71601867675781,FRESNO,FRESNO,-119.71602630615234,36.753391265869141
92089406,2023,2023-06-08,9435,2023-06-07,"543 ",015095,,3,3,9,1000,0,3,5,,2,025,"ASHLAN AVENUE","PERRY WAY",63.00,E,N,B,-,N,,,,,,,,,,Y,3,0,1,1,A,-,01,23152,F,N,E,I,A,A,H,-,B,D,0,,,,,Y,,D,22,0,1,0,0,0,0,0,0,0,"- ","- ",36.793128967285156,-119.70364379882812,FRESNO,UNINCORPORATED,-119.70368194580078,36.793254852294922
92089440,2023,2023-06-08,9435,2023-05-30,1636,020095,,2,2,9,1000,0,3,5,,2,040,"HENSON AVE","HASLAM AVE",0.00,,Y,A,-,N,,,,,,,,,,N,3,0,1,2,A,-,09,21800,A,N,D,C,A,A,H,-,A,D,0,,,,,Y,,A,01,0,1,0,0,0,0,0,0,0,"- ","- ",36.431850433349609,-119.85842895507812,FRESNO,UNINCORPORATED,-119.85847473144531,36.431854248046875
92089646,2022,2023-06-08,9461,2022-06-25,1415,021619,,6,2,9,1000,0,1,1,,2,305,"I-5 NORTHBOUND","WEST HERNDON AVENUE",3168.00,S,N,A,-,Y,FRE,,5,,,63.852,H,,R,Y,1,1,3,5,A,-,03,22350,,N,C,C,A,A,H,-,A,D,0,,,,Y,Y,,G,25,0,0,3,0,0,0,0,0,0,"- ","- ",36.825859069824219,-120.75700378417969,FRESNO,UNINCORPORATED,-120.75691986083984,36.825893402099609
92090077,2023,2023-06-09,9435,2023-02-12,"522 ",021386,,7,3,9,1000,0,3,5,,2,020,"ELKHORN AVENUE","JAMESON AVENUE",3000.00,W,N,A,-,N,,,,,,,,,,Y,1,1,3,1,A,-,01,23152,A,N,F,A,A,A,H,-,D,D,0,,,,,Y,Y,D,22,0,3,0,0,0,0,0,0,0,"- ","- ",36.4876708984375,-120.00096893310547,FRESNO,UNINCORPORATED,-120.00000762939453,36.488151550292969
92090136,2022,2023-06-09,9435,2022-11-04,1605,021544,,5,2,9,1000,0,3,5,,2,015,"ELM AVENUE","AMERICAN AVENUE",902.00,N,N,A,-,N,,,,,,,,,,Y,1,2,1,3,A,-,01,23152,A,N,A,C,A,A,H,-,A,D,0,,,,,Y,Y,A,01,0,1,0,0,0,0,0,0,0,"- ","- ",36.665859222412109,-119.79081726074219,FRESNO,UNINCORPORATED,-119.79077911376953,36.665775299072266
92090151,2023,2023-06-09,9435,2023-05-29,2013,021135,,1,2,9,1000,0,3,5,,2,020,"NEBRASKA AVE","CORNELIA AVE",740.00,W,N,A,-,N,,,,,,,,,,N,3,0,1,1,C,-,18,,,N,E,H,A,A,H,-,D,D,0,,,Y,,Y,,-,"- ",0,1,0,0,0,0,0,0,1,"- ","- ",36.561561584472656,-119.88362884521484,FRESNO,UNINCORPORATED,-119.88357543945312,36.561550140380859
92090153,2023,2023-06-09,9435,2023-06-07,1645,020193,,3,2,9,1000,0,3,5,,2,015,"JENSEN AVENUE","BRAWLEY AVENUE",0.00,,Y,A,-,N,,,,,,,,,,N,3,0,2,2,A,-,09,21802,A,N,D,C,A,A,H,-,A,A,0,,,,Y,Y,,B,07,0,1,1,0,0,0,0,0,0,"- ","- ",36.706508636474609,-119.86238861083984,FRESNO,UNINCORPORATED,-119.86236572265625,36.706516265869141
92090318,2023,2023-06-09,9435,2023-06-01,2220,020854,,4,3,9,1000,0,3,5,,2,034,"TEMPERANCE AVENUE","JEFFERSON AVENUE",300.00,N,N,A,-,N,,,,,,,,,,N,4,0,1,2,A,-,14,25803,A,N,C,C,A,A,H,-,D,D,0,,,,,Y,,M,46,0,0,1,0,0,0,0,0,0,"- ","- ",36.657958984375,-119.66394805908203,FRESNO,UNINCORPORATED,-119.66382598876953,36.656257629394531
92090385,2023,2023-06-09,9435,2023-05-13,"12  ",021031,,6,3,7,1005,0,1,3,,2,410,"STATE ROUTE 41 NORTHBOUND","FRESNO STREET",663.00,N,N,A,-,Y,FRE,,41," ",R,25.760,H,,R,Y,2,0,3,5,A,-,01,23152,A,N,C,C,E,A,H,-,D,A,0,Y,,,,Y,Y,A,07,1,1,1,0,1,0,0,0,0,"- ","- ",36.769760131835938,-119.78314208984375,FRESNO,FRESNO,-119.78321075439453,36.769721984863281
92090447,2023,2023-06-21,9435,2023-06-08,1100,020062,,4,1,9,1000,0,3,5,,2,010,"SHAW AVENUE","DICKENSON AVENUE",0.00,,Y,A,-,N,,,,,,,,,,N,4,0,1,2,A,-,09,21801,A,N,A,C,A,A,H,-,A,D,0,,,,,Y,,D,22,0,0,1,0,0,0,0,0,0,"- ","- ",36.807720184326172,-119.97032928466797,FRESNO,UNINCORPORATED,-119.97034454345703,36.8077392578125
92091226,2023,2023-06-12,9435,2023-06-01,1805,021119,,4,2,7,1005,0,1,3,,2,105,"STATE ROUTE 99 SOUTHBOUND","STANISLAUS AVE",528.00,N,N,A,-,Y,FRE,,99," "," ",21.100,H,,L,N,3,0,2,2,A,-,07,21658,A,N,B,C,A,A,H,-,A,D,0,,,,,Y,,A,01,0,1,1,0,0,0,0,0,0,"- ","- ",36.734920501708984,-119.80358123779297,FRESNO,FRESNO,-119.80357360839844,36.73492431640625
92091274,2023,2023-06-12,9435,2023-06-01,1930,021119,,4,2,7,1005,0,1,3,,2,181,"STATE ROUTE 180 EASTBOUND","H ST",705.00,E,N,A,-,Y,FRE,,180," ",R,56.983,H,,R,Y,4,0,3,3,A,-,07,21658,A,M,B,C,A,A,H,-,A,D,0,,,,,Y,,-,99,0,0,3,0,0,0,0,0,0,"- ","- ",36.746219635009766,-119.80442810058594,FRESNO,FRESNO,-119.80446624755859,36.746261596679688
92091356,2023,2023-06-12,9435,2023-05-02,1728,020095,,2,2,9,1000,0,3,5,,2,034,"MOUNTAIN VIEW AVE","MENDICINO AVE",25.00,W,N,A,-,N,,,,,,,,,,N,4,0,1,2,A,-,21,22106,,N,C,C,A,A,H,-,A,A,0,,,,,Y,,D,22,0,0,1,0,0,0,0,0,0,"- ","- ",36.546680450439453,-119.54839324951172,FRESNO,UNINCORPORATED,-119.54808807373047,36.546710968017578
92091381,2023,2023-06-12,9435,2023-06-02,"720 ",016911,,5,1,9,1000,0,3,5,,2,060,"MANNING AVE",ANCHOR,0.00,,Y,A,-,N,,,,,,,,,,N,4,0,2,2,A,-,08,22107,,N,A,C,A,A,H,-,A,D,0,,,,,Y,,-,"- ",0,0,2,0,0,0,0,0,0,"- ","- ",36.6103515625,-119.32292175292969,FRESNO,UNINCORPORATED,-119.32276916503906,36.602928161621094
92091471,2023,2023-06-12,9435,2023-06-03,2237,021230,,6,3,9,1000,0,1,3,,2,105,"STATE ROUTE 99 NORTHBOUND","HERNDON AVENUE",2640.00,S,N,A,-,Y,FRE,,99," "," ",29.887,H,,R,Y,2,0,1,1,A,-,01,23152,A,N,E,I,A,A,H,-,D,D,0,,,,,Y,Y,A,01,1,0,0,0,0,0,0,0,0,"- ","- ",36.826198577880859,-119.90986633300781,FRESNO,UNINCORPORATED,-119.90976715087891,36.826282501220703
92091479,2023,2023-06-12,9435,2023-06-03,2325,021299,,6,3,7,1005,0,1,3,,2,106,"SR-99 S/B","CEDAR AVE",2391.00,S,N,A,-,Y,FRE,,99," "," ",16.470,H,,L,N,2,0,3,4,A,-,03,22350,,N,C,C,A,A,H,-,D,D,0,,,,,Y,,D,22,1,2,0,0,0,0,0,0,0,"- ","- ",36.684078216552734,-119.74906158447266,FRESNO,FRESNO,-119.74901580810547,36.684112548828125
92091488,2023,2023-06-12,9435,2023-06-05,1955,021402,,1,2,7,1005,0,1,3,,2,105,"SR-99 S/B","MCKINLEY AVENUE",350.00,S,N,A,-,Y,FRE,,99," "," ",23.779,H,,L,N,4,0,2,3,A,-,03,22350,,N,C,C,A,A,H,-,A,D,0,,,,Y,Y,,A,01,0,0,2,0,0,0,0,0,0,"- ","- ",36.763679504394531,-119.8336181640625,FRESNO,FRESNO,-119.83364868164062,36.763668060302734
92091506,2023,2023-06-12,9435,2023-06-06,"805 ",018926,,2,1,9,1000,0,3,5,,2,010,"BELMONT AVE.","HAYES AVE.",0.00,,Y,A,-,N,,,,,,,,,,Y,4,0,2,2,A,-,09,21804,A,N,D,C,A,A,H,-,A,D,0,,,,,Y,,A,01,0,0,2,0,0,0,0,0,0,"- ","- ",36.749980926513672,-119.898193359375,FRESNO,UNINCORPORATED,-119.89814758300781,36.749961853027344
92091535,2023,2023-06-12,9435,2023-06-02,1140,020095,,5,1,7,1005,0,1,3,,2,410,"SR-41 N/B","GETTYSBURG AVE",500.00,S,N,A,-,Y,FRE,,41," ",R,27.876,H,,R,Y,3,0,1,4,A,-,03,22350,,N,C,C,A,A,D,-,A,D,0,,,,,Y,,D,22,0,1,0,0,0,0,0,0,0,"- ","- ",36.799961090087891,-119.78517150878906,FRESNO,FRESNO,-119.78517913818359,36.799961090087891
92091544,2023,2023-06-12,9435,2023-06-05,1816,021386,,1,2,9,1000,0,3,5,,2,015,"KEARNEY BLVD","CORNELIA AVENUE",0.00,,Y,B,-,N,,,,,,,,,,Y,3,0,3,2,A,-,01,23152,A,N,D,C,A,A,H,-,A,A,0,,,,,Y,Y,A,01,0,1,2,0,0,0,0,0,0,"- ","- ",36.728130340576172,-119.88067626953125,FRESNO,UNINCORPORATED,-119.88066101074219,36.727981567382812
92091687,2023,2023-06-12,9435,2023-06-06,1010,018926,,2,1,9,1000,0,1,3,,1,180,SR-180,"SAN MATEO AVE",1742.00,W,N,A,-,Y,FRE,,180," "," ",28.167,H,,R,Y,3,0,1,1,A,-,08,22107,,M,E,I,A,A,H,-,A,D,0,,,,,Y,,D,22,0,1,0,0,0,0,0,0,0,"- ","- ",36.734481811523438,-120.32102203369141,FRESNO,UNINCORPORATED,-120.32096099853516,36.734352111816406
92091712,2023,2023-06-12,9435,2023-06-08,"625 ",018914,,4,1,9,1000,0,3,5,,2,034,"CHESTNUT AVE","ANNADALE AVE",0.00,,Y,A,-,N,,,,,,,,,,N,4,0,1,2,A,-,09,21801,A,N,D,C,A,A,H,-,A,D,0,,,,,Y,,A,01,0,0,1,0,0,0,0,0,0,"- ","- ",36.699771881103516,-119.73639678955078,FRESNO,UNINCORPORATED,-119.73657989501953,36.699642181396484
92091734,2023,2023-06-12,9435,2023-06-09,1435,021312,,5,2,9,1000,0,3,5,,2,034,"MANNING AVE",DEWOLF,0.00,,Y,A,-,N,,,,,,,,,,Y,3,0,2,2,A,-,09,21802,A,N,D,C,A,A,C,-,A,D,0,,,,,Y,,A,08,0,2,0,0,0,0,0,0,0,"- ","- ",36.605388641357422,-119.64652252197266,FRESNO,UNINCORPORATED,-119.64653015136719,36.605365753173828
92091737,2023,2023-06-12,9435,2023-06-09,1210,019263,,5,1,9,1000,0,1,3,,2,106,"SR-99 S/B","MANNING AVE",20.00,N,N,A,-,Y,FRE,,99," "," ",9.175,H,,L,Y,3,0,2,3,A,-,03,22350,,F,C,C,A,A,H,-,A,D,0,,,,,Y,,-,"- ",0,2,0,0,0,0,0,0,0,"- ","- ",36.605499267578125,-119.66146850585938,FRESNO,UNINCORPORATED,-119.66147613525391,36.605495452880859
92091766,2023,2023-06-12,9435,2023-06-09,1805,021119,,5,2,9,1000,0,3,5,,2,040,"VALENTINE AVENUE","MOUNT WHITNEY AVENUE",5.00,S,N,A,-,N,,,,,,,,,,N,4,0,1,2,A,-,08,22107,,M,D,C,A,A,H,-,A,A,0,,,,,Y,,-,"- ",0,0,1,0,0,0,0,0,0,"- ","- ",36.430679321289062,-119.86013793945312,FRESNO,UNINCORPORATED,-119.86016082763672,36.430767059326172
92091772,2023,2023-06-12,9435,2023-06-09,2355,021547,,5,3,9,1000,0,1,3,,2,105,"NB SR-99","N. GOLDEN STATE OVERCROSSING",30.00,S,N,A,-,Y,FRE,,99," "," ",26.250,H,,R,N,3,0,1,1,A,-,08,22107,,N,E,I,A,A,H,-,D,D,0,,,,,Y,,A,01,0,1,0,0,0,0,0,0,0,"- ","- ",36.791179656982422,-119.86100769042969,FRESNO,UNINCORPORATED,-119.86100769042969,36.791183471679688
92091781,2023,2023-06-12,9435,2023-06-10,1046,020019,,6,1,9,1000,0,3,5,,2,034,"NORTH AVENUE","DE WOLF AVENUE",0.00,,Y,B,-,N,,,,,,,,,,Y,3,0,3,2,A,-,08,22107,,N,A,C,A,A,H,-,A,D,0,,,,,Y,,A,01,0,2,1,0,0,0,0,0,0,"- ","- ",36.692600250244141,-119.64600372314453,FRESNO,UNINCORPORATED,-119.64596557617188,36.692550659179688
92091789,2023,2023-06-12,9435,2023-06-10,2030,020887,,6,2,9,1000,0,3,5,,2,025,"CLOVIS AVE","DONNER AVE",0.00,,Y,A,-,N,,,,,,,,,,N,4,0,1,2,A,-,09,21802,A,N,D,C,A,A,H,-,B,D,0,,,,,Y,,A,01,0,0,1,0,0,0,0,0,0,"- ","- ",36.799671173095703,-119.70040130615234,FRESNO,UNINCORPORATED,-119.70069885253906,36.799686431884766
92091802,2023,2023-06-29,9435,2023-06-11,1455,020429,,7,2,9,1000,0,3,5,,2,060,"FRANKWOOD AVENUE","LINCOLN AVENUE",0.00,,Y,A,-,N,,,,,,,,,,Y,3,0,2,2,A,-,09,21802,A,N,D,C,A,A,H,-,A,D,0,,,,,Y,,A,01,0,1,1,0,0,0,0,0,0,"- ","- ",36.647640228271484,-119.44863891601562,FRESNO,UNINCORPORATED,-119.44872283935547,36.647659301757812
92091826,2023,2023-06-12,9435,2023-06-12,"829 ",015986,,1,1,7,1005,0,1,3,,2,105,"SR99 S/B",SR180,528.00,S,N,A,-,Y,FRE,,99," "," ",21.626,H,,L,Y,4,0,3,3,A,-,03,22350,,N,C,C,A,A,H,-,A,D,0,,,,,Y,,A,01,0,0,3,0,0,0,0,0,0,"- ","- ",36.739528656005859,-119.81095123291016,FRESNO,FRESNO,-119.81095123291016,36.739532470703125
92091836,2023,2023-06-14,9435,2023-06-09,1241,020095,,5,1,9,1000,0,3,5,,2,010,"HERNDON AVE","MONROE AVE",2218.00,W,N,A,-,N,,,,,,,,,,Y,3,0,1,1,A,-,08,22107,,N,E,I,A,A,H,-,A,D,0,,,,,Y,,A,01,0,1,0,0,0,0,0,0,0,"- ","- ",36.832069396972656,-119.95120239257812,FRESNO,UNINCORPORATED,-119.95091247558594,36.832111358642578
92091899,2023,2023-06-12,9435,2023-06-10,"802 ",020095,,6,1,9,1000,0,3,5,,2,015,"LINCOLN AVE","THOMPSON AVE",695.00,W,N,A,-,N,,,,,,,,,,N,3,0,1,1,A,-,08,22107,,N,E,8,A,A,H,-,A,D,0,,,,,Y,,A,07,0,1,0,0,0,0,0,0,0,"- ","- ",36.674858093261719,-119.98201751708984,FRESNO,UNINCORPORATED,-119.62203979492188,36.648944854736328
92091914,2023,2023-06-12,9435,2023-06-06,2000,021402,,2,2,9,1000,0,3,5,,2,034,"BETHEL AVENUE","MOUNTAIN VIEW AVENUE",225.00,S,N,A,-,N,,,,,,,,,,Y,3,0,1,1,A,-,08,22107,,N,F,A,A,A,H,-,A,D,0,,,,Y,Y,,G,25,0,1,0,0,0,0,0,0,0,"- ","- ",36.544818878173828,-119.57518005371094,FRESNO,UNINCORPORATED,-119.57514953613281,36.546142578125
9209229,2020,2021-02-20,1013,2020-12-28,1732,M165,,1,5,3,1013,0,0,0,,0,M02,"ACADEMY AV","4TH ST",355.00,N,N,A,-,N,,,,,,,,,,,2,0,1,2,A,-,11,21954,A,N,G,B,D,A,H,-,C,D,0,Y,,,,Y,,N,60,1,0,0,0,1,0,0,0,0,"- ","- ",36.710941314697266,-119.55680847167969,FRESNO,SANGER,-119.55706024169922,36.711872100830078
92092422,2023,2023-06-13,9495,2023-06-01,1500,021354,,4,2,9,1000,0,1,3,,1,008,"STATE ROUTE 198","EL DORADO AVENUE",0.00,,Y,A,-,Y,FRE,,198," "," ",28.637,H,,R,Y,4,0,1,2,A,-,09,21801,A,N,D,C,A,A,H,-,A,D,0,,,Y,Y,Y,,F,21,0,0,1,0,0,0,0,0,1,"- ","- ",36.254791259765625,-120.21118927001953,FRESNO,UNINCORPORATED,-120.21118927001953,36.254833221435547
92092662,2023,2023-06-13,9495,2023-06-05,"930 ",019789,,1,1,9,1000,0,1,1,,2,002,"INTERSTATE 5 NORTHBOUND","STATE ROUTE 145",4752.00,N,N,B,-,Y,FRE,,5," "," ",18.871,H,,R,Y,3,0,1,1,A,-,08,22107,,N,F,A,A,A,H,-,A,D,0,,,,Y,Y,,F,26,0,1,0,0,0,0,0,0,0,"- ","- ",36.305721282958984,-120.27735137939453,FRESNO,UNINCORPORATED,-120.27742004394531,36.305679321289062
92093526,2023,2024-06-28,9435,2023-05-10,1710,018914,,3,2,9,1000,0,3,5,,2,025,"MILLERTON ROAD","WINCHELL COVE ROAD",2640.00,W,N,A,-,N,,,,,,,,,,Y,1,2,2,2,A,-,08,22107,,N,A,C,A,A,H,-,A,D,0,,,,,Y,,D,22,1,0,1,0,0,0,0,0,0,"- ","- ",36.985828399658203,-119.67062377929688,FRESNO,UNINCORPORATED,-119.66835021972656,36.985450744628906
92093756,2023,2023-06-14,9435,2023-05-30,"14  ",021031,,2,3,9,1000,0,3,5,,2,025,"MILLERTON ROAD","WINCHELL COVE RD",680.00,W,N,A,-,N,,,,,,,,,,Y,2,0,2,2,A,-,05,21460,A,N,A,C,A,A,H,-,D,D,0,,,,,Y,,A,01,1,0,1,0,0,0,0,0,0,"- ","- ",36.98419189453125,-119.66201019287109,FRESNO,UNINCORPORATED,-119.66191864013672,36.984165191650391
92093766,2023,2023-06-14,9435,2023-06-08,"535 ",018914,,4,3,9,1000,0,3,5,,2,034,"MANNING AVENUE","MCCALL AVENUE",0.00,,Y,A,-,N,,,,,,,,,,N,4,0,2,2,D,-,00,,,N,D,C,A,A,H,-,A,A,0,,,,,Y,,-,"- ",0,0,2,0,0,0,0,0,0,"- ","- ",36.605381011962891,-119.61064910888672,FRESNO,UNINCORPORATED,-119.61071014404297,36.605232238769531
92093813,2022,2023-06-14,9435,2022-09-03,0545,019926,,6,3,7,1005,0,1,3,,2,105,"STATE ROUTE 99 NORTHBOUND","MCKINLEY AVENUE",50.00,N,N,A,-,Y,FRE,,99,,,23.871,H,,R,Y,1,2,1,2,A,-,01,23152,A,N,B,C,A,A,H,-,D,D,0,,,,,Y,Y,A,01,1,0,0,0,0,0,0,0,0,"- ","- ",36.764888763427734,-119.83415222167969,FRESNO,FRESNO,-119.83415985107422,36.764884948730469
92093822,2023,2023-06-14,9435,2023-06-07,1725,021402,,3,2,7,1005,0,1,3,,2,410,"SR-41 N/B","DIVISADERO STREET",320.00,N,N,A,-,Y,FRE,,41," ",R,23.833,H,,R,N,4,0,1,3,A,-,03,22350,,N,C,C,A,A,H,-,A,D,0,,,,,Y,,A,01,0,0,1,0,0,0,0,0,0,"- ","- ",36.744319915771484,-119.77674865722656,FRESNO,FRESNO,-119.77672576904297,36.744312286376953
92093925,2023,2023-06-14,9435,2023-06-08,1452,020319,,4,2,9,1000,0,1,3,,1,145,SR-145,"SHIELDS AVE",0.00,,Y,A,-,Y,FRE,,145," "," ",38.162,H,,R,Y,3,0,1,2,A,-,03,22350,,N,C,C,A,A,H,-,A,D,0,,,,,Y,,A,07,0,1,0,0,0,0,0,0,0,"- ","- ",36.778648376464844,-120.06031036376953,FRESNO,UNINCORPORATED,-120.06027221679688,36.778648376464844
92093942,2023,2023-07-19,9435,2023-06-11,2340,020429,,7,3,9,1000,0,3,5,,2,060,"ADAMS AVENUE","CRAWFORD AVENUE",0.00,,Y,A,-,N,,,,,,,,,,Y,1,1,1,2,A,-,09,21802,A,N,D,C,A,A,H,-,D,D,0,,,,,Y,,A,01,0,0,1,0,0,0,0,0,0,"- ","- ",36.632678985595703,-119.37638092041016,FRESNO,UNINCORPORATED,-119.37635040283203,36.6326904296875
92094543,2023,2023-06-15,9435,2023-06-06,2252,020680,,2,3,9,1000,0,3,5,,2,025,"AUBERRY RD","GARRONE RD.",235.00,N,N,B,-,N,,,,,,,,,,Y,3,0,1,2,A,-,03,22350,,N,G,C,A,A,H,-,D,D,0,,,Y,,Y,,C,03,0,1,0,0,0,0,0,0,1,"- ","- ",36.917991638183594,-119.71420288085938,FRESNO,UNINCORPORATED,,
92094690,2023,2023-06-15,9435,2023-06-07,"500 ",020854,,3,3,9,1000,0,3,5,,2,034,"MENDOCINO AVENUE","DINUBA AVENUE",0.00,,Y,A,-,N,,,,,,,,,,Y,4,0,2,2,A,-,09,21802,A,N,D,2,A,C,H,-,A,A,0,,,,,Y,,A,01,0,0,2,0,0,0,0,0,0,"- ","- ",36.590431213378906,-119.54804229736328,FRESNO,UNINCORPORATED,-119.54798889160156,36.590408325195312
92094794,2023,2023-06-15,9435,2023-06-12,2305,019705,,1,3,9,1000,0,1,3,,2,410,"SR-41 N/B","BULLARD AVE",1584.00,S,N,A,-,Y,FRE,,41," ",R,29.210,H,,R,Y,4,0,4,2,A,-,03,22350,,N,C,C,A,A,H,-,C,D,0,,,,,Y,,A,01,0,0,4,0,0,0,0,0,0,"- ","- ",36.819290161132812,-119.78520965576172,FRESNO,UNINCORPORATED,-119.78524017333984,36.819290161132812
92094855,2023,2023-06-15,9461,2023-06-08,"535 ",021660,,4,3,9,1000,0,1,1,,2,305,I-5,"NEES AVENUE",5280.00,S,N,A,-,Y,FRE,,5," "," ",65.296,H,,L,Y,4,0,2,1,A,-,08,22107,,N,F,0,A,A,H,-,B,D,0,,,,,Y,,D,22,0,0,2,0,0,0,0,0,0,"- ","- ",36.844139099121094,-120.76985931396484,FRESNO,UNINCORPORATED,-120.7698974609375,36.844123840332031
92094905,2023,2023-06-15,9435,2023-06-15,"742 ",015986,,4,1,9,1000,0,3,5,,2,010,"JAMESON AVE","MCKINLEY AVENUE",0.00,,Y,A,-,N,,,,,,,,,,Y,3,0,1,2,A,-,09,21802,A,N,D,C,A,A,H,-,A,A,0,,,,,Y,,A,07,0,1,0,0,0,0,0,0,0,"- ","- ",36.76409912109375,-119.98813629150391,FRESNO,UNINCORPORATED,-119.98812103271484,36.76409912109375
92095022,2023,2023-06-15,9435,2023-06-15,"600 ",020062,,4,1,9,1000,0,3,5,,2,040,"MOUNTAIN VIEW AVENUE","ZEDIKER AVENUE",30.00,E,N,A,-,N,,,,,,,,,,N,4,0,1,2,A,-,21,22106,,N,C,C,A,A,H,-,A,A,0,,,,,Y,,D,22,0,0,1,0,0,0,0,0,0,"- ","- ",36.546951293945312,-119.52095031738281,FRESNO,UNINCORPORATED,-119.52112579345703,36.546848297119141
92095057,2023,2023-08-10,9495,2023-06-11,1120,019789,,7,1,9,1000,0,1,3,,1,014,"STATE ROUTE 269 (LASSEN AVE)","PRIVATE DRIVE/ AVENAL CUTOFF ROAD",0.00,,Y,A,-,Y,FRE,,269," "," ",0.149,H,,R,Y,3,0,1,2,A,-,09,21802,A,N,D,C,A,A,H,-,A,D,0,,,,,Y,,M,47,0,1,0,0,0,0,0,0,0,"- ","- ",36.072841644287109,-120.10240936279297,FRESNO,UNINCORPORATED,-120.10240936279297,36.072841644287109