CASE_ID,ACCIDENT_YEAR,PROC_DATE,JURIS,COLLISION_DATE,COLLISION_TIME,OFFICER_ID,REPORTING_DISTRICT,DAY_OF_WEEK,CHP_SHIFT,POPULATION,CNTY_CITY_LOC,SPECIAL_COND,BEAT_TYPE,CHP_BEAT_TYPE,CITY_DIVISION_LAPD,CHP_BEAT_CLASS,BEAT_NUMBER,PRIMARY_RD,SECONDARY_RD,DISTANCE,DIRECTION,INTERSECTION,WEATHER_1,WEATHER_2,STATE_HWY_IND,CALTRANS_COUNTY,CALTRANS_DISTRICT,STATE_ROUTE,ROUTE_SUFFIX,POSTMILE_PREFIX,POSTMILE,LOCATION_TYPE,RAMP_INTERSECTION,SIDE_OF_HWY,TOW_AWAY,COLLISION_SEVERITY,NUMBER_KILLED,NUMBER_INJURED,PARTY_COUNT,PRIMARY_COLL_FACTOR,PCF_CODE_OF_VIOL,PCF_VIOL_CATEGORY,PCF_VIOLATION,PCF_VIOL_SUBSECTION,HIT_AND_RUN,TYPE_OF_COLLISION,MVIW,PED_ACTION,ROAD_SURFACE,ROAD_COND_1,ROAD_COND_2,LIGHTING,CONTROL_DEVICE,CHP_ROAD_TYPE,PEDESTRIAN_ACCIDENT,BICYCLE_ACCIDENT,MOTORCYCLE_ACCIDENT,TRUCK_ACCIDENT,NOT_PRIVATE_PROPERTY,ALCOHOL_INVOLVED,STWD_VEHTYPE_AT_FAULT,CHP_VEHTYPE_AT_FAULT,COUNT_SEVERE_INJ,COUNT_VISIBLE_INJ,COUNT_COMPLAINT_PAIN,COUNT_PED_KILLED,COUNT_PED_INJURED,COUNT_BICYCLIST_KILLED,COUNT_BICYCLIST_INJURED,COUNT_MC_KILLED,COUNT_MC_INJURED,PRIMARY_RAMP,SECONDARY_RAMP,LATITUDE,LONGITUDE,COUNTY,CITY,POINT_X,POINT_Y
9209586,2020,2021-02-24,1012,2020-12-21,0844,L135,REEDL,1,5,3,1012,0,0,0,,0,002,"E PARLIER AV","N BUTTONWILLOW AV",0.00,,Y,E,-,N,,,,,,,,,,Y,3,0,3,2,A,-,09,21801,A,N,D,D,A,B,H,-,D,D,0,,,,,Y,,I,11,0,1,2,0,0,0,0,0,0,"- ","- ",,,FRESNO,REEDLEY,-119.43083190917969,36.611339569091797
92095943,2023,2023-06-16,9435,2023-06-14,1430,021312,,3,2,9,1000,0,3,5,,2,034,"BETHEL AVE","MANNING AVE",0.00,,N,A,-,N,,,,,,,,,,Y,4,0,1,2,A,-,03,22350,,N,C,C,A,A,H,-,A,D,0,,,,,Y,,A,07,0,0,1,0,0,0,0,0,0,"- ","- ",36.604728698730469,-119.57480621337891,FRESNO,UNINCORPORATED,-119.57484436035156,36.605068206787109
92095996,2023,2023-06-16,9435,2023-06-15,1450,018609,,4,2,9,1000,0,1,3,,1,169,SR-168,"BUCKEYE LANE",30.00,E,N,A,-,Y,FRE,,168," "," ",45.569,H,,R,Y,4,0,1,3,A,-,08,22107,,N,D,C,A,A,H,-,A,D,0,,,,,Y,,A,07,0,0,1,0,0,0,0,0,0,"- ","- ",37.109401702880859,-119.31939697265625,FRESNO,UNINCORPORATED,-119.31936645507812,37.109413146972656
92096007,2023,2023-06-16,9435,2023-06-16,"720 ",017310,,5,1,9,1000,0,1,3,,2,410,"SR 41 NB AT FRIANT","FRIANT AVENUE",400.00,S,N,A,-,Y,FRE,,41," ",R,31.540,H,,R,N,3,0,1,1,A,-,08,22107,,N,E,I,A,A,H,-,A,D,0,,,,,Y,,A,01,0,1,0,0,0,0,0,0,0,"- ","- ",36.852619171142578,-119.78765106201172,FRESNO,UNINCORPORATED,-119.78744506835938,36.852710723876953
92096019,2023,2023-06-16,9435,2023-06-16,"936 ",019263,,5,1,7,1005,0,3,5,,2,034,"GOLDEN STATE BOULEVARD","CENTRAL AVENUE",780.00,S,N,A,-,N,,,,,,,,,,Y,2,0,1,2,A,-,08,22107,,N,D,G,A,A,H,-,A,D,0,,Y,,,Y,,L,04,1,0,0,0,0,0,1,0,0,"- ","- ",36.67626953125,-119.732421875,FRESNO,FRESNO,-119.73278045654297,36.676326751708984
92097043,2023,2023-06-19,9495,2023-06-12,1415,020021,,1,2,9,1000,0,1,1,,2,001,"INTERSTATE 5 SOUTHBOUND","KAMM AVENUE",3221.00,S,N,A,-,Y,FRE,,5," "," ",37.739,H,,L,Y,4,0,1,2,A,-,08,22107,,N,C,C,A,A,H,-,A,D,0,,,,Y,Y,,A,01,0,0,1,0,0,0,0,0,0,"- ","- ",36.524631500244141,-120.48014068603516,FRESNO,UNINCORPORATED,-120.48013305664062,36.524635314941406
92097325,2023,2023-06-19,9495,2023-06-12,1420,021354,,1,2,9,1000,0,3,5,,2,051,"STANISLAUS AVENUE","MOUNT WHITNEY AVENUE",0.00,,Y,A,-,N,,,,,,,,,,Y,3,0,1,1,A,-,03,22350,,N,F,A,A,A,H,-,A,D,0,,,,Y,Y,,G,25,0,1,0,0,0,0,0,0,0,"- ","- ",36.428558349609375,-120.33818054199219,FRESNO,UNINCORPORATED,-120.33837127685547,36.428794860839844
92098069,2023,2023-06-20,9495,2023-06-15,2100,021628,,4,2,9,1000,0,1,1,,2,003,"INTERSTATE 5 NORTHBOUND","JAYNE AVENUE",2112.00,N,N,A,-,Y,FRE,,5," "," ",5.878,H,,R,Y,3,0,3,2,A,-,03,22350,,N,C,C,A,A,H,-,D,D,0,,,,,Y,,A,08,0,1,2,0,0,0,0,0,0,"- ","- ",36.142230987548828,-120.16274261474609,FRESNO,UNINCORPORATED,-120.16274261474609,36.142227172851562
92098095,2023,2023-06-20,9435,2023-06-11,1950,021402,,7,2,9,1000,0,3,5,,2,034,"CLAYTON AVENUE","GOLDEN STATE BLVD",1660.00,E,N,A,-,N,,,,,,,,,,N,4,0,1,2,A,-,03,22350,,N,C,C,A,A,H,-,A,D,0,,,Y,,Y,,C,02,0,0,1,0,0,0,0,0,1,"- ","- ",36.641731262207031,-119.68827056884766,FRESNO,UNINCORPORATED,-119.68915557861328,36.641700744628906
92098257,2023,2023-06-20,9495,2023-06-12,1400,019789,,1,2,9,1000,0,1,1,,2,003,"INTERSTATE 5 NORTHBOUND","JAYNE AVENUE",8448.00,S,N,A,-,Y,FRE,,5," "," ",3.943,H,,R,Y,3,0,1,1,A,-,01,23152,A,N,E,I,A,A,H,-,A,D,0,,,,,Y,Y,A,01,0,1,0,0,0,0,0,0,0,"- ","- ",36.119609832763672,-120.14215087890625,FRESNO,UNINCORPORATED,-120.14208221435547,36.119651794433594
92098741,2023,2023-06-21,9435,2023-06-19,1215,019263,,1,1,9,1000,0,1,3,,1,183,"STATE ROUTE 180","ACADEMY AVENUE",0.00,,Y,A,-,Y,FRE,,180," ",R,71.330,H,,R,Y,3,0,2,2,A,-,01,23152,F,N,D,C,A,A,H,-,A,D,0,,,,,Y,,-,"- ",0,2,0,0,0,0,0,0,0,"- ","- ",36.736141204833984,-119.55637359619141,FRESNO,UNINCORPORATED,-119.55637359619141,36.735923767089844
92098848,2023,2023-07-18,9435,2023-06-13,"840 ",018914,,2,1,7,1005,0,1,3,,2,410,"SR-41 N/B",SR-180,500.00,N,N,A,-,Y,FRE,,41," ",R,24.898,H,,R,N,4,0,1,2,A,-,03,22350,,N,C,C,A,A,H,-,A,D,0,,,,,Y,,A,01,0,0,1,0,0,0,0,0,0,"- ","- ",36.759719848632812,-119.77532196044922,FRESNO,FRESNO,-119.77539825439453,36.759723663330078
92098858,2023,2023-06-21,9435,2023-06-12,1030,019926,,1,1,9,1000,0,3,5,,2,034,"DINUBA AVE","MENDOCINO AVE",0.00,,Y,A,-,N,,,,,,,,,,N,4,0,1,3,A,-,09,21802,A,N,D,C,A,A,H,-,A,A,0,,,,,Y,,A,07,0,0,1,0,0,0,0,0,0,"- ","- ",36.590419769287109,-119.54798126220703,FRESNO,UNINCORPORATED,-119.54798889160156,36.590408325195312
92098892,2023,2023-06-21,9435,2023-06-13,"620 ",021247,,2,1,9,1000,0,3,5,,2,015,"JENSEN AVENUE","PROSPECT AVENUE",75.00,W,N,A,-,N,,,,,,,,,,Y,4,0,2,2,A,-,09,21801,A,N,A,C,A,A,H,-,A,D,0,,,,,Y,Y,A,07,0,0,2,0,0,0,0,0,0,"- ","- ",36.706600189208984,-119.85176849365234,FRESNO,UNINCORPORATED,-119.85163879394531,36.706581115722656
92098927,2023,2023-06-21,9435,2023-06-14,"950 ",016911,,3,1,9,1000,0,3,5,,2,034,"RAINBOW AVE","NEWMARK AVE",528.00,N,N,A,-,N,,,,,,,,,,N,4,0,1,2,A,-,03,22350,,N,A,C,A,A,H,-,A,D,0,,,,,Y,,A,01,0,0,1,0,0,0,0,0,0,"- ","- ",36.709770202636719,-119.53781890869141,FRESNO,UNINCORPORATED,-119.54214477539062,36.706737518310547
92099009,2023,2023-06-21,9435,2023-06-07,1030,015095,,3,1,9,1000,0,3,5,,2,030,"SHIELDS AVENUE","ACADEMY AVENUE",0.00,,Y,B,-,N,,,,,,,,,,Y,1,1,0,2,A,-,12,22450,A,N,D,C,A,A,H,-,A,A,0,,,,Y,Y,,D,22,0,0,0,0,0,0,0,0,0,"- ","- ",36.779190063476562,-119.55577850341797,FRESNO,UNINCORPORATED,-119.55599212646484,36.779140472412109
92099094,2023,2023-07-03,9435,2023-06-14,1452,020205,,3,2,7,1005,0,1,3,,2,410,"SR-41 N/B","GETTYSBURG AVE.",640.00,S,N,A,-,Y,FRE,,41," ",R,27.851,H,,R,N,4,0,1,4,A,-,03,22350,,N,C,C,A,A,D,-,A,D,0,,,,,Y,,A,07,0,0,1,0,0,0,0,0,0,"- ","- ",36.799591064453125,-119.78511810302734,FRESNO,FRESNO,-119.78518676757812,36.799591064453125
92099170,2023,2023-06-21,9435,2023-06-15,1540,020095,,4,2,9,1000,0,1,3,,1,180,"SR-180 E/B","LASSEN AVE",0.00,,Y,A,-,Y,FRE,,180," "," ",40.618,H,,R,Y,4,0,4,2,A,-,03,22350,,N,C,C,A,A,H,-,A,D,0,,,,,Y,,D,22,0,0,4,0,0,0,0,0,0,"- ","- ",36.734729766845703,-120.09638977050781,FRESNO,UNINCORPORATED,-120.09638977050781,36.734729766845703
92099186,2023,2023-06-21,9435,2023-06-15,1355,015890,,4,1,9,1000,0,3,5,,2,034,"TEMPERANCE AVENUE","NORTH AVENUE",0.00,,Y,A,-,N,,,,,,,,,,Y,3,0,2,2,A,-,09,21802,A,N,D,C,A,A,H,-,A,A,0,,,,,Y,,A,01,0,2,0,0,0,0,0,0,0,"- ","- ",36.692848205566406,-119.66391754150391,FRESNO,UNINCORPORATED,-119.66397094726562,36.692829132080078
92099193,2023,2023-06-21,9435,2023-04-25,1120,020540,,2,1,9,1000,0,1,3,,2,184,"STATE ROUTE 180","ALTA AVENUE",657.00,W,N,A,-,Y,FRE,,180," "," ",80.923,H,,R,Y,1,2,3,2,A,-,05,21460,A,N,A,C,A,A,H,-,A,D,0,,,,,Y,,A,07,0,3,0,0,0,0,0,0,0,"- ","- ",36.719928741455078,-119.39718627929688,FRESNO,UNINCORPORATED,-119.39719390869141,36.719924926757812
92099205,2023,2023-06-21,9435,2023-06-16,1050,020095,,5,1,9,1000,0,3,5,,2,010,"BELMONT AVE","GOLDENROD AVE",0.00,,Y,A,-,N,,,,,,,,,,Y,3,0,1,2,A,-,09,21801,A,N,C,C,A,A,H,-,A,D,0,,,,,Y,,A,01,0,1,0,0,0,0,0,0,0,"- ","- ",36.749538421630859,-120.04248809814453,FRESNO,UNINCORPORATED,-120.04244232177734,36.749546051025391
92099209,2023,2023-06-21,9495,2023-06-12,1435,020021,,1,2,9,1000,0,1,1,,2,001,"INTERSTATE 5 SOUTHBOUND","KAMM AVENUE",2534.00,N,N,A,-,Y,FRE,,5," "," ",38.851,H,,L,Y,3,0,2,3,A,-,03,22350,,N,C,C,A,A,H,-,A,D,0,,,,,Y,,A,01,0,2,0,0,0,0,0,0,0,"- ","- ",36.535671234130859,-120.49468994140625,FRESNO,UNINCORPORATED,-120.49470520019531,36.535655975341797
92099228,2023,2023-06-21,9435,2023-06-16,1320,017310,,5,1,7,1005,0,1,3,,2,410,"SR41 N/B","DAKOTA AVENUE",2112.00,S,N,A,-,Y,FRE,,41," ",R,26.697,H,,R,N,3,0,1,2,A,-,03,22350,,N,C,C,A,A,H,-,A,D,0,,,,,Y,,A,01,0,1,0,0,0,0,0,0,0,"- ","- ",36.782909393310547,-119.78446960449219,FRESNO,FRESNO,-119.78441619873047,36.782909393310547
92099265,2023,2023-06-21,9435,2023-06-16,1900,016507,,5,2,9,1000,0,3,5,,2,060,"REED AVE","CENTRAL AVE",55.00,S,N,A,-,N,,,,,,,,,,Y,3,0,1,1,A,-,08,22107,,N,E,I,A,A,H,-,A,D,0,,,,,Y,,A,01,0,1,0,0,0,0,0,0,0,"- ","- ",36.676971435546875,-119.4573974609375,FRESNO,UNINCORPORATED,-119.45745849609375,36.676700592041016
92099266,2023,2023-06-21,9435,2023-06-17,1100,016507,,6,1,9,1000,0,1,3,,2,184,"STATE ROUTE 180 (KINGS CANYON ROAD)","ALTA AVE",2640.00,W,N,A,-,Y,FRE,,180," "," ",80.534,H,,R,Y,4,0,4,4,A,-,03,22350,,N,C,C,A,A,H,-,A,D,0,,,,,Y,,E,22,0,0,4,0,0,0,0,0,0,"- ","- ",36.717170715332031,-119.40341949462891,FRESNO,UNINCORPORATED,-119.40339660644531,36.717144012451172
92099282,2023,2023-06-21,9435,2023-06-17,1510,021702,,6,2,9,1000,0,1,3,,2,105,"SR-99 N/B TO SR-180",SR-180,1056.00,S,N,A,-,Y,,,,,,,,,,N,4,0,1,1,A,-,01,23152,A,N,E,I,A,A,H,-,A,D,0,,,,,Y,Y,A,01,0,0,1,0,0,0,0,0,0,"- ","- ",36.739891052246094,-119.810302734375,FRESNO,UNINCORPORATED,-119.81108856201172,36.739730834960938
92099310,2023,2023-06-21,9435,2023-06-18,"550 ",018926,,7,3,7,1005,0,1,3,,2,182,"STATE ROUTE 180 W/B ON-RAMP FROM CLOVIS AVE.","CLOVIS AVE.",100.00,W,N,A,-,Y,,,,,,,,,,Y,2,0,1,1,A,-,08,22107,,N,F,A,A,A,H,-,B,D,0,,,,,Y,,A,01,1,0,0,0,0,0,0,0,0,"- ","- ",36.753200531005859,-119.70146942138672,FRESNO,FRESNO,-119.70146942138672,36.753200531005859
92099321,2023,2023-06-21,9435,2023-06-19,"550 ",020540,,1,3,9,1000,0,3,5,,2,034,"ADAMS AVENUE","LAC JAC AVENUE",1056.00,W,N,A,-,N,,,,,,,,,,Y,4,0,1,2,A,-,06,21750,A,N,A,C,A,A,H,-,A,D,0,,,,,Y,,A,01,0,0,1,0,0,0,0,0,0,"- ","- ",36.633380889892578,-119.48943328857422,FRESNO,UNINCORPORATED,-119.48755645751953,36.633396148681641
92099652,2023,2023-06-22,9461,2023-06-11,"255 ",020486,,7,3,9,1000,0,1,1,,2,305,"PANOCHE ROAD","INTERSTATE 5",75.00,E,N,A,-,Y,,,,,,,,,,N,2,0,3,1,A,-,01,23152,A,N,F,I,A,A,H,-,D,D,0,,,,,Y,Y,A,01,2,1,0,0,0,0,0,0,0,"- ","- ",36.640159606933594,-120.62191772460938,FRESNO,UNINCORPORATED,-120.62435150146484,36.63885498046875
92099888,2023,2023-06-22,9495,2023-06-16,1245,019733,,5,1,9,1000,0,1,1,,2,001,"INTERSTATE 5 SOUTHBOUND","ARROYO HONDO",5808.00,S,N,A,-,Y,FRE,,5," "," ",32.462,H,,L,N,4,0,1,2,A,-,07,21658,A,N,C,C,A,A,H,-,A,D,0,,,,Y,Y,,A,07,0,0,1,0,0,0,0,0,0,"- ","- ",36.464679718017578,-120.42124938964844,FRESNO,UNINCORPORATED,-120.42118835449219,36.464717864990234
92099900,2023,2023-06-22,9435,2023-06-19,1044,020019,,1,1,7,1005,0,1,3,,2,410,"STATE ROUTE 41 NORTHBOUND","ASHLAN AVENUE",528.00,N,N,A,-,Y,FRE,,41," ",R,27.761,H,,R,Y,4,0,1,2,A,-,08,22107,,N,C,C,A,A,D,-,A,D,0,,,,,Y,,A,08,0,0,1,0,0,0,0,0,0,"- ","- ",36.798290252685547,-119.78520202636719,FRESNO,FRESNO,-119.78519439697266,36.798290252685547
92099944,2023,2023-06-22,9495,2023-06-16,1915,021351,,5,2,9,1000,0,1,1,,2,002,"STATE ROUTE 33 (FRESNO-COALINGA ROAD)","INTERSTATE 5",50.00,S,N,A,-,Y,FRE,,33," ",R,28.895,H,,R,Y,4,0,1,2,A,-,09,21802,A,N,D,C,A,A,H,-,A,A,0,,,,,Y,,D,22,0,0,1,0,0,0,0,0,0,"- ","- ",36.293350219726562,-120.27056884765625,FRESNO,UNINCORPORATED,-120.27054595947266,36.293327331542969
92099972,2023,2023-06-22,9495,2023-06-18,"848 ",019424,,7,1,9,1000,0,1,1,,2,001,"INTERSTATE 5 (NORTHBOUND)","KAMM AVENUE",7392.00,S,N,A,-,Y,FRE,,5," "," ",36.794,H,,R,Y,3,0,1,1,A,-,08,22107,,N,F,A,A,A,H,-,A,D,0,,,,,Y,,A,08,0,1,0,0,0,0,0,0,0,"- ","- ",36.514751434326172,-120.46817016601562,FRESNO,UNINCORPORATED,-120.46820068359375,36.514728546142578
92100286,2023,2023-06-22,9435,2023-06-19,1615,021386,,1,2,9,1000,0,1,3,,2,106,"STATE ROUTE 99 SOUTHBOUND","CEDAR AVENUE",100.00,N,N,A,-,Y,FRE,,99," "," ",16.952,H,,L,Y,4,0,3,2,A,-,03,22350,,N,C,C,A,A,H,-,A,D,0,,,,,Y,,A,01,0,0,3,0,0,0,0,0,0,"- ","- ",36.689098358154297,-119.75502777099609,FRESNO,UNINCORPORATED,-119.75502777099609,36.689098358154297
92100734,2023,2023-06-23,9435,2023-06-19,1930,021386,,1,2,9,1000,0,1,3,,1,411,"STATE ROUTE 41 SOUTHBOUND","CENTRAL AVENUE",2000.00,N,N,A,-,Y,FRE,,41," ",R,19.530,H,,L,Y,4,0,1,1,A,-,08,22107,,N,F,A,A,A,H,-,A,D,0,,,,,Y,,D,22,0,0,1,0,0,0,0,0,0,"- ","- ",36.684009552001953,-119.7861328125,FRESNO,UNINCORPORATED,-119.78611755371094,36.684009552001953
92100952,2023,2023-06-23,9435,2023-06-18,1225,019263,,7,1,7,1005,0,1,3,,2,410,"SR-41 N/B","GETTYSBURG AVE",975.00,N,N,A,-,Y,FRE,,41," ",R,28.158,H,,R,Y,4,0,1,3,A,-,03,22350,,M,C,C,A,A,H,-,A,D,0,,,,,Y,,A,07,0,0,1,0,0,0,0,0,0,"- ","- ",36.804039001464844,-119.78508758544922,FRESNO,FRESNO,-119.78512573242188,36.804039001464844
92101074,2023,2023-06-23,9435,2023-06-20,1812,020122,,2,2,9,1000,0,1,3,,2,107,"STATE ROUTE 99 SOUTHBOUND","HIGHLAND AVENUE",1690.00,N,N,A,-,Y,FRE,,99," "," ",6.859,H,,L,Y,4,0,2,3,A,-,03,22350,,N,C,C,A,A,D,-,A,D,0,,,,,Y,,A,01,0,0,2,0,0,0,0,0,0,"- ","- ",36.580268859863281,-119.63391876220703,FRESNO,UNINCORPORATED,-119.63387298583984,36.580303192138672
92101081,2023,2024-08-14,9435,2023-06-17,"515 ",020586,,6,3,9,1000,0,3,5,,2,030,"BELMONT AVENUE","DEL REY AVENUE",211.00,E,N,A,-,N,,,,,,,,,,Y,1,1,3,2,A,-,09,21804,A,N,D,C,A,A,H,-,B,D,0,,,,,Y,,E,22,0,1,2,0,0,0,0,0,0,"- ","- ",36.750198364257812,-119.59130096435547,FRESNO,UNINCORPORATED,-119.59137725830078,36.750141143798828
92101122,2023,2023-06-23,9435,2023-03-26,1206,020122,,7,1,7,1005,0,1,3,,2,105,"STATE ROUTE 99 NORTHBOUND","MCKINLEY AVENUE",500.00,N,N,A,-,Y,FRE,,99," "," ",23.956,H,,R,Y,1,1,0,1,A,-,08,22107,,N,E,I,A,A,H,-,A,D,0,,,,,Y,,A,01,0,0,0,0,0,0,0,0,0,"- ","- ",36.766040802001953,-119.834716796875,FRESNO,FRESNO,-119.83483123779297,36.765995025634766
92101865,2023,2023-06-26,9495,2023-06-14,2335,021213,,3,3,9,1000,0,1,1,,2,002,"INTERSTATE 5 (SOUTHBOUND)","COLE AVENUE",125.00,N,N,A,-,Y,FRE,,5," "," ",15.975,H,,L,Y,2,0,1,1,A,-,08,22107,,N,E,I,A,A,H,-,D,D,0,,,,,Y,,A,07,1,0,0,0,0,0,0,0,0,"- ","- ",36.268508911132812,-120.25319671630859,FRESNO,UNINCORPORATED,-120.25314331054688,36.268531799316406
92102172,2023,2023-06-26,9435,2023-06-18,1525,021086,,7,2,9,1000,0,3,5,,2,025,"ASHLAN AVENUE","CLOVIS AVENUE",125.00,E,N,A,-,N,,,,,,,,,,N,4,0,1,2,A,-,21,22106,,N,C,C,A,A,H,-,A,A,0,,,,,Y,,A,01,0,0,1,0,0,0,0,0,0,"- ","- ",36.793228149414062,-119.69976043701172,FRESNO,UNINCORPORATED,-119.70003509521484,36.793178558349609
92102314,2023,2023-06-26,9495,2023-06-19,"718 ",019829,,1,1,9,1000,0,3,5,,2,053,"S BUTTE AVENUE","JAYNE AVENUE",3168.00,N,N,A,-,N,,,,,,,,,,N,3,0,1,2,A,-,03,22350,,N,D,C,A,A,H,-,A,D,0,,,Y,Y,Y,,C,02,0,1,0,0,0,0,0,0,1,"- ","- ",36.14501953125,-120.15634918212891,FRESNO,UNINCORPORATED,-120.15647125244141,36.146469116210938
92102333,2023,2023-06-26,9495,2023-06-17,1908,021351,,6,2,9,1000,0,3,5,,2,053,"GALE AVENUE","WESTLAWN AVENUE",3.00,W,N,A,-,N,,,,,,,,,,N,2,0,1,2,A,-,09,21804,A,N,D,C,A,A,H,-,A,D,0,,,Y,,Y,,C,06,1,0,0,0,0,0,0,0,1,"- ","- ",36.181491851806641,-119.95908355712891,FRESNO,UNINCORPORATED,-119.95903015136719,36.181449890136719
92102355,2023,2023-06-26,9435,2023-06-18,1625,021402,,7,2,9,1000,0,3,5,,2,034,"MANNING AVENUE","BETHEL AVENUE",0.00,,Y,A,-,N,,,,,,,,,,Y,2,0,2,2,A,-,12,21453,A,N,D,2,A,A,H,-,A,A,0,,,,,Y,,A,01,2,0,0,0,0,0,0,0,0,"- ","- ",36.605049133300781,-119.57491302490234,FRESNO,UNINCORPORATED,-119.57484436035156,36.605068206787109
92102560,2023,2023-06-26,9435,2023-06-20,1440,021312,,2,2,9,1000,0,3,5,,2,010,"DICKENSON AVENUE","BELMONT AVENUE",32.00,S,N,A,-,N,,,,,,,,,,Y,4,0,1,2,A,-,03,22350,,N,C,2,A,A,H,-,A,D,0,,,,,Y,,A,01,0,0,1,0,0,0,0,0,0,"- ","- ",36.749500274658203,-119.96987915039062,FRESNO,UNINCORPORATED,-119.96990203857422,36.749523162841797
92102579,2023,2023-06-26,9495,2023-06-20,1451,020021,,2,2,9,1000,0,1,3,,2,005,"STATE ROUTE 33 (DERRICK AVENUE)","MANNING AVENUE",0.00,,Y,A,-,Y,FRE,,33," "," ",51.403,H,,R,Y,4,0,1,2,A,-,12,22450,A,N,D,C,A,A,H,-,A,A,0,,,,Y,Y,,A,01,0,0,1,0,0,0,0,0,0,"- ","- ",36.603420257568359,-120.38852691650391,FRESNO,UNINCORPORATED,-120.3885498046875,36.603420257568359
92102634,2023,2023-06-26,9435,2023-06-22,1300,019263,,4,1,7,1005,0,1,3,,2,410,"SR-41 N/B","GETTYSBURG AVE",20.00,S,N,A,-,Y,FRE,,41," ",R,27.956,H,,R,Y,3,0,2,3,A,-,03,22350,,N,C,C,A,A,H,-,A,D,0,,,,,Y,,A,01,0,1,1,0,0,0,0,0,0,"- ","- ",36.801109313964844,-119.78511810302734,FRESNO,FRESNO,-119.78517150878906,36.801109313964844
92103110,2023,2023-06-27,9495,2023-06-15,2155,021186,,4,2,9,1000,0,1,1,,2,003,"INTERSTATE 5 NORTHBOUND","JAYNE AVENUE",2112.00,N,N,A,-,Y,FRE,,5," "," ",5.950,H,,R,Y,4,0,1,2,A,-,03,22350,,N,C,C,A,A,H,-,D,D,0,,,,Y,Y,,G,25,0,0,1,0,0,0,0,0,0,"- ","- ",36.143081665039062,-120.16349029541016,FRESNO,UNINCORPORATED,-120.16351318359375,36.14306640625
92103416,2023,2023-06-27,9435,2023-06-22,1630,020205,,4,2,9,1000,0,3,5,,2,030,"WELDON AVENUE","ARDEN DRIVE W",50.00,E,N,A,-,N,,,,,,,,,,N,2,0,2,2,A,-,08,22107,,N,A,C,A,A,H,-,A,D,0,,,,,Y,,A,01,1,0,1,0,0,0,0,0,0,"- ","- ",36.768569946289062,-119.76155090332031,FRESNO,UNINCORPORATED,-119.76182556152344,36.768642425537109
92103576,2022,2023-06-27,9495,2022-03-05,1915,021029,,6,2,9,1000,0,3,5,,2,053,"JAYNE AVENUE","SUTTER AVENUE",1056.00,W,N,A,-,N,,,,,,,,,,Y,1,1,3,2,A,-,05,21650,,N,A,C,A,A,H,-,D,D,0,,,,,Y,,A,01,2,1,0,0,0,0,0,0,0,"- ","- ",36.137470245361328,-120.20478820800781,FRESNO,UNINCORPORATED,-120.20383453369141,36.137500762939453
92104113,2023,2023-06-28,9435,2023-06-23,1230,020540,,5,1,9,1000,0,3,5,,2,060,"SOUTH AVENUE","ENGLEHART AVENUE",0.00,,Y,A,-,N,,,,,,,,,,Y,4,0,2,2,A,-,09,21802,A,N,D,C,A,A,H,-,A,A,0,,,,,Y,,-,"- ",0,0,2,0,0,0,0,0,0,"- ","- ",36.618549346923828,-119.41300964355469,FRESNO,UNINCORPORATED,-119.41304016113281,36.618553161621094
92104120,2023,2023-06-28,9435,2023-06-19,"148 ",021031,,1,3,9,1000,0,3,5,,2,030,"CLINTON AVENUE","CEDAR AVENUE",500.00,E,N,A,-,N,,,,,,,,,,Y,3,0,1,3,A,-,01,23152,A,N,F,E,A,A,H,-,D,D,0,,,,,Y,Y,A,01,0,1,0,0,0,0,0,0,0,"- ","- ",36.772258758544922,-119.75241851806641,FRESNO,UNINCORPORATED,-119.75277709960938,36.772327423095703
92104164,2023,2023-06-28,9435,2023-06-23,"925 ",019263,,5,1,9,1000,0,3,5,,2,034,"MANNING AVE","LEONARD AVE",0.00,,Y,A,-,N,,,,,,,,,,Y,3,0,3,2,A,-,09,21802,A,N,D,C,A,A,H,-,A,D,0,,,,,Y,,A,01,0,1,2,0,0,0,0,0,0,"- ","- ",36.605350494384766,-119.63754272460938,FRESNO,UNINCORPORATED,-119.63748931884766,36.605213165283203
92104173,2023,2023-09-06,9435,2023-06-23,1015,019263,,5,1,9,1000,0,3,5,,2,034,"ACADEMY AVE","ADAMS AVE",0.00,,Y,A,-,N,,,,,,,,,,Y,4,0,1,2,A,-,12,22450,A,N,A,C,A,A,H,-,A,A,0,,,,,Y,,A,07,0,0,1,0,0,0,0,0,0,"- ","- ",36.634170532226562,-119.55661773681641,FRESNO,UNINCORPORATED,-119.55675506591797,36.634132385253906