CASE_ID,ACCIDENT_YEAR,PROC_DATE,JURIS,COLLISION_DATE,COLLISION_TIME,OFFICER_ID,REPORTING_DISTRICT,DAY_OF_WEEK,CHP_SHIFT,POPULATION,CNTY_CITY_LOC,SPECIAL_COND,BEAT_TYPE,CHP_BEAT_TYPE,CITY_DIVISION_LAPD,CHP_BEAT_CLASS,BEAT_NUMBER,PRIMARY_RD,SECONDARY_RD,DISTANCE,DIRECTION,INTERSECTION,WEATHER_1,WEATHER_2,STATE_HWY_IND,CALTRANS_COUNTY,CALTRANS_DISTRICT,STATE_ROUTE,ROUTE_SUFFIX,POSTMILE_PREFIX,POSTMILE,LOCATION_TYPE,RAMP_INTERSECTION,SIDE_OF_HWY,TOW_AWAY,COLLISION_SEVERITY,NUMBER_KILLED,NUMBER_INJURED,PARTY_COUNT,PRIMARY_COLL_FACTOR,PCF_CODE_OF_VIOL,PCF_VIOL_CATEGORY,PCF_VIOLATION,PCF_VIOL_SUBSECTION,HIT_AND_RUN,TYPE_OF_COLLISION,MVIW,PED_ACTION,ROAD_SURFACE,ROAD_COND_1,ROAD_COND_2,LIGHTING,CONTROL_DEVICE,CHP_ROAD_TYPE,PEDESTRIAN_ACCIDENT,BICYCLE_ACCIDENT,MOTORCYCLE_ACCIDENT,TRUCK_ACCIDENT,NOT_PRIVATE_PROPERTY,ALCOHOL_INVOLVED,STWD_VEHTYPE_AT_FAULT,CHP_VEHTYPE_AT_FAULT,COUNT_SEVERE_INJ,COUNT_VISIBLE_INJ,COUNT_COMPLAINT_PAIN,COUNT_PED_KILLED,COUNT_PED_INJURED,COUNT_BICYCLIST_KILLED,COUNT_BICYCLIST_INJURED,COUNT_MC_KILLED,COUNT_MC_INJURED,PRIMARY_RAMP,SECONDARY_RAMP,LATITUDE,LONGITUDE,COUNTY,CITY,POINT_X,POINT_Y
9211696,2020,2021-03-11,1001,2020-02-29,1658,5771,,6,5,5,1001,0,0,0,,0,004,"MINNEWAWA AV","SAN JOSE AV",155.00,N,N,A,-,N,,,,,,,,,,Y,1,1,2,1,A,-,08,22107,,N,E,I,A,A,H,-,A,D,0,,,,,Y,,A,01,0,0,2,0,0,0,0,0,0,"- ","- ",36.81298828125,-119.70909118652344,FRESNO,CLOVIS,-119.70904541015625,36.812545776367188
9211697,2020,2021-03-11,1001,2020-05-02,1055,5785,,6,5,5,1001,0,0,0,,0,002,"SHAW AV","HARVARD AV",0.00,,Y,A,-,N,,,,,,,,,,Y,1,1,1,2,A,-,03,22350,,N,D,C,A,A,H,-,A,D,0,,,Y,,Y,,C,02,0,1,0,0,0,0,0,1,0,"- ","- ",36.808048248291016,-119.70639801025391,FRESNO,CLOVIS,-119.70613098144531,36.808570861816406
9211700,2020,2022-06-11,1001,2020-09-27,0056,5698,,7,5,5,1001,0,0,0,,0,001,"W ASHLAN AV (681 BLOCK)","WEST ASHLAN AV",0.00,,Y,A,-,N,,,,,,,,,,Y,1,1,0,2,A,-,11,21954,A,N,G,B,D,A,H,-,C,D,0,Y,,,,Y,Y,N,60,0,0,0,1,0,0,0,0,0,"- ","- ",36.794410705566406,-119.72490692138672,FRESNO,CLOVIS,-119.73165893554688,36.794269561767578
92117187,2023,2023-07-14,9435,2023-07-13,"745 ",020429,,4,1,9,1000,0,1,3,,2,184,SR-180,SR-245,300.00,W,N,A,-,Y,FRE,,180," "," ",108.051,H,,R,Y,4,0,2,1,A,-,08,22107,,N,E,I,A,A,H,-,A,D,0,,,,,Y,,A,01,0,0,2,0,0,0,0,0,0,"- ","- ",36.71990966796875,-119.00142669677734,FRESNO,UNINCORPORATED,-119.00139617919922,36.719978332519531
92117218,2023,2023-07-14,9435,2023-07-13,1735,020586,,4,2,7,1005,0,1,3,,2,181,"SR-180 EB","FIRST ST",845.00,E,N,A,-,Y,FRE,,180," ",R,59.046,H,,R,N,3,0,1,2,A,-,03,22350,,N,C,C,A,A,H,-,A,D,0,,,,,Y,,A,01,0,1,0,0,0,0,0,0,0,"- ","- ",36.75482177734375,-119.76949310302734,FRESNO,FRESNO,-119.76949310302734,36.754852294921875
92117296,2023,2023-07-14,9435,2023-07-08,2045,021594,,6,2,9,1000,0,3,5,,2,040,"CONEJO AVENUE","CLOVIS AVENUE",2640.00,E,N,A,-,N,,,,,,,,,,N,4,0,2,1,A,-,08,22107,,N,E,I,A,A,H,-,D,D,0,,,,,Y,Y,A,01,0,0,2,0,0,0,0,0,0,"- ","- ",36.518108367919922,-119.691650390625,FRESNO,UNINCORPORATED,-119.69183349609375,36.518169403076172
9211752,2020,2022-03-24,1006,2020-12-31,2350,H156,HURON,4,5,2,1006,0,0,0,,0,H030,"LASSEN AV","CHERRY ST",132.00,N,N,A,-,Y,FRE,6,269,-,-,8.790,H,-,N,Y,1,1,0,2,A,-,03,22350,,F,G,B,D,A,H,-,C,D,0,Y,,,,Y,,A,01,0,0,0,1,0,0,0,0,0,"- ","- ",,,FRESNO,HURON,-120.10341644287109,36.197860717773438
9211822,2021,2021-04-15,1015,2021-03-30,0053,N125,SELMA,2,5,3,1015,0,0,0,,0,B03,"FLORAL AV","A ST",95.00,E,N,A,-,N,,,,,,,,,,Y,1,1,1,2,A,-,03,22356,B,F,C,E,A,A,H,-,C,D,0,,,,,Y,Y,A,01,1,0,0,0,0,0,0,0,0,"- ","- ",36.576290130615234,-119.60961151123047,FRESNO,SELMA,-119.6092529296875,36.576206207275391
9211826,2020,2021-04-15,1001,2020-02-29,1849,5635,,6,5,5,1001,0,0,0,,0,002,"SHAW AV","FOWLER AV",0.00,,Y,A,-,N,,,,,,,,,,Y,1,1,0,2,A,-,09,21801,A,N,D,C,A,A,-,-,C,D,0,,,Y,,Y,,A,07,0,0,0,0,0,0,0,1,0,"- ","- ",36.808521270751953,-119.68206024169922,FRESNO,CLOVIS,-119.68206024169922,36.808670043945312
9211886,2020,2022-06-14,1005,2020-01-08,0053,P731,1557,3,5,7,1005,0,0,0,,0,04C,"BULLARD AV","FRESNO ST",7.00,E,N,A,-,N,,,,,,,,,,Y,1,1,0,2,A,-,01,23152,A,F,H,G,A,A,H,-,C,A,0,,Y,,,Y,Y,A,01,0,0,0,0,0,1,0,0,0,"- ","- ",36.82305908203125,-119.78131866455078,FRESNO,FRESNO,-119.78138732910156,36.823040008544922
9211887,2020,2021-04-29,1005,2020-01-18,2032,P1131,4F,6,5,7,1005,0,0,0,,0,1659,"SHAW AV","CEDAR AV",734.00,W,N,A,-,N,,,,,,,,,,Y,1,1,0,3,A,-,11,21954,A,F,G,B,D,A,H,-,E,D,0,Y,,,,Y,,N,60,0,0,0,1,0,0,0,0,0,"- ","- ",36.808521270751953,-119.75414276123047,FRESNO,FRESNO,-119.75677490234375,36.808708190917969
9211888,2020,2022-06-11,1005,2020-01-24,1822,P1070,2248,5,5,7,1005,0,0,0,,0,NWF,"BRAWLEY AV","WELDON AV",430.00,S,N,A,-,N,,,,,,,,,,Y,1,1,0,2,A,-,03,22350,,N,G,B,E,A,E,-,C,D,0,Y,,,,Y,,D,22,0,0,0,1,0,0,0,0,0,"- ","- ",36.768638610839844,-119.86226654052734,FRESNO,FRESNO,-119.86225128173828,36.767429351806641
9211889,2020,2021-04-29,1005,2020-01-27,2121,P731,2758,1,5,7,1005,0,0,0,,0,03E,"VENTURA AV","4TH ST",80.00,W,N,A,B,N,,,,,,,,,,N,1,1,0,4,A,-,11,21954,A,N,G,B,E,A,H,-,C,D,0,Y,,,,Y,,N,60,0,0,0,1,0,0,0,0,0,"- ","- ",36.735820770263672,-119.76750946044922,FRESNO,FRESNO,-119.76789093017578,36.735950469970703
9211890,2020,2022-06-11,1005,2020-01-30,1555,P731,1949,4,5,7,1005,0,0,0,,0,02A,"MARKS AV","SUSSEX WY",0.00,,Y,A,-,N,,,,,,,,,,N,1,1,0,2,A,-,10,21950,A,N,G,B,B,A,H,-,A,A,0,Y,,,,Y,,A,07,0,0,0,1,0,0,0,0,0,"- ","- ",36.790420532226562,-119.84426116943359,FRESNO,FRESNO,-119.84430694580078,36.790821075439453
9211891,2020,2021-04-29,1005,2020-02-08,0140,P1131,5D,6,5,7,1005,0,0,0,,0,1848,"VALENTINE AV","INDIANAPOLIS AV",135.00,S,N,A,-,N,,,,,,,,,,Y,1,1,0,1,A,-,01,23152,A,N,E,I,A,A,H,-,C,D,0,,,,,Y,Y,A,07,0,0,0,0,0,0,0,0,0,"- ","- ",36.79962158203125,-119.85343170166016,FRESNO,FRESNO,-119.85335540771484,36.799369812011719
9211892,2020,2021-04-29,1005,2020-02-13,0859,P1070,SWB,4,5,7,1005,0,0,0,,0,2556,"BLACKSTONE AV","ILLINOIS AV",0.00,,Y,A,-,N,,,,,,,,,,Y,1,1,1,2,A,-,09,21801,A,N,D,C,A,A,H,-,A,A,0,,,,,Y,,A,01,0,1,0,0,0,0,0,0,0,"- ","- ",36.745048522949219,-119.79042053222656,FRESNO,FRESNO,-119.79054260253906,36.745071411132812
9211893,2020,2021-04-29,1005,2020-02-26,0513,P1131,1F,3,5,7,1005,0,0,0,,0,2953,"CALIFORNIA AV","ARTHUR AV",55.00,E,N,A,-,N,,,,,,,,,,N,1,1,0,2,A,-,03,22350,,N,G,B,E,A,H,-,C,D,0,Y,,,,Y,,A,01,0,0,0,1,0,0,0,0,0,"- ","- ",36.721370697021484,-119.81558990478516,FRESNO,FRESNO,-119.81536102294922,36.721340179443359
9211894,2020,2021-04-29,1005,2020-03-02,1843,P1070,CEC,1,5,7,1005,0,0,0,,0,2152,"WEST AV","MICHIGAN AV",91.00,N,N,A,-,N,,,,,,,,,,Y,1,1,0,2,A,-,11,21954,A,N,G,B,D,A,H,-,C,D,0,Y,,,,Y,,N,60,0,0,0,1,0,0,0,0,0,"- ","- ",33.776531219482422,-119.82653045654297,FRESNO,FRESNO,-119.82669067382812,36.776779174804688
9211895,2020,2021-04-29,1005,2020-03-11,0647,P731,2657,3,5,7,1005,0,0,0,,0,01D,"R ST","MARIPOSA ST",7.00,N,N,B,-,N,,,,,,,,,,Y,1,1,1,2,A,-,10,21950,A,N,G,B,B,A,H,-,C,A,0,Y,,,,Y,,A,01,0,0,1,1,0,0,0,0,0,"- ","- ",36.74066162109375,-119.78301239013672,FRESNO,FRESNO,-119.78303527832031,36.740795135498047
9211896,2020,2021-04-29,1005,2020-03-19,0342,P1131,2C,4,5,7,1005,0,0,0,,0,2151,"HUGHES AV","BROWN AV",219.00,N,N,B,-,N,,,,,,,,,,Y,1,1,0,2,A,-,11,21954,A,N,G,B,E,A,H,-,D,D,0,Y,,,,Y,Y,N,60,0,0,0,1,0,0,0,0,0,"- ","- ",36.774551391601562,-119.83545684814453,FRESNO,FRESNO,-119.83547973632812,36.775089263916016
9211897,2020,2021-04-29,1005,2020-04-16,1625,P1070,CEC,4,5,7,1005,0,0,0,,0,2154,"PALM AV","CLINTON AV",0.00,,Y,A,-,N,,,,,,,,,,Y,1,2,0,2,A,-,01,23152,F,N,D,C,A,A,H,-,A,A,0,,,,,Y,,A,01,0,0,0,0,0,0,0,0,0,"- ","- ",36.772140502929688,-119.80870819091797,FRESNO,FRESNO,-119.80864715576172,36.772098541259766
9211898,2020,2022-06-11,1005,2020-04-23,1539,P731,2456,4,5,7,1005,0,0,0,,0,02G,"OLIVE AV","ROWELL AV",170.00,E,N,A,-,N,,,,,,,,,,Y,1,1,1,2,A,-,01,23152,F,N,A,C,A,A,H,-,A,D,0,,,,,Y,Y,A,01,1,0,0,0,0,0,0,0,0,"- ","- ",36.7576904296875,-119.75218963623047,FRESNO,FRESNO,-119.75164031982422,36.757728576660156
9211899,2020,2021-04-29,1005,2020-04-23,2115,P1070,CEC,4,5,7,1005,0,0,0,,0,2154,"SHIELDS AV","COLLEGE AV",164.00,W,N,A,-,N,,,,,,,,,,Y,1,1,0,2,A,-,01,23152,F,N,G,B,D,A,H,-,C,D,0,Y,,,,Y,,A,01,0,0,0,1,0,0,0,0,0,"- ","- ",36.779560089111328,-119.79727935791016,FRESNO,FRESNO,-119.79788970947266,36.779548645019531
9211900,2020,2021-04-29,1005,2020-04-25,1503,P1070,NEB,6,5,7,1005,0,0,0,,0,1162,"NEES AV","CHESTNUT AV",0.00,,Y,A,-,N,,,,,,,,,,Y,1,1,2,2,A,-,01,23152,A,N,D,C,A,A,H,-,A,A,0,,,,,Y,Y,D,22,0,2,0,0,0,0,0,0,0,"- ","- ",36.852169036865234,-119.7386474609375,FRESNO,FRESNO,-119.73880767822266,36.852138519287109
9211901,2020,2021-04-29,1005,2020-05-06,2128,P1131,3A,3,5,7,1005,0,0,0,,0,2358,"OLIVE AV","FISHER ST",1.00,W,N,A,-,N,,,,,,,,,,Y,1,1,0,2,A,-,10,21950,A,F,G,B,B,A,H,-,C,D,0,Y,,,,Y,Y,A,07,0,0,0,1,0,0,0,0,0,"- ","- ",36.757770538330078,-119.77024078369141,FRESNO,FRESNO,-119.77024078369141,36.757728576660156
9211902,2020,2021-04-29,1005,2020-05-14,2219,P731,2956,4,5,7,1005,0,0,0,,0,01E,"CALIFORNIA AV","LOTUS AV",135.00,W,N,A,-,N,,,,,,,,,,Y,1,1,0,1,A,-,01,23152,B,N,E,I,A,A,H,-,C,D,0,,,Y,,Y,Y,C,02,0,0,0,0,0,0,0,1,0,"- ","- ",36.721511840820312,-119.78739929199219,FRESNO,FRESNO,-119.78785705566406,36.721431732177734
9211903,2020,2021-05-04,1005,2020-05-23,0719,P1131,1/A,6,5,7,1005,0,0,0,,0,2553,"GOLDEN STATE BL","BELMONT CIR",161.00,N,N,A,-,N,,,,,,,,,,Y,1,1,1,1,A,-,01,23152,G,N,E,I,A,A,H,-,A,A,0,,,,,Y,Y,A,01,0,0,1,0,0,0,0,0,0,"- ","- ",,,FRESNO,FRESNO,-119.81552124023438,36.751308441162109
9211904,2020,2021-05-04,1005,2020-05-30,2131,P1070,NW/F,6,5,7,1005,0,0,0,,0,2048,"SHIELDS AV","MARKS AV",944.00,W,N,B,-,N,,,,,,,,,,N,1,1,0,2,A,-,03,22350,,F,G,B,D,A,H,-,C,D,0,Y,,,,Y,Y,A,01,0,0,0,1,0,0,0,0,0,"- ","- ",,,FRESNO,FRESNO,-119.84916687011719,36.779144287109375
9211905,2020,2021-05-04,1005,2020-06-05,1751,P731,2061,5,5,7,1005,0,0,0,,0,04G,"CHESTNUT AV","DAYTON AV",0.00,,Y,A,-,N,,,,,,,,,,Y,1,1,2,2,A,-,01,23152,F,N,D,C,A,A,H,-,A,A,0,,,,,Y,,A,01,0,2,0,0,0,0,0,0,0,"- ","- ",36.783119201660156,-119.73622894287109,FRESNO,FRESNO,-119.73650360107422,36.783138275146484
9211906,2020,2021-05-04,1005,2020-06-09,2224,P1131,1/B,2,5,7,1005,0,0,0,,0,2555,"BLACKSTONE AV","BELMONT AV",35.00,S,N,A,-,N,,,,,,,,,,N,1,1,0,2,A,-,11,21954,A,F,G,B,D,A,H,-,C,A,0,Y,,,,Y,,N,60,0,0,0,1,0,0,0,0,0,"- ","- ",36.750438690185547,-119.79038238525391,FRESNO,FRESNO,-119.79055023193359,36.750335693359375
9211907,2020,2021-05-04,1005,2020-06-10,1501,P1131,3/D,3,5,7,1005,0,0,0,,0,2661,"BACKER AV","FILLMORE AV",31.00,S,N,A,-,N,,,,,,,,,,N,1,1,0,2,A,-,08,22107,,F,H,G,A,A,H,-,A,B,0,,Y,,,Y,,A,01,0,0,0,0,0,1,0,0,0,"- ","- ",,,FRESNO,FRESNO,-119.74375915527344,36.741275787353516
9211908,2020,2021-05-04,1005,2020-06-20,2500,P1070,SW/C,6,5,7,1005,0,0,0,,0,2750,"WHITES BRIDGE AV","MARKS AV",1300.00,E,N,A,-,N,,,,,,,,,,N,1,1,0,2,A,-,17,21209,A,F,C,G,A,A,H,-,C,D,0,,Y,,,Y,,A,01,0,0,0,0,0,1,0,0,0,"- ","- ",36.735660552978516,-119.84439086914062,FRESNO,FRESNO,-119.84008026123047,36.7357177734375
9211909,2020,2021-05-04,1005,2020-07-02,2101,P1131,2/B,4,5,7,1005,0,0,0,,0,2057,"CALLISCH ST","SHIELDS AV FRONTAGE RD",0.00,,Y,A,-,N,,,,,,,,,,N,1,1,0,2,A,-,08,22107,,N,H,G,A,A,H,-,C,D,0,,Y,,,Y,Y,L,04,0,0,0,0,0,1,0,0,0,"- ","- ",36.779468536376953,-119.77645111083984,FRESNO,FRESNO,-119.77648162841797,36.779720306396484
9211910,2020,2021-05-04,1005,2020-07-17,2032,P731,3052,5,5,7,1005,0,0,0,,0,01F,"FRUIT AV","CHURCH AV",633.00,S,N,A,-,N,,,,,,,,,,N,1,1,0,2,A,-,11,21954,A,N,G,B,E,A,H,-,D,D,0,Y,,,,Y,Y,N,60,0,0,0,1,0,0,0,0,0,"- ","- ",36.714061737060547,-119.81802368164062,FRESNO,FRESNO,-119.81789398193359,36.712322235107422
9211911,2020,2022-06-11,1005,2020-07-25,2249,P731,2151,6,5,7,1005,0,0,0,,0,"CE C","CLINTON AV","WEBER AV",247.00,E,N,A,-,N,,,,,,,,,,Y,1,1,0,3,A,-,03,22350,,N,G,B,D,A,H,-,C,D,0,Y,,,,Y,,A,01,0,0,0,1,0,0,0,0,0,"- ","- ",36.771991729736328,-119.83408355712891,FRESNO,FRESNO,-119.83326721191406,36.771976470947266
9211912,2020,2022-06-07,1005,2020-07-27,1058,P1763,NORTH,1,5,7,1005,0,0,0,,0,00G,"VALENTINE AV","NORWICH AV",0.00,,Y,A,-,N,,,,,,,,,,N,1,1,0,2,A,-,08,22107,,N,C,G,A,A,H,-,A,D,0,,Y,,,Y,,L,04,0,0,0,0,0,1,0,0,0,"- ","- ",36.800338745117188,-119.85343170166016,FRESNO,FRESNO,-119.85337066650391,36.800460815429688
9211913,2020,2021-05-04,1005,2020-07-28,2330,P1070,NW/D,2,5,7,1005,0,0,0,,0,1647,"JENNIFER AV","GATES AV",1084.00,N,N,A,-,N,,,,,,,,,,Y,1,1,0,2,A,-,11,21954,A,N,G,B,E,A,H,-,E,D,0,Y,,,,Y,Y,N,60,0,0,0,1,0,0,0,0,0,"- ","- ",36.809688568115234,-119.87551879882812,FRESNO,FRESNO,-119.87844848632812,36.811492919921875
9211914,2020,2022-06-11,1005,2020-07-30,2230,P1070,CE/D,4,5,7,1005,0,0,0,,0,2155,"SHIELDS AV","DEL MAR AV",0.00,,Y,A,-,N,,,,,,,,,,Y,1,1,0,2,A,-,09,21802,A,F,D,C,A,A,H,-,C,A,0,,,Y,,Y,Y,A,01,0,0,0,0,0,0,0,1,0,"- ","- ",36.779560089111328,-119.79502105712891,FRESNO,FRESNO,-119.79505920410156,36.779571533203125
9211915,2020,2022-06-11,1005,2020-08-02,2229,P1070,NW/G,7,5,7,1005,0,0,0,,0,1849,"MARKS AV","SWIFT AV",28.00,S,N,A,-,N,,,,,,,,,,Y,1,2,0,3,A,-,01,23152,F,F,G,B,D,A,H,-,C,D,0,Y,,,,Y,,A,07,0,0,0,1,0,0,0,0,0,"- ","- ",36.796710968017578,-119.84420013427734,FRESNO,FRESNO,-119.84432220458984,36.796604156494141
9211916,2020,2021-05-04,1005,2020-08-08,0906,P731,2153,6,5,7,1005,0,0,0,,0,"CE C","SHIELDS AV","VAGEDES AV",0.00,,Y,A,-,N,,,,,,,,,,Y,1,1,1,2,A,-,09,21801,A,N,D,C,A,A,H,-,A,A,0,,,Y,,Y,,D,22,0,1,0,0,0,0,0,1,0,"- ","- ",36.779399871826172,-119.81645965576172,FRESNO,FRESNO,-119.81645965576172,36.779331207275391
9211917,2020,2021-05-04,1005,2020-08-16,1352,P1131,2E,7,5,7,1005,0,0,0,,0,2353,"PALM AV","PINE AV",117.00,S,N,A,-,N,,,,,,,,,,N,1,1,0,2,A,-,05,21460,A,F,G,B,D,A,H,-,A,D,0,Y,,,Y,Y,,F,21,0,0,0,1,0,0,0,0,0,"- ","- ",36.762641906738281,-119.80861663818359,FRESNO,FRESNO,-119.80860900878906,36.76226806640625
9211918,2020,2021-05-04,1005,2020-08-19,2123,P1070,NE/G,3,5,7,1005,0,0,0,,0,2060,"MAPLE AV","FEDORA AV",140.00,S,N,B,-,N,,,,,,,,,,Y,1,1,0,2,A,-,11,21954,A,N,G,B,E,A,H,-,C,D,0,Y,,,,Y,,N,60,0,0,0,1,0,0,0,0,0,"- ","- ",36.7843017578125,-119.74524688720703,FRESNO,FRESNO,-119.74532318115234,36.783885955810547
9211919,2020,2021-05-04,1005,2020-08-26,1427,0731,"SE C",3,5,7,1005,0,0,0,,0,2458,"OLIVE AV","BOND ST",0.00,,Y,A,-,N,,,,,,,,,,Y,1,1,5,2,A,-,"- ",,,N,C,A,A,A,H,-,A,A,0,,,,,Y,,A,07,1,0,4,0,0,0,0,0,0,"- ","- ",36.757759094238281,-119.76799011230469,FRESNO,FRESNO,-119.76799011230469,36.757701873779297
9211920,2020,2021-05-04,1005,2020-09-02,2032,P1131,NE/A,3,5,7,1005,0,0,0,,0,0561,"COPPER AV","CHESTNUT AV",776.00,E,N,A,-,N,,,,,,,,,,Y,1,1,0,1,A,-,01,23152,F,N,E,I,A,A,H,-,D,D,0,,,,,Y,,A,01,0,0,0,0,0,0,0,0,0,"- ","- ",36.895870208740234,-119.73854064941406,FRESNO,FRESNO,-119.73587036132812,36.895912170410156
92119489,2023,2023-07-18,9495,2023-07-09,2335,021354,,7,3,9,1000,0,1,3,,1,014,"STATE ROUTE 269","PHELPS AVENUE",1584.00,N,N,A,-,Y,FRE,,269," "," ",5.829,H,,R,Y,3,0,2,2,A,-,01,23152,A,N,A,C,A,A,H,-,D,D,0,,,,,Y,Y,A,01,0,1,1,0,0,0,0,0,0,"- ","- ",36.155040740966797,-120.10301971435547,FRESNO,UNINCORPORATED,-120.10299682617188,36.155040740966797
92119688,2023,2023-07-18,9435,2023-07-09,1100,020540,,7,1,9,1000,0,1,3,,2,184,"STATE ROUTE 180","GEORGE SMITH ROAD",0.00,,Y,A,-,Y,FRE,,180," "," ",89.376,H,,R,Y,4,0,4,3,A,-,08,22107,,N,D,C,A,A,H,-,A,A,0,,,,,Y,,D,22,0,0,4,0,0,0,0,0,0,"- ","- ",36.737308502197266,-119.25827026367188,FRESNO,UNINCORPORATED,-119.25829315185547,36.737373352050781
92119847,2023,2023-07-18,9435,2023-02-19,1445,021315,,7,2,9,1000,0,3,5,,2,040,"CONEJO AVENUE","PEACH AVENUE",1320.00,W,N,A,-,N,,,,,,,,,,Y,1,2,0,2,A,-,17,22452,B,N,H,F,A,A,H,-,A,A,0,,,,,Y,,A,01,0,0,0,0,0,0,0,0,0,"- ","- ",36.518329620361328,-119.72325897216797,FRESNO,UNINCORPORATED,-119.72323608398438,36.518299102783203
92120045,2023,2023-07-18,9435,2023-07-11,"745 ",019705,,2,1,9,1000,0,1,3,,2,410,"SR-41 S/B","SHAW AVE",830.00,N,N,A,-,Y,FRE,,41," ",R,28.628,H,,L,Y,3,0,1,2,A,-,03,22350,,N,C,C,A,A,H,-,A,D,0,,,,,Y,,A,01,0,1,0,0,0,0,0,0,0,"- ","- ",36.810859680175781,-119.785400390625,FRESNO,UNINCORPORATED,-119.78548431396484,36.810859680175781
92120098,2023,2023-07-18,9435,2023-07-13,"820 ",015890,,4,1,9,1000,0,3,5,,2,020,"MANNING AVENUE","MCMULLIN GRADE",0.00,,Y,A,-,N,,,,,,,,,,Y,2,0,3,2,A,-,09,21802,A,N,D,C,A,A,H,-,A,A,0,,,,,Y,,D,22,1,0,2,0,0,0,0,0,0,"- ","- ",36.603870391845703,-120.043212890625,FRESNO,UNINCORPORATED,-120.04328918457031,36.603874206542969
92120122,2023,2023-07-18,9435,2023-07-10,1235,020095,,1,1,7,1005,0,1,3,,2,410,"SR-41 N/B","SIERRA AVE",300.00,S,N,A,-,Y,FRE,,41," ",R,29.895,H,,R,Y,3,0,1,1,A,-,08,22107,,N,E,I,A,A,H,-,A,D,0,,,,,Y,,E,22,0,1,0,0,0,0,0,0,0,"- ","- ",36.829238891601562,-119.78492736816406,FRESNO,FRESNO,-119.78492736816406,36.829238891601562
92120163,2023,2023-07-18,9435,2023-07-10,2125,021544,,1,2,9,1000,0,3,5,,2,020,"MANNING AVE","HAYES AVE",0.00,,Y,A,-,N,,,,,,,,,,Y,4,0,1,2,A,-,09,21802,A,N,D,C,A,A,H,-,D,A,0,,,,,Y,,D,22,0,0,1,0,0,0,0,0,0,"- ","- ",36.604751586914062,-119.89890289306641,FRESNO,UNINCORPORATED,-119.89891815185547,36.604736328125
92120181,2023,2023-07-18,9435,2023-07-11,"205 ",021230,,2,3,9,1000,0,3,5,,2,034,"CENTRAL AVE","CHESTNUT AVE",0.00,,Y,A,-,N,,,,,,,,,,Y,4,0,1,2,A,-,12,21453,A,N,D,C,A,A,H,-,C,A,0,,,,Y,Y,,D,22,0,0,1,0,0,0,0,0,0,"- ","- ",36.677970886230469,-119.73668670654297,FRESNO,UNINCORPORATED,-119.73681640625,36.677906036376953
92120678,2023,2023-07-20,9435,2023-07-12,"850 ",014363,,3,1,9,1000,0,1,3,,1,430,"STATE ROUTE 43","ELKHORN AVENUE",9806.00,S,N,A,-,Y,FRE,,43," "," ",1.394,H,,R,N,3,0,1,3,A,-,03,22350,,N,C,C,A,A,H,-,A,D,0,,,,,Y,,A,01,0,1,0,0,0,0,0,0,0,"- ","- ",36.46221923828125,-119.63616180419922,FRESNO,UNINCORPORATED,-119.63617706298828,36.46221923828125
92120737,2023,2023-07-19,9435,2023-07-07,1440,021547,,5,2,9,1000,0,3,5,,2,034,"E. MOUNTAIN VIEW AVENUE","S. BETHEL AVENUE",0.00,,Y,A,-,N,,,,,,,,,,Y,3,0,4,3,A,-,01,23152,A,N,D,D,A,A,H,-,A,A,0,,,,,Y,Y,D,22,0,3,1,0,0,0,0,0,0,"- ","- ",36.546821594238281,-119.57511138916016,FRESNO,UNINCORPORATED,-119.57514190673828,36.546760559082031
92120879,2023,2023-07-19,9435,2023-07-12,1200,019603,,3,1,9,1000,0,3,5,,2,025,"BELMONT AVENUE","DEL REY AVENUE",0.00,,Y,A,-,N,,,,,,,,,,N,3,0,1,2,A,-,09,21802,A,N,D,D,A,A,H,-,A,A,0,,,,,Y,,A,01,0,1,0,0,0,0,0,0,0,"- ","- ",36.750160217285156,-119.59210205078125,FRESNO,UNINCORPORATED,-119.59210205078125,36.750141143798828
92120995,2023,2023-07-19,9435,2023-07-12,"825 ",020095,,3,1,7,1005,0,1,3,,2,410,"SR-41 S/B FROM SHAW AVE E/B","SR-41 S/B",300.00,W,N,A,-,Y,,,,,,,,,,N,3,0,1,2,A,-,09,21804,A,N,G,G,A,A,H,-,A,A,0,,Y,,,Y,,L,04,0,1,0,0,0,0,1,0,0,"- ","- ",36.808338165283203,-119.78661346435547,FRESNO,FRESNO,-119.78661346435547,36.808338165283203
92121033,2023,2023-07-19,9435,2023-07-08,1730,021402,,6,2,9,1000,0,3,5,,2,034,"GREENWOOD AVENUE","CENTRAL AVENUE",500.00,N,N,A,-,N,,,,,,,,,,N,2,0,1,2,A,-,01,23152,A,N,A,C,A,A,H,-,A,D,0,,,Y,,Y,Y,C,02,1,0,0,0,0,0,0,0,1,"- ","- ",36.679161071777344,-119.56546783447266,FRESNO,UNINCORPORATED,-119.5654296875,36.679080963134766
92121128,2023,2023-07-19,9435,2023-07-14,1500,020680,,5,2,9,1000,0,1,3,,1,180,SR-180,"SONOMA AVE.",3696.00,W,N,A,-,Y,FRE,,180," "," ",31.877,H,,R,Y,4,0,1,1,A,-,08,22107,,N,F,I,A,A,H,-,A,D,0,,,,,Y,,A,07,0,0,1,0,0,0,0,0,0,"- ","- ",36.734619140625,-120.25412750244141,FRESNO,UNINCORPORATED,-120.25412750244141,36.734375