CASE_ID,ACCIDENT_YEAR,PROC_DATE,JURIS,COLLISION_DATE,COLLISION_TIME,OFFICER_ID,REPORTING_DISTRICT,DAY_OF_WEEK,CHP_SHIFT,POPULATION,CNTY_CITY_LOC,SPECIAL_COND,BEAT_TYPE,CHP_BEAT_TYPE,CITY_DIVISION_LAPD,CHP_BEAT_CLASS,BEAT_NUMBER,PRIMARY_RD,SECONDARY_RD,DISTANCE,DIRECTION,INTERSECTION,WEATHER_1,WEATHER_2,STATE_HWY_IND,CALTRANS_COUNTY,CALTRANS_DISTRICT,STATE_ROUTE,ROUTE_SUFFIX,POSTMILE_PREFIX,POSTMILE,LOCATION_TYPE,RAMP_INTERSECTION,SIDE_OF_HWY,TOW_AWAY,COLLISION_SEVERITY,NUMBER_KILLED,NUMBER_INJURED,PARTY_COUNT,PRIMARY_COLL_FACTOR,PCF_CODE_OF_VIOL,PCF_VIOL_CATEGORY,PCF_VIOLATION,PCF_VIOL_SUBSECTION,HIT_AND_RUN,TYPE_OF_COLLISION,MVIW,PED_ACTION,ROAD_SURFACE,ROAD_COND_1,ROAD_COND_2,LIGHTING,CONTROL_DEVICE,CHP_ROAD_TYPE,PEDESTRIAN_ACCIDENT,BICYCLE_ACCIDENT,MOTORCYCLE_ACCIDENT,TRUCK_ACCIDENT,NOT_PRIVATE_PROPERTY,ALCOHOL_INVOLVED,STWD_VEHTYPE_AT_FAULT,CHP_VEHTYPE_AT_FAULT,COUNT_SEVERE_INJ,COUNT_VISIBLE_INJ,COUNT_COMPLAINT_PAIN,COUNT_PED_KILLED,COUNT_PED_INJURED,COUNT_BICYCLIST_KILLED,COUNT_BICYCLIST_INJURED,COUNT_MC_KILLED,COUNT_MC_INJURED,PRIMARY_RAMP,SECONDARY_RAMP,LATITUDE,LONGITUDE,COUNTY,CITY,POINT_X,POINT_Y
92234859,2023,2023-11-14,9435,2023-11-03,1715,020540,,5,2,9,1000,0,1,3,,2,184,"STATE ROUTE 180","PIEDRA AVENUE",91.00,W,N,A,-,Y,FRE,,180," ",R,76.307,H,,L,Y,2,0,1,2,A,-,09,21802,A,N,C,C,A,A,H,-,A,A,0,,,,,Y,,D,22,1,0,0,0,0,0,0,0,0,"- ","- ",36.729881286621094,-119.46778869628906,FRESNO,UNINCORPORATED,-119.46781921386719,36.729831695556641
92234864,2023,2023-11-14,9435,2023-11-04,1115,020095,,6,1,9,1000,0,3,5,,2,015,"MARKS AVE","NORTH AVE",0.00,,Y,A,-,N,,,,,,,,,,Y,4,0,1,2,A,-,09,21802,A,N,D,C,A,A,H,-,A,A,0,,,,,Y,,A,01,0,0,1,0,0,0,0,0,0,"- ","- ",36.692108154296875,-119.84456634521484,FRESNO,UNINCORPORATED,-119.84454345703125,36.692100524902344
92234869,2023,2023-11-14,9435,2023-11-04,1328,020122,,6,1,9,1000,0,1,3,,2,106,"SOUTHBOUND STATE ROUTE 99","CLOVIS AVE",6864.00,N,N,A,-,Y,FRE,,99," "," ",13.833,H,,L,Y,4,0,2,1,A,-,08,22107,,N,E,I,A,A,H,-,A,D,0,,,,,Y,,A,07,0,0,2,0,0,0,0,0,0,"- ","- ",36.655998229980469,-119.71705627441406,FRESNO,UNINCORPORATED,-119.71685791015625,36.656143188476562
92234872,2023,2023-11-14,9435,2023-11-04,1220,020540,,6,1,9,1000,0,1,3,,2,184,"STATE ROUTE 180","STATE ROUTE 245",5280.00,W,N,A,-,Y,FRE,,180," "," ",104.894,H,,R,Y,3,0,1,1,A,-,03,22350,,N,D,I,A,A,H,-,A,D,0,,,Y,,Y,,C,02,0,1,0,0,0,0,0,0,1,"- ","- ",36.743160247802734,-119.04267883300781,FRESNO,UNINCORPORATED,-119.04283905029297,36.743278503417969
92235430,2023,2023-12-15,9435,2023-11-12,1438,020592,,7,2,7,1005,0,1,3,,1,180,"WESTBOUND STATE ROUT 180 TO MARKS AVENUE","MARKS AVENUE",360.00,E,N,A,-,Y,,,,,,,,,,N,1,1,0,1,A,-,08,22107,,N,E,I,A,A,H,-,A,D,0,,,,,Y,,A,07,0,0,0,0,0,0,0,0,0,"- ","- ",36.739208221435547,-119.84300231933594,FRESNO,FRESNO,,
92235461,2023,2023-11-14,9435,2023-11-04,"754 ",020122,,6,1,9,1000,0,3,5,,2,034,"OLIVER AVE","STATE ROUTE 180",180.00,S,N,A,-,N,,,,,,,,,,Y,4,0,1,1,A,-,01,23152,A,N,E,J,A,B,H,-,A,D,0,,,,,Y,Y,A,01,0,0,1,0,0,0,0,0,0,"- ","- ",36.734199523925781,-119.49873352050781,FRESNO,UNINCORPORATED,-119.4989013671875,36.734283447265625
92235485,2023,2023-11-14,9435,2023-11-04,1958,022112,,6,2,9,1000,0,1,3,,2,181,"SR-180 W/B","TULARE ST",1056.00,E,N,A,-,Y,,,,,,,,,,Y,2,0,1,1,A,-,01,23152,A,N,F,0,A,A,H,-,C,D,0,,,Y,,Y,Y,C,02,1,0,0,0,0,0,0,0,1,"- ","- ",36.752250671386719,-119.77665710449219,FRESNO,UNINCORPORATED,-119.80400085449219,36.721359252929688
92235498,2023,2023-11-14,9435,2023-11-04,2015,021594,,6,2,9,1000,0,3,5,,2,034,"NORTH AVENUE","CLOVIS AVENUE",0.00,,Y,A,-,N,,,,,,,,,,N,4,0,2,2,A,-,12,21453,A,N,D,C,A,A,H,-,C,A,0,,,,,Y,,A,01,0,0,2,0,0,0,0,0,0,"- ","- ",36.692840576171875,-119.69998168945312,FRESNO,UNINCORPORATED,-119.69995880126953,36.692836761474609
92235512,2023,2023-11-14,9435,2023-11-05,"35  ",021386,,7,3,9,1000,0,3,5,,2,015,"MANNING AVENUE","STATE ROUTE 145",2640.00,W,N,A,-,N,,,,,,,,,,Y,4,0,1,1,A,-,08,22107,,N,E,I,A,A,H,-,D,D,0,,,,,Y,Y,D,22,0,0,1,0,0,0,0,0,0,"- ","- ",36.603488922119141,-120.06997680664062,FRESNO,UNINCORPORATED,-120.07039642333984,36.603557586669922
92235615,2023,2023-11-14,9480,2023-11-03,1625,021547,,5,2,9,1000,0,2,S,,2,904,"CENTER STREET","DAVIS AVE",0.00,,Y,A,-,N,,,,,,,,,,N,4,0,1,2,A,-,09,21802,A,N,D,C,A,A,H,-,A,A,0,,,,,Y,,A,07,0,0,1,0,0,0,0,0,0,"- ","- ",35.968448638916016,-119.29228210449219,FRESNO,UNINCORPORATED,-119.292147,35.968536999999998
92235616,2023,2023-11-14,9435,2023-11-05,"250 ",021312,,7,3,9,1000,0,1,3,,2,181,"SR-180 E/B TO SR-41 N/B","TYLER AVE",575.00,S,N,A,-,Y,FRE,,180," ",R,58.622,H,,R,Y,2,0,1,1,A,-,01,23152,A,N,E,I,A,A,H,-,D,D,0,,,,,Y,Y,A,01,1,0,0,0,0,0,0,0,0,"- ","- ",36.754009246826172,-119.77704620361328,FRESNO,UNINCORPORATED,-119.77706146240234,36.754077911376953
92235620,2023,2023-11-14,9435,2023-11-05,1218,019705,,7,1,9,1000,0,3,5,,2,030,"RIVERBEND AVENUE","ASHLAN AVENUE",1056.00,S,N,A,-,N,,,,,,,,,,N,3,0,1,1,A,-,08,22107,,N,F,I,A,A,H,-,A,D,0,,,Y,,Y,,C,02,0,1,0,0,0,0,0,0,1,"- ","- ",36.790760040283203,-119.51052093505859,FRESNO,UNINCORPORATED,-119.51050567626953,36.790561676025391
92235628,2023,2023-11-14,9495,2023-11-03,1105,019733,,5,1,9,1000,0,3,5,,2,052,"SOUTH JAMESON AVENUE","PEREIDA STREET",528.00,N,N,A,-,N,,,,,,,,,,Y,3,0,1,1,A,-,08,22107,,N,F,A,A,A,H,-,A,D,0,,,,,Y,,D,22,0,1,0,0,0,0,0,0,0,"- ","- ",36.369831085205078,-119.99517059326172,FRESNO,UNINCORPORATED,-119.99517059326172,36.365970611572266
92235641,2023,2023-11-14,9435,2023-11-06,1353,020062,,1,1,9,1000,0,3,5,,2,015,"OLIVE AVENUE","VALENTINE AVENUE",0.00,,Y,A,-,N,,,,,,,,,,Y,3,0,1,4,A,-,12,22450,A,N,D,2,A,A,A,-,A,A,0,,,,,Y,,A,01,0,1,0,0,0,0,0,0,0,"- ","- ",36.757331848144531,-119.85324096679688,FRESNO,UNINCORPORATED,-119.853271484375,36.757377624511719
92235704,2023,2023-11-14,9435,2023-11-06,1400,020319,,1,2,9,1000,0,3,5,,2,010,SR-180,"CORNELIA AVE",0.00,,Y,A,-,Y,FRE,,180," "," ",52.590,H,,R,Y,4,0,1,2,A,-,09,21802,A,N,D,C,A,A,H,-,A,A,0,,,,,Y,,D,22,0,0,1,0,0,0,0,0,0,"- ","- ",36.735530853271484,-119.88076019287109,FRESNO,UNINCORPORATED,-119.88076019287109,36.735454559326172
92235708,2023,2023-11-14,9435,2023-11-07,1800,020205,,2,2,7,1005,0,1,3,,2,181,"SR-180 E/B",SR-41,69.00,W,N,A,-,Y,FRE,,180," ",R,58.658,H,,R,N,4,0,1,2,A,-,03,22350,,N,C,C,A,A,H,-,D,D,0,,,,,Y,,A,01,0,0,1,0,0,0,0,0,0,"- ","- ",36.754108428955078,-119.77641296386719,FRESNO,FRESNO,-119.77642059326172,36.754150390625
92235794,2023,2023-12-20,9435,2023-11-06,1820,020942,,1,2,9,1000,0,3,5,,2,015,"ADAMS AVENUE","PEACH AVENUE",415.00,E,N,B,-,N,,,,,,,,,,Y,3,0,3,2,A,-,06,21750,A,N,D,C,A,A,H,-,D,D,0,,,,Y,Y,,G,25,0,1,2,0,0,0,0,0,0,"- ","- ",36.634410858154297,-119.71650695800781,FRESNO,UNINCORPORATED,-119.71652984619141,36.634445190429688
92235807,2023,2023-11-14,9495,2023-11-07,"827 ",021186,,2,1,9,1000,0,1,3,,1,008,"STATE ROUTE 198 (DORRIS AVENUE)","SISKIYOU AVENUE",1584.00,W,N,A,-,Y,FRE,,198," "," ",35.271,H,,R,N,3,0,1,2,A,-,03,22350,,N,C,C,A,A,D,-,A,D,0,,,,,Y,,A,07,0,1,0,0,0,0,0,0,0,"- ","- ",36.255390167236328,-120.09268188476562,FRESNO,UNINCORPORATED,-120.09268188476562,36.25537109375
92235977,2023,2023-11-14,9435,2023-11-06,1725,020680,,1,2,9,1000,0,1,3,,1,183,"SR-180 E/B","MCCALL AVE",475.00,W,N,B,-,N,,,,,,,,,,Y,4,0,1,2,A,-,03,22350,,N,C,C,A,A,H,-,C,D,0,,,,,Y,,A,07,0,0,1,0,0,0,0,0,0,"- ","- ",36.735748291015625,-119.61180877685547,FRESNO,UNINCORPORATED,-119.61180877685547,36.735725402832031
92235993,2023,2023-11-14,9435,2023-11-06,2028,020592,,1,2,7,1005,0,1,3,,2,105,"STATE ROUTE 99 (NORTHBOUND)","EL DORADO STREET",10.00,S,N,C,-,Y,FRE,,99," "," ",21.455,H,,R,Y,2,0,3,2,A,-,01,23152,A,N,E,I,A,B,H,-,D,D,0,,,,,Y,Y,D,22,1,2,0,0,0,0,0,0,0,"- ","- ",36.738658905029297,-119.80799102783203,FRESNO,FRESNO,-119.80802917480469,36.738609313964844
92236015,2023,2023-11-14,9435,2023-11-07,1313,015751,,2,1,9,1000,0,1,3,,1,411,"SR-41 S/B","CENTRAL AVE",65.00,N,N,A,-,N,,,,,,,,,,Y,3,0,2,3,A,-,03,22350,,N,C,C,A,A,H,-,A,A,0,,,,,Y,,A,01,0,1,1,0,0,0,0,0,0,"- ","- ",36.678199768066406,-119.78611755371094,FRESNO,UNINCORPORATED,-119.78605651855469,36.678199768066406
92236071,2023,2023-11-14,9435,2023-11-07,1742,020680,,2,2,9,1000,0,1,3,,2,105,"SR-99 N/B","VENTURA AVE",260.00,N,N,B,-,Y,FRE,,99," "," ",20.245,H,,R,Y,4,0,1,5,A,-,03,22350,,N,C,C,A,A,H,-,D,D,0,,,,,Y,,A,07,0,0,1,0,0,0,0,0,0,"- ","- ",36.725711822509766,-119.79329681396484,FRESNO,UNINCORPORATED,-119.79325103759766,36.725746154785156
92236138,2023,2023-11-14,9435,2023-11-13,2016,020586,,1,2,9,1000,0,3,5,,2,030,"ASHLAN AVENUE","MANILA AVENUE",147.00,W,N,A,-,N,,,,,,,,,,Y,2,0,1,2,A,-,01,23152,A,N,C,E,A,A,H,-,D,D,0,,,,,Y,Y,A,01,1,0,0,0,0,0,0,0,0,"- ","- ",36.793869018554688,-119.6951904296875,FRESNO,UNINCORPORATED,-119.69508361816406,36.7938232421875
92236161,2023,2023-11-15,9435,2023-11-08,1025,020429,,3,1,9,1000,0,3,5,,2,060,"GEORGE SMITH ROAD","CROW LANE",275.00,W,N,A,-,N,,,,,,,,,,Y,4,0,1,2,A,-,05,21460,A,N,B,C,A,A,H,-,A,D,0,,,,,Y,,-,"- ",0,0,1,0,0,0,0,0,0,"- ","- ",36.686588287353516,-119.21823120117188,FRESNO,UNINCORPORATED,-119.21815490722656,36.686531066894531
92236660,2023,2024-04-18,9435,2023-11-06,"10  ",021606,,1,3,9,1000,0,3,5,,2,010,"PRINCETON AVE.","VALENTINE AVE.",1200.00,E,N,A,-,N,,,,,,,,,,N,4,0,1,2,A,-,08,22107,,N,C,E,A,A,H,-,C,D,0,,,,,Y,,A,08,0,0,1,0,0,0,0,0,0,"- ","- ",36.775588989257812,-119.84908294677734,FRESNO,UNINCORPORATED,-119.84923553466797,36.775527954101562
92236763,2023,2023-11-15,9435,2023-11-08,1710,020592,,3,2,7,1005,0,1,3,,2,105,"STATE ROUTE 99 (NORTHBOUND)","EL DORADO STREET",528.00,N,N,A,-,Y,FRE,,99," "," ",21.551,H,,R,N,4,0,4,4,A,-,03,22350,,N,C,C,A,A,H,-,D,D,0,,,,,Y,,A,07,0,0,4,0,0,0,0,0,0,"- ","- ",36.739189147949219,-119.80959320068359,FRESNO,FRESNO,-119.80957794189453,36.739219665527344
92236790,2023,2023-11-15,9435,2023-11-09,"630 ",016507,,4,1,9,1000,0,3,5,,2,060,"FRANKWOOD AVE","KINGS CANYON ROAD",3696.00,S,N,A,-,N,,,,,,,,,,Y,3,0,3,2,A,-,08,22107,,N,D,C,A,A,H,-,A,D,0,,,,,Y,,D,22,0,1,2,0,0,0,0,0,0,"- ","- ",36.709190368652344,-119.44841003417969,FRESNO,UNINCORPORATED,-119.448486328125,36.711437225341797
92236851,2023,2023-11-15,9435,2023-11-09,1535,021153,,4,2,9,1000,0,3,5,,2,010,"SHIELDS AVENUE","BRYAN AVENUE",0.00,,Y,A,-,N,,,,,,,,,,N,3,0,2,2,A,-,09,21802,A,N,D,C,A,A,H,-,A,A,0,,,,,Y,,A,01,0,2,0,0,0,0,0,0,0,"- ","- ",36.778919219970703,-119.90730285644531,FRESNO,UNINCORPORATED,-119.90727996826172,36.778923034667969
92237029,2023,2023-11-15,9435,2023-11-09,1830,020540,,4,2,9,1000,0,3,5,,2,060,"ENGELHART AVENUE","SOUTH AVENUE",0.00,,Y,A,-,N,,,,,,,,,,Y,4,0,3,2,A,-,09,21802,A,N,D,C,A,A,H,-,D,A,0,,,,,Y,,A,07,0,0,3,0,0,0,0,0,0,"- ","- ",36.618549346923828,-119.41297149658203,FRESNO,UNINCORPORATED,-119.41304016113281,36.618553161621094
92237048,2023,2023-11-15,9435,2023-11-10,"738 ",020122,,5,1,7,1005,0,1,3,,2,410,"SOUTHBOUND STATE ROUTE 41","HUNTINGTON BLVD",433.00,S,N,A,-,Y,FRE,,41," ",R,23.410,H,,R,Y,4,0,1,3,A,-,08,22107,,N,B,C,A,A,H,-,A,D,0,,,,,Y,,A,01,0,0,1,0,0,0,0,0,0,"- ","- ",36.738239288330078,-119.77764892578125,FRESNO,FRESNO,-119.77742004394531,36.738246917724609
92237112,2023,2023-11-15,9435,2023-11-10,1637,021290,,5,2,9,1000,0,3,5,,2,034,"AMERICAN AVE","DEL REY AVE",0.00,,Y,A,-,N,,,,,,,,,,Y,4,0,1,2,A,-,09,21802,A,N,D,C,A,A,H,-,A,A,0,,,,,Y,,A,01,0,0,1,0,0,0,0,0,0,"- ","- ",36.663181304931641,-119.59252166748047,FRESNO,UNINCORPORATED,-119.59249114990234,36.663200378417969
92237165,2023,2023-11-15,9435,2023-11-07,"832 ",015890,,2,1,9,1000,0,1,3,,2,107,"SR-99 NB","2ND ST",39.00,N,N,A,-,Y,FRE,,99," ",R,5.349,H,,R,Y,4,0,1,5,A,-,03,22350,,N,C,2,A,A,D,-,A,D,0,,,,,Y,,-,"- ",0,0,1,0,0,0,0,0,0,"- ","- ",36.564140319824219,-119.61585235595703,FRESNO,UNINCORPORATED,-119.61582946777344,36.564155578613281
92237176,2023,2023-11-15,9435,2023-11-10,1035,015106,,5,1,5,1001,0,1,3,,1,168,"SR168 WESTBOUND","SIERRA AVE U/C",1003.00,E,N,A,-,Y,FRE,,168," ",R,6.516,H,,L,N,3,0,2,2,A,-,08,22107,,N,E,I,A,A,H,-,A,D,0,,,,,Y,,A,07,0,2,0,0,0,0,0,0,0,"- ","- ",36.83245849609375,-119.70638275146484,FRESNO,CLOVIS,-119.70653533935547,36.832534790039062
92237212,2023,2023-11-15,9435,2023-11-10,1816,021153,,5,2,9,1000,0,3,5,,2,010,"ASHLAN AVENUE","MAROA AVENUE",0.00,,Y,A,-,N,,,,,,,,,,N,4,0,1,2,A,-,09,21801,A,N,A,C,A,A,H,-,A,A,0,,,,,Y,,A,01,0,0,1,0,0,0,0,0,0,"- ","- ",36.793979644775391,-119.79959869384766,FRESNO,UNINCORPORATED,-119.799560546875,36.793998718261719
92237771,2023,2023-11-16,9435,2023-11-08,"805 ",015986,,3,1,7,1005,0,1,3,,2,181,"SR-180 W/B","FULTON STREET",25.00,E,N,A,-,Y,FRE,,180," ",R,57.233,H,,L,Y,3,0,1,2,A,-,03,22350,,N,C,C,A,A,H,-,A,D,0,,,,,Y,,A,01,0,1,0,0,0,0,0,0,0,"- ","- ",36.748310089111328,-119.80059051513672,FRESNO,FRESNO,-119.80077362060547,36.748531341552734
92237798,2023,2023-11-16,9435,2023-10-26,1425,021086,,4,2,9,1000,0,1,3,,1,168,"STATE ROUTE 168 (E/B) TO BULLARD AVENUE","BULLARD AVENUE",545.00,W,N,A,-,Y,,,,,,,,,,N,2,0,1,2,A,-,01,23152,A,F,G,B,E,A,H,-,A,A,0,Y,,,,Y,Y,D,22,1,0,0,0,1,0,0,0,0,"- ","- ",36.821891784667969,-119.71710205078125,FRESNO,UNINCORPORATED,-119.71847534179688,36.822174072265625
92237896,2023,2023-11-16,9435,2023-11-11,1550,021315,,6,2,9,1000,0,3,5,,2,015,"SUNNYSIDE AVE","MOUNTAIN VIEW AVE",0.00,,Y,A,-,N,,,,,,,,,,Y,4,0,1,2,A,-,09,21802,B,N,D,2,A,A,H,-,A,A,0,,,,Y,Y,,D,22,0,0,1,0,0,0,0,0,0,"- ","- ",36.547168731689453,-119.69174957275391,FRESNO,UNINCORPORATED,-119.69170379638672,36.547172546386719
92237951,2023,2023-11-16,9435,2023-11-11,1955,021982,,6,2,9,1000,0,1,3,,2,181,"SR-180 E/B","ABBY ST",1540.00,E,N,A,-,Y,FRE,,180," ",R,58.226,H,,R,N,4,0,1,2,A,-,03,22350,,N,C,C,A,A,H,-,D,D,0,,,,,Y,,E,22,0,0,1,0,0,0,0,0,0,"- ","- ",36.753059387207031,-119.78408813476562,FRESNO,UNINCORPORATED,-119.78411102294922,36.753128051757812
92237962,2023,2023-11-16,9435,2023-11-12,"720 ",016860,,7,1,9,1000,0,1,3,,1,169,"STATE ROUTE 168","GROUSE CREEK",1056.00,E,N,A,-,Y,FRE,,168," "," ",61.367,H,,R,Y,4,0,1,1,D,-,00,,,N,E,8,A,A,H,-,B,D,0,,,,,Y,,-,"- ",0,0,1,0,0,0,0,0,0,"- ","- ",37.217510223388672,-119.19193267822266,FRESNO,UNINCORPORATED,-119.19199371337891,37.217548370361328
92237979,2023,2023-11-16,9435,2023-11-12,"805 ",020095,,7,1,9,1000,0,3,5,,2,025,"MINNEWAWA AVE","INTERNATIONAL AVE",0.00,,Y,A,-,N,,,,,,,,,,N,3,0,1,2,A,-,03,22350,,N,C,C,A,A,H,-,A,D,0,,,,,Y,,D,22,0,1,0,0,0,0,0,0,0,"- ","- ",36.888420104980469,-119.71115875244141,FRESNO,UNINCORPORATED,-119.711181640625,36.888416290283203
92238100,2023,2023-11-16,9435,2023-11-13,"755 ",016507,,1,1,9,1000,0,3,5,,2,060,"ANCHOR AVE","MANNING AVE",0.00,,Y,A,-,N,,,,,,,,,,Y,4,0,3,2,A,-,09,21802,A,N,D,C,A,A,H,-,A,A,0,,,,,Y,,A,01,0,0,3,0,0,0,0,0,0,"- ","- ",36.602939605712891,-119.32274627685547,FRESNO,UNINCORPORATED,-119.32276916503906,36.602928161621094
92238219,2023,2023-11-16,9435,2023-11-13,1537,020586,,1,2,7,1005,0,1,3,,1,168,"SR-168 WB","SHIELDS AVE",528.00,W,N,A,-,Y,FRE,,168," ",R,1.910,H,,L,N,3,0,2,2,A,-,03,22350,,N,C,C,A,A,H,-,A,D,0,,,,,Y,,A,01,0,1,1,0,0,0,0,0,0,"- ","- ",36.778079986572266,-119.74941253662109,FRESNO,FRESNO,-119.74937438964844,36.778079986572266
92238302,2023,2023-11-16,9435,2023-11-13,1545,020540,,1,2,9,1000,0,3,5,,2,060,"SAND CREEK ROAD","ENNIS ROAD",6600.00,W,N,A,-,N,,,,,,,,,,Y,3,0,1,1,A,-,08,22107,,N,E,I,A,A,H,-,A,D,0,,,,,Y,,A,01,0,1,0,0,0,0,0,0,0,"- ","- ",36.664981842041016,-119.21607971191406,FRESNO,UNINCORPORATED,-119.21491241455078,36.666023254394531
92238304,2023,2023-11-16,9435,2023-11-13,1725,020540,,1,2,9,1000,0,3,5,,2,060,"REED AVENUE","VINO AVENUE",45.00,S,N,A,-,N,,,,,,,,,,Y,4,0,1,2,A,-,03,22350,,N,C,C,A,A,H,-,D,D,0,,,,Y,Y,,A,01,0,0,1,0,0,0,0,0,0,"- ","- ",36.658409118652344,-119.45752716064453,FRESNO,UNINCORPORATED,-119.45755004882812,36.658435821533203
92238313,2023,2023-11-16,9435,2023-11-14,"956 ",015751,,2,1,9,1000,0,3,5,,2,025,"DEWOLF AVE","HERNDON AVE",581.00,S,N,A,-,N,,,,,,,,,,Y,3,0,1,2,A,-,09,21804,A,N,D,C,A,A,H,-,A,D,0,,,,,Y,,D,22,0,1,0,0,0,0,0,0,0,"- ","- ",36.835731506347656,-119.64598846435547,FRESNO,UNINCORPORATED,-119.64804840087891,36.837409973144531
92238377,2023,2023-11-16,9435,2023-11-14,1350,021315,,2,1,9,1000,0,3,5,,2,034,"CENTRAL AVENUE","CHESTNUT AVENUE",0.00,,Y,A,-,N,,,,,,,,,,Y,4,0,1,2,A,-,12,21453,A,N,D,C,A,A,H,-,A,A,0,,,,,Y,,E,22,0,0,1,0,0,0,0,0,0,"- ","- ",36.677989959716797,-119.73661041259766,FRESNO,UNINCORPORATED,-119.73681640625,36.677906036376953
92238982,2023,2023-11-17,9435,2023-11-15,1105,020429,,3,1,9,1000,0,3,5,,2,060,"AMERICAN AVENUE","NAVELENCIA AVENUE",40.00,W,N,B,-,N,,,,,,,,,,N,4,0,1,1,A,-,03,22350,,N,E,8,A,A,H,-,A,D,0,,,,,Y,,A,01,0,0,1,0,0,0,0,0,0,"- ","- ",36.661548614501953,-119.38584899902344,FRESNO,UNINCORPORATED,-119.38583374023438,36.661651611328125
92239025,2023,2023-11-17,9435,2023-11-15,1715,020592,,3,2,7,1005,0,1,3,,2,410,"STATE ROUTE 41 (SOUTHBOUND)","MCKINLEY AVENUE",528.00,N,N,B,-,Y,FRE,,41," ",R,25.445,H,,L,N,4,0,1,4,A,-,03,22350,,M,C,C,A,A,H,-,D,D,0,,,,,Y,,-,99,0,0,1,0,0,0,0,0,0,"- ","- ",36.766510009765625,-119.77921295166016,FRESNO,FRESNO,-119.77918243408203,36.76654052734375
92239033,2023,2023-11-17,9435,2023-11-15,1633,020481,,3,2,9,1000,0,1,3,,2,181,"SR180 WB FROM FOWLER AVENUE SB","FOWLER AVE.",430.00,W,N,C,-,Y,,,,,,,,,,Y,4,0,1,1,A,-,08,22107,,N,F,A,A,B,H,-,C,D,0,,,,,Y,,D,22,0,0,1,0,0,0,0,0,0,"- ","- ",36.753799438476562,-119.68363189697266,FRESNO,UNINCORPORATED,-119.68363189697266,36.753799438476562
92239065,2023,2023-11-17,9435,2023-11-16,1053,020062,,4,1,9,1000,0,3,5,,2,034,"TEMPERANCE AVENUE","NORTH AVENUE",0.00,,Y,A,-,N,,,,,,,,,,Y,4,0,3,2,A,-,09,21802,B,N,D,C,A,A,H,-,A,A,0,,,,,Y,,A,07,0,0,3,0,0,0,0,0,0,"- ","- ",36.692829132080078,-119.6639404296875,FRESNO,UNINCORPORATED,-119.66397094726562,36.692829132080078
92239253,2023,2023-12-08,9435,2023-11-04,1920,016911,,6,2,9,1000,0,3,5,,2,050,"AUBERRY RD","FRAZIER RD",400.00,S,N,A,-,N,,,,,,,,,,Y,1,1,0,1,A,-,08,22107,,N,E,I,A,D,H,-,D,D,0,,,Y,,Y,,C,02,0,0,0,0,0,0,0,1,0,"- ","- ",37.064689636230469,-119.49416351318359,FRESNO,UNINCORPORATED,-119.49422454833984,37.065254211425781
92239359,2023,2023-11-17,9435,2023-11-12,1655,016860,,7,2,9,1000,0,1,3,,1,169,"STATE ROUTE 168","LITTLE SANDY ROAD",1584.00,W,N,A,-,Y,FRE,,168," ",T,30.695,H,,R,Y,3,0,2,2,A,-,21,22106,,N,B,C,A,A,G,-,A,D,0,,,Y,,Y,,C,02,0,2,0,0,0,0,0,0,2,"- ","- ",37.036800384521484,-119.50618743896484,FRESNO,UNINCORPORATED,-119.50619506835938,37.03680419921875
92240421,2023,2023-11-20,9435,2023-11-18,"730 ",020429,,6,1,9,1000,0,1,3,,2,184,SR-180,"DUNLAP RD",15840.00,E,N,B,-,Y,FRE,,180," "," ",97.916,H,,R,Y,4,0,1,1,A,-,08,22107,,N,E,I,A,B,H,-,A,D,0,,,,,Y,,A,01,0,0,1,0,0,0,0,0,0,"- ","- ",36.760459899902344,-119.12386322021484,FRESNO,UNINCORPORATED,-119.1239013671875,36.760440826416016
92240522,2023,2023-11-20,9435,2023-11-14,1818,021031,,2,2,9,1000,0,3,5,,2,040,"WEST AVENUE","FLORAL AVENUE",2640.00,N,N,A,-,N,,,,,,,,,,Y,4,0,1,1,A,-,08,22107,,N,E,I,A,A,H,-,C,D,0,,,,,Y,,A,01,0,0,1,0,0,0,0,0,0,"- ","- ",36.5849609375,-119.82695007324219,FRESNO,UNINCORPORATED,-119.82683563232422,36.583408355712891
92240531,2023,2023-11-20,9461,2023-11-12,2248,021126,,7,3,9,1000,0,3,5,,2,060,"CALIFORNIA AVENUE",SR-33,140.00,W,N,A,-,N,,,,,,,,,,Y,3,0,1,1,A,-,01,23152,A,N,E,J,A,A,H,-,D,D,0,,,,,Y,Y,D,22,0,1,0,0,0,0,0,0,0,"- ","- ",36.72003173828125,-120.38771057128906,FRESNO,UNINCORPORATED,-120.38764953613281,36.720108032226562