CASE_ID,ACCIDENT_YEAR,PROC_DATE,JURIS,COLLISION_DATE,COLLISION_TIME,OFFICER_ID,REPORTING_DISTRICT,DAY_OF_WEEK,CHP_SHIFT,POPULATION,CNTY_CITY_LOC,SPECIAL_COND,BEAT_TYPE,CHP_BEAT_TYPE,CITY_DIVISION_LAPD,CHP_BEAT_CLASS,BEAT_NUMBER,PRIMARY_RD,SECONDARY_RD,DISTANCE,DIRECTION,INTERSECTION,WEATHER_1,WEATHER_2,STATE_HWY_IND,CALTRANS_COUNTY,CALTRANS_DISTRICT,STATE_ROUTE,ROUTE_SUFFIX,POSTMILE_PREFIX,POSTMILE,LOCATION_TYPE,RAMP_INTERSECTION,SIDE_OF_HWY,TOW_AWAY,COLLISION_SEVERITY,NUMBER_KILLED,NUMBER_INJURED,PARTY_COUNT,PRIMARY_COLL_FACTOR,PCF_CODE_OF_VIOL,PCF_VIOL_CATEGORY,PCF_VIOLATION,PCF_VIOL_SUBSECTION,HIT_AND_RUN,TYPE_OF_COLLISION,MVIW,PED_ACTION,ROAD_SURFACE,ROAD_COND_1,ROAD_COND_2,LIGHTING,CONTROL_DEVICE,CHP_ROAD_TYPE,PEDESTRIAN_ACCIDENT,BICYCLE_ACCIDENT,MOTORCYCLE_ACCIDENT,TRUCK_ACCIDENT,NOT_PRIVATE_PROPERTY,ALCOHOL_INVOLVED,STWD_VEHTYPE_AT_FAULT,CHP_VEHTYPE_AT_FAULT,COUNT_SEVERE_INJ,COUNT_VISIBLE_INJ,COUNT_COMPLAINT_PAIN,COUNT_PED_KILLED,COUNT_PED_INJURED,COUNT_BICYCLIST_KILLED,COUNT_BICYCLIST_INJURED,COUNT_MC_KILLED,COUNT_MC_INJURED,PRIMARY_RAMP,SECONDARY_RAMP,LATITUDE,LONGITUDE,COUNTY,CITY,POINT_X,POINT_Y
92271184,2023,2023-12-26,9435,2023-12-18,"940 ",018609,,1,1,9,1000,0,1,3,,1,169,SR-168,"AUBERRY ROAD",1584.00,E,N,B,C,Y,FRE,,168," ",T,30.480,H,,R,Y,2,0,1,1,A,-,08,22107,,N,E,I,A,B,H,-,A,D,0,,,,,Y,,A,07,1,0,0,0,0,0,0,0,0,"- ","- ",37.035591125488281,-119.50984954833984,FRESNO,UNINCORPORATED,-119.50984954833984,37.035648345947266
92271195,2023,2023-12-26,9435,2023-12-19,1350,016507,,2,1,9,1000,0,3,5,,2,060,"ALTA AVE","MANNING AVE",0.00,,Y,B,-,N,,,,,,,,,,N,4,0,2,2,A,-,12,21453,A,N,D,C,A,B,H,-,A,A,0,,,,,Y,,A,01,0,0,2,0,0,0,0,0,0,"- ","- ",36.603900909423828,-119.3948974609375,FRESNO,UNINCORPORATED,-119.39495086669922,36.603935241699219
92271242,2023,2023-12-26,9435,2023-12-20,1728,020319,,3,2,7,1005,0,1,3,,2,410,"SR-41 S/B","HERNDON AVE",180.00,S,N,C,-,Y,FRE,,41," ",R,30.418,H,,L,Y,4,0,1,2,A,-,03,22350,,N,C,C,A,B,H,-,D,D,0,,,,,Y,,A,01,0,0,1,0,0,0,0,0,0,"- ","- ",36.836811065673828,-119.78526306152344,FRESNO,FRESNO,-119.78520965576172,36.836811065673828
92271260,2023,2023-12-26,9435,2023-12-20,1440,021290,,3,2,9,1000,0,1,3,,2,107,"SR-99 S/B","BETHEL AVE",100.00,N,N,B,C,Y,FRE,,99," ",R,2.080,H,,L,Y,4,0,2,2,A,-,03,22350,,N,E,I,A,B,H,-,A,D,0,,,,Y,Y,,A,01,0,0,2,0,0,0,0,0,0,"- ","- ",36.529579162597656,-119.57556915283203,FRESNO,UNINCORPORATED,-119.57562255859375,36.529541015625
92271464,2023,2023-12-26,9495,2023-12-15,1617,021186,,5,2,9,1000,0,1,1,,2,003,"INTERSTATE 5 NORTHBOUND","STATE ROUTE 198 (DORRIS AVENUE)",9504.00,S,N,B,-,Y,FRE,,5," "," ",13.009,H,,R,Y,3,0,1,2,A,-,03,22350,,N,C,C,A,A,H,-,A,D,0,,,,,Y,,A,01,0,1,0,0,0,0,0,0,0,"- ","- ",36.230339050292969,-120.22869110107422,FRESNO,UNINCORPORATED,-120.22866821289062,36.230350494384766
92272111,2023,2023-12-27,9495,2023-12-21,"651 ",019733,,4,1,9,1000,0,1,3,,1,013,"STATE ROUTE 145","MOUNT WHITNEY AVENUE",35.00,W,N,B,-,Y,FRE,,145," "," ",13.195,H,,R,Y,4,0,1,1,A,-,03,22350,,N,E,I,A,B,H,-,B,A,0,,,,,Y,,A,01,0,0,1,0,0,0,0,0,0,"- ","- ",36.429588317871094,-120.10340881347656,FRESNO,UNINCORPORATED,-120.10340881347656,36.429660797119141
92272159,2023,2023-12-27,9435,2023-12-22,1740,020887,,5,2,7,1005,0,1,3,,2,410,"SR-41 N/B","GETTYSBURG AVE",528.00,S,N,B,-,Y,FRE,,41," ",R,27.865,H,,R,N,4,0,1,3,A,-,03,22350,,N,C,C,A,A,H,-,C,D,0,,,,,Y,,D,22,0,0,1,0,0,0,0,0,0,"- ","- ",36.799800872802734,-119.78511810302734,FRESNO,FRESNO,-119.78517913818359,36.799800872802734
92272240,2023,2023-12-27,9495,2023-12-17,"515 ",021029,,7,3,9,1000,0,3,5,,2,053,"JAYNE AVENUE","EL DORADO AVENUE",0.00,,Y,A,-,N,,,,,,,,,,Y,3,0,1,1,A,-,01,23152,A,N,E,I,A,A,H,-,D,D,0,,,,,Y,Y,A,01,0,1,0,0,0,0,0,0,0,"- ","- ",36.137321472167969,-120.21067047119141,FRESNO,UNINCORPORATED,-120.21051025390625,36.137447357177734
92272383,2023,2023-12-27,9435,2023-12-21,1325,020062,,4,1,9,1000,0,3,5,,2,040,"CLARKSON AVENUE","MCCALL AVENUE",0.00,,Y,B,-,N,,,,,,,,,,Y,3,0,1,2,A,-,09,21802,A,N,D,2,A,A,H,-,A,A,0,,,,Y,Y,,E,22,0,1,0,0,0,0,0,0,0,"- ","- ",36.50360107421875,-119.61106109619141,FRESNO,UNINCORPORATED,-119.61103820800781,36.503585815429688
92272630,2023,2023-12-27,9435,2023-12-26,1139,015106,,2,1,9,1000,0,3,5,,2,030,"ASHLAN AVE","ACADEMY AVE",520.00,E,N,A,-,N,,,,,,,,,,N,4,0,1,2,A,-,01,23152,A,N,E,I,A,A,H,-,A,D,0,,,,,Y,Y,D,22,0,0,1,0,0,0,0,0,0,"- ","- ",36.793739318847656,-119.55387115478516,FRESNO,UNINCORPORATED,-119.55417633056641,36.793624877929688
92272805,2023,2023-12-27,9435,2023-12-20,2126,017518,,3,2,7,1005,0,1,3,,2,410,"STATE ROUTE 41 N/B","SHAW AVENUE",250.00,S,N,B,-,Y,FRE,,41," ",R,28.412,H,,R,N,4,0,1,1,C,-,18,,,N,E,I,A,B,H,-,C,D,0,,,,,Y,,-,"- ",0,0,1,0,0,0,0,0,0,"- ","- ",36.807720184326172,-119.7852783203125,FRESNO,FRESNO,-119.78512573242188,36.807720184326172
92273987,2023,2023-12-28,9435,2023-12-18,1535,021119,,1,2,9,1000,0,3,5,,2,034,"DINUBA AVENUE","ZEDIKER AVENUE",0.00,,Y,B,-,N,,,,,,,,,,Y,4,0,2,2,A,-,09,21802,A,N,D,C,A,A,H,-,A,A,0,,,,,Y,,A,01,0,0,2,0,0,0,0,0,0,"- ","- ",36.590198516845703,-119.5211181640625,FRESNO,UNINCORPORATED,-119.52112579345703,36.590164184570312
92274033,2023,2023-12-28,9435,2023-11-14,1955,021315,,2,2,9,1000,0,3,5,,2,034,"MADISON AVENUE","PEACH AVENUE",233.00,W,N,A,-,N,,,,,,,,,,N,1,1,0,1,A,-,01,23152,A,N,G,B,A,A,H,-,D,D,0,,,,,Y,Y,D,22,0,0,0,0,0,0,0,0,0,"- ","- ",36.749530792236328,-119.71917724609375,FRESNO,UNINCORPORATED,-119.71916198730469,36.749523162841797
92274180,2023,2023-12-28,9495,2023-12-27,1700,019829,,3,2,9,1000,0,1,3,,1,008,"STATE ROUTE 198 (DORRIS AVENUE)","INTERSTATE 5 (NORTHBOUND)",2640.00,E,N,A,-,Y,FRE,,198," "," ",27.145,H,,R,N,4,0,3,2,A,-,09,21802,A,N,D,C,A,A,H,-,C,A,0,,,,,Y,,A,01,0,0,3,0,0,0,0,0,0,"- ","- ",36.254398345947266,-120.23809051513672,FRESNO,UNINCORPORATED,-120.23809051513672,36.254486083984375
9227468,2021,2021-04-09,1001,2021-02-13,0146,5279,,6,5,5,1001,0,0,0,,0,006,"HERNDON AV","TEMPERENCE AV",0.00,,Y,A,-,N,,,,,,,,,,Y,4,0,1,2,A,-,12,21453,A,N,D,C,A,A,H,-,C,A,0,,,,,Y,,A,01,0,0,1,0,0,0,0,0,0,"- ","- ",36.837638854980469,-119.66607666015625,FRESNO,CLOVIS,-119.66412353515625,36.837253570556641
92274753,2023,2023-12-29,9435,2023-12-21,1500,020887,,4,2,7,1005,0,1,3,,2,410,"SR-41 N/B","GETTYSBURG AVE",50.00,S,N,B,-,Y,FRE,,41," ",R,27.953,H,,R,N,4,0,2,2,A,-,07,21658,A,N,B,C,A,A,H,-,A,D,0,,,,,Y,,-,"- ",0,0,2,0,0,0,0,0,0,"- ","- ",36.801071166992188,-119.78515625,FRESNO,FRESNO,-119.78517150878906,36.801071166992188
9227505,2021,2021-04-12,1001,2021-02-19,1711,5734,,5,5,5,1001,0,0,0,,0,001,"S PEACH AV","HOLLAND AV",0.00,,Y,A,-,N,,,,,,,,,,Y,4,0,3,2,A,-,09,21801,A,N,D,C,A,A,H,-,A,D,0,,,,,Y,,A,07,0,0,3,0,0,0,0,0,0,"- ","- ",36.797599792480469,-119.71817779541016,FRESNO,CLOVIS,-119.71817779541016,36.797599792480469
9227506,2021,2021-04-12,1001,2021-02-23,2147,5783,,2,5,5,1001,0,0,0,,0,001,"PEACH AV","GETTYSBURG AV",0.00,,Y,A,-,N,,,,,,,,,,Y,4,0,3,2,A,-,12,21453,A,N,D,C,A,A,H,-,C,A,0,,,,,Y,,A,01,0,0,3,0,0,0,0,0,0,"- ","- ",36.801200866699219,-119.71819305419922,FRESNO,CLOVIS,-119.71818542480469,36.801197052001953
9227507,2021,2021-04-12,1001,2021-02-24,1220,5605,,3,5,5,1001,0,0,0,,0,004,"SHAW AV","WILLOW AV",0.00,,Y,A,-,N,,,,,,,,,,Y,3,0,3,2,A,-,12,21453,A,N,D,C,A,A,H,-,A,A,0,,,,,Y,,A,01,0,1,2,0,0,0,0,0,0,"- ","- ",36.808418273925781,-119.72725677490234,FRESNO,CLOVIS,-119.72731781005859,36.808433532714844
92275324,2023,2023-12-29,9461,2023-12-22,1100,021126,,5,1,9,1000,0,1,1,,2,305,"I-5 S/B","RUSSELL AVENUE",1000.00,S,N,A,-,Y,FRE,,5," "," ",52.553,H,,L,N,4,0,1,3,A,-,03,22350,,N,C,C,A,A,H,-,A,D,0,,,,,Y,,A,07,0,0,1,0,0,0,0,0,0,"- ","- ",36.683208465576172,-120.65653228759766,FRESNO,UNINCORPORATED,-120.65655517578125,36.683197021484375
92275418,2023,2024-01-01,9435,2023-12-19,"408 ",020064,,2,3,7,1005,0,1,3,,2,181,"STATE ROUTE 180 (SR-180) WESTBOUND","FRESNO STREET",1056.00,E,N,B,-,Y,FRE,,180," ",R,58.547,H,,L,Y,3,0,1,2,A,-,01,23152,A,N,C,C,A,B,H,-,D,D,0,,,,,Y,Y,A,01,0,1,0,0,0,0,0,0,0,"- ","- ",36.754169464111328,-119.77838897705078,FRESNO,FRESNO,-119.77839660644531,36.754203796386719
9227613,2021,2021-04-08,1001,2021-02-13,2007,5699,,6,5,5,1001,0,0,0,,0,008,"ALLUVIAL AV","N FORDHAM AV",360.00,E,N,A,-,N,,,,,,,,,,Y,4,0,1,2,A,-,04,21703,,M,C,C,A,A,H,-,C,A,0,,,Y,,Y,,-,99,0,0,1,0,0,0,0,0,1,"- ","- ",36.84503173828125,-119.68782043457031,FRESNO,CLOVIS,-119.68836975097656,36.844738006591797
9227617,2021,2021-04-08,1001,2021-02-13,0115,5699,,6,5,5,1001,0,0,0,,0,008,"HERNDON AV","FOWLER AV",0.00,,Y,A,-,N,,,,,,,,,,Y,4,0,1,2,A,-,12,21453,A,N,D,C,A,A,H,-,C,A,0,,,,,Y,,A,01,0,0,1,0,0,0,0,0,0,"- ","- ",36.837390899658203,-119.68417358398438,FRESNO,CLOVIS,-119.68416595458984,36.837387084960938
9227621,2021,2021-04-08,1001,2021-02-06,2303,5752,,6,5,5,1001,0,0,0,,0,006,"BULLARD AV","TEMPERANCE AV",0.00,,Y,A,-,N,,,,,,,,,,Y,4,0,2,2,A,-,12,21453,A,N,D,C,A,A,H,-,C,A,0,,,,,Y,Y,A,01,0,0,2,0,0,0,0,0,0,"- ","- ",36.822971343994141,-119.66387176513672,FRESNO,CLOVIS,-119.66389465332031,36.822887420654297
92276432,2023,2024-01-02,9435,2023-12-21,1906,021290,,4,2,9,1000,0,3,5,,2,020,"MOUNTAIN VIEW AVE","CORNELIA AVE",0.00,,Y,B,-,N,,,,,,,,,,Y,3,0,2,2,A,-,12,22450,,M,C,C,A,A,H,-,D,A,0,,,,,Y,,A,08,0,1,1,0,0,0,0,0,0,"- ","- ",36.547039031982422,-119.88121795654297,FRESNO,UNINCORPORATED,-119.88114166259766,36.547019958496094
92276544,2023,2024-01-02,9435,2023-12-23,"145 ",020429,,6,3,9,1000,0,1,3,,2,184,"STATE ROUTE 180","PECK LANE",200.00,W,N,B,-,Y,FRE,,180," "," ",94.334,H,,R,Y,3,0,2,1,D,-,00,,,N,E,I,A,A,H,-,D,D,0,,,,,Y,,-,"- ",0,1,1,0,0,0,0,0,0,"- ","- ",36.755870819091797,-119.17754364013672,FRESNO,UNINCORPORATED,-119.17760467529297,36.755817413330078
92276662,2023,2024-01-02,9435,2023-12-23,1150,020193,,6,1,9,1000,0,3,5,,2,015,"AMERICAN AVENUE","MAPLE AVENUE",0.00,,Y,B,-,N,,,,,,,,,,Y,4,0,1,2,A,-,09,21802,A,N,D,C,A,A,H,-,A,A,0,,,,,Y,,A,01,0,0,1,0,0,0,0,0,0,"- ","- ",36.663421630859375,-119.74590301513672,FRESNO,UNINCORPORATED,-119.74571990966797,36.663463592529297
92276676,2023,2024-01-02,9435,2023-12-23,1215,019705,,6,1,9,1000,0,1,3,,2,105,"SR-99 S/B","HERNDON AVE",2112.00,N,N,B,-,Y,FRE,,99," "," ",30.846,H,,L,Y,4,0,1,2,A,-,03,22350,,N,C,C,A,A,H,-,A,D,0,,,,Y,Y,,A,01,0,0,1,0,0,0,0,0,0,"- ","- ",36.835899353027344,-119.92237091064453,FRESNO,UNINCORPORATED,-119.92232513427734,36.835933685302734
92276783,2023,2024-01-02,9435,2023-12-23,1540,020887,,6,2,7,1005,0,1,3,,2,410,"SR-41 NB","DAKOTA AVE",792.00,S,N,A,-,Y,FRE,,41," ",R,26.807,H,,R,N,4,0,2,3,A,-,03,22350,,N,C,C,A,A,H,-,A,D,0,,,,,Y,,A,01,0,0,2,0,0,0,0,0,0,"- ","- ",36.784488677978516,-119.78437805175781,FRESNO,FRESNO,-119.78434753417969,36.784488677978516
92276975,2023,2024-01-02,9435,2023-12-23,2110,019523,,6,2,9,1000,0,1,3,,1,411,"SR-41 N/B","AMERICAN AVENUE",43.00,S,N,A,-,Y,FRE,,41," ",R,18.091,H,,R,Y,4,0,1,2,A,-,03,22350,,N,C,C,A,A,H,-,C,A,0,,,,Y,Y,,G,27,0,0,1,0,0,0,0,0,0,"- ","- ",36.663150787353516,-119.7857666015625,FRESNO,UNINCORPORATED,-119.78582000732422,36.663150787353516
92277227,2023,2024-01-02,9450,2023-12-18,1600,019105,,1,2,7,1005,0,1,S,,2,904,SR-41,"WEST BULLARD AVENUE",1584.00,N,N,A,-,Y,FRE,,41," ",R,29.792,H,,R,N,3,0,1,2,D,-,00,,,N,H,A,A,A,H,-,A,D,0,,,,,Y,,-,"- ",0,1,0,0,0,0,0,0,0,"- ","- ",36.827739715576172,-119.78486633300781,FRESNO,FRESNO,-119.78492736816406,36.827739715576172
92277242,2023,2024-01-02,9435,2023-12-24,"225 ",021247,,7,3,9,1000,0,3,5,,2,010,"SHAW AVE","JAMESON AVE",0.00,,Y,B,-,N,,,,,,,,,,Y,4,0,1,2,A,-,01,23152,A,N,D,C,A,A,H,-,D,D,0,,,,,Y,Y,A,01,0,0,1,0,0,0,0,0,0,"- ","- ",36.807708740234375,-119.98838806152344,FRESNO,UNINCORPORATED,-119.98837280273438,36.8077392578125
92277316,2023,2024-01-03,9435,2023-12-24,1305,015095,,7,1,7,1005,0,1,3,,1,168,"SR-168 E/B","SHIELDS AVENUE",725.00,W,N,A,-,Y,FRE,,168," ",R,1.869,H,,R,Y,3,0,2,3,A,-,03,22350,,N,C,C,A,A,H,-,A,D,0,,,,,Y,,A,01,0,1,1,0,0,0,0,0,0,"- ","- ",36.777458190917969,-119.74903106689453,FRESNO,FRESNO,-119.74909973144531,36.777462005615234
92277704,2023,2024-01-03,9435,2023-12-24,1805,021290,,7,2,9,1000,0,3,5,,2,040,"KAMM AVE","WILLOW AVE",105.00,W,N,A,-,N,,,,,,,,,,Y,4,0,1,1,A,-,03,22350,,N,E,I,A,A,H,-,D,A,0,,,,,Y,,A,01,0,0,1,0,0,0,0,0,0,"- ","- ",36.532829284667969,-119.72947692871094,FRESNO,UNINCORPORATED,-119.72806549072266,36.532814025878906
92277755,2023,2024-01-03,9435,2023-12-26,1251,020019,,2,1,7,1005,0,1,3,,2,410,"STATE ROUTE 41 SOUTHBOUD","MCKINLEY AVENUE",58.00,S,N,A,-,Y,FRE,,41," ",R,25.261,H,,L,N,4,0,1,2,A,-,08,22107,,N,B,C,A,A,H,-,A,D,0,,,,,Y,,A,01,0,0,1,0,0,0,0,0,0,"- ","- ",36.764801025390625,-119.77696228027344,FRESNO,FRESNO,-119.77693939208984,36.764808654785156
92277792,2023,2024-01-03,9495,2023-12-23,1020,021073,,6,1,9,1000,0,1,3,,2,005,"STATE ROUTE 33","STATE ROUTE 198 (DORRIS AVE.)",90.00,S,N,A,-,Y,FRE,,33," "," ",24.326,H,,R,Y,2,0,6,2,A,-,05,21650,,N,A,C,A,A,H,-,A,A,0,,,,,Y,,A,01,1,1,4,0,0,0,0,0,0,"- ","- ",36.2459716796875,-120.31526947021484,FRESNO,UNINCORPORATED,-120.31529998779297,36.245967864990234
92277859,2023,2024-01-03,9435,2023-12-25,"105 ",021544,,1,3,9,1000,0,3,5,,2,015,"SHIELDS AVE","BRYAN AVE",0.00,,Y,A,-,N,,,,,,,,,,Y,3,0,3,2,A,-,01,23152,A,N,D,C,A,A,H,-,D,B,0,,,,,Y,Y,A,01,0,2,1,0,0,0,0,0,0,"- ","- ",36.778961181640625,-119.90728759765625,FRESNO,UNINCORPORATED,-119.90727996826172,36.778923034667969
92277989,2023,2024-01-03,9435,2023-12-26,1800,021606,,2,2,9,1000,0,1,3,,2,107,"STATE ROUTE 99 NORTHBOUND","MOUNTAIN VIEW AVE.",2450.00,N,N,A,-,Y,FRE,,99," ",R,4.214,H,,R,N,4,0,4,4,A,-,03,22350,,N,C,C,A,A,H,-,C,D,0,,,,,Y,,A,07,0,0,4,0,0,0,0,0,0,"- ","- ",36.552078247070312,-119.60207366943359,FRESNO,UNINCORPORATED,-119.60204315185547,36.552097320556641
92278023,2023,2024-01-03,9435,2023-12-27,"645 ",017310,,3,1,7,1005,0,1,3,,2,410,"SR 41 SB","O ST",350.00,N,N,A,-,Y,FRE,,41," ",R,23.039,H,,L,N,3,0,1,1,A,-,08,22107,,N,F,A,A,A,H,-,B,D,0,,,,,Y,,A,01,0,1,0,0,0,0,0,0,0,"- ","- ",36.733070373535156,-119.77854156494141,FRESNO,FRESNO,-119.77837371826172,36.733016967773438
92278073,2023,2024-01-03,9435,2023-12-27,1900,016507,,3,2,9,1000,0,3,5,,2,060,"REED AVE","LINCOLN AVE",700.00,N,N,A,-,N,,,,,,,,,,Y,3,0,1,2,A,-,21,22106,,N,D,2,A,A,H,-,D,D,0,,,,,Y,,E,22,0,1,0,0,0,0,0,0,0,"- ","- ",36.649600982666016,-119.45757293701172,FRESNO,UNINCORPORATED,-119.45758056640625,36.649620056152344
92278160,2023,2024-01-03,9435,2023-12-27,"702 ",015890,,3,1,9,1000,0,3,5,,2,020,"CORNELIA AVE","HENDERSON AVE",0.00,,Y,A,-,N,,,,,,,,,,Y,4,0,2,2,A,-,09,21802,A,N,D,C,A,A,H,-,A,A,0,,,,,Y,,A,01,0,0,2,0,0,0,0,0,0,"- ","- ",36.583839416503906,-119.88101196289062,FRESNO,UNINCORPORATED,-119.88095092773438,36.583839416503906
92278215,2023,2024-01-03,9435,2023-12-27,1810,021606,,3,2,9,1000,0,3,5,,2,040,"CONEJO AVE","MCCALL AVE",0.00,,Y,A,-,N,,,,,,,,,,Y,4,0,1,2,A,-,12,22450,A,F,D,C,A,A,H,-,C,A,0,,,,,Y,,-,99,0,0,1,0,0,0,0,0,0,"- ","- ",36.518108367919922,-119.61100006103516,FRESNO,UNINCORPORATED,-119.61099243164062,36.518093109130859
92278256,2024,2024-01-03,9435,2024-01-01,1905,021153,,1,2,9,1000,0,3,5,,2,015,"JENSEN AVENUE","MARKS AVENUE",0.00,,Y,A,-,N,,,,,,,,,,Y,3,0,1,2,A,-,12,22450,A,N,D,C,A,A,H,-,D,A,0,,,,,Y,,A,01,0,1,0,0,0,0,0,0,0,"- ","- ",36.706611633300781,-119.84454345703125,FRESNO,UNINCORPORATED,-119.84449768066406,36.706626892089844
92278350,2023,2024-01-03,9435,2023-12-17,"840 ",019263,,7,1,7,1005,0,1,3,,2,181,"SR-180 W/B","FULTON ST",1214.00,E,N,A,-,Y,FRE,,180," ",R,57.503,H,,L,Y,3,0,1,2,A,-,01,23152,A,N,C,C,A,A,H,-,A,D,0,,,,,Y,Y,A,01,0,1,0,0,0,0,0,0,0,"- ","- ",36.750640869140625,-119.79666137695312,FRESNO,FRESNO,-119.79661560058594,36.750576019287109
92278439,2023,2024-01-03,9435,2023-12-17,1140,019263,,7,1,7,1005,0,1,3,,2,181,"SR-180 W/B","H STREET",700.00,E,N,A,-,Y,FRE,,180," ",R,56.968,H,,L,Y,2,0,2,2,A,-,08,22107,,N,B,2,A,A,H,-,A,D,0,,,,,Y,,A,01,1,1,0,0,0,0,0,0,0,"- ","- ",36.746448516845703,-119.8048095703125,FRESNO,FRESNO,-119.80477905273438,36.746410369873047
92279037,2023,2024-01-04,9435,2023-11-15,1230,015890,,3,1,9,1000,0,3,5,,2,020,"KINCAID AVENUE","CLEMENCEAU AVENUE",0.00,,Y,B,-,N,,,,,,,,,,Y,3,0,1,2,A,-,09,21802,A,N,D,C,A,A,H,-,A,A,0,,,,,Y,,A,01,0,1,0,0,0,0,0,0,0,"- ","- ",36.536609649658203,-119.84053802490234,FRESNO,UNINCORPORATED,-119.84108734130859,36.536399841308594
92279118,2023,2024-01-04,9435,2023-12-29,1718,016911,,5,2,9,1000,0,1,3,,1,169,SR168,"SJ AND E",1600.00,W,N,A,-,Y,FRE,,168," ",T,32.491,H,,R,N,4,0,1,1,A,-,08,22107,,N,E,8,A,A,H,-,D,D,0,,,,,Y,Y,-,"- ",0,0,1,0,0,0,0,0,0,"- ","- ",37.04608154296875,-119.47801208496094,FRESNO,UNINCORPORATED,-119.47799682617188,37.046035766601562
92279167,2023,2024-01-04,9435,2023-12-29,2205,022112,,5,3,9,1000,0,1,3,,2,107,"SR-99 S/B","FLORAL AVE",528.00,N,N,B,-,Y,FRE,,99," "," ",7.043,H,,L,N,3,0,1,2,A,-,08,22107,,N,C,C,A,A,H,-,C,A,0,,,,,Y,Y,A,01,0,1,0,0,0,0,0,0,0,"- ","- ",36.582290649414062,-119.63610076904297,FRESNO,UNINCORPORATED,-119.63608551025391,36.582302093505859
92279214,2023,2024-01-04,9435,2023-12-18,1145,020062,,1,1,9,1000,0,3,5,,2,025,"MILLERTON ROAD","NORTH FORK ROAD",1056.00,E,N,B,C,N,,,,,,,,,,Y,4,0,5,2,A,-,03,22350,,N,A,C,A,B,H,-,A,D,0,,,,,Y,,D,22,0,0,5,0,0,0,0,0,0,"- ","- ",36.993278503417969,-119.70821380615234,FRESNO,UNINCORPORATED,,
92279296,2023,2024-01-04,9435,2023-12-30,1335,020429,,6,1,9,1000,0,3,5,,2,060,"ENNIS RD","GEORGE SMITH ROAD",50.00,E,N,B,C,N,,,,,,,,,,Y,4,0,4,1,A,-,03,22350,,N,E,I,A,B,H,-,A,D,0,,,,,Y,,-,"- ",0,0,4,0,0,0,0,0,0,"- ","- ",36.689239501953125,-119.21556091308594,FRESNO,UNINCORPORATED,-119.21553039550781,36.689201354980469
92279328,2024,2024-01-04,9435,2024-01-02,2225,020064,,2,3,7,1005,0,1,3,,2,181,"SR-180 W/B TO SR-41 S/B","STATE ROUTE 180 (SR-180)",500.00,S,N,B,C,Y,,,,,,,,,,Y,4,0,1,1,A,-,03,22350,,N,F,A,A,B,H,-,C,D,0,,,,,Y,,A,07,0,0,1,0,0,0,0,0,0,"- ","- ",36.752708435058594,-119.77657318115234,FRESNO,FRESNO,-119.77657318115234,36.752708435058594
92279334,2024,2024-01-04,9435,2024-01-02,1720,020205,,2,2,9,1000,0,1,3,,1,169,"SR-168 W/B","SAMPLE RD",8078.00,E,N,A,-,Y,FRE,,168," "," ",20.313,H,,L,Y,4,0,1,1,A,-,08,22107,,M,E,I,A,A,H,-,D,D,0,,,,,Y,,A,07,0,0,1,0,0,0,0,0,0,"- ","- ",36.926528930664062,-119.51381683349609,FRESNO,UNINCORPORATED,-119.51374816894531,36.926506042480469
92279354,2023,2024-01-04,9435,2023-12-30,1740,020887,,6,2,7,1005,0,1,3,,2,181,"SR-180 W/B",SR-99,1478.00,E,N,B,-,Y,FRE,,180," ",R,56.600,H,,L,N,4,0,1,3,A,-,03,22350,,N,C,C,A,A,H,-,C,D,0,,,,,Y,,A,07,0,0,1,0,0,0,0,0,0,"- ","- ",36.743431091308594,-119.81049346923828,FRESNO,FRESNO,-119.81045532226562,36.743385314941406
92279414,2023,2024-01-04,9495,2023-12-26,"402 ",021877,,2,3,9,1000,0,1,1,,2,003,"INTERSTATE 5 NORTHBOUND","PHELPS AVENUE",1056.00,S,N,A,-,Y,FRE,,5," "," ",8.625,H,,R,Y,4,0,1,1,A,-,08,22107,,N,E,I,A,A,H,-,D,D,0,,,,,Y,,-,"- ",0,0,1,0,0,0,0,0,0,"- ","- ",36.174339294433594,-120.19197082519531,FRESNO,UNINCORPORATED,-120.19207000732422,36.174282073974609
92279417,2023,2024-01-04,9495,2023-12-29,"825 ",019104,,5,1,9,1000,0,3,5,,2,053,"JAYNE AVENUE","INTERSTATE 5 S/B TO JAYNE AVENUE",0.00,,Y,B,-,Y,,,,,,,,,,Y,3,0,6,2,A,-,09,21806,A,N,D,C,A,A,H,-,A,D,0,,,,,Y,,A,01,0,2,4,0,0,0,0,0,0,"- ","- ",36.137760162353516,-120.16078186035156,FRESNO,UNINCORPORATED,-120.27175140380859,36.136997222900391
92279451,2023,2024-01-04,9435,2023-12-30,1710,021606,,6,2,9,1000,0,3,5,,2,034,"NORTH AVE","CHESTNUT AVE",0.00,,Y,B,-,N,,,,,,,,,,N,4,0,1,2,A,-,12,21453,A,N,D,C,A,B,H,-,C,D,0,,,,,Y,,A,07,0,0,1,0,0,0,0,0,0,"- ","- ",36.692451477050781,-119.73658752441406,FRESNO,UNINCORPORATED,-119.73659515380859,36.692459106445312