CASE_ID,ACCIDENT_YEAR,PROC_DATE,JURIS,COLLISION_DATE,COLLISION_TIME,OFFICER_ID,REPORTING_DISTRICT,DAY_OF_WEEK,CHP_SHIFT,POPULATION,CNTY_CITY_LOC,SPECIAL_COND,BEAT_TYPE,CHP_BEAT_TYPE,CITY_DIVISION_LAPD,CHP_BEAT_CLASS,BEAT_NUMBER,PRIMARY_RD,SECONDARY_RD,DISTANCE,DIRECTION,INTERSECTION,WEATHER_1,WEATHER_2,STATE_HWY_IND,CALTRANS_COUNTY,CALTRANS_DISTRICT,STATE_ROUTE,ROUTE_SUFFIX,POSTMILE_PREFIX,POSTMILE,LOCATION_TYPE,RAMP_INTERSECTION,SIDE_OF_HWY,TOW_AWAY,COLLISION_SEVERITY,NUMBER_KILLED,NUMBER_INJURED,PARTY_COUNT,PRIMARY_COLL_FACTOR,PCF_CODE_OF_VIOL,PCF_VIOL_CATEGORY,PCF_VIOLATION,PCF_VIOL_SUBSECTION,HIT_AND_RUN,TYPE_OF_COLLISION,MVIW,PED_ACTION,ROAD_SURFACE,ROAD_COND_1,ROAD_COND_2,LIGHTING,CONTROL_DEVICE,CHP_ROAD_TYPE,PEDESTRIAN_ACCIDENT,BICYCLE_ACCIDENT,MOTORCYCLE_ACCIDENT,TRUCK_ACCIDENT,NOT_PRIVATE_PROPERTY,ALCOHOL_INVOLVED,STWD_VEHTYPE_AT_FAULT,CHP_VEHTYPE_AT_FAULT,COUNT_SEVERE_INJ,COUNT_VISIBLE_INJ,COUNT_COMPLAINT_PAIN,COUNT_PED_KILLED,COUNT_PED_INJURED,COUNT_BICYCLIST_KILLED,COUNT_BICYCLIST_INJURED,COUNT_MC_KILLED,COUNT_MC_INJURED,PRIMARY_RAMP,SECONDARY_RAMP,LATITUDE,LONGITUDE,COUNTY,CITY,POINT_X,POINT_Y
92279464,2023,2024-01-04,9435,2023-12-31,1245,019263,,7,1,7,1005,0,3,5,,2,010,"BELMONT AVE","HAYES AVE",0.00,,Y,A,-,N,,,,,,,,,,Y,4,0,2,2,A,-,09,21802,A,N,D,2,A,A,H,-,A,A,0,,,,,Y,,-,"- ",0,0,2,0,0,0,0,0,0,"- ","- ",36.749950408935547,-119.89814758300781,FRESNO,FRESNO,-119.89814758300781,36.749961853027344
92279486,2024,2024-01-04,9435,2024-01-02,1820,016507,,2,2,9,1000,0,3,5,,2,060,"GOODFELLOW AVE","RIVERBEND AVE",1056.00,W,N,A,-,N,,,,,,,,,,Y,4,0,1,1,A,-,08,22107,,N,E,8,A,A,H,-,D,D,0,,,,,Y,,A,01,0,0,1,0,0,0,0,0,0,"- ","- ",36.669998168945312,-119.51432037353516,FRESNO,UNINCORPORATED,-119.51490783691406,36.670055389404297
92279582,2024,2024-01-04,9435,2024-01-01,1650,020122,,1,2,9,1000,0,3,5,,2,010,"WESTBOUND FLORADORA AVENUE","NORTHBOUND VALENTINE AVENUE",0.00,,Y,A,-,N,,,,,,,,,,Y,4,0,6,2,A,-,09,21802,B,N,D,C,A,A,H,-,B,A,0,,,,,Y,,-,"- ",0,0,6,0,0,0,0,0,0,"- ","- ",36.761020660400391,-119.853271484375,FRESNO,UNINCORPORATED,-119.85327599999999,36.761012999999998
92279597,2023,2024-01-04,9435,2023-12-30,1246,020062,,6,1,9,1000,0,3,5,,2,034,"MCCALL AVENUE","MANNING AVENUE",0.00,,Y,B,-,N,,,,,,,,,,Y,3,0,1,3,A,-,12,21453,A,N,D,3,A,B,H,-,A,A,0,,,,,Y,,A,01,0,1,0,0,0,0,0,0,0,"- ","- ",36.605251312255859,-119.61070251464844,FRESNO,UNINCORPORATED,-119.61071014404297,36.605232238769531
92279663,2024,2024-01-04,9435,2024-01-02,1720,020592,,2,2,7,1005,0,1,3,,2,410,"STATE ROUTE 43","CONEJO AVENUE",345.00,N,N,E,-,Y,FRE,,43," "," ",5.415,H,,R,N,3,0,2,3,A,-,03,22350,,N,C,C,A,A,H,-,D,A,0,,,,,Y,,D,22,0,1,1,0,0,0,0,0,0,"- ","- ",36.519229888916016,-119.62904357910156,FRESNO,FRESNO,-119.62895202636719,36.519229888916016
92280254,2024,2024-01-05,9435,2024-01-05,"55  ",021031,,5,3,7,1005,0,1,3,,1,168,"SR-168 E/B","PRINCETON AVE",300.00,W,N,A,-,Y,FRE,,168," ",R,1.707,H,,R,Y,4,0,1,1,A,-,08,22107,,N,E,I,A,A,H,-,D,D,0,,,,,Y,,A,07,0,0,1,0,0,0,0,0,0,"- ","- ",36.775119781494141,-119.74922180175781,FRESNO,FRESNO,-119.74913787841797,36.775119781494141
92281413,2024,2024-01-08,9435,2024-01-02,2225,018944,,2,3,7,1005,0,1,3,,2,106,"STATE ROUTE 99 NORTHBOUND","CHURCH AVENUE",686.00,N,N,C,-,Y,FRE,,99," "," ",19.347,H,,R,N,4,0,1,2,A,-,03,22350,,M,C,C,A,B,H,-,C,D,0,,,,,Y,,D,22,0,0,1,0,0,0,0,0,0,"- ","- ",36.7158203125,-119.78267669677734,FRESNO,FRESNO,-119.78263854980469,36.715843200683594
92281514,2023,2024-01-08,9461,2023-12-30,1705,021811,,6,2,9,1000,0,1,1,,2,305,"I-5 N/B","CALIFORNIA AVE",5808.00,S,N,A,-,Y,FRE,,5," "," ",54.511,H,,R,Y,4,0,1,4,A,-,03,22350,,N,C,2,A,A,H,-,D,D,0,,,,,Y,,D,22,0,0,1,0,0,0,0,0,0,"- ","- ",36.707649230957031,-120.67489624023438,FRESNO,UNINCORPORATED,-120.67491149902344,36.707645416259766
92281669,2024,2024-01-08,9435,2024-01-05,"635 ",019263,,5,1,9,1000,0,3,5,,2,034,"DEWOLF AVE","SOUTH AVE",0.00,,Y,A,-,N,,,,,,,,,,Y,4,0,1,2,A,-,12,22450,A,N,D,C,A,A,H,-,D,D,0,,,,,Y,,D,22,0,0,1,0,0,0,0,0,0,"- ","- ",36.619869232177734,-119.6463623046875,FRESNO,UNINCORPORATED,-119.6463623046875,36.619865417480469
92281983,2024,2024-01-08,9435,2024-01-02,"633 ",015890,,2,1,9,1000,0,3,5,,2,015,"CHESTNUT AVE","JEFFERSON AVE",470.00,S,N,A,-,N,,,,,,,,,,Y,4,0,2,3,A,-,08,22107,,N,A,4,E,A,H,-,D,D,0,Y,,,,Y,,-,"- ",0,0,2,0,1,0,0,0,0,"- ","- ",36.654869079589844,-119.73684692382812,FRESNO,UNINCORPORATED,-119.73676300048828,36.654869079589844
92282605,2024,2024-01-09,9435,2024-01-03,1313,015986,,3,1,9,1000,0,1,3,,1,145,SR-145,"BARSTOW AVENUE",10.00,S,N,A,-,N,,,,,,,,,,Y,2,0,2,2,A,-,03,22350,,N,C,C,A,B,H,-,A,D,0,,,,,Y,,A,08,1,1,0,0,0,0,0,0,0,"- ","- ",36.815071105957031,-120.05863952636719,FRESNO,UNINCORPORATED,-120.05863189697266,36.8150634765625
92282740,2024,2024-01-09,9435,2024-01-07,1435,020429,,7,2,9,1000,0,3,5,,2,060,"STATE ROUTE 180","STATE ROUTE 245",2000.00,E,N,A,-,Y,FRE,,180," "," ",108.550,H,,R,Y,3,0,2,1,A,-,03,22350,,N,E,I,A,C,H,-,A,D,0,,,,,Y,,A,07,0,2,0,0,0,0,0,0,0,"- ","- ",36.720401763916016,-118.99333953857422,FRESNO,UNINCORPORATED,-118.99334716796875,36.720405578613281
92282879,2024,2024-01-09,9435,2024-01-06,"748 ",020019,,6,1,9,1000,0,3,5,,2,034,"MOUNTAIN VIEW AVENUE","MENDOCINO AVENUE",21.00,E,N,B,E,N,,,,,,,,,,Y,4,0,2,2,A,-,03,22350,,N,C,C,A,A,H,-,A,A,0,,,,,Y,,A,07,0,0,2,0,0,0,0,0,0,"- ","- ",36.546840667724609,-119.54775238037109,FRESNO,UNINCORPORATED,-119.54792785644531,36.546710968017578
92283184,2024,2024-01-09,9435,2024-01-09,"813 ",015986,,2,1,7,1005,0,1,3,,2,105,SR99,"OLIVE AVENUE",528.00,N,N,A,-,Y,FRE,,99," "," ",23.429,H,,R,N,4,0,1,2,A,-,07,21658,A,M,B,C,A,A,H,-,A,D,0,,,,,Y,,-,99,0,0,1,0,0,0,0,0,0,"- ","- ",36.759021759033203,-119.83083343505859,FRESNO,FRESNO,-119.83068084716797,36.759082794189453
92283817,2024,2024-01-10,9435,2024-01-09,1437,021153,,2,2,9,1000,0,3,5,,2,034,"NORTH AVENUE","DEL REY AVENUE",0.00,,Y,A,-,N,,,,,,,,,,N,4,0,1,2,D,-,00,,,N,D,C,A,A,H,-,A,D,0,,,,,Y,,-,"- ",0,0,1,0,0,0,0,0,0,"- ","- ",36.692138671875,-119.59229278564453,FRESNO,UNINCORPORATED,-119.59220123291016,36.692153930664062
92283940,2024,2024-01-10,9435,2024-01-09,2157,017518,,2,2,7,1005,0,1,3,,2,410,"STATE ROUTE 41 S/B","SIERRA AVENUE",550.00,S,N,B,-,Y,FRE,,41," ",R,29.852,H,,L,N,3,0,1,1,A,-,08,22107,,N,E,I,A,A,H,-,C,D,0,,,,,Y,,A,01,0,1,0,0,0,0,0,0,0,"- ","- ",36.828620910644531,-119.78517150878906,FRESNO,FRESNO,-119.78524017333984,36.828620910644531
92283969,2024,2024-01-10,9495,2024-01-08,1755,021714,,1,2,9,1000,0,3,5,,2,053,"W. JAYNE AVE.","SUTTER AVE.",0.00,,Y,A,-,N,,,,,,,,,,Y,3,0,1,2,A,-,12,22450,A,N,D,C,A,A,H,-,C,A,0,,,,,Y,,D,22,0,1,0,0,0,0,0,0,0,"- ","- ",36.137508392333984,-120.20021820068359,FRESNO,UNINCORPORATED,-120.20026397705078,36.137527465820312
92284819,2024,2024-01-11,9435,2024-01-03,"944 ",015890,,3,1,9,1000,0,1,3,,1,412,"SR-41 NORTHBOUND","NEBRASKA AVE",0.00,,Y,B,-,Y,FRE,,41," ",R,11.112,H,,R,Y,2,0,2,2,A,-,09,21802,A,N,D,C,A,A,H,-,A,A,0,,,,,Y,,A,01,1,0,1,0,0,0,0,0,0,"- ","- ",36.561878204345703,-119.78597259521484,FRESNO,UNINCORPORATED,-119.78594207763672,36.561878204345703
92284892,2023,2024-01-11,9435,2023-12-31,1520,021312,,7,2,7,1005,0,1,3,,2,410,"SR-41 S/B","EL PASO AVENUE",475.00,S,N,A,-,Y,FRE,,41," ",R,31.114,H,,L,Y,4,0,1,3,A,-,07,21658,A,M,B,2,A,A,H,-,A,D,0,,,,,Y,,-,99,0,0,1,0,0,0,0,0,0,"- ","- ",36.846900939941406,-119.78524017333984,FRESNO,FRESNO,-119.78525543212891,36.846897125244141
92284933,2024,2024-04-16,9435,2024-01-10,"641 ",020019,,3,1,2,1004,0,1,3,,2,106,"STATE ROUTE 99 NORTHBOUND","MANNING AVENUE",528.00,N,N,A,-,Y,FRE,,99," "," ",9.580,H,,R,Y,4,0,1,1,A,-,08,22107,,N,E,I,A,A,H,-,B,D,0,,,,,Y,,A,01,0,0,1,0,0,0,0,0,0,"- ","- ",36.610008239746094,-119.66581726074219,FRESNO,FOWLER,-119.66595458984375,36.609916687011719
92284976,2024,2024-01-11,9435,2024-01-09,1640,021153,,2,2,9,1000,0,3,5,,2,034,"MINNEWAWA AVENUE","TULARE STREET",0.00,,Y,A,-,N,,,,,,,,,,Y,4,0,1,4,A,-,09,21802,A,N,D,C,A,A,H,-,A,A,0,,,,,Y,,A,07,0,0,1,0,0,0,0,0,0,"- ","- ",36.743080139160156,-119.70934295654297,FRESNO,UNINCORPORATED,-119.70925140380859,36.743129730224609
92285158,2024,2024-01-11,9435,2024-01-10,1744,020122,,3,2,9,1000,0,3,5,,2,034,"DINUBA AVENUE","ZEDIKER AVENUE",0.00,,Y,B,-,N,,,,,,,,,,Y,4,0,1,2,A,-,09,21802,A,N,D,C,A,A,H,-,D,A,0,,,,,Y,,D,22,0,0,1,0,0,0,0,0,0,"- ","- ",36.590179443359375,-119.5211181640625,FRESNO,UNINCORPORATED,-119.52112579345703,36.590164184570312
92285378,2024,2024-01-11,9435,2024-01-09,"818 ",015986,,2,1,7,1005,0,1,3,,2,105,"SR-99 S/B FROM CLINTON AVE.","CLINTON AVE.",528.00,S,N,A,-,Y,,,,,,,,,,N,4,0,2,2,A,-,03,22350,,N,C,C,A,A,H,-,A,A,0,,,,,Y,,A,01,0,0,2,0,0,0,0,0,0,"- ","- ",36.769641876220703,-119.83778381347656,FRESNO,FRESNO,-119.83778381347656,36.769641876220703
92285852,2024,2024-01-12,9435,2024-01-03,2355,018944,,3,3,7,1005,0,1,3,,2,105,"SR99 SB TO SR180 EB","STATE ROUTE 99 SOUTHBOUND",480.00,E,N,A,-,Y,,,,,,,,,,Y,2,0,1,1,A,-,01,23152,A,N,F,0,A,A,H,-,D,D,0,,,,,Y,Y,D,22,1,0,0,0,0,0,0,0,0,"- ","- ",36.741340637207031,-119.81150054931641,FRESNO,FRESNO,-119.81150054931641,36.741340637207031
92285952,2024,2024-01-12,9435,2024-01-11,1720,020836,,4,2,7,1005,0,1,3,,2,410,"SR-41 N/B TO SR-180/SR-168 E/B","BELMONT AVENUE",125.00,N,N,A,-,Y,FRE,,41," ",R,24.341,H,,R,Y,4,0,1,3,A,-,03,22350,,N,C,C,A,A,H,-,D,D,0,,,,,Y,,D,22,0,0,1,0,0,0,0,0,0,"- ","- ",36.751659393310547,-119.77574157714844,FRESNO,FRESNO,-119.77589416503906,36.751667022705078
92286193,2024,2024-01-17,9435,2024-01-10,1340,015106,,3,1,9,1000,0,3,5,,2,025,"MILLERTON ROAD","AUBERRY ROAD",0.00,,Y,A,-,N,,,,,,,,,,Y,3,0,1,2,A,-,12,22450,A,N,D,C,A,A,H,-,A,A,0,,,,,Y,,D,22,0,1,0,0,0,0,0,0,0,"- ","- ",36.9698486328125,-119.62438201904297,FRESNO,UNINCORPORATED,-119.6243896484375,36.969829559326172
92286367,2024,2024-01-12,9435,2024-01-02,1807,020122,,2,2,9,1000,0,3,5,,2,010,"SOUTHBOUND MARKS AVENUE","MCKINLEY AVENUE",235.00,N,N,B,-,N,,,,,,,,,,N,2,0,1,2,A,-,11,21954,A,F,G,B,D,A,H,-,D,D,0,Y,,,,Y,,N,60,1,0,0,0,1,0,0,0,0,"- ","- ",36.765388488769531,-119.84439086914062,FRESNO,UNINCORPORATED,-119.84435272216797,36.765335083007812
92287606,2024,2024-01-16,9435,2024-01-04,1735,021086,,4,2,9,1000,0,1,3,,2,182,"STATE ROUTE 180","CLOVIS AVENUE",720.00,W,N,B,-,Y,FRE,,180," ",R,62.742,H,,R,Y,4,0,2,2,A,-,07,21658,A,F,B,C,A,A,H,-,D,D,0,,,,,Y,,A,01,0,0,2,0,0,0,0,0,0,"- ","- ",36.752960205078125,-119.70301055908203,FRESNO,UNINCORPORATED,-119.70302581787109,36.752696990966797
92287690,2024,2024-01-16,9435,2024-01-05,"645 ",017310,,5,1,7,1005,0,1,3,,2,410,"SR-41 N/B","GETTYSBURG AVENUE",75.00,S,N,A,-,Y,FRE,,41," ",R,27.955,H,,R,Y,4,0,2,2,A,-,07,21658,A,N,B,C,A,A,H,-,A,D,0,,,,,Y,,A,01,0,0,2,0,0,0,0,0,0,"- ","- ",36.801090240478516,-119.78517913818359,FRESNO,FRESNO,-119.78517150878906,36.801090240478516
92287704,2024,2024-01-16,9435,2024-01-06,1352,021930,,6,1,9,1000,0,3,5,,2,034,"ACADEMY AVE","CENTRAL AVE",0.00,,Y,B,-,N,,,,,,,,,,Y,4,0,2,2,A,-,12,22450,A,N,D,C,A,A,H,-,A,A,0,,,,,Y,,D,22,0,0,2,0,0,0,0,0,0,"- ","- ",36.677749633789062,-119.55660247802734,FRESNO,UNINCORPORATED,-119.55654907226562,36.677753448486328
92287738,2024,2024-01-16,9435,2024-01-12,"735 ",020429,,5,1,9,1000,0,3,5,,2,060,"BUTTONWILLOW AVENUE","PARLIER AVENUE",0.00,,Y,A,-,N,,,,,,,,,,Y,4,0,3,2,A,-,09,21802,A,N,D,C,A,A,H,-,A,D,0,,,,,Y,,A,01,0,0,3,0,0,0,0,0,0,"- ","- ",36.611339569091797,-119.43084716796875,FRESNO,UNINCORPORATED,-119.43093109130859,36.611343383789062
92287870,2024,2024-01-16,9435,2024-01-07,"940 ",020095,,7,1,2,1004,0,1,3,,2,106,"SR-99 N/B","MERCED ST",2400.00,S,N,B,-,Y,FRE,,99," "," ",10.656,H,,R,Y,3,0,3,1,A,-,08,22107,,N,E,C,A,A,D,-,A,D,0,,,,,Y,,A,01,0,2,1,0,0,0,0,0,0,"- ","- ",36.621620178222656,-119.67884063720703,FRESNO,FOWLER,-119.67879486083984,36.621650695800781
92287894,2024,2024-01-16,9435,2024-01-09,1228,019705,,2,1,9,1000,0,3,5,,2,010,"BELMONT AVE","HAYES AVE",0.00,,Y,A,-,N,,,,,,,,,,Y,4,0,1,2,A,-,09,21802,A,N,D,C,A,A,H,-,A,A,0,,,,,Y,,A,01,0,0,1,0,0,0,0,0,0,"- ","- ",36.749889373779297,-119.8980712890625,FRESNO,UNINCORPORATED,-119.89814758300781,36.749961853027344
92287945,2024,2024-01-16,9435,2024-01-05,2335,019523,,5,3,9,1000,0,1,3,,2,106,"STATE ROUTE 99 S/B","JENSEN AVENUE",150.00,N,N,A,-,Y,FRE,,99," "," ",18.598,H,,L,Y,2,0,3,2,A,-,01,23152,A,N,C,C,A,A,H,-,C,D,0,,,,,Y,Y,A,01,2,1,0,0,0,0,0,0,0,"- ","- ",36.707290649414062,-119.77445983886719,FRESNO,UNINCORPORATED,-119.77452850341797,36.707244873046875
92287976,2024,2024-01-16,9435,2024-01-06,"140 ",021290,,6,3,7,1005,0,1,3,,2,181,"SR-180 W/B TO SR-41 S/B","BELMONT AVE",38.00,N,N,A,-,Y,FRE,,41," ",R,24.269,H,,L,Y,4,0,1,1,A,-,01,23152,A,N,E,I,A,A,H,-,C,D,0,,,,,Y,Y,A,01,0,0,1,0,0,0,0,0,0,"- ","- ",36.750621795654297,-119.77660369873047,FRESNO,FRESNO,-119.77630615234375,36.750602722167969
92288045,2024,2024-01-16,9435,2024-01-06,1515,021119,,6,2,9,1000,0,1,3,,1,412,"STATE ROUTE 41 NORTHBOUND","MANNING AVENUE",50.00,S,N,B,-,Y,FRE,,41," ",R,14.078,H,,R,N,4,0,2,2,A,-,03,22350,,N,C,C,A,A,H,-,A,D,0,,,,,Y,,-,"- ",0,0,2,0,0,0,0,0,0,"- ","- ",36.604949951171875,-119.78582000732422,FRESNO,UNINCORPORATED,-119.78588104248047,36.604949951171875
92288115,2024,2024-01-16,9495,2024-01-08,1505,021186,,1,2,9,1000,0,1,3,,1,014,"STATE ROUTE 269 (LASSEN AVENUE)","GALE AVENUE",0.00,,Y,A,-,Y,FRE,,269," "," ",7.641,H,,R,Y,3,0,5,2,A,-,09,21802,A,N,D,C,A,A,H,-,A,D,0,,,,,Y,,A,01,0,3,2,0,0,0,0,0,0,"- ","- ",36.181369781494141,-120.10336303710938,FRESNO,UNINCORPORATED,-120.10327911376953,36.181373596191406
92288164,2024,2024-01-16,9435,2024-01-05,1650,016860,,5,2,9,1000,0,1,3,,1,169,"STATE ROUTE 168","TOLLHOUSE ROAD",3168.00,W,N,A,-,Y,FRE,,168," ",R,21.625,H,,R,N,3,0,1,1,A,-,08,22107,,N,E,I,A,A,H,-,D,D,0,,,,,Y,,A,01,0,1,0,0,0,0,0,0,0,"- ","- ",36.940139770507812,-119.50528717041016,FRESNO,UNINCORPORATED,-119.50523376464844,36.940135955810547
92288444,2024,2024-08-21,9435,2024-01-04,1810,021086,,4,2,7,1005,0,1,3,,2,182,"SR-180 E/B FROM CEDAR AVENUE","CHESTNUT AVENUE",792.00,E,N,B,-,Y,FRE,,180," ",R,61.059,H,,R,Y,2,0,3,4,A,-,03,22350,,N,C,C,E,A,H,-,C,D,0,Y,,,,Y,,A,01,1,2,0,0,2,0,0,0,0,"- ","- ",36.753921508789062,-119.73336791992188,FRESNO,FRESNO,-119.73332977294922,36.754051208496094
92288885,2024,2024-01-17,9435,2024-01-09,1745,021148,,2,2,7,1005,0,1,3,,2,410,"SR-41 S/B","NEES AVE",528.00,S,N,B,C,Y,FRE,,41," ",R,31.377,H,,L,N,4,0,2,2,A,-,03,22350,,N,D,C,A,A,H,-,D,D,0,,,Y,,Y,Y,C,02,0,0,2,0,0,0,0,0,2,"- ","- ",36.850578308105469,-119.78649139404297,FRESNO,FRESNO,-119.78647613525391,36.850582122802734
92288907,2024,2024-01-17,9435,2024-01-06,1315,019263,,6,1,9,1000,0,3,5,,2,010,"ASHLAN AVE","PALM AVE",0.00,,Y,A,-,N,,,,,,,,,,N,3,0,1,2,A,-,09,21801,A,N,D,C,A,A,H,-,A,A,0,,,,,Y,,A,08,0,1,0,0,0,0,0,0,0,"- ","- ",36.793861389160156,-119.80864715576172,FRESNO,UNINCORPORATED,-119.80860137939453,36.793899536132812
92288943,2024,2024-01-17,9435,2024-01-10,"314 ",021247,,3,3,9,1000,0,1,3,,1,180,"STATE ROUTE 180 EASTBOUND","MARKS AVENUE",62.00,W,N,A,-,Y,FRE,,180," ",R,54.689,H,,R,Y,4,0,1,1,A,-,01,23152,A,M,E,I,A,A,H,-,C,D,0,,,,,Y,Y,A,07,0,0,1,0,0,0,0,0,0,"- ","- ",36.738380432128906,-119.84397125244141,FRESNO,UNINCORPORATED,-119.84396362304688,36.73822021484375
92288961,2024,2024-01-17,9435,2024-01-07,1215,020095,,7,1,9,1000,0,3,5,,2,034,"CHESTNUT AVE","MUSCAT AVE",0.00,,Y,A,-,N,,,,,,,,,,Y,3,0,2,2,A,-,09,21801,A,N,D,C,A,A,H,-,A,D,0,,,,,Y,,A,01,0,1,1,0,0,0,0,0,0,"- ","- ",36.685279846191406,-119.73663330078125,FRESNO,UNINCORPORATED,-119.73677825927734,36.685222625732422
92289316,2024,2024-01-17,9435,2024-01-08,2045,021930,,1,2,9,1000,0,3,5,,2,034,"PEACH AVE","BELMONT AVE",20.00,S,N,A,-,N,,,,,,,,,,Y,4,0,2,3,A,-,03,22350,,M,C,2,A,A,H,-,C,A,0,,,,,Y,,A,07,0,0,2,0,0,0,0,0,0,"- ","- ",36.750141143798828,-119.71826171875,FRESNO,UNINCORPORATED,-119.71836090087891,36.750324249267578
92289475,2023,2024-10-14,9435,2023-06-14,"305 ",019705,,3,3,9,1000,0,1,3,,1,183,"STATE ROUTE 180 EASTBOUND","BETHEL AVENUE",900.00,W,N,A,-,Y,FRE,,180," ",R,70.158,H,,R,Y,1,1,4,2,A,-,01,23152,E,N,C,C,A,A,H,-,D,D,0,,,,,Y,,A,01,0,1,3,0,0,0,0,0,0,"- ","- ",36.735889434814453,-119.57749938964844,FRESNO,UNINCORPORATED,-119.57749938964844,36.735893249511719
92289491,2024,2024-01-17,9435,2024-01-07,"30  ",021594,,7,3,7,1005,0,3,5,,2,010,"BELMONT AVENUE","GOLDEN STATE BOULEVARD",0.00,,Y,C,-,N,,,,,,,,,,N,4,0,1,1,A,-,01,23152,A,N,E,I,A,B,H,-,D,D,0,,,,,Y,Y,D,22,0,0,1,0,0,0,0,0,0,"- ","- ",36.750228881835938,-119.81562805175781,FRESNO,FRESNO,-119.81478118896484,36.750762939453125
92289577,2024,2024-01-17,9435,2024-01-10,"730 ",019926,,3,1,9,1000,0,3,5,,2,010,"MESA AVE","FRUIT AVE",750.00,E,N,A,-,N,,,,,,,,,,N,4,0,1,2,A,-,11,21954,A,N,G,B,D,A,H,-,A,D,0,Y,,,,Y,,N,60,0,0,1,0,1,0,0,0,0,"- ","- ",36.824699401855469,-119.814697265625,FRESNO,UNINCORPORATED,-119.81476593017578,36.824653625488281
92290529,2024,2024-01-18,9435,2024-01-09,1540,016507,,2,2,9,1000,0,3,5,,2,060,"ELWOOD RD","LUPINE DR",5808.00,E,N,A,-,N,,,,,,,,,,Y,2,0,2,2,A,-,05,21460,A,N,A,C,A,A,H,-,A,D,0,,,Y,,Y,,C,02,1,0,1,0,0,0,0,0,1,"- ","- ",36.772850036621094,-119.26730346679688,FRESNO,UNINCORPORATED,-119.28269195556641,36.776634216308594
92290622,2023,2024-01-18,9435,2023-11-03,2045,020586,,5,2,9,1000,0,1,3,,1,168,"STATE ROUTE 168","SHEPHERD AVENUE",0.00,,Y,A,-,Y,FRE,,168," "," ",14.744,H,,R,Y,1,1,1,2,A,-,09,21802,A,N,D,C,A,A,H,-,D,A,0,,,Y,,Y,,D,22,0,0,1,0,0,0,0,1,0,"- ","- ",36.867668151855469,-119.56500244140625,FRESNO,UNINCORPORATED,-119.56500244140625,36.86767578125
92290825,2024,2024-01-18,9435,2024-01-10,1500,020592,,3,2,9,1000,0,3,5,,2,020,"SHERRILL STREET","PALOMA STREET",0.00,,Y,B,-,N,,,,,,,,,,Y,4,0,1,2,A,-,09,21802,A,N,D,C,A,A,H,-,A,A,0,,,,,Y,,A,07,0,0,1,0,0,0,0,0,0,"- ","- ",36.432849884033203,-119.86271667480469,FRESNO,UNINCORPORATED,-119.86268615722656,36.432880401611328
92291608,2024,2024-01-19,9435,2024-01-10,1845,020592,,3,2,9,1000,0,3,5,,2,040,"NEBRASKA AVENUE","CHESTNUT AVENUE",5.00,W,N,A,-,N,,,,,,,,,,Y,3,0,3,2,A,-,05,21460,C,F,A,C,A,A,H,-,D,D,0,,,,,Y,,A,01,0,1,2,0,0,0,0,0,0,"- ","- ",36.561908721923828,-119.73712921142578,FRESNO,UNINCORPORATED,-119.73698425292969,36.561859130859375
92291662,2024,2024-01-19,9435,2024-01-10,1315,015106,,3,1,7,1005,1,4,S,,2,901,"AUGUSTA STREET","GETTYSBURG AVE",378.00,N,N,A,-,N,,,,,,,,,,N,3,0,1,1,C,-,18,,,N,H,A,A,A,H,-,A,D,0,,,,,Y,,-,"- ",0,1,0,0,0,0,0,0,0,"- ","- ",36.802478790283203,-119.77915954589844,FRESNO,FRESNO,-119.77909088134766,36.802349090576172
92291723,2024,2024-01-19,9435,2024-01-12,1023,015986,,5,1,7,1005,0,1,3,,2,105,SR99,"EL DORADO ST",200.00,S,N,A,-,Y,FRE,,99," "," ",21.404,H,,R,Y,4,0,1,1,A,-,08,22107,,N,E,I,A,A,H,-,A,D,0,,,,,Y,,-,"- ",0,0,1,0,0,0,0,0,0,"- ","- ",36.738140106201172,-119.80732727050781,FRESNO,FRESNO,-119.80725860595703,36.738208770751953
92291782,2024,2024-01-19,9435,2024-01-12,"607 ",015890,,5,1,9,1000,0,3,5,,2,015,"KEARNEY BOULEVARD","CORNELIA AVENUE",703.00,W,N,A,-,N,,,,,,,,,,Y,2,0,1,1,A,-,08,22107,,N,E,I,A,A,H,-,D,D,0,,,,,Y,,A,01,1,0,0,0,0,0,0,0,0,"- ","- ",36.728221893310547,-119.88313293457031,FRESNO,UNINCORPORATED,-119.88302612304688,36.728153228759766
92291828,2024,2024-01-19,9435,2024-01-17,2021,020205,,3,2,9,1000,0,3,5,,2,025,"HIGHLAND AVE","MCKINLEY AVE",0.00,,Y,A,-,N,,,,,,,,,,Y,4,0,2,1,A,-,03,22350,,N,E,I,A,A,H,-,D,A,0,,,,,Y,,A,01,0,0,2,0,0,0,0,0,0,"- ","- ",36.764438629150391,-119.62801361083984,FRESNO,UNINCORPORATED,-119.62789916992188,36.764747619628906