CASE_ID,ACCIDENT_YEAR,PROC_DATE,JURIS,COLLISION_DATE,COLLISION_TIME,OFFICER_ID,REPORTING_DISTRICT,DAY_OF_WEEK,CHP_SHIFT,POPULATION,CNTY_CITY_LOC,SPECIAL_COND,BEAT_TYPE,CHP_BEAT_TYPE,CITY_DIVISION_LAPD,CHP_BEAT_CLASS,BEAT_NUMBER,PRIMARY_RD,SECONDARY_RD,DISTANCE,DIRECTION,INTERSECTION,WEATHER_1,WEATHER_2,STATE_HWY_IND,CALTRANS_COUNTY,CALTRANS_DISTRICT,STATE_ROUTE,ROUTE_SUFFIX,POSTMILE_PREFIX,POSTMILE,LOCATION_TYPE,RAMP_INTERSECTION,SIDE_OF_HWY,TOW_AWAY,COLLISION_SEVERITY,NUMBER_KILLED,NUMBER_INJURED,PARTY_COUNT,PRIMARY_COLL_FACTOR,PCF_CODE_OF_VIOL,PCF_VIOL_CATEGORY,PCF_VIOLATION,PCF_VIOL_SUBSECTION,HIT_AND_RUN,TYPE_OF_COLLISION,MVIW,PED_ACTION,ROAD_SURFACE,ROAD_COND_1,ROAD_COND_2,LIGHTING,CONTROL_DEVICE,CHP_ROAD_TYPE,PEDESTRIAN_ACCIDENT,BICYCLE_ACCIDENT,MOTORCYCLE_ACCIDENT,TRUCK_ACCIDENT,NOT_PRIVATE_PROPERTY,ALCOHOL_INVOLVED,STWD_VEHTYPE_AT_FAULT,CHP_VEHTYPE_AT_FAULT,COUNT_SEVERE_INJ,COUNT_VISIBLE_INJ,COUNT_COMPLAINT_PAIN,COUNT_PED_KILLED,COUNT_PED_INJURED,COUNT_BICYCLIST_KILLED,COUNT_BICYCLIST_INJURED,COUNT_MC_KILLED,COUNT_MC_INJURED,PRIMARY_RAMP,SECONDARY_RAMP,LATITUDE,LONGITUDE,COUNTY,CITY,POINT_X,POINT_Y
92300799,2024,2024-01-30,9435,2024-01-22,"800 ",015751,,1,1,7,1005,0,1,3,,2,181,"SR-180 E/B","'G' ST",739.00,W,N,B,C,Y,FRE,,180," ",R,56.531,H,,R,Y,4,0,1,2,A,-,03,22350,,N,D,C,A,B,H,-,A,D,0,,,,,Y,,D,22,0,0,1,0,0,0,0,0,0,"- ","- ",36.742641448974609,-119.81108856201172,FRESNO,FRESNO,-119.81112670898438,36.742683410644531
92300805,2024,2024-01-30,9435,2024-01-22,1633,020205,,1,2,7,1005,0,1,3,,2,181,"SR-180 W/B FROM CHESTNUT AVE","CHESTNUT AVE",45.00,W,N,B,-,Y,FRE,,180," ",R,60.894,H,,L,N,4,0,1,2,A,-,03,22350,,N,C,C,A,B,H,-,A,D,0,,,,,Y,,A,07,0,0,1,0,0,0,0,0,0,"- ","- ",36.755020141601562,-119.73621368408203,FRESNO,FRESNO,-119.73625183105469,36.754863739013672
92300911,2024,2024-01-30,9435,2024-01-24,"625 ",021606,,3,1,9,1000,0,3,5,,2,025,"MCCALL AVE","STATE ROUTE 180",15.00,N,N,B,-,N,,,,,,,,,,N,4,0,1,2,A,-,03,22350,,N,C,C,A,B,H,-,C,D,0,,,,,Y,,A,01,0,0,1,0,0,0,0,0,0,"- ","- ",36.736099243164062,-119.61016082763672,FRESNO,UNINCORPORATED,-119.61007690429688,36.735748291015625
92301004,2024,2024-01-30,9435,2024-01-23,1555,020592,,2,2,7,1005,0,1,3,,2,105,"STATE ROUTE 99 (NORTHBOUND)","OLIVE AVENUE",528.00,N,N,A,-,Y,FRE,,99," "," ",23.406,H,,R,N,4,0,1,2,A,-,03,22350,,N,C,C,A,A,H,-,A,D,0,,,,Y,Y,,A,07,0,0,1,0,0,0,0,0,0,"- ","- ",36.7587890625,-119.83045959472656,FRESNO,FRESNO,-119.83048248291016,36.758777618408203
92301127,2024,2024-01-30,9461,2024-01-26,"220 ",015979,,5,3,9,1000,0,3,5,,2,060,"FAIRFAX AVENUE","MINT ROAD",681.00,N,N,A,-,N,,,,,,,,,,N,4,0,1,1,A,-,03,22350,,N,E,I,A,A,H,-,D,A,0,,,,,Y,,A,01,0,0,1,0,0,0,0,0,0,"- ","- ",37.026439666748047,-120.56360626220703,FRESNO,UNINCORPORATED,-120.56327056884766,37.026378631591797
92301185,2024,2024-01-30,9435,2024-01-27,"830 ",020095,,6,1,9,1000,0,3,5,,2,040,"NEBRASKA AVE","DEWOLF AVE",0.00,,Y,A,-,N,,,,,,,,,,Y,3,0,3,2,A,-,12,22450,A,N,D,C,A,A,H,-,A,A,0,,,,,Y,,A,01,0,1,2,0,0,0,0,0,0,"- ","- ",36.561481475830078,-119.64672088623047,FRESNO,UNINCORPORATED,-119.64671325683594,36.561473846435547
92301193,2024,2024-01-30,9435,2024-01-23,"830 ",020019,,2,1,7,1005,0,1,3,,2,410,"STATE ROUTE 41 SOUTHBOUND","BULLARD AVENUE",528.00,N,N,B,-,Y,FRE,,41," ",R,29.610,H,,L,Y,4,0,1,3,A,-,03,22350,,N,C,C,A,B,H,-,A,D,0,,,,,Y,,A,07,0,0,1,0,0,0,0,0,0,"- ","- ",36.825099945068359,-119.78534698486328,FRESNO,FRESNO,-119.78530883789062,36.825099945068359
92301747,2024,2024-01-31,9435,2024-01-24,1410,021119,,3,2,9,1000,0,3,5,,2,015,"JENSEN AVENUE","LASSEN AVENUE",100.00,E,N,A,-,N,,,,,,,,,,Y,4,0,1,3,A,-,08,22107,,M,B,C,A,A,H,-,A,D,0,,,,,Y,,-,99,0,0,1,0,0,0,0,0,0,"- ","- ",36.705650329589844,-120.09625244140625,FRESNO,UNINCORPORATED,-120.096435546875,36.705596923828125
92301830,2024,2024-01-31,9435,2024-01-24,1750,021153,,3,2,9,1000,0,3,5,,2,034,"CENTRAL AVENUE","CLOVIS AVENUE",1426.00,E,N,B,-,N,,,,,,,,,,Y,3,0,2,3,A,-,08,22107,,M,B,C,A,A,H,-,D,D,0,,,,,Y,,A,01,0,2,0,0,0,0,0,0,0,"- ","- ",36.678199768066406,-119.69458770751953,FRESNO,UNINCORPORATED,-119.695068359375,36.678188323974609
92301934,2024,2024-05-14,9435,2024-01-23,1800,020319,,2,2,9,1000,0,3,5,,2,010,"DICKENSON AVE","SHIELDS AVE",1800.00,S,N,A,-,N,,,,,,,,,,Y,4,0,2,2,A,-,08,22107,,N,A,C,A,A,H,-,D,D,0,,,,,Y,,-,"- ",0,0,2,0,0,0,0,0,0,"- ","- ",36.773700714111328,-119.97006988525391,FRESNO,UNINCORPORATED,-119.97002410888672,36.773769378662109
92302096,2024,2024-02-05,9435,2024-01-30,1815,020836,,2,2,7,1005,0,1,3,,2,410,"STATE ROUTE 41 SOUTHBOUND","ASHLAN AVENUE",600.00,S,N,A,-,Y,FRE,,41," ",R,27.093,H,,L,Y,3,0,3,4,A,-,03,22350,,N,C,C,A,A,H,-,D,D,0,,,,,Y,,D,22,0,1,2,0,0,0,0,0,0,"- ","- ",36.788639068603516,-119.78447723388672,FRESNO,FRESNO,-119.78447723388672,36.788639068603516
92302592,2024,2024-02-01,9435,2024-01-23,1345,019926,,2,1,7,1005,0,1,3,,2,106,"SR-99 S/B","CHURCH AVE",528.00,S,N,A,-,Y,FRE,,99," "," ",19.089,H,,L,N,4,0,2,4,A,-,07,21658,A,N,B,C,A,A,H,-,A,D,0,,,,Y,Y,,A,01,0,0,2,0,0,0,0,0,0,"- ","- ",36.712818145751953,-119.78009796142578,FRESNO,FRESNO,-119.78004455566406,36.712852478027344
92302604,2024,2024-02-01,9435,2024-01-31,1938,020122,,3,2,9,1000,0,3,5,,2,015,"LINCOLN AVENUE","CHERRY AVENUE",0.00,,Y,B,-,N,,,,,,,,,,N,4,0,2,2,D,-,00,,,N,D,C,A,A,H,-,D,A,0,,,,,Y,,-,"- ",0,0,2,0,0,0,0,0,0,"- ","- ",36.648780822753906,-119.7818603515625,FRESNO,UNINCORPORATED,-119.78192138671875,36.648773193359375
92302722,2024,2024-02-01,9435,2024-01-22,"125 ",020064,,1,3,7,1005,0,1,3,,1,168,"STATE ROUTE 168 (SR-168) EASTBOUND","GETTYSBURG AVENUE",1300.00,S,N,B,C,Y,FRE,,168," ",R,3.420,H,,R,Y,2,0,1,1,A,-,08,22107,,N,E,I,A,B,H,-,D,D,0,,,,,Y,,D,22,1,0,0,0,0,0,0,0,0,"- ","- ",36.798519134521484,-119.74291229248047,FRESNO,FRESNO,-119.74289703369141,36.798507690429688
92302968,2024,2024-02-01,9435,2024-01-27,1531,021153,,6,2,9,1000,0,3,5,,2,015,"AMERICAN AVENUE","MAPLE AVENUE",0.00,,Y,A,-,N,,,,,,,,,,Y,3,0,1,2,A,-,09,21802,A,N,D,C,A,A,H,-,A,A,0,,,,Y,Y,,A,01,0,1,0,0,0,0,0,0,0,"- ","- ",36.663429260253906,-119.74574279785156,FRESNO,UNINCORPORATED,-119.74571990966797,36.663463592529297
92303175,2023,2024-02-01,9495,2023-12-15,1113,021073,,5,1,9,1000,0,3,5,,2,053,"JAYNE AVENUE","STATE ROUTE 33 (ALPINE AVENUE)",110.00,E,N,A,-,N,,,,,,,,,,Y,1,1,0,3,A,-,03,22350,,N,B,C,A,A,H,-,A,D,0,,,Y,,Y,,C,02,0,0,0,0,0,0,0,1,0,"- ","- ",36.137020111083984,-120.27137756347656,FRESNO,UNINCORPORATED,-120.34339904785156,36.136615753173828
92303815,2024,2024-02-02,9435,2024-01-31,1453,020193,,3,2,9,1000,0,3,5,,2,034,"BETHEL AVENUE","FLORAL AVENUE",300.00,N,N,B,-,N,,,,,,,,,,N,4,0,1,1,A,-,08,22107,,N,E,I,A,A,H,-,A,D,0,,,,,Y,,A,01,0,0,1,0,0,0,0,0,0,"- ","- ",36.576339721679688,-119.57504272460938,FRESNO,UNINCORPORATED,-119.57498931884766,36.576934814453125
92303935,2024,2024-02-02,9435,2024-01-31,1455,020680,,3,2,9,1000,0,3,5,,2,020,"CONEJO AVE","EAST AVE",45.00,E,N,B,-,N,,,,,,,,,,Y,4,0,1,2,A,-,03,22350,,N,C,C,A,A,H,-,A,D,0,,,,Y,Y,,D,22,0,0,1,0,0,0,0,0,0,"- ","- ",36.518360137939453,-119.77290344238281,FRESNO,UNINCORPORATED,-119.57239532470703,36.517898559570312
92304100,2024,2024-02-02,9435,2024-01-29,"640 ",020095,,1,1,9,1000,0,3,5,,2,015,"DICKENSON AVE","KEARNEY BLVD",0.00,,Y,E,-,N,,,,,,,,,,Y,4,0,1,2,A,-,12,22450,A,N,D,C,A,A,H,-,A,A,0,,,,,Y,,D,22,0,0,1,0,0,0,0,0,0,"- ","- ",36.727718353271484,-119.96999359130859,FRESNO,UNINCORPORATED,-119.96996307373047,36.727703094482422
92304115,2024,2024-02-02,9435,2024-02-01,"655 ",020429,,4,1,9,1000,0,3,5,,2,060,"COVE ROAD","AMERICAN AVENUE",0.00,,Y,B,C,N,,,,,,,,,,Y,4,0,1,2,A,-,09,21802,A,N,D,2,A,B,H,-,A,D,0,,,,,Y,,D,22,0,0,1,0,0,0,0,0,0,"- ","- ",36.661239624023438,-119.34961700439453,FRESNO,UNINCORPORATED,-119.34967041015625,36.661201477050781
92305074,2024,2024-02-05,9435,2024-01-26,1635,021299,,5,2,9,1000,0,3,5,,2,015,"CLOVIS AVE",SR-99,180.00,S,N,A,-,N,,,,,,,,,,Y,4,0,2,2,A,-,09,21801,A,N,D,C,A,A,H,-,A,A,0,,,,,Y,,A,08,0,0,2,0,0,0,0,0,0,"- ","- ",36.640018463134766,-119.69994354248047,FRESNO,UNINCORPORATED,-119.70005798339844,36.640548706054688
92305084,2023,2025-02-19,9435,2023-11-04,"24  ",021687,,6,3,7,1005,0,1,3,,1,183,"STATE ROUTE 180 WESTBOUND","BELMONT AVENUE",30.00,N,N,A,-,Y,FRE,,180," ",R,64.371,H,,L,Y,1,1,2,2,A,-,01,23152,A,N,D,2,A,A,H,-,D,D,0,,,,,Y,Y,A,01,0,2,0,0,0,0,0,0,0,"- ","- ",36.750259399414062,-119.67475128173828,FRESNO,FRESNO,-119.67477416992188,36.750236511230469
92305099,2024,2024-02-05,9435,2024-01-25,2010,021086,,4,2,9,1000,0,3,5,,2,025,"DE WOLF AVENUE","TOLLHOUSE ROAD",1200.00,S,N,B,-,N,,,,,,,,,,N,2,0,1,2,A,-,11,21954,A,N,G,B,E,A,H,-,D,D,0,Y,,,,Y,,-,"- ",1,0,0,0,1,0,0,0,0,"- ","- ",36.847949981689453,-119.64797210693359,FRESNO,UNINCORPORATED,-119.64798736572266,36.847957611083984
9230513,2021,2021-03-25,1001,2021-02-03,1943,5465,,3,5,5,1001,0,0,0,,0,007,"N WILLOW AV","SHEPHERD AV",250.00,S,N,A,-,N,,,,,,,,,,N,4,0,1,2,A,-,09,21804,,N,D,G,A,A,H,-,C,D,0,,Y,,,Y,,L,04,0,0,1,0,0,0,1,0,0,"- ","- ",36.866779327392578,-119.72978973388672,FRESNO,CLOVIS,-119.72975921630859,36.865982055664062
9230514,2021,2021-03-25,1001,2021-02-07,1259,5790,,7,5,5,1001,0,0,0,,0,001,"WEST ASHLAN AV","PEACH AV",213.00,E,N,A,-,N,,,,,,,,,,Y,3,0,1,2,A,-,09,21804,,N,D,G,A,A,H,-,A,D,0,,Y,,,Y,,L,04,0,1,0,0,0,0,1,0,0,"- ","- ",36.793998718261719,-119.71817016601562,FRESNO,CLOVIS,-119.71743774414062,36.793960571289062
92305142,2024,2024-02-28,9435,2024-01-27,1500,021119,,6,2,9,1000,0,3,5,,2,020,"KINCAID AVENUE","STARK AVENUE",30.00,N,N,A,-,N,,,,,,,,,,N,4,0,2,3,A,-,21,22106,,N,C,C,A,A,H,-,A,D,0,,,,,Y,,A,01,0,0,2,0,0,0,0,0,0,"- ","- ",36.539211273193359,-119.84063720703125,FRESNO,UNINCORPORATED,-119.84054565429688,36.5390625
9230515,2021,2021-03-25,1001,2021-02-09,0757,5723,,2,5,5,1001,0,0,0,,0,006,"TEMPERANCE AV","SIERRA AV",0.00,,Y,B,-,N,,,,,,,,,,N,4,0,1,2,A,-,08,22107,,N,A,I,A,A,H,-,A,A,0,,,,,Y,,A,01,0,0,1,0,0,0,0,0,0,"- ","- ",36.830158233642578,-119.66393280029297,FRESNO,CLOVIS,-119.66335296630859,36.830188751220703
9230516,2021,2021-03-25,1001,2021-02-09,0753,5605,,2,5,5,1001,0,0,0,,0,007,"NORTH SUNNYSIDE AV","LOS ALTOS AV",0.00,,Y,B,-,N,,,,,,,,,,Y,4,0,1,2,A,-,03,22350,,N,C,C,A,A,H,-,A,D,0,,,,,Y,,A,01,0,0,1,0,0,0,0,0,0,"- ","- ",36.832809448242188,-119.69097137451172,FRESNO,CLOVIS,-119.69097137451172,36.832805633544922
9230517,2021,2021-03-25,1001,2021-02-13,1443,5605,,6,5,5,1001,0,0,0,,0,007,"N WILLOW AV","W NEES AV",832.00,S,N,A,-,N,,,,,,,,,,Y,3,0,2,3,A,-,09,21801,A,N,D,C,A,A,H,-,A,D,0,,,,,Y,,A,01,0,1,1,0,0,0,0,0,0,"- ","- ",36.852088928222656,-119.72972106933594,FRESNO,CLOVIS,-119.72982025146484,36.849826812744141
92305187,2024,2024-02-05,9495,2024-01-27,1540,019424,,6,2,9,1000,0,3,5,,2,051,"ADAMS AVENUE","WASHOE AVENUE",0.00,,Y,A,-,N,,,,,,,,,,Y,4,0,7,2,A,-,09,21802,A,N,D,C,A,A,H,-,A,A,0,,,,,Y,,D,22,0,0,7,0,0,0,0,0,0,"- ","- ",36.63275146484375,-120.46058654785156,FRESNO,UNINCORPORATED,-120.46054077148438,36.632701873779297
92305378,2023,2024-02-05,9435,2023-12-16,2330,022112,,6,3,7,1005,0,1,3,,2,410,"SR-41 S/B TRANSITION TO MCKINLEY AVENUE","MCKINLEY AVE",336.00,N,N,A,-,Y,,,,,,,,,,Y,3,0,1,1,A,-,01,23152,A,N,F,0,A,A,H,-,C,A,0,,,Y,,Y,Y,C,02,0,1,0,0,0,0,0,0,1,"- ","- ",36.766059875488281,-119.77913665771484,FRESNO,FRESNO,-119.77913665771484,36.766059875488281
92305483,2024,2024-02-05,9435,2024-01-29,"845 ",019705,,1,1,7,1005,0,1,3,,1,168,"SR-168 E/B","SHAW AVE",170.00,S,N,A,-,Y,,,,,,,,,,N,4,0,1,2,A,-,03,22350,,N,C,C,A,A,H,-,A,D,0,,,,,Y,,A,01,0,0,1,0,0,0,0,0,0,"- ","- ",36.808010101318359,-119.73214721679688,FRESNO,FRESNO,-119.73370361328125,36.808128356933594
92305661,2024,2024-02-05,9435,2024-01-29,1315,022112,,1,1,9,1000,0,3,5,,2,034,"PEACH AVENUE","CENTRAL AVENUE",0.00,,Y,A,-,N,,,,,,,,,,Y,3,0,1,2,A,-,09,21802,A,N,D,C,A,A,H,-,A,A,0,,,,,Y,,A,01,0,1,0,0,0,0,0,0,0,"- ","- ",36.678131103515625,-119.71794128417969,FRESNO,UNINCORPORATED,-119.71784973144531,36.678115844726562
92305702,2023,2024-02-05,9435,2023-12-17,"330 ",022112,,7,3,7,1005,0,1,3,,2,410,"SR-41 S/B","SR-41 N/B TRANSITION TO SR-99 N/B",0.00,,Y,B,-,Y,FRE,,41," ",R,21.955,H,,L,Y,1,1,0,1,A,-,01,23152,A,N,E,9,A,A,H,-,C,A,0,,,,,Y,Y,A,01,0,0,0,0,0,0,0,0,0,"- ","- ",36.719058990478516,-119.78536224365234,FRESNO,FRESNO,-119.78507995605469,36.719093322753906
92305719,2023,2024-02-05,9435,2023-09-09,"305 ",021594,,6,3,9,1000,0,3,5,,2,034,"MANNING AVENUE","DEL REY AVENUE",2640.00,W,N,A,-,N,,,,,,,,,,Y,1,1,0,1,A,-,01,23152,A,N,E,I,A,A,H,-,D,D,0,,,,,Y,Y,A,01,0,0,0,0,0,0,0,0,0,"- ","- ",36.605331420898438,-119.59987640380859,FRESNO,UNINCORPORATED,-119.60199737548828,36.605178833007812
92305722,2023,2024-02-05,9435,2023-05-31,1855,018746,,3,2,9,1000,0,3,5,,2,025,"HERNDON AVENUE","LANGLEY AVENUE",325.00,W,N,A,-,N,,,,,,,,,,Y,1,1,0,2,A,-,01,23152,A,N,C,G,A,A,H,-,A,D,0,,Y,,,Y,Y,D,22,0,0,0,0,0,1,0,0,0,"- ","- ",36.837429046630859,-119.63475799560547,FRESNO,UNINCORPORATED,-119.63399505615234,36.837894439697266
92305729,2023,2024-04-30,9435,2023-09-05,"310 ",021119,,2,3,7,1005,0,1,3,,1,168,"STATE ROUTE 168 EASTBOUND","DAKOTA AVENUE",632.00,W,N,A,-,Y,FRE,,168," ",R,2.445,H,,R,Y,1,1,1,2,A,-,03,22350,,N,C,C,A,A,H,-,D,D,0,,,,,Y,Y,A,01,1,0,0,0,0,0,0,0,0,"- ","- ",36.785831451416016,-119.74893188476562,FRESNO,FRESNO,-119.74895477294922,36.785831451416016
92305730,2024,2024-02-05,9435,2024-01-29,"810 ",020095,,1,1,7,1005,0,1,3,,1,411,"SR-41 N/B","CENTRAL AVE",150.00,S,N,E,-,Y,FRE,,41," ",R,19.079,H,,R,Y,4,0,2,3,A,-,03,22350,,N,C,C,A,A,H,-,A,A,0,,,,,Y,,A,01,0,0,2,0,0,0,0,0,0,"- ","- ",36.677459716796875,-119.78575897216797,FRESNO,FRESNO,-119.78578948974609,36.677459716796875
92305992,2024,2024-02-05,9435,2024-02-05,"150 ",016507,,1,3,9,1000,0,1,3,,2,184,"STATE ROUTE 180","FRANKOOD AVE",7920.00,E,N,A,-,Y,FRE,,180," "," ",79.451,H,,R,Y,3,0,1,1,A,-,08,22107,,N,E,I,A,B,H,-,D,D,0,,,,,Y,,A,01,0,1,0,0,0,0,0,0,0,"- ","- ",36.714988708496094,-119.42224884033203,FRESNO,UNINCORPORATED,-119.4222412109375,36.71502685546875
92306668,2024,2024-02-06,9435,2024-02-01,1840,020887,,4,2,7,1005,0,1,3,,2,181,"SR-180 W/B","CEDAR AVE",686.00,E,N,B,-,Y,FRE,,180," ",R,60.010,H,,L,Y,4,0,2,3,A,-,08,22107,,M,D,C,A,B,H,-,C,D,0,,,,,Y,,-,99,0,0,2,0,0,0,0,0,0,"- ","- ",36.755168914794922,-119.75187683105469,FRESNO,FRESNO,-119.75187683105469,36.755138397216797
92306693,2024,2024-02-06,9435,2024-02-04,"544 ",015095,,7,3,7,1005,0,1,3,,1,183,"SR-180 W/B","ARMSTRONG AVENUE",700.00,E,N,B,C,Y,FRE,,180," ",R,64.636,H,,L,Y,3,0,1,1,A,-,03,22350,,N,E,I,A,B,H,-,D,D,0,,,,,Y,,A,01,0,1,0,0,0,0,0,0,0,"- ","- ",36.747440338134766,-119.67135620117188,FRESNO,FRESNO,-119.67142486572266,36.747402191162109
92306741,2024,2024-02-06,9435,2024-02-01,"940 ",015751,,4,1,9,1000,0,1,3,,1,412,"SR-41 S/B","MOUNTAIN VIEW AVE",14.00,N,N,B,-,Y,FRE,,41," ",R,10.117,H,,L,Y,4,0,1,2,A,-,03,22350,,N,C,C,A,B,H,-,A,A,0,,,,Y,Y,,G,25,0,0,1,0,0,0,0,0,0,"- ","- ",36.547489166259766,-119.78629302978516,FRESNO,UNINCORPORATED,-119.78631591796875,36.547489166259766
92306766,2024,2024-02-06,9435,2024-01-28,1815,020887,,7,2,7,1005,0,1,3,,2,181,"SR-180 EB FROM CHESTNUT AVE","WILLOW AVE",739.00,W,N,A,-,Y,FRE,,180," ",R,61.251,H,,R,Y,2,0,1,2,A,-,03,22350,,F,D,C,A,A,H,-,D,D,0,,,Y,,Y,,-,99,1,0,0,0,0,0,0,0,1,"- ","- ",36.753471374511719,-119.72994995117188,FRESNO,FRESNO,-119.72993469238281,36.753597259521484
92306795,2024,2024-02-06,9435,2024-02-01,"455 ",021247,,4,3,7,1005,0,1,3,,2,105,"STATE ROUTE 99 SOUTHBOUND","SHAW AVENUE",4171.00,S,N,C,-,Y,FRE,,99," "," ",27.296,H,,L,Y,4,0,1,1,A,-,08,22107,,N,E,I,A,B,H,-,D,D,0,,,,Y,Y,,F,26,0,0,1,0,0,0,0,0,0,"- ","- ",36.800628662109375,-119.87581634521484,FRESNO,FRESNO,-119.87590026855469,36.800556182861328
92306836,2024,2024-02-06,9435,2024-02-02,1035,015095,,5,1,9,1000,0,3,5,,2,030,"CLINTON AVENUE","MAPLE AVENUE",0.00,,Y,A,-,N,,,,,,,,,,Y,3,0,1,2,A,-,12,21453,A,N,D,C,A,A,H,-,A,A,0,,,,,Y,,A,01,0,1,0,0,0,0,0,0,0,"- ","- ",36.772258758544922,-119.74536895751953,FRESNO,UNINCORPORATED,-119.74537658691406,36.772289276123047
92306851,2024,2024-02-06,9435,2024-02-03,"800 ",015095,,6,1,9,1000,0,3,5,,2,025,"ZEDIKER AVENUE","ASHLAN AVENUE",1584.00,N,N,A,-,N,,,,,,,,,,Y,4,0,1,2,A,-,09,21801,A,M,D,C,A,A,H,-,A,D,0,,,,,Y,,D,22,0,0,1,0,0,0,0,0,0,"- ","- ",36.798500061035156,-119.51975250244141,FRESNO,UNINCORPORATED,-119.519775390625,36.797927856445312
92306909,2024,2024-02-06,9495,2024-01-31,1805,021877,,3,2,9,1000,0,1,3,,1,008,"STATE ROUTE 198","STATE ROUTE 33",3168.00,E,N,A,-,Y,FRE,,198," "," ",23.297,H,,R,Y,3,0,1,1,A,-,01,23152,A,N,F,A,A,A,H,-,D,D,0,,,,,Y,Y,A,01,0,1,0,0,0,0,0,0,0,"- ","- ",36.249210357666016,-120.30506134033203,FRESNO,UNINCORPORATED,-120.30509948730469,36.249137878417969
92306959,2024,2024-02-06,9435,2024-02-03,"900 ",015095,,6,1,9,1000,0,3,5,,2,025,"DEL REY AVENUE","HERNDON AVENUE",0.00,,Y,B,-,N,,,,,,,,,,Y,3,0,1,2,A,-,09,21801,A,N,D,C,A,A,H,-,A,A,0,,,,,Y,,D,22,0,1,0,0,0,0,0,0,0,"- ","- ",36.8372802734375,-119.59188079833984,FRESNO,UNINCORPORATED,-119.59185028076172,36.8372802734375
92306995,2024,2024-02-06,9435,2024-02-01,1705,020319,,4,2,7,1005,0,3,5,,2,010,"GRANTLAND AVE","BELMONT AVE",0.00,,Y,C,-,N,,,,,,,,,,N,4,0,1,2,A,-,12,22450,A,N,D,C,A,B,H,-,B,A,0,,,,,Y,,E,22,0,0,1,0,0,0,0,0,0,"- ","- ",36.749851226806641,-119.91618347167969,FRESNO,FRESNO,-119.91619110107422,36.749862670898438
92307020,2024,2024-02-06,9435,2024-01-31,1732,016507,,3,2,9,1000,0,3,5,,2,060,"MANNING AVENUE","HILLS VALLEY ROAD",20.00,W,N,B,-,N,,,,,,,,,,Y,4,0,1,2,A,-,01,23152,A,F,C,C,A,A,H,-,D,A,0,,,,,Y,Y,A,01,0,0,1,0,0,0,0,0,0,"- ","- ",36.602691650390625,-119.30494689941406,FRESNO,UNINCORPORATED,-119.30491638183594,36.602699279785156
92307140,2024,2024-02-06,9435,2024-02-03,1545,020680,,6,2,9,1000,0,3,5,,2,010,"VAN NESS BLVD","SAGINAW WAY",75.00,S,N,B,-,N,,,,,,,,,,Y,4,0,1,1,A,-,08,22107,,N,E,I,A,A,H,-,A,D,0,,,,,Y,,A,01,0,0,1,0,0,0,0,0,0,"- ","- ",36.788280487060547,-119.80419158935547,FRESNO,UNINCORPORATED,-119.8040771484375,36.788295745849609
92307225,2024,2024-02-06,9435,2024-02-02,1705,021153,,5,2,7,1005,0,1,3,,2,181,"STATE ROUTE 180 (WESTBOUND)","FULTON STREET",739.00,E,N,A,-,Y,FRE,,180," ",R,57.511,H,,L,Y,4,0,4,5,A,-,03,22350,,N,C,C,A,B,H,-,A,D,0,,,,,Y,,A,01,0,0,4,0,0,0,0,0,0,"- ","- ",36.750659942626953,-119.79650115966797,FRESNO,FRESNO,-119.79647827148438,36.750633239746094
92307303,2024,2024-02-06,9435,2024-02-02,1530,020205,,5,2,7,1005,0,1,3,,1,168,"SR-168 E/B FROM SHAW AVE","SHAW AVE",909.00,E,N,A,-,Y,FRE,,168," ",R,4.508,H,,R,Y,4,0,2,2,A,-,03,22350,,N,C,C,A,B,H,-,A,A,0,,,,,Y,,A,01,0,0,2,0,0,0,0,0,0,"- ","- ",36.810890197753906,-119.73074340820312,FRESNO,FRESNO,-119.73092651367188,36.811016082763672
92307864,2024,2024-02-07,9435,2024-02-05,"740 ",015890,,1,1,9,1000,0,3,5,,2,040,"NEBRASKA AVE","FOWLER AVE",200.00,E,N,A,-,N,,,,,,,,,,Y,4,0,2,3,A,-,03,22350,,N,C,C,A,B,H,-,A,D,0,,,,,Y,,A,01,0,0,2,0,0,0,0,0,0,"- ","- ",36.561641693115234,-119.68167877197266,FRESNO,UNINCORPORATED,-119.68183135986328,36.561595916748047
92308078,2024,2024-02-07,9435,2024-02-06,1820,020592,,2,2,7,1005,0,1,3,,2,105,"STATE ROUTE 99 (NORTHBOUND)","SHAW AVENUE",1056.00,N,N,A,-,Y,FRE,,99," "," ",28.517,H,,R,Y,4,0,4,2,A,-,07,21658,A,N,B,2,A,A,H,-,D,D,0,,,,,Y,,-,"- ",0,0,4,0,0,0,0,0,0,"- ","- ",36.812271118164062,-119.89227294921875,FRESNO,FRESNO,-119.89222717285156,36.812305450439453