CASE_ID,ACCIDENT_YEAR,PROC_DATE,JURIS,COLLISION_DATE,COLLISION_TIME,OFFICER_ID,REPORTING_DISTRICT,DAY_OF_WEEK,CHP_SHIFT,POPULATION,CNTY_CITY_LOC,SPECIAL_COND,BEAT_TYPE,CHP_BEAT_TYPE,CITY_DIVISION_LAPD,CHP_BEAT_CLASS,BEAT_NUMBER,PRIMARY_RD,SECONDARY_RD,DISTANCE,DIRECTION,INTERSECTION,WEATHER_1,WEATHER_2,STATE_HWY_IND,CALTRANS_COUNTY,CALTRANS_DISTRICT,STATE_ROUTE,ROUTE_SUFFIX,POSTMILE_PREFIX,POSTMILE,LOCATION_TYPE,RAMP_INTERSECTION,SIDE_OF_HWY,TOW_AWAY,COLLISION_SEVERITY,NUMBER_KILLED,NUMBER_INJURED,PARTY_COUNT,PRIMARY_COLL_FACTOR,PCF_CODE_OF_VIOL,PCF_VIOL_CATEGORY,PCF_VIOLATION,PCF_VIOL_SUBSECTION,HIT_AND_RUN,TYPE_OF_COLLISION,MVIW,PED_ACTION,ROAD_SURFACE,ROAD_COND_1,ROAD_COND_2,LIGHTING,CONTROL_DEVICE,CHP_ROAD_TYPE,PEDESTRIAN_ACCIDENT,BICYCLE_ACCIDENT,MOTORCYCLE_ACCIDENT,TRUCK_ACCIDENT,NOT_PRIVATE_PROPERTY,ALCOHOL_INVOLVED,STWD_VEHTYPE_AT_FAULT,CHP_VEHTYPE_AT_FAULT,COUNT_SEVERE_INJ,COUNT_VISIBLE_INJ,COUNT_COMPLAINT_PAIN,COUNT_PED_KILLED,COUNT_PED_INJURED,COUNT_BICYCLIST_KILLED,COUNT_BICYCLIST_INJURED,COUNT_MC_KILLED,COUNT_MC_INJURED,PRIMARY_RAMP,SECONDARY_RAMP,LATITUDE,LONGITUDE,COUNTY,CITY,POINT_X,POINT_Y
92308104,2024,2024-02-07,9435,2024-01-27,1427,020680,,6,2,9,1000,0,1,3,,1,180,"SR-180 E/B","BRAWLEY AVE",2270.00,E,N,B,-,Y,FRE,,180," ",R,54.061,H,,R,Y,4,0,1,3,C,-,18,,,N,D,C,A,A,H,-,A,D,0,,,,Y,Y,,-,"- ",0,0,1,0,0,0,0,0,0,"- ","- ",36.737518310546875,-119.85492706298828,FRESNO,UNINCORPORATED,-119.85491943359375,36.737495422363281
9230905,2020,2021-03-09,1008,2020-10-05,1420,J264,,1,5,2,1008,0,0,0,,0,,"LINDQUIST ST","RAFER JOHNSON DR",193.00,W,N,A,-,N,,,,,,,,,,N,4,0,1,2,A,-,21,22106,,M,D,C,A,A,H,-,A,D,0,,,,,Y,,A,01,0,0,1,0,0,0,0,0,0,"- ","- ",36.517539978027344,-119.67359161376953,FRESNO,KINGSBURG,-119.56665802001953,36.513908386230469
92309377,2024,2024-02-08,9435,2024-02-04,1115,021555,,7,1,9,1000,0,3,5,,2,050,"HUNTINGTON LAKE ROAD","SPRUCE AVE",2640.00,W,N,C,-,N,,,,,,,,,,Y,3,0,1,1,A,-,08,22107,,N,E,8,A,B,H,-,A,D,0,,,,,Y,,D,22,0,1,0,0,0,0,0,0,0,"- ","- ",37.204158782958984,-119.23741912841797,FRESNO,UNINCORPORATED,,
92310285,2024,2024-02-09,9435,2024-02-09,"845 ",015095,,5,1,7,1005,0,1,3,,1,168,"SR-168 E/B (TO MCKINLEY AVE)","MCKINLEY AVENUE",450.00,N,N,A,-,Y,,,,,,,,,,Y,3,0,2,1,A,-,03,22350,,N,E,I,A,A,H,-,A,D,0,,,,,Y,,A,01,0,2,0,0,0,0,0,0,0,"- ","- ",36.766368865966797,-119.74854278564453,FRESNO,FRESNO,-119.74919128417969,36.766365051269531
92310323,2024,2024-02-09,9435,2024-02-07,1859,020205,,3,2,7,1005,0,1,3,,1,168,"SR-168 E/B","SHAW AVE",1584.00,W,N,B,-,Y,FRE,,168," ",R,3.962,H,,R,N,4,0,1,2,D,-,00,,,N,C,C,A,B,H,-,D,D,0,,,,,Y,,-,"- ",0,0,1,0,0,0,0,0,0,"- ","- ",36.804668426513672,-119.73674011230469,FRESNO,FRESNO,-119.73680114746094,36.804706573486328
92310378,2023,2024-02-09,9435,2023-09-15,2215,019523,,5,3,9,1000,0,1,3,,1,430,"STATE ROUTE 43","DAVIS AVENUE",1320.00,N,N,A,-,Y,FRE,,43," "," ",2.566,H,,R,Y,1,2,3,2,A,-,05,21460,C,N,A,C,A,A,H,-,D,D,0,,,,,Y,Y,A,01,1,2,0,0,0,0,0,0,0,"- ","- ",36.479049682617188,-119.63481140136719,FRESNO,UNINCORPORATED,-119.63484191894531,36.47906494140625
92310395,2024,2024-03-08,9435,2024-01-30,1133,020095,,2,1,7,1005,0,1,3,,1,430,SR-43,"CLARKSON AVE",0.00,,Y,A,-,Y,FRE,,43," "," ",4.342,H,,R,Y,4,0,2,2,A,-,05,21752,D,N,B,C,A,A,H,-,A,D,0,,,,,Y,,D,22,0,0,2,0,0,0,0,0,0,"- ","- ",36.503669738769531,-119.62908172607422,FRESNO,FRESNO,-119.62907409667969,36.503669738769531
92310425,2024,2024-02-09,9435,2024-02-08,1640,020122,,4,2,9,1000,0,3,5,,2,040,"MTN VIEW AVENUE","MCCALL AVENUE",0.00,,Y,B,-,N,,,,,,,,,,Y,4,0,1,1,A,-,08,22107,,N,E,I,A,A,H,-,A,A,0,,,,,Y,,D,22,0,0,1,0,0,0,0,0,0,"- ","- ",36.546951293945312,-119.61097717285156,FRESNO,UNINCORPORATED,-119.61089324951172,36.547019958496094
92311823,2024,2024-02-12,9435,2024-02-05,1050,019705,,1,1,7,1005,0,1,3,,2,181,"SR-180 W/B TO SR-41 N/B","SR-41 N/B",200.00,E,N,A,-,Y,,,,,,,,,,Y,3,0,2,1,A,-,08,22107,,N,E,I,A,A,H,-,A,D,0,,,,,Y,,A,01,0,1,1,0,0,0,0,0,0,"- ","- ",36.756351470947266,-119.77469635009766,FRESNO,FRESNO,-119.77469635009766,36.756351470947266
92312580,2024,2024-02-13,9435,2024-02-03,1200,019603,,6,1,7,1005,0,1,3,,2,410,"STATE ROUTE 41 NORTHBOUND","GETTYSBURG AVENUE",169.00,S,N,A,-,Y,FRE,,41," ",R,27.935,H,,R,N,4,0,1,2,A,-,03,22350,,N,E,I,A,A,D,-,A,D,0,,,,,Y,,A,08,0,0,1,0,0,0,0,0,0,"- ","- ",36.800800323486328,-119.78510284423828,FRESNO,FRESNO,-119.78517150878906,36.800800323486328
92312676,2024,2024-02-13,9435,2024-02-03,2250,021315,,6,3,9,1000,0,3,5,,2,034,"NORTH AVENUE","TEMPERANCE AVENUE",675.00,E,N,B,C,N,,,,,,,,,,Y,3,0,1,1,A,-,01,23152,A,N,E,I,A,B,H,-,D,D,0,,,,,Y,Y,A,07,0,1,0,0,0,0,0,0,0,"- ","- ",36.692890167236328,-119.66158294677734,FRESNO,UNINCORPORATED,-119.66166687011719,36.692798614501953
92312803,2024,2024-02-13,9435,2024-02-07,"630 ",018746,,3,1,9,1000,0,1,3,,1,180,SR-180,"FLOYD AVENUE",970.00,W,N,B,-,Y,FRE,,180," "," ",45.957,H,,R,Y,3,0,1,1,A,-,08,22107,,M,E,I,A,B,H,-,A,D,0,,,,,Y,,A,01,0,1,0,0,0,0,0,0,0,"- ","- ",36.734821319580078,-120.00042724609375,FRESNO,UNINCORPORATED,-120.00042724609375,36.734962463378906
92312817,2024,2024-02-13,9435,2024-02-12,2230,021703,,1,3,9,1000,0,3,5,,2,034,"GREENWOOD AVE","AMERICAN AVE",2640.00,N,N,A,-,N,,,,,,,,,,N,4,0,1,1,A,-,03,22350,,N,E,I,A,B,H,-,D,D,0,,,,,Y,Y,A,01,0,0,1,0,0,0,0,0,0,"- ","- ",36.669849395751953,-119.5655517578125,FRESNO,UNINCORPORATED,-119.56544494628906,36.670436859130859
92312957,2024,2024-02-13,9435,2024-02-08,"545 ",017310,,4,3,7,1005,0,1,3,,2,410,"SR-41 S/B FROM FRIANT RD W/B","FRIANT RD",15.00,N,N,A,-,Y,,,,,,,,,,Y,4,0,1,1,A,-,08,22107,,N,E,8,A,B,H,-,C,D,0,,,,,Y,,A,01,0,0,1,0,0,0,0,0,0,"- ","- ",36.854358673095703,-119.78986358642578,FRESNO,FRESNO,-119.78986358642578,36.854358673095703
92312995,2024,2024-02-13,9435,2024-02-09,1738,021153,,5,2,7,1005,0,1,3,,2,105,"STATE ROUTE 99 (NORTHBOUND)","BELMONT AVENUE",1901.00,S,N,A,-,Y,FRE,,99," "," ",22.361,H,,R,Y,4,0,1,2,A,-,03,22350,,N,C,C,A,A,H,-,B,D,0,,,,,Y,,A,07,0,0,1,0,0,0,0,0,0,"- ","- ",36.745761871337891,-119.82113647460938,FRESNO,FRESNO,-119.82113647460938,36.745761871337891
92313138,2024,2024-02-13,9495,2024-02-06,1021,021186,,2,1,9,1000,0,1,1,,2,003,"INTERSTATE 5 SOUTHBOUND","EL DORADO AVENUE",100.00,N,N,B,-,Y,FRE,,5," "," ",10.913,H,,L,Y,4,0,3,2,A,-,08,22107,,N,B,C,A,A,H,-,A,D,0,,,,Y,Y,,A,07,0,0,3,0,0,0,0,0,0,"- ","- ",36.202980041503906,-120.21186065673828,FRESNO,UNINCORPORATED,-120.21186065673828,36.202980041503906
9231368,2020,2021-03-09,1011,2020-12-29,1928,K036,,2,5,3,1011,0,0,0,,0,,"MANNING AVE","MENDOCINO AVE",68.00,E,N,A,-,N,,,,,,,,,,Y,3,0,1,2,A,-,01,23152,B,N,B,C,A,A,H,-,C,A,0,,,,,Y,Y,A,01,0,1,0,0,0,0,0,0,0,"- ","- ",36.603939056396484,-119.54441833496094,FRESNO,PARLIER,-119.54759216308594,36.604988098144531
92313799,2024,2024-02-14,9435,2024-02-03,1815,020680,,6,2,7,1005,0,1,3,,2,105,"SR-99 N/B TO SR-180 E/B","G ST",30.00,E,N,B,-,Y,FRE,,180," ",R,56.708,H,,R,Y,4,0,2,3,A,-,05,21651,A,N,C,E,A,A,H,-,D,D,0,,,,,Y,,A,01,0,0,2,0,0,0,0,0,0,"- ","- ",36.744041442871094,-119.80844116210938,FRESNO,FRESNO,-119.80850219726562,36.744110107421875
92313875,2024,2024-02-14,9495,2024-02-09,"913 ",019789,,5,1,9,1000,0,1,3,,1,014,"STATE ROUTE 269 (LASSEN AVENUE","TRACTOR AVENUE",43.00,N,N,A,-,Y,FRE,,269," "," ",6.658,H,,R,Y,3,0,5,2,A,-,05,21650,,N,A,C,A,A,H,-,A,D,0,,,,,Y,,A,01,0,1,4,0,0,0,0,0,0,"- ","- ",36.167121887207031,-120.10308837890625,FRESNO,UNINCORPORATED,-120.10312652587891,36.167118072509766
92313903,2024,2024-02-14,9435,2024-02-12,1115,015890,,1,1,9,1000,0,3,5,,2,040,"FOWLER AVE","FLORAL AVE",1433.00,S,N,A,-,N,,,,,,,,,,Y,4,0,1,3,A,-,03,22350,,N,C,C,A,A,H,-,A,D,0,,,,,Y,,D,22,0,0,1,0,0,0,0,0,0,"- ","- ",36.572418212890625,-119.68251037597656,FRESNO,UNINCORPORATED,-119.68260192871094,36.572460174560547
92313906,2024,2024-02-14,9435,2024-02-03,"845 ",017310,,6,1,9,1000,0,3,5,,2,025,"FRIANT RD","WILLOW AVE",385.00,N,N,A,-,N,,,,,,,,,,N,3,0,1,2,A,-,07,21658,A,N,C,G,A,A,H,-,A,D,0,,Y,,,Y,,L,04,0,1,0,0,0,0,1,0,0,"- ","- ",36.922199249267578,-119.73323822021484,FRESNO,UNINCORPORATED,-119.73331451416016,36.922111511230469
92313940,2024,2024-02-14,9435,2024-02-07,1835,020540,,3,2,9,1000,0,3,5,,2,060,"ALTA AVENUE","SOUTH AVENUE",0.00,,Y,B,C,N,,,,,,,,,,Y,3,0,1,2,A,-,09,21802,A,N,D,C,A,B,H,-,D,A,0,,,,Y,Y,,-,"- ",0,1,0,0,0,0,0,0,0,"- ","- ",36.618450164794922,-119.39515686035156,FRESNO,UNINCORPORATED,-119.39481353759766,36.618427276611328
92313942,2024,2024-04-10,9435,2024-02-03,1835,021930,,6,2,9,1000,0,3,5,,2,034,"BETHEL AVE","ADAMS AVE",2665.00,S,N,A,-,N,,,,,,,,,,Y,2,0,1,2,A,-,09,21804,A,N,D,C,A,A,H,-,D,D,0,,,,Y,Y,,G,25,1,0,0,0,0,0,0,0,0,"- ","- ",36.626850128173828,-119.57479095458984,FRESNO,UNINCORPORATED,-119.57477569580078,36.626865386962891
92313980,2024,2024-02-14,9435,2024-02-08,1810,020122,,4,2,9,1000,0,1,3,,2,107,"SOUTHBOUND STATE ROUTE 99","FLORAL AVENUE",3221.00,N,N,B,-,Y,FRE,,99," "," ",7.159,H,,R,Y,4,0,1,2,A,-,08,22107,,N,E,J,A,A,H,-,D,D,0,,,,,Y,,D,22,0,0,1,0,0,0,0,0,0,"- ","- ",36.583438873291016,-119.63732147216797,FRESNO,UNINCORPORATED,-119.63715362548828,36.58355712890625
92314019,2024,2024-02-14,9435,2024-02-07,2035,020592,,3,2,9,1000,0,3,5,,2,010,"BRAWLEY AVENUE","BELMONT AVENUE",313.00,N,N,A,-,N,,,,,,,,,,Y,4,0,1,2,A,-,09,21801,A,N,D,C,A,B,H,-,D,D,0,,,,,Y,,A,08,0,0,1,0,0,0,0,0,0,"- ","- ",36.750911712646484,-119.86209869384766,FRESNO,UNINCORPORATED,-119.86203765869141,36.750858306884766
92314033,2024,2024-03-28,9435,2024-02-09,"734 ",015095,,5,1,7,1005,0,1,3,,2,182,"SR-180 W/B","WILLOW AVENUE",250.00,E,N,A,-,Y,FRE,,180," ",R,61.451,H,,L,Y,3,0,2,4,A,-,07,21658,A,N,B,C,A,A,H,-,A,D,0,,,,,Y,,A,07,0,2,0,0,0,0,0,0,0,"- ","- ",36.753738403320312,-119.72634124755859,FRESNO,FRESNO,-119.72634124755859,36.753704071044922
92314074,2024,2024-02-14,9435,2024-02-09,1605,021119,,5,2,9,1000,0,3,5,,2,010,"BISHOP AVENUE","MCKINLEY AVENUE",0.00,,Y,A,-,N,,,,,,,,,,Y,4,0,1,2,A,-,12,22450,A,N,D,C,A,A,H,-,A,A,0,,,,,Y,,A,01,0,0,1,0,0,0,0,0,0,"- ","- ",36.764129638671875,-120.00624847412109,FRESNO,UNINCORPORATED,-120.00624084472656,36.76409912109375
92314095,2024,2024-03-04,9435,2024-02-02,1804,021153,,5,2,7,1005,1,1,3,,2,105,"SR-99 S/B TO SR-180 E/B",SR-99,2059.00,E,N,A,-,Y,FRE,,180," ",R,56.732,H,,R,Y,4,0,2,3,A,-,08,22107,,N,B,C,A,B,H,-,D,D,0,,,,,Y,,A,01,0,0,2,0,0,0,0,0,0,"- ","- ",36.744220733642578,-119.80812072753906,FRESNO,FRESNO,-119.80817413330078,36.744285583496094
92314112,2024,2024-02-14,9435,2024-02-10,1740,020836,,6,2,9,1000,0,3,5,,2,010,"SHAW AVENUE","DOWER AVENUE",70.00,W,N,A,-,N,,,,,,,,,,Y,3,0,1,1,A,-,03,22350,,N,F,A,A,A,H,-,B,D,0,,,Y,,Y,,C,02,0,1,0,0,0,0,0,0,1,"- ","- ",36.80780029296875,-119.97991180419922,FRESNO,UNINCORPORATED,-119.97957611083984,36.8077392578125
92314234,2023,2024-02-14,9495,2023-12-28,2500,021473,,4,4,9,1000,0,1,1,,2,001,"INTERSTATE 5 NORTHBOUND","PANOCHE AVENUE",10.00,S,N,G,-,Y,FRE,,5," "," ",48.987,H,,R,N,4,0,2,2,A,-,07,21658,,N,B,C,A,A,H,-,D,D,0,,,,Y,Y,,-,"- ",0,0,2,0,0,0,0,0,0,"- ","- ",36.639480590820312,-120.62258148193359,FRESNO,UNINCORPORATED,-120.62257385253906,36.639484405517578
92314831,2024,2024-02-15,9435,2024-02-08,"25  ",021247,,4,3,7,1005,0,3,5,,2,025,"WILLOW AVENUE","NEES AVENUE",770.00,S,N,A,-,N,,,,,,,,,,Y,3,0,1,1,A,-,01,23152,A,M,E,I,A,A,H,-,C,D,0,,,,,Y,Y,A,01,0,1,0,0,0,0,0,0,0,"- ","- ",36.849918365478516,-119.72979736328125,FRESNO,FRESNO,-119.72982025146484,36.849994659423828
92315031,2024,2024-02-15,9435,2024-02-10,"120 ",021982,,6,3,7,1005,0,1,3,,2,105,"SR-99 N/B FROM FRESNO ST. ON-RAMP","FRESNO ST",465.00,N,N,A,-,Y,FRE,,99," "," ",20.830,H,,R,N,3,0,1,1,A,-,01,23153,A,N,E,I,A,A,H,-,C,D,0,,,,,Y,Y,A,01,0,1,0,0,0,0,0,0,0,"- ","- ",36.732250213623047,-119.800048828125,FRESNO,FRESNO,-119.80023956298828,36.73211669921875
92315049,2024,2024-02-15,9435,2024-02-09,1412,021135,,5,2,7,1005,0,1,3,,1,411,"STATE ROUTE 41","AMERICAN AVE",20.00,S,N,A,-,Y,FRE,,41," ",R,18.089,H,,R,N,4,0,1,2,A,-,03,22350,,M,C,C,A,A,H,-,A,A,0,,,,,Y,,-,"- ",0,0,1,0,0,0,0,0,0,"- ","- ",36.663120269775391,-119.78579711914062,FRESNO,FRESNO,-119.78582000732422,36.663120269775391
92315346,2024,2024-02-15,9435,2024-02-04,1455,021930,,7,2,9,1000,0,3,5,,2,025,"MILLERTON RD","VIA MIRA BELLA",875.00,W,N,B,C,N,,,,,,,,,,Y,3,0,3,2,A,-,03,22350,,N,D,C,A,B,H,-,A,D,0,,,,,Y,,D,22,0,3,0,0,0,0,0,0,0,"- ","- ",36.990230560302734,-119.69409942626953,FRESNO,UNINCORPORATED,,
92315879,2024,2024-02-16,9435,2024-02-10,1650,016507,,6,2,9,1000,0,3,5,,2,060,"ENGLEHART AVE","AMERICAN AVE",0.00,,Y,A,-,N,,,,,,,,,,Y,4,0,2,2,A,-,12,22450,A,N,D,C,A,A,H,-,A,A,0,,,,,Y,,D,22,0,0,2,0,0,0,0,0,0,"- ","- ",36.662010192871094,-119.41261291503906,FRESNO,UNINCORPORATED,-119.41265106201172,36.662029266357422
92315916,2024,2024-02-16,9435,2024-02-11,"0   ",019523,,7,3,9,1000,0,3,5,,2,020,"MARKS AVENUE","HENDERSON ROAD",165.00,N,N,A,-,N,,,,,,,,,,Y,4,0,1,1,A,-,01,23152,A,N,E,I,A,A,H,-,D,D,0,,,,,Y,Y,A,01,0,0,1,0,0,0,0,0,0,"- ","- ",36.554080963134766,-119.84516143798828,FRESNO,UNINCORPORATED,-119.84511566162109,36.553401947021484
92316082,2024,2024-02-16,9435,2024-02-14,1205,018746,,3,1,9,1000,0,3,5,,2,010,"BLYTHE AVENUE","DAKOTA AVENUE",693.00,S,N,A,-,N,,,,,,,,,,Y,4,0,1,2,A,-,09,21801,A,N,A,C,A,A,H,-,A,D,0,,,,,Y,,A,01,0,0,1,0,0,0,0,0,0,"- ","- ",36.784450531005859,-119.87135314941406,FRESNO,UNINCORPORATED,-119.87132263183594,36.784458160400391
92316283,2024,2024-02-16,9435,2024-02-13,1605,020836,,2,2,7,1005,0,1,3,,2,181,"STATE ROUTE 180 EASTBOUND","FIRST STREET",380.00,E,N,A,-,Y,FRE,,180," ",R,59.120,H,,R,Y,4,0,1,2,A,-,03,22350,,N,C,C,A,A,H,-,A,D,0,,,,,Y,,A,01,0,0,1,0,0,0,0,0,0,"- ","- ",36.754829406738281,-119.76814270019531,FRESNO,FRESNO,-119.76814270019531,36.754856109619141
92316339,2024,2024-02-16,9435,2024-02-14,1337,015751,,3,1,7,1005,0,1,3,,1,168,"SR-168 E/B","DAKOTA AVE",350.00,E,N,A,-,Y,FRE,,168," ",R,2.591,H,,R,N,3,0,1,2,A,-,03,22350,,N,B,C,A,A,H,-,A,D,0,,,,,Y,,A,01,0,1,0,0,0,0,0,0,0,"- ","- ",36.787929534912109,-119.74891662597656,FRESNO,FRESNO,-119.74892425537109,36.787929534912109
92317153,2024,2024-02-19,9435,2024-02-09,1355,020062,,5,1,9,1000,0,3,5,,2,034,"SOUTH AVENUE","ACADEMY AVENUE",0.00,,Y,A,-,N,,,,,,,,,,Y,4,0,3,2,A,-,09,21802,A,N,D,C,A,A,H,-,A,A,0,,,,,Y,,A,01,0,0,3,0,0,0,0,0,0,"- ","- ",36.619590759277344,-119.55689239501953,FRESNO,UNINCORPORATED,-119.55686950683594,36.619586944580078
92317347,2024,2024-02-19,9461,2024-02-08,"300 ",021940,,4,3,9,1000,0,3,5,,2,060,"BRANNON AVE.",SR-33,30.00,S,N,A,-,Y,FRE,,33," ",R,79.914,H,,R,Y,3,0,1,1,A,-,12,22450,A,N,F,A,A,D,H,-,D,A,0,,,,,Y,,A,01,0,1,0,0,0,0,0,0,0,"- ","- ",36.936328887939453,-120.60031890869141,FRESNO,UNINCORPORATED,-120.60027313232422,36.936386108398438
92317828,2024,2024-02-20,9495,2024-02-12,1205,021186,,1,1,9,1000,0,1,1,,2,001,"STATE ROUTE 269 (LASSEN AVENUE)","JAYNE AVENUE",0.00,,Y,A,-,Y,FRE,,269," "," ",4.651,H,,R,N,4,0,1,2,A,-,09,21800,A,N,D,C,A,A,H,-,A,D,0,,,,,Y,,-,"- ",0,0,1,0,0,0,0,0,0,"- ","- ",36.13800048828125,-120.10281372070312,FRESNO,UNINCORPORATED,-120.102783203125,36.13800048828125
92317856,2024,2024-02-20,9435,2024-02-09,1506,021290,,5,2,9,1000,0,3,5,,2,034,"DEWOLF AVE","MANNING AVE",0.00,,Y,A,-,N,,,,,,,,,,Y,3,0,2,2,A,-,09,21802,A,N,D,C,A,A,H,-,A,A,0,,,,,Y,,A,01,0,1,1,0,0,0,0,0,0,"- ","- ",36.605381011962891,-119.64656066894531,FRESNO,UNINCORPORATED,-119.64653015136719,36.605365753173828
92317881,2024,2024-02-20,9435,2024-02-10,"333 ",015095,,6,3,9,1000,0,3,5,,2,025,"HERNDON AVENUE","BLACKHAWK LANE",310.00,E,N,A,-,N,,,,,,,,,,Y,4,0,1,1,A,-,08,22107,,M,E,I,A,A,H,-,D,D,0,,,,,Y,,A,01,0,0,1,0,0,0,0,0,0,"- ","- ",36.8372802734375,-119.60340118408203,FRESNO,UNINCORPORATED,-119.60340881347656,36.837326049804688
92317979,2024,2024-02-20,9495,2024-02-13,1555,021186,,2,2,9,1000,0,1,3,,1,008,"STATE ROUTE 198 (FRESNO COALINGA  ROAD)","PALMER AVENUE",2640.00,E,N,A,-,Y,FRE,,33," "," ",22.316,H,,R,Y,4,0,3,2,A,-,03,22350,,N,C,C,A,A,H,-,A,D,0,,,,,Y,,A,01,0,0,3,0,0,0,0,0,0,"- ","- ",36.217491149902344,-120.31098175048828,FRESNO,UNINCORPORATED,-120.31098937988281,36.217491149902344
92318001,2024,2024-02-20,9435,2024-02-12,"530 ",019926,,1,3,9,1000,0,3,5,,2,034,"MCCALL AVE","MANNING AVE",0.00,,Y,A,-,N,,,,,,,,,,N,4,0,1,2,A,-,12,21453,A,N,D,C,A,A,H,-,C,A,0,,,,,Y,,D,22,0,0,1,0,0,0,0,0,0,"- ","- ",36.605381011962891,-119.61067962646484,FRESNO,UNINCORPORATED,-119.61071014404297,36.605232238769531
92318066,2024,2024-02-20,9435,2024-02-12,1535,020836,,1,2,7,1005,0,1,3,,2,181,"SR-180 W/B TO SR-99 N/B","STATE ROUTE 99",160.00,E,N,A,-,Y,FRE,,180," ",R,56.406,H,,L,Y,4,0,2,3,A,-,03,22350,,M,C,C,A,A,H,-,A,D,0,,,,,Y,,A,01,0,0,2,0,0,0,0,0,0,"- ","- ",36.741989135742188,-119.8134765625,FRESNO,FRESNO,-119.81334686279297,36.741828918457031
92318195,2024,2024-02-20,9435,2024-02-13,1600,020592,,2,2,7,1005,0,1,S,,2,841,"STATE ROUTE 180 (WESTBOUND)","FULTON STREET",20.00,E,N,A,-,Y,FRE,,180," ",R,57.258,H,,L,N,4,0,1,2,A,-,03,22350,,N,C,C,A,A,H,-,A,D,0,,,,,Y,,A,01,0,0,1,0,0,0,0,0,0,"- ","- ",36.748771667480469,-119.80042266845703,FRESNO,FRESNO,-119.80039215087891,36.748733520507812
92318235,2024,2024-02-20,9435,2024-02-13,1620,020592,,2,2,7,1005,0,1,3,,2,105,"STATE ROUTE 99 (NORTHBOUND)","STATE ROUTE 180",115.00,S,N,A,-,Y,FRE,,99," "," ",21.836,H,,R,N,4,0,1,2,A,-,07,21658,A,N,B,C,A,A,H,-,A,D,0,,,,,Y,,D,22,0,0,1,0,0,0,0,0,0,"- ","- ",36.740840911865234,-119.81430816650391,FRESNO,FRESNO,-119.81430816650391,36.740840911865234
92318279,2024,2024-02-20,9435,2024-02-17,"518 ",021386,,6,3,9,1000,0,3,5,,2,034,"CENTRAL AVENUE","GOLDEN STATE BOULEVARD",130.00,W,N,B,-,N,,,,,,,,,,Y,3,0,1,1,A,-,08,22107,,N,E,I,A,A,H,-,D,D,0,,,,,Y,,A,01,0,1,0,0,0,0,0,0,0,"- ","- ",36.677848815917969,-119.73503875732422,FRESNO,UNINCORPORATED,-119.7349853515625,36.677940368652344
92318281,2024,2024-02-20,9435,2024-02-17,2202,021555,,6,3,9,1000,0,1,3,,1,169,"STATE ROUTE 168","GOOSEBERRY LN",5280.00,W,N,C,-,Y,FRE,,168," ",T,27.643,H,,R,Y,3,0,2,1,A,-,03,22350,,N,E,I,A,B,H,-,D,D,0,,,,,Y,,D,22,0,1,1,0,0,0,0,0,0,"- ","- ",37.008899688720703,-119.52889251708984,FRESNO,UNINCORPORATED,-119.52880859375,37.008892059326172
92318287,2024,2024-02-20,9435,2024-02-14,2500,021386,,3,4,9,1000,0,3,5,,2,020,"CORNELIA AVENUE","DAVIS AVENUE",1108.00,N,N,A,-,N,,,,,,,,,,Y,2,0,1,1,A,-,08,22107,,N,F,A,A,A,H,-,D,D,0,,,,,Y,,A,07,1,0,0,0,0,0,0,0,0,"- ","- ",36.477249145507812,-119.88730621337891,FRESNO,UNINCORPORATED,-119.88726043701172,36.477485656738281
92318363,2024,2024-02-20,9435,2024-02-14,1400,020592,,3,2,9,1000,0,3,5,,2,010,"MONROE AVENUE","MCKINLEY AVENUE",0.00,,Y,A,-,N,,,,,,,,,,Y,3,0,1,2,A,-,12,22450,A,N,D,C,A,A,H,-,A,A,0,,,,Y,Y,,F,27,0,1,0,0,0,0,0,0,0,"- ","- ",36.764209747314453,-119.94309997558594,FRESNO,UNINCORPORATED,-119.94313812255859,36.764179229736328
92318493,2024,2024-02-20,9435,2024-02-16,1545,020205,,5,2,9,1000,0,3,5,,2,025,"SHAW AVE","ACADEMY AVE",1238.00,E,N,A,-,N,,,,,,,,,,Y,3,0,1,3,A,-,08,22107,,N,E,8,A,A,H,-,A,D,0,,,,,Y,,-,"- ",0,1,0,0,0,0,0,0,0,"- ","- ",36.808311462402344,-119.55140686035156,FRESNO,UNINCORPORATED,-119.55178833007812,36.808101654052734
92318627,2024,2024-07-19,9435,2024-02-12,2245,022112,,1,3,7,1005,0,3,5,,2,030,"S. NEWMARK AVENUE","AMERICAN AVE",3960.00,N,N,B,-,N,,,,,,,,,,N,3,0,1,1,A,-,03,22350,,N,E,I,A,A,H,-,C,D,0,,,,,Y,,A,01,0,1,0,0,0,0,0,0,0,"- ","- ",36.667068481445312,-119.54782104492188,FRESNO,FRESNO,-119.54730224609375,36.673809051513672