CASE_ID,ACCIDENT_YEAR,PROC_DATE,JURIS,COLLISION_DATE,COLLISION_TIME,OFFICER_ID,REPORTING_DISTRICT,DAY_OF_WEEK,CHP_SHIFT,POPULATION,CNTY_CITY_LOC,SPECIAL_COND,BEAT_TYPE,CHP_BEAT_TYPE,CITY_DIVISION_LAPD,CHP_BEAT_CLASS,BEAT_NUMBER,PRIMARY_RD,SECONDARY_RD,DISTANCE,DIRECTION,INTERSECTION,WEATHER_1,WEATHER_2,STATE_HWY_IND,CALTRANS_COUNTY,CALTRANS_DISTRICT,STATE_ROUTE,ROUTE_SUFFIX,POSTMILE_PREFIX,POSTMILE,LOCATION_TYPE,RAMP_INTERSECTION,SIDE_OF_HWY,TOW_AWAY,COLLISION_SEVERITY,NUMBER_KILLED,NUMBER_INJURED,PARTY_COUNT,PRIMARY_COLL_FACTOR,PCF_CODE_OF_VIOL,PCF_VIOL_CATEGORY,PCF_VIOLATION,PCF_VIOL_SUBSECTION,HIT_AND_RUN,TYPE_OF_COLLISION,MVIW,PED_ACTION,ROAD_SURFACE,ROAD_COND_1,ROAD_COND_2,LIGHTING,CONTROL_DEVICE,CHP_ROAD_TYPE,PEDESTRIAN_ACCIDENT,BICYCLE_ACCIDENT,MOTORCYCLE_ACCIDENT,TRUCK_ACCIDENT,NOT_PRIVATE_PROPERTY,ALCOHOL_INVOLVED,STWD_VEHTYPE_AT_FAULT,CHP_VEHTYPE_AT_FAULT,COUNT_SEVERE_INJ,COUNT_VISIBLE_INJ,COUNT_COMPLAINT_PAIN,COUNT_PED_KILLED,COUNT_PED_INJURED,COUNT_BICYCLIST_KILLED,COUNT_BICYCLIST_INJURED,COUNT_MC_KILLED,COUNT_MC_INJURED,PRIMARY_RAMP,SECONDARY_RAMP,LATITUDE,LONGITUDE,COUNTY,CITY,POINT_X,POINT_Y
92329816,2024,2024-03-05,9435,2024-02-28,"835 ",017310,,3,1,7,1005,0,1,3,,2,410,"RT 41","SIERRA AVE",400.00,S,N,A,-,Y,FRE,,41," ",R,29.877,H,,R,N,3,0,1,2,A,-,03,22350,,N,C,C,A,A,H,-,A,D,0,,,,,Y,,D,22,0,1,0,0,0,0,0,0,0,"- ","- ",36.8289794921875,-119.78486633300781,FRESNO,FRESNO,-119.78493499755859,36.8289794921875
92329831,2024,2024-03-05,9435,2024-02-28,1725,021148,,3,2,9,1000,0,3,5,,2,034,"ACADEMY AVE","CENTRAL AVE",0.00,,Y,A,-,N,,,,,,,,,,Y,2,0,2,3,A,-,12,22450,A,N,B,C,A,A,H,-,B,A,0,,,,,Y,,A,01,1,1,0,0,0,0,0,0,0,"- ","- ",36.677719116210938,-119.55660247802734,FRESNO,UNINCORPORATED,-119.55654907226562,36.677753448486328
92329943,2024,2024-03-05,9435,2024-03-01,1350,015106,,5,1,9,1000,0,3,5,,2,025,"MILLERTON ROAD","FRIANT KERN CANAL",792.00,E,N,B,C,N,,,,,,,,,,N,3,0,1,1,A,-,03,22350,,N,F,A,A,B,H,-,A,D,0,,,,,Y,,A,07,0,1,0,0,0,0,0,0,0,"- ","- ",36.993141174316406,-119.70094299316406,FRESNO,UNINCORPORATED,-119.70886993408203,36.993141174316406
92330294,2024,2024-03-05,9435,2024-02-29,1545,020429,,4,2,9,1000,0,3,5,,2,060,"GOODFELLOW AVENUE","RIO VISTA AVENUE",2200.00,W,N,A,-,N,,,,,,,,,,N,4,0,2,2,A,-,09,21801,A,N,D,C,A,A,H,-,A,D,0,,,,Y,Y,,D,22,0,0,2,0,0,0,0,0,0,"- ","- ",36.669818878173828,-119.48316955566406,FRESNO,UNINCORPORATED,-119.48297119140625,36.6697998046875
92330441,2023,2024-09-16,9435,2023-09-26,1104,019603,,2,1,9,1000,0,3,5,,2,040,"DINUBA AVENUE","WEST AVENUE",0.00,,Y,A,-,N,,,,,,,,,,Y,1,1,2,2,A,-,12,22450,A,N,D,D,A,A,H,-,A,A,0,,,,,Y,,A,01,2,0,0,0,0,0,0,0,0,"- ","- ",36.5906982421875,-119.82692718505859,FRESNO,UNINCORPORATED,-119.82682037353516,36.590671539306641
92330448,2023,2024-08-14,9435,2023-12-21,"640 ",018746,,4,1,9,1000,0,1,3,,1,180,"STATE ROUTE 180 EASTBOUND","MONROE AVENUE",1056.00,W,N,B,-,N,,,,,,,,,,Y,1,1,0,2,A,-,08,22107,,N,D,C,A,B,H,-,A,D,0,,,,,Y,,D,22,0,0,0,0,0,0,0,0,0,"- ","- ",36.735130310058594,-119.94699096679688,FRESNO,UNINCORPORATED,-119.94699096679688,36.735153198242188
92330458,2023,2024-08-22,9435,2023-08-23,2115,019523,,3,2,9,1000,0,3,5,,2,015,"MANNING AVENUE","YUBA AVENUE",11088.00,E,N,A,-,N,,,,,,,,,,Y,1,1,1,2,A,-,09,21804,A,N,D,C,A,A,H,-,D,D,0,,,,Y,Y,,G,25,1,0,0,0,0,0,0,0,0,"- ","- ",36.603649139404297,-120.13127899169922,FRESNO,UNINCORPORATED,-120.13148498535156,36.603649139404297
92330479,2023,2024-04-30,9435,2023-07-24,1247,020095,,1,1,9,1000,0,1,3,,1,412,"STATE ROUTE 41 SOUTHBOUND","ELKHORN AVENUE",140.00,N,N,A,-,Y,FRE,,41," ",M,6.101,H,,L,Y,1,1,4,4,A,-,03,22350,,N,C,C,A,A,H,-,A,A,0,,,,Y,Y,,E,22,0,4,0,0,0,0,0,0,0,"- ","- ",36.489738464355469,-119.78952026367188,FRESNO,UNINCORPORATED,-119.78946685791016,36.489723205566406
92331096,2024,2024-03-21,9435,2024-03-01,"205 ",022112,,5,3,7,1005,0,1,3,,2,410,"SR-41 S/B","TULARE ST",528.00,N,N,C,-,Y,FRE,,41," ",R,23.834,H,,L,Y,4,0,1,1,A,-,01,23152,A,N,F,A,A,B,H,-,C,A,0,,,,,Y,Y,D,22,0,0,1,0,0,0,0,0,0,"- ","- ",36.744350433349609,-119.77718353271484,FRESNO,FRESNO,-119.77706146240234,36.74432373046875
92331488,2024,2024-03-06,9435,2024-02-29,1250,019926,,4,1,2,1004,0,1,3,,2,106,"SR-99 S/B TO MANNING AVE","MANNING AVE",450.00,S,N,A,-,Y,,,,,,,,,,N,3,0,4,1,A,-,03,22350,,N,F,A,A,A,H,-,A,D,0,,,,,Y,,A,07,0,2,2,0,0,0,0,0,0,"- ","- ",36.604358673095703,-119.6611328125,FRESNO,FOWLER,-119.6611328125,36.604358673095703
92331553,2024,2024-03-06,9435,2024-02-24,2315,021982,,6,3,7,1005,0,1,3,,2,105,"SR-99 N/B","FRESNO ST",65.00,S,N,A,-,Y,FRE,,99," "," ",20.716,H,,R,N,3,0,1,2,A,-,11,21954,A,N,G,B,E,A,H,-,D,D,0,Y,,,,Y,,N,60,0,1,0,0,1,0,0,0,0,"- ","- ",36.730888366699219,-119.79886627197266,FRESNO,FRESNO,-119.79889678955078,36.730873107910156
92331563,2024,2024-03-06,9435,2024-02-24,2130,021594,,6,2,9,1000,0,3,5,,2,010,"FRUIT AVENUE","BARSTOW AVENUE",0.00,,Y,A,-,N,,,,,,,,,,N,4,0,2,2,A,-,12,21453,A,N,A,C,A,A,H,-,C,A,0,,,,,Y,Y,A,07,0,0,2,0,0,0,0,0,0,"- ","- ",36.815570831298828,-119.8173828125,FRESNO,UNINCORPORATED,-119.81739044189453,36.815578460693359
92331606,2024,2024-03-06,9435,2024-02-28,1000,018914,,3,1,7,1005,0,1,3,,2,106,"SR-99 N/B","AMERICAN AVENUE",2000.00,N,N,A,-,Y,FRE,,99," "," ",15.004,H,,R,N,4,0,2,2,C,-,18,,,N,H,A,A,A,H,-,A,D,0,,,,Y,Y,,-,"- ",0,0,2,0,0,0,0,0,0,"- ","- ",36.669029235839844,-119.73068237304688,FRESNO,FRESNO,-119.73069763183594,36.669021606445312
92331612,2024,2024-03-06,9435,2024-03-05,1145,015890,,2,1,9,1000,0,3,5,,2,020,"MT WHITNEY AVE","BRAWLEY AVE",429.00,W,N,A,-,N,,,,,,,,,,Y,4,0,1,2,A,-,03,22350,,N,C,C,A,A,H,-,A,D,0,,,,,Y,,A,01,0,0,1,0,0,0,0,0,0,"- ","- ",36.430828094482422,-119.87068176269531,FRESNO,UNINCORPORATED,-119.87059020996094,36.430820465087891
92331619,2024,2024-03-06,9435,2024-02-27,"736 ",020019,,2,1,9,1000,0,3,5,,2,034,"NORTH AVENUE","TEMPERANCE AVENUE",528.00,E,N,A,-,N,,,,,,,,,,N,4,0,1,2,A,-,03,22350,,N,C,C,A,A,H,-,A,D,0,,,,,Y,,A,01,0,0,1,0,0,0,0,0,0,"- ","- ",36.692790985107422,-119.66033935546875,FRESNO,UNINCORPORATED,-119.66217041015625,36.692806243896484
92331640,2023,2024-03-06,9435,2023-10-07,2303,021703,,6,3,9,1000,0,3,5,,2,025,"MILLERTON ROAD","WINCHELL COVE ROAD",528.00,W,N,A,-,N,,,,,,,,,,Y,1,1,3,2,A,-,01,23152,A,N,A,C,A,A,H,-,D,D,0,,,Y,,Y,Y,C,02,0,0,3,0,0,0,0,1,0,"- ","- ",36.98406982421875,-119.66159057617188,FRESNO,UNINCORPORATED,-119.66141510009766,36.984073638916016
92332245,2024,2024-03-07,9435,2024-03-06,1725,020193,,3,2,7,1005,0,1,3,,2,105,"STATE ROUTE 99 NORTHBOUND","VETERANS BOULEVARD",500.00,N,N,C,-,Y,FRE,,99," "," ",29.626,H,,R,N,4,0,1,1,A,-,03,22350,,N,E,I,A,B,H,-,B,D,0,,,,,Y,,A,01,0,0,1,0,0,0,0,0,0,"- ","- ",36.82366943359375,-119.9063720703125,FRESNO,FRESNO,-119.90643310546875,36.823619842529297
92332440,2024,2024-03-07,9435,2024-03-05,2230,017518,,2,3,7,1005,0,1,3,,2,410,"STATE ROUTE 41 SOUTHBOUND","STATE ROUTE 99 NORTHBOUND",320.00,N,N,A,-,Y,FRE,,41," ",R,21.985,H,,L,N,3,0,1,1,A,-,01,23152,A,N,E,I,A,A,H,-,C,D,0,,,,,Y,Y,A,01,0,1,0,0,0,0,0,0,0,"- ","- ",36.719490051269531,-119.78536987304688,FRESNO,FRESNO,-119.78515625,36.719516754150391
92332515,2024,2024-03-07,9435,2024-03-03,"300 ",021930,,7,3,9,1000,0,1,3,,2,107,"SR-99 N/B","MANNING AVE",2957.00,S,N,B,C,Y,FRE,,99," "," ",8.600,H,,R,Y,3,0,2,1,A,-,01,23152,A,N,E,I,A,B,H,-,C,D,0,,,,,Y,Y,A,07,0,1,1,0,0,0,0,0,0,"- ","- ",36.599170684814453,-119.65438079833984,FRESNO,UNINCORPORATED,-119.65431976318359,36.599212646484375
92332602,2024,2024-03-07,9435,2024-03-01,1415,021290,,5,2,9,1000,0,3,5,,2,034,"FLORAL AVE","AMBER AVE",1320.00,E,N,B,-,N,,,,,,,,,,Y,4,0,1,2,A,-,09,21804,A,N,D,C,A,A,H,-,A,D,0,,,,,Y,,A,01,0,0,1,0,0,0,0,0,0,"- ","- ",36.576118469238281,-119.58387756347656,FRESNO,UNINCORPORATED,-119.58390808105469,36.576133728027344
92332606,2024,2024-03-07,9495,2024-02-24,1735,020021,,6,2,9,1000,0,1,1,,2,001,"INTERSTATE 5 NORTHBOUND","MANNING AVENUE",5280.00,N,N,A,-,Y,FRE,,5," "," ",46.810,H,,R,N,3,0,1,1,A,-,08,22107,,N,F,A,A,A,H,-,D,D,0,,,Y,,Y,,C,02,0,1,0,0,0,0,0,0,1,"- ","- ",36.614650726318359,-120.59870910644531,FRESNO,UNINCORPORATED,-120.59873199462891,36.614631652832031
92332725,2024,2024-03-07,9435,2024-03-02,"958 ",020062,,6,1,9,1000,0,3,5,,2,034,"CENTRAL AVENUE","CHESTNUT AVENUE",0.00,,Y,B,-,N,,,,,,,,,,Y,4,0,1,2,A,-,12,21453,A,N,D,C,A,B,H,-,A,A,0,,,,,Y,,A,01,0,0,1,0,0,0,0,0,0,"- ","- ",36.677978515625,-119.73681640625,FRESNO,UNINCORPORATED,-119.73681640625,36.677906036376953
92332833,2024,2024-03-07,9495,2024-03-01,1420,019789,,5,2,9,1000,0,1,3,,1,014,"STATE ROUTE 269 (LASSEN AVENUE)","PRIVATE DRIVE/AVENAL CUTOFF ROAD",0.00,,Y,A,-,Y,FRE,,269," "," ",0.148,H,,R,Y,3,0,1,3,A,-,09,21804,A,N,D,C,A,A,H,-,A,A,0,,,,,Y,,A,07,0,1,0,0,0,0,0,0,0,"- ","- ",36.072818756103516,-120.10238647460938,FRESNO,UNINCORPORATED,-120.1024169921875,36.072826385498047
92332882,2024,2024-03-07,9495,2024-03-01,2035,021630,,5,2,9,1000,0,1,3,,1,009,"STATE ROUTE 198","COLDWELL LANE",4224.00,E,N,C,-,N,,,,,,,,,,Y,4,0,1,1,A,-,08,22107,,N,A,8,A,B,H,-,D,D,0,,,,,Y,,E,22,0,0,1,0,0,0,0,0,0,"- ","- ",36.091670989990234,-120.51197814941406,FRESNO,UNINCORPORATED,-120.51200866699219,36.091785430908203
92333478,2024,2024-03-08,9435,2024-03-07,2242,017518,,4,3,7,1005,0,1,3,,2,410,"STATE ROUTE 41 N/B","ASHLAN AVENUE",230.00,S,N,B,-,Y,,,,,,,,,,N,3,0,1,2,A,-,00,21960,A,N,G,B,E,A,H,-,D,D,0,Y,,,,Y,,N,60,0,1,0,0,1,0,0,0,0,"- ","- ",36.793380737304688,-119.78398132324219,FRESNO,FRESNO,-119.78459167480469,36.793258666992188
92333562,2024,2024-03-08,9495,2024-03-02,"125 ",021602,,6,3,9,1000,0,1,1,,2,002,"INTERSTATE 5 SOUTHBOUND","STATE ROUTE 145",13200.00,N,N,C,-,Y,FRE,,5," "," ",20.514,H,,L,N,4,0,2,2,A,-,03,22350,,N,C,C,A,B,H,-,D,D,0,,,,Y,Y,,G,25,0,0,2,0,0,0,0,0,0,"- ","- ",36.324489593505859,-120.29517364501953,FRESNO,UNINCORPORATED,-120.29515075683594,36.324497222900391
92334676,2024,2024-03-11,9435,2024-03-01,"940 ",017310,,5,1,7,1005,0,3,5,,2,010,"BARSTOW AVE","FRUIT AVE",0.00,,Y,B,-,N,,,,,,,,,,N,4,0,1,2,A,-,12,21453,A,N,D,C,A,B,H,-,A,D,0,,,,,Y,,D,22,0,0,1,0,0,0,0,0,0,"- ","- ",36.815620422363281,-119.8173828125,FRESNO,FRESNO,-119.81739044189453,36.815578460693359
92334715,2024,2024-03-11,9435,2024-03-10,1245,019263,,7,1,7,1005,0,1,3,,2,410,"SR-41 N/B","GETTYSBURG AVE",170.00,N,N,A,-,Y,FRE,,41," ",R,28.084,H,,R,N,4,0,1,2,A,-,03,22350,,N,C,C,A,A,H,-,A,D,0,,,,,Y,,A,07,0,0,1,0,0,0,0,0,0,"- ","- ",36.802970886230469,-119.78510284423828,FRESNO,FRESNO,-119.78514099121094,36.802970886230469
92334741,2024,2024-03-11,9435,2024-03-05,"530 ",019926,,2,3,9,1000,0,3,5,,2,034,"SOUTH AVE","BETHEL AVE",1056.00,W,N,A,-,N,,,,,,,,,,Y,3,0,1,2,A,-,03,22350,,N,C,C,A,A,H,-,D,D,0,,,,,Y,,A,01,0,1,0,0,0,0,0,0,0,"- ","- ",36.619659423828125,-119.57881164550781,FRESNO,UNINCORPORATED,-119.57840728759766,36.619651794433594
92334765,2024,2024-03-11,9435,2024-03-02,1240,019603,,6,1,7,1005,0,1,3,,2,181,"STATE ROUTE 180 WESTBOUND","G STREET",115.00,E,N,B,-,Y,FRE,,180," ",R,56.650,H,,L,N,4,0,2,2,A,-,03,22350,,N,C,C,A,B,H,-,A,D,0,,,,,Y,,A,01,0,0,2,0,0,0,0,0,0,"- ","- ",36.743808746337891,-119.80973052978516,FRESNO,FRESNO,-119.80970764160156,36.743785858154297
92334772,2024,2024-03-11,9435,2024-03-09,1530,021299,,6,2,9,1000,0,3,5,,2,034,"JENSEN AVE","HIGHLAND AVE",0.00,,Y,A,-,N,,,,,,,,,,Y,4,0,1,1,A,-,08,22107,,N,E,I,A,A,H,-,A,A,0,,,,,Y,,A,07,0,0,1,0,0,0,0,0,0,"- ","- ",36.706531524658203,-119.62815093994141,FRESNO,UNINCORPORATED,-119.62792205810547,36.706600189208984
92334811,2024,2024-03-11,9435,2024-03-09,"730 ",015095,,6,1,5,1001,0,1,3,,1,168,"SR-168 W/B (FROM TEMPERANCE AVE N/B)","TEMPERANCE AVENUE",20.00,E,N,A,-,Y,FRE,,168," ",R,9.188,H,,L,Y,4,0,1,1,A,-,03,22350,,N,E,I,A,A,H,-,A,D,0,,,,,Y,,A,01,0,0,1,0,0,0,0,0,0,"- ","- ",36.843471527099609,-119.66400909423828,FRESNO,CLOVIS,-119.66390228271484,36.843303680419922
92334937,2024,2024-03-11,9435,2024-03-09,1200,018746,,6,1,7,1005,0,3,5,,2,010,"NORTH FORK ROAD","MILLERTON ROAD",185.00,W,N,A,-,N,,,,,,,,,,N,4,0,1,2,A,-,08,22107,,N,B,G,A,A,H,-,A,D,0,,Y,,,Y,,L,04,0,0,1,0,0,0,1,0,0,"- ","- ",36.990688323974609,-119.71206665039062,FRESNO,FRESNO,,
92335005,2024,2024-03-11,9435,2024-03-05,1535,021135,,2,2,9,1000,0,3,5,,2,060,"MANNING AVENUE","ENGLEHART AVE",41.00,E,N,A,-,N,,,,,,,,,,N,4,0,1,2,A,-,03,22350,,N,A,C,A,A,H,-,A,D,0,,,,,Y,,A,08,0,0,1,0,0,0,0,0,0,"- ","- ",36.604019165039062,-119.41262817382812,FRESNO,UNINCORPORATED,-119.41288757324219,36.604030609130859
92335101,2024,2024-03-11,9495,2024-02-29,"615 ",019789,,4,1,9,1000,0,3,5,,2,053,"JAYNE AVENUE","LAKE AVE",275.00,E,N,A,-,N,,,,,,,,,,Y,2,0,1,2,A,-,03,22350,,N,B,C,A,A,H,-,A,D,0,,,Y,,Y,,C,02,1,0,0,0,0,0,0,0,1,"- ","- ",36.137828826904297,-120.13752746582031,FRESNO,UNINCORPORATED,-120.13755035400391,36.137832641601562
92335264,2024,2024-03-11,9435,2024-02-26,"945 ",019705,,1,1,9,1000,0,1,3,,2,410,"SR-41 N/B","SHAW AVE",1584.00,S,N,B,-,Y,FRE,,41," ",R,28.143,H,,R,N,4,0,4,2,A,-,03,22350,,M,C,C,A,A,H,-,A,D,0,,,,,Y,,A,08,0,0,4,0,0,0,0,0,0,"- ","- ",36.803821563720703,-119.78511047363281,FRESNO,UNINCORPORATED,-119.78512573242188,36.803821563720703
92335346,2024,2024-03-11,9435,2024-03-08,1611,021290,,5,2,9,1000,0,1,3,,1,411,"SR-41 S/B","SOUTH AVE",0.00,,Y,A,-,Y,FRE,,41," ",R,15.105,H,,L,Y,4,0,2,2,A,-,09,21802,A,N,D,C,A,A,H,-,A,D,0,,,,,Y,,A,01,0,0,2,0,0,0,0,0,0,"- ","- ",36.619850158691406,-119.78617095947266,FRESNO,UNINCORPORATED,-119.78615570068359,36.619850158691406
92335372,2024,2024-03-11,9435,2024-03-03,"114 ",020854,,7,3,9,1000,0,1,3,,1,412,"STATE ROUTE 41 SOUTHBOUND","FLORAL AVENUE",0.00,,Y,C,-,Y,FRE,,41," ",R,12.103,H,,L,Y,2,0,3,2,A,-,01,23152,A,N,D,C,A,B,H,-,C,A,0,,,,,Y,Y,A,01,1,1,1,0,0,0,0,0,0,"- ","- ",36.576320648193359,-119.78623962402344,FRESNO,UNINCORPORATED,-119.78626251220703,36.576320648193359
92335907,2024,2024-03-12,9435,2024-03-04,"950 ",019926,,1,1,9,1000,0,3,5,,2,034,"TEMPERANCE AVE","NORTH AVE",0.00,,Y,A,-,N,,,,,,,,,,Y,3,0,2,2,A,-,09,21802,A,N,D,C,A,A,H,-,A,A,0,,,,,Y,,A,07,0,1,1,0,0,0,0,0,0,"- ","- ",36.692821502685547,-119.66391754150391,FRESNO,UNINCORPORATED,-119.66397094726562,36.692829132080078
92335918,2024,2024-03-12,9435,2024-03-09,"150 ",022112,,6,3,9,1000,0,3,5,,2,034,"E. JEFFERSON","OAK AVENUE",0.00,,Y,B,-,N,,,,,,,,,,N,4,0,1,4,A,-,08,22107,,N,E,C,A,A,H,-,C,A,0,,,,,Y,,A,01,0,0,1,0,0,0,0,0,0,"- ","- ",36.656009674072266,-119.59838104248047,FRESNO,UNINCORPORATED,,
92335976,2024,2024-03-12,9435,2024-03-07,1905,020205,,4,2,9,1000,0,3,5,,2,025,"SHAW AVE","MCCALL AVE",0.00,,Y,A,-,N,,,,,,,,,,N,4,0,2,2,A,-,12,22450,A,N,D,C,A,A,H,-,D,A,0,,,,,Y,,A,07,0,0,2,0,0,0,0,0,0,"- ","- ",36.808399200439453,-119.61026763916016,FRESNO,UNINCORPORATED,-119.61027526855469,36.808326721191406
92336044,2024,2024-03-12,9435,2024-03-03,"30  ",021982,,7,3,7,1005,0,1,3,,2,181,"SR-180 W/B FROM FULTON ST ON-RAMP","FULTON ST",350.00,W,N,A,-,Y,,,,,,,,,,N,4,0,1,1,A,-,01,23152,A,N,E,I,A,A,H,-,C,D,0,,,,,Y,Y,A,07,0,0,1,0,0,0,0,0,0,"- ","- ",36.749160766601562,-119.80161285400391,FRESNO,FRESNO,-119.80161285400391,36.749160766601562
92336106,2024,2024-03-12,9461,2024-03-01,2305,022033,,5,3,9,1000,0,2,4,,1,310,"NB I-5","RUSSELL AVE",5280.00,N,N,B,C,Y,FRE,,5," "," ",54.212,H,,R,Y,4,0,2,2,A,-,03,22350,,N,C,C,A,B,H,-,D,D,0,,,,,Y,,A,01,0,0,2,0,0,0,0,0,0,"- ","- ",36.703998565673828,-120.67201995849609,FRESNO,UNINCORPORATED,-120.67208099365234,36.703968048095703
92337171,2024,2024-03-13,9435,2024-03-01,"749 ",015751,,5,1,9,1000,0,1,3,,1,412,"SR-41 N/B","NEBRASKA AVE",0.00,,Y,B,C,Y,FRE,,41," ",R,11.110,H,,R,Y,3,0,4,2,A,-,09,21802,A,N,D,C,A,B,H,-,A,A,0,,,,,Y,,A,08,0,4,0,0,0,0,0,0,0,"- ","- ",36.561859130859375,-119.78594207763672,FRESNO,UNINCORPORATED,-119.78594207763672,36.561859130859375
92337178,2024,2024-03-13,9435,2024-02-23,2230,021982,,5,3,7,1005,0,3,5,,2,010,"SHAW AVE","DEL MAR AVENUE",105.00,W,N,A,-,Y,,,,,,,,,,N,4,0,2,3,A,-,08,22107,,F,C,C,A,A,H,-,C,D,0,,,,,Y,,A,01,0,0,2,0,0,0,0,0,0,"- ","- ",36.808441162109375,-119.79540252685547,FRESNO,FRESNO,-119.79531097412109,36.808586120605469
92337215,2024,2024-03-13,9435,2024-03-04,1520,021290,,1,2,9,1000,0,3,5,,2,034,"MCCALL AVE","SOUTH AVE",0.00,,Y,B,-,N,,,,,,,,,,Y,3,0,1,2,A,-,09,21802,A,M,D,C,A,A,H,-,A,A,0,,,,,Y,,A,01,0,1,0,0,0,0,0,0,0,"- ","- ",36.619831085205078,-119.61067962646484,FRESNO,UNINCORPORATED,-119.61066436767578,36.61981201171875
92337484,2024,2024-03-13,9435,2024-03-12,1725,020836,,2,2,7,1005,0,1,3,,2,181,"STATE ROUTE 180 WESTBOUND","STATE ROUTE 99",65.00,E,N,A,-,Y,FRE,,180," ",R,56.334,H,,L,Y,3,0,1,2,A,-,08,22107,,N,C,C,A,A,H,-,A,D,0,,,,,Y,,A,01,0,1,0,0,0,0,0,0,0,"- ","- ",36.741191864013672,-119.81440734863281,FRESNO,FRESNO,-119.814453125,36.741237640380859
92337667,2024,2024-03-14,9435,2024-03-01,1431,021544,,5,2,7,1005,0,1,3,,2,181,"SR-180 W/B TO BLACKSTONE AVE","BLACKSTONE AVE",225.00,W,N,C,-,Y,,,,,,,,,,Y,4,0,1,1,A,-,03,22350,,N,F,A,A,B,H,-,A,D,0,,,,,Y,,A,01,0,0,1,0,0,0,0,0,0,"- ","- ",36.752811431884766,-119.79135894775391,FRESNO,FRESNO,-119.79135894775391,36.752811431884766
92337671,2024,2024-03-14,9435,2024-03-01,1625,021544,,5,2,9,1000,0,3,5,,2,010,"BELMONT AVE","HAYES AVE",0.00,,Y,C,-,N,,,,,,,,,,Y,4,0,3,2,A,-,09,21800,A,N,D,C,A,B,H,-,A,A,0,,,,,Y,,A,01,0,0,3,0,0,0,0,0,0,"- ","- ",36.74993896484375,-119.89817810058594,FRESNO,UNINCORPORATED,-119.89814758300781,36.749961853027344
92338108,2024,2024-03-14,9435,2024-03-13,1540,021153,,3,2,9,1000,0,3,5,,2,034,"MANNING AVENUE","ASH AVENUE",20.00,W,N,A,-,N,,,,,,,,,,N,3,0,1,1,A,-,08,22107,,N,E,I,A,A,H,-,A,D,0,,,,,Y,,A,07,0,1,0,0,0,0,0,0,0,"- ","- ",36.604251861572266,-119.47328948974609,FRESNO,UNINCORPORATED,-119.47328186035156,36.604320526123047
92338121,2024,2024-03-14,9435,2024-03-12,1902,020193,,2,2,9,1000,0,3,5,,2,040,"FLORAL AVENUE","CHESTNUT AVENUE",100.00,E,N,A,-,N,,,,,,,,,,N,4,0,3,2,A,-,03,22350,,M,C,C,A,A,H,-,D,D,0,,,,,Y,,-,99,0,0,3,0,0,0,0,0,0,"- ","- ",36.576450347900391,-119.73397827148438,FRESNO,UNINCORPORATED,-119.73660278320312,36.576381683349609
92338238,2023,2024-03-14,9435,2023-12-05,2155,021544,,2,2,9,1000,0,3,5,,2,010,"MCKINLEY AVENUE","MONROE AVENUE",1100.00,W,N,C,-,N,,,,,,,,,,Y,1,1,0,1,A,-,01,23152,F,N,E,8,A,A,H,-,D,D,0,,,,,Y,,D,22,0,0,0,0,0,0,0,0,0,"- ","- ",36.764228820800781,-119.94703674316406,FRESNO,UNINCORPORATED,-119.94689178466797,36.764141082763672
92338334,2024,2024-03-14,9435,2024-03-06,1705,021315,,3,2,7,1005,0,1,3,,2,105,"STATE ROUTE 99","CLINTON AVENUE",1550.00,S,N,B,-,Y,FRE,,99," "," ",24.107,H,,R,Y,4,0,1,3,A,-,03,22350,,N,C,C,A,B,H,-,A,D,0,,,,,Y,,D,22,0,0,1,0,0,0,0,0,0,"- ","- ",36.767978668212891,-119.83596801757812,FRESNO,FRESNO,-119.83602142333984,36.767959594726562
92338546,2024,2024-03-14,9435,2024-03-10,2145,016507,,7,2,9,1000,0,3,5,,2,060,"DINUBA AVE","ALTA AVE",0.00,,Y,A,-,N,,,,,,,,,,N,3,0,1,2,A,-,09,21802,A,N,D,C,A,A,H,-,D,A,0,,,,,Y,,A,01,0,1,0,0,0,0,0,0,0,"- ","- ",36.589420318603516,-119.39505004882812,FRESNO,UNINCORPORATED,-119.39502716064453,36.589420318603516
92339337,2024,2024-03-15,9435,2024-03-06,2030,021135,,3,2,7,1005,0,3,5,,2,010,"CORNELIA AVE","BELMONT AVE",578.00,S,N,C,-,N,,,,,,,,,,N,4,0,1,1,A,-,01,23152,A,M,E,I,A,B,H,-,D,D,0,,,,,Y,Y,A,01,0,0,1,0,0,0,0,0,0,"- ","- ",36.748401641845703,-119.88034820556641,FRESNO,FRESNO,-119.88029479980469,36.74847412109375