CASE_ID,ACCIDENT_YEAR,PROC_DATE,JURIS,COLLISION_DATE,COLLISION_TIME,OFFICER_ID,REPORTING_DISTRICT,DAY_OF_WEEK,CHP_SHIFT,POPULATION,CNTY_CITY_LOC,SPECIAL_COND,BEAT_TYPE,CHP_BEAT_TYPE,CITY_DIVISION_LAPD,CHP_BEAT_CLASS,BEAT_NUMBER,PRIMARY_RD,SECONDARY_RD,DISTANCE,DIRECTION,INTERSECTION,WEATHER_1,WEATHER_2,STATE_HWY_IND,CALTRANS_COUNTY,CALTRANS_DISTRICT,STATE_ROUTE,ROUTE_SUFFIX,POSTMILE_PREFIX,POSTMILE,LOCATION_TYPE,RAMP_INTERSECTION,SIDE_OF_HWY,TOW_AWAY,COLLISION_SEVERITY,NUMBER_KILLED,NUMBER_INJURED,PARTY_COUNT,PRIMARY_COLL_FACTOR,PCF_CODE_OF_VIOL,PCF_VIOL_CATEGORY,PCF_VIOLATION,PCF_VIOL_SUBSECTION,HIT_AND_RUN,TYPE_OF_COLLISION,MVIW,PED_ACTION,ROAD_SURFACE,ROAD_COND_1,ROAD_COND_2,LIGHTING,CONTROL_DEVICE,CHP_ROAD_TYPE,PEDESTRIAN_ACCIDENT,BICYCLE_ACCIDENT,MOTORCYCLE_ACCIDENT,TRUCK_ACCIDENT,NOT_PRIVATE_PROPERTY,ALCOHOL_INVOLVED,STWD_VEHTYPE_AT_FAULT,CHP_VEHTYPE_AT_FAULT,COUNT_SEVERE_INJ,COUNT_VISIBLE_INJ,COUNT_COMPLAINT_PAIN,COUNT_PED_KILLED,COUNT_PED_INJURED,COUNT_BICYCLIST_KILLED,COUNT_BICYCLIST_INJURED,COUNT_MC_KILLED,COUNT_MC_INJURED,PRIMARY_RAMP,SECONDARY_RAMP,LATITUDE,LONGITUDE,COUNTY,CITY,POINT_X,POINT_Y
92375349,2024,2024-04-25,9435,2024-04-17,1923,020095,,3,2,9,1000,0,3,5,,2,025,"PINE FLAT RD","TRIMMER SPRINGS RD",1330.00,E,N,A,-,N,,,,,,,,,,Y,2,0,1,1,A,-,08,22107,,N,F,A,A,A,H,-,B,D,0,,,Y,,Y,,C,02,1,0,0,0,0,0,0,0,1,"- ","- ",36.822559356689453,-119.36106109619141,FRESNO,UNINCORPORATED,-119.3612060546875,36.822658538818359
92375351,2024,2024-04-25,9435,2024-04-19,1725,020205,,5,2,9,1000,0,3,5,,2,030,"OLIVE AVE","TEMPERANCE AVE",0.00,,Y,A,-,N,,,,,,,,,,Y,4,0,1,2,A,-,09,21800,A,N,D,C,A,A,H,-,A,A,0,,,,,Y,,A,01,0,0,1,0,0,0,0,0,0,"- ","- ",36.757480621337891,-119.66403961181641,FRESNO,UNINCORPORATED,-119.66403198242188,36.757476806640625
92375909,2024,2024-04-26,9435,2024-04-16,"740 ",017310,,2,1,7,1005,0,1,3,,2,410,"NB SR 99 TO NB SR 41","FLORENCE AVENUE",525.00,S,N,A,-,Y,FRE,,99," "," ",19.393,H,,R,N,4,0,5,6,A,-,03,22350,,N,C,C,A,A,H,-,A,D,0,,,,,Y,,D,22,0,0,5,0,0,0,0,0,0,"- ","- ",36.716438293457031,-119.78307342529297,FRESNO,FRESNO,-119.78317260742188,36.716373443603516
92376245,2024,2024-04-26,9435,2024-04-22,1600,021153,,1,2,9,1000,0,1,3,,2,105,"STATE ROUTE 99 (NORTHBOUND)","STANISLAUS STREET",1214.00,N,N,A,-,Y,FRE,,99," "," ",21.250,H,,R,N,3,0,1,1,A,-,08,22107,,N,E,I,A,A,H,-,A,D,0,,,,,Y,,A,07,0,1,0,0,0,0,0,0,0,"- ","- ",36.736789703369141,-119.80506896972656,FRESNO,UNINCORPORATED,-119.80524444580078,36.736660003662109
92376295,2024,2024-04-26,9435,2024-04-17,1622,020319,,3,2,7,1005,0,1,3,,2,105,"SR-99 N/B","BELMONT AVE",50.00,S,N,A,-,Y,FRE,,99," "," ",22.724,H,,R,N,4,0,2,4,A,-,03,22350,,N,C,C,A,A,H,-,A,A,0,,,,,Y,,A,01,0,0,2,0,0,0,0,0,0,"- ","- ",36.750118255615234,-119.82479095458984,FRESNO,FRESNO,-119.82472229003906,36.750156402587891
92376302,2024,2024-04-26,9435,2024-04-23,1545,021148,,2,2,9,1000,0,3,5,,2,040,"DEWOLF AVE","NEBRASKA AVE",0.00,,Y,A,-,N,,,,,,,,,,Y,4,0,2,2,A,-,09,21802,A,N,D,C,A,A,H,-,A,D,0,,,,,Y,,A,01,0,0,2,0,0,0,0,0,0,"- ","- ",36.561489105224609,-119.64675140380859,FRESNO,UNINCORPORATED,-119.64671325683594,36.561473846435547
92377109,2024,2024-04-29,9435,2024-04-18,1610,021135,,4,2,9,1000,0,1,3,,1,146,"STATE ROUTE 145","AMERICAN AVE",792.00,S,N,A,-,Y,FRE,,145," "," ",29.991,H,,R,N,3,0,1,2,A,-,01,23152,A,N,C,C,A,A,H,-,A,D,0,,,,,Y,Y,-,"- ",0,1,0,0,0,0,0,0,0,"- ","- ",36.660251617431641,-120.06112670898438,FRESNO,UNINCORPORATED,-120.06110382080078,36.660251617431641
92377151,2024,2024-04-29,9435,2024-04-28,1405,021086,,7,2,9,1000,0,1,3,,2,410,"STATE ROUTE 41","GETTYSBURG AVENUE",55.00,N,N,A,-,Y,FRE,,41," ",R,27.991,H,,R,Y,4,0,3,2,A,-,03,22350,,N,C,C,A,A,H,-,A,D,0,,,,,Y,,A,01,0,0,3,0,0,0,0,0,0,"- ","- ",36.801609039306641,-119.78511047363281,FRESNO,UNINCORPORATED,-119.78516387939453,36.801609039306641
92377179,2024,2024-04-29,9435,2024-04-19,1635,021086,,5,2,9,1000,0,3,5,,2,015,"FLOYD AVENUE","CHURCH AVENUE",0.00,,Y,A,-,N,,,,,,,,,,Y,2,0,2,2,A,-,09,21802,A,N,D,C,A,A,H,-,A,A,0,,,,,Y,,A,01,1,0,1,0,0,0,0,0,0,"- ","- ",36.713119506835938,-119.99729919433594,FRESNO,UNINCORPORATED,-119.99726867675781,36.713142395019531
92377218,2024,2024-04-29,9435,2024-04-20,1731,021135,,6,2,7,1005,0,1,3,,2,105,"STATE ROUTE 99","HERNDON AVE",550.00,N,N,A,-,Y,FRE,,99," "," ",30.603,H,,R,N,4,0,1,1,C,-,18,,,N,E,I,A,A,H,-,A,D,0,,,,,Y,,-,"- ",0,0,1,0,0,0,0,0,0,"- ","- ",36.833610534667969,-119.9188232421875,FRESNO,FRESNO,-119.91891479492188,36.833530426025391
92377242,2024,2024-04-29,9435,2024-04-20,1950,021086,,6,2,9,1000,0,1,3,,2,410,"STATE ROUTE 41 (S/B) FROM TULARE STREET","TULARE STREET",545.00,S,N,A,-,Y,FRE,,41," ",R,23.566,H,,L,N,3,0,1,2,A,-,11,21954,A,N,G,B,E,A,H,-,D,D,0,Y,,,,Y,,N,60,0,1,0,0,1,0,0,0,0,"- ","- ",36.740501403808594,-119.77799224853516,FRESNO,UNINCORPORATED,-119.77779388427734,36.740493774414062
92377256,2024,2024-04-29,9435,2024-04-27,1650,021153,,6,2,9,1000,0,1,3,,1,180,"STATE ROUTE 180","CORNELIA AVENUE",0.00,,Y,A,-,Y,FRE,,180," "," ",52.590,H,,R,N,4,0,2,2,A,-,12,22450,A,N,D,C,A,A,H,-,A,A,0,,,,,Y,,A,01,0,0,2,0,0,0,0,0,0,"- ","- ",36.735530853271484,-119.88075256347656,FRESNO,UNINCORPORATED,-119.88075256347656,36.735454559326172
92377264,2024,2024-04-29,9435,2024-04-21,1840,021135,,7,2,7,1005,0,1,3,,2,105,"STATE ROUTE 99","STANISLAUS AVE",1440.00,N,N,A,-,Y,FRE,,99," "," ",21.290,H,,R,N,4,0,1,2,A,-,03,22350,,N,C,C,A,A,H,-,A,D,0,,,,,Y,,A,01,0,0,1,0,0,0,0,0,0,"- ","- ",36.737060546875,-119.80577850341797,FRESNO,FRESNO,-119.80574035644531,36.737091064453125
92377283,2024,2024-04-29,9435,2024-04-27,"58  ",021589,,6,3,9,1000,0,1,3,,2,410,"STATE ROUTE 41 SOUTHBOUND","ALLUVIAL AVE",30.00,N,N,A,-,Y,FRE,,41," ",R,30.988,H,,L,Y,3,0,1,1,A,-,08,22107,,N,E,I,A,A,H,-,C,D,0,,,,,Y,,A,01,0,1,0,0,0,0,0,0,0,"- ","- ",36.845050811767578,-119.78527069091797,FRESNO,UNINCORPORATED,-119.78518676757812,36.845050811767578
92377300,2024,2024-04-29,9435,2024-04-23,1535,021119,,2,2,9,1000,0,3,5,,2,034,"DINUBA AVENUE","ZEDIKER AVENUE",0.00,,Y,A,-,N,,,,,,,,,,N,4,0,2,2,A,-,09,21802,A,N,D,C,A,A,H,-,A,D,0,,,,,Y,,D,22,0,0,2,0,0,0,0,0,0,"- ","- ",36.590198516845703,-119.52113342285156,FRESNO,UNINCORPORATED,-119.52112579345703,36.590164184570312
92377309,2024,2024-04-29,9435,2024-04-25,1140,019603,,4,1,7,1005,0,1,3,,2,410,"STATE ROUTE 41 NORTHBOUND","HERNDON AVENUE",1073.00,S,N,A,-,Y,FRE,,41," ",R,30.251,H,,R,Y,4,0,1,2,A,-,07,21658,A,N,B,C,A,A,H,-,A,D,0,,,,,Y,,A,07,0,0,1,0,0,0,0,0,0,"- ","- ",36.834388732910156,-119.78489685058594,FRESNO,FRESNO,-119.784912109375,36.834388732910156
92377439,2024,2024-04-29,9435,2024-04-27,1250,019263,,6,1,7,1005,0,1,3,,2,410,"SR-41 N/B","GETTYSBURG AVE",300.00,N,N,A,-,Y,FRE,,41," ",R,28.161,H,,R,N,4,0,1,2,A,-,03,22350,,N,C,C,A,A,H,-,A,D,0,,,,,Y,,A,07,0,0,1,0,0,0,0,0,0,"- ","- ",36.804088592529297,-119.78517913818359,FRESNO,FRESNO,-119.78511810302734,36.804088592529297
92377553,2024,2024-04-29,9435,2024-04-25,1742,020836,,4,2,7,1005,0,1,3,,2,105,"STATE ROUTE 99 SOUTHBOUND","TEILMAN AVENUE",70.00,N,N,A,-,Y,FRE,,99," "," ",22.401,H,,L,Y,3,0,3,4,A,-,03,22350,,N,C,C,A,A,H,-,A,D,0,,,,,Y,,A,07,0,1,2,0,0,0,0,0,0,"- ","- ",36.746158599853516,-119.82174682617188,FRESNO,FRESNO,-119.82167816162109,36.746196746826172
92377567,2024,2024-04-29,9435,2024-04-26,"751 ",020019,,5,1,3,1015,0,1,3,,2,107,"STATE ROUTE 99 NORTHBOUND","MANNING AVENUE",911.00,S,N,B,-,Y,FRE,,99," "," ",8.987,H,,R,Y,3,0,1,2,A,-,08,22107,,N,C,C,A,A,H,-,A,D,0,,,,,Y,,A,07,0,1,0,0,0,0,0,0,0,"- ","- ",36.603450775146484,-119.65888977050781,FRESNO,SELMA,-119.65888214111328,36.603458404541016
92377643,2024,2024-04-29,9435,2024-04-26,1620,021153,,5,2,9,1000,0,3,5,,2,010,"MCKINLEY AVENUE","HAYES AVENUE",0.00,,Y,A,-,N,,,,,,,,,,N,3,0,2,2,A,-,09,21802,A,N,D,C,A,A,H,-,A,A,0,,,,,Y,,A,01,0,1,1,0,0,0,0,0,0,"- ","- ",36.764461517333984,-119.89824676513672,FRESNO,UNINCORPORATED,-119.89822387695312,36.764442443847656
92377661,2024,2024-04-29,9435,2024-04-27,"645 ",018746,,6,1,7,1005,0,3,5,,2,025,"OLIVE AVENUE","TEMPERANCE AVENUE",0.00,,Y,A,-,N,,,,,,,,,,Y,4,0,1,2,A,-,09,21802,A,N,D,C,A,A,H,-,A,A,0,,,,,Y,,A,07,0,0,1,0,0,0,0,0,0,"- ","- ",36.757499694824219,-119.66404724121094,FRESNO,FRESNO,-119.66403198242188,36.757476806640625
92377683,2024,2024-04-29,9435,2024-04-27,1650,021148,,6,2,9,1000,0,1,3,,2,106,"SR-99 S/B","SR-99 S/B TO ADAMS AVENUE OFF-RAMP",45.00,S,N,A,-,Y,,,,,,,,,,N,3,0,2,1,A,-,03,22350,,N,F,I,A,A,H,-,A,D,0,,,,,Y,,A,01,0,1,1,0,0,0,0,0,0,"- ","- ",36.633411407470703,-119.69281768798828,FRESNO,UNINCORPORATED,-119.78461456298828,36.718284606933594
92377779,2024,2024-04-29,9435,2024-04-23,1640,020680,,2,2,9,1000,0,3,5,,2,010,"SHAW AVE W/B","MAROA AVE",0.00,,Y,A,-,N,,,,,,,,,,Y,4,0,3,4,A,-,12,21453,A,N,D,C,A,A,H,-,A,D,0,,,,,Y,,A,07,0,0,3,0,0,0,0,0,0,"- ","- ",36.808521270751953,-119.79943084716797,FRESNO,UNINCORPORATED,-119.79945373535156,36.808387756347656
92377784,2024,2024-04-29,9435,2024-04-28,1240,016860,,7,1,9,1000,0,3,5,,2,050,"AUBERRY RD","STATE ROUTE 168",528.00,W,N,B,-,N,,,,,,,,,,Y,4,0,1,1,A,-,03,22350,,N,F,A,A,A,H,-,A,A,0,,,Y,,Y,,C,02,0,0,1,0,0,0,0,0,1,"- ","- ",37.060501098632812,-119.36733245849609,FRESNO,UNINCORPORATED,-119.50046539306641,37.042125701904297
92377801,2024,2024-04-29,9461,2024-04-19,1905,022197,,5,2,9,1000,0,3,5,,2,030,"ALTHEA AVE.","CAMBRIA AVE",2640.00,W,N,A,-,N,,,,,,,,,,Y,4,0,1,1,A,-,08,22107,,N,E,J,A,A,H,-,A,D,0,,,,,Y,,A,01,0,0,1,0,0,0,0,0,0,"- ","- ",36.890518188476562,-120.69814300537109,FRESNO,UNINCORPORATED,-120.69938659667969,36.890621185302734
92378400,2024,2024-04-30,9435,2024-04-29,1745,020680,,1,2,9,1000,0,1,3,,2,105,"SR-99 S/B","HERNDON AVE",1290.00,S,N,A,-,Y,FRE,,99," "," ",30.237,H,,L,Y,4,0,2,2,A,-,03,22350,,N,C,C,A,A,H,-,A,D,0,,,,,Y,,A,01,0,0,2,0,0,0,0,0,0,"- ","- ",36.829669952392578,-119.91449737548828,FRESNO,UNINCORPORATED,-119.91449737548828,36.829673767089844
92378817,2024,2024-04-30,9435,2024-04-26,1835,020205,,5,2,9,1000,0,1,3,,1,183,"MCCALL AVE","SR-180 E/B",0.00,,Y,A,-,N,,,,,,,,,,Y,4,0,1,3,A,-,12,21453,A,N,D,C,A,A,H,-,A,A,0,,,,,Y,,A,07,0,0,1,0,0,0,0,0,0,"- ","- ",36.735729217529297,-119.60999298095703,FRESNO,UNINCORPORATED,-119.61008453369141,36.735748291015625
92378822,2024,2024-04-30,9435,2024-04-25,1440,021135,,4,2,9,1000,0,3,5,,2,015,"CENTRAL AVENUE","CHERRY AVE",72.00,E,N,A,-,N,,,,,,,,,,N,4,0,2,1,A,-,08,22107,,N,E,I,A,A,H,-,A,D,0,,,,,Y,,D,22,0,0,2,0,0,0,0,0,0,"- ","- ",36.677871704101562,-119.73146820068359,FRESNO,UNINCORPORATED,-119.78151702880859,36.677883148193359
92378881,2024,2024-04-30,9435,2024-04-28,1950,020680,,7,2,9,1000,0,1,3,,1,180,SR-180,"SHASTA AVE",0.00,,Y,A,-,Y,FRE,,180," "," ",40.107,H,,R,Y,4,0,2,2,A,-,09,21802,A,N,D,C,A,A,H,-,B,D,0,,,,,Y,,D,22,0,0,2,0,0,0,0,0,0,"- ","- ",36.734718322753906,-120.10546112060547,FRESNO,UNINCORPORATED,-120.10546112060547,36.734718322753906
92378885,2024,2024-04-30,9435,2024-04-25,1550,021135,,4,2,9,1000,0,3,5,,2,015,"JENSEN AVENUE","GOLDENROD AVENUE",302.00,E,N,A,-,N,,,,,,,,,,Y,3,0,1,2,A,-,08,22107,,F,B,C,A,A,H,-,A,D,0,,,,,Y,,-,99,0,1,0,0,0,0,0,0,0,"- ","- ",36.705879211425781,-120.04264831542969,FRESNO,UNINCORPORATED,-120.04164123535156,36.705883026123047
92378895,2024,2024-04-30,9435,2024-04-29,1515,020540,,1,2,9,1000,0,3,5,,2,060,"HILL AVENUE","MANNING AVENUE",0.00,,Y,A,-,N,,,,,,,,,,Y,4,0,4,2,A,-,09,21802,A,N,D,C,A,A,H,-,A,A,0,,,,,Y,,A,01,0,0,4,0,0,0,0,0,0,"- ","- ",36.632099151611328,-119.34078216552734,FRESNO,UNINCORPORATED,-119.34071350097656,36.60308837890625
92379382,2024,2024-05-01,9495,2024-04-19,"210 ",021714,,5,3,9,1000,0,1,3,,1,013,"STATE ROUTE 145","S. COLUSA AVE",123.00,N,N,A,-,Y,FRE,,145," "," ",6.069,H,,R,Y,3,0,1,1,A,-,01,23152,A,N,E,I,A,A,H,-,D,D,0,,,,,Y,Y,A,01,0,1,0,0,0,0,0,0,0,"- ","- ",36.357379913330078,-120.1932373046875,FRESNO,UNINCORPORATED,-120.19313812255859,36.357315063476562
92379446,2024,2024-05-01,9435,2024-04-27,"50  ",021930,,6,3,7,1005,0,1,3,,1,168,"SR-168 W/B TO SHAW AVE.","SHAW AVE",580.00,E,N,A,-,Y,,,,,,,,,,Y,3,0,1,1,A,-,01,23152,A,N,F,8,A,A,H,-,C,D,0,,,,,Y,Y,A,07,0,1,0,0,0,0,0,0,0,"- ","- ",36.809719085693359,-119.73361968994141,FRESNO,FRESNO,-119.73289489746094,36.809425354003906
92379454,2024,2024-05-01,9435,2024-04-29,1730,021119,,1,2,9,1000,0,3,5,,2,034,"ACADEMY AVENUE","CENTRAL AVENUE",0.00,,Y,A,-,N,,,,,,,,,,N,4,0,2,2,D,-,00,,,N,D,C,A,A,H,-,A,A,0,,,,,Y,,-,"- ",0,0,2,0,0,0,0,0,0,"- ","- ",36.677730560302734,-119.55645751953125,FRESNO,UNINCORPORATED,-119.55654907226562,36.677753448486328
92379757,2024,2024-05-01,9435,2024-04-30,"800 ",017310,,2,1,7,1005,0,1,3,,2,410,"BLACKSTONE AVENUE TO SB SR 41","FRIANT RD",550.00,S,N,A,-,Y,FRE,,41," ",R,31.579,H,,L,N,4,0,1,2,A,-,03,22350,,N,C,C,A,A,H,-,A,D,0,,,,,Y,,D,22,0,0,1,0,0,0,0,0,0,"- ","- ",36.853080749511719,-119.788330078125,FRESNO,FRESNO,-119.78817749023438,36.8531494140625
92379779,2024,2024-05-02,9435,2024-04-20,2240,022112,,6,3,7,1005,0,3,5,,2,010,"N. HAYES AVE","CLINTON AVE",1393.70,S,N,A,-,N,,,,,,,,,,Y,3,0,3,3,A,-,01,23152,A,N,D,2,E,A,H,-,D,A,0,Y,,,,Y,Y,A,08,0,1,2,0,1,0,0,0,0,"- ","- ",36.767879486083984,-119.89820861816406,FRESNO,FRESNO,-119.89823150634766,36.767902374267578
92379822,2024,2024-05-01,9435,2024-04-22,1315,017310,,1,1,7,1005,0,1,3,,2,410,"RT 41","SHAW AVENUE",300.00,N,N,A,-,Y,FRE,,41," ",R,28.614,H,,R,N,4,0,1,2,A,-,08,22107,,N,B,C,A,A,H,-,A,D,0,,,,,Y,,A,07,0,0,1,0,0,0,0,0,0,"- ","- ",36.810649871826172,-119.78545379638672,FRESNO,FRESNO,-119.78516387939453,36.810653686523438
92380498,2024,2024-05-02,9435,2024-04-22,1122,016860,,1,1,9,1000,0,3,5,,2,050,"WATTS VALLEY ROAD","BURROUGH VALLEY ROAD",7392.00,S,N,A,-,N,,,,,,,,,,N,2,0,1,2,A,-,03,22350,,F,F,0,A,A,H,-,A,A,0,,Y,,,Y,,L,04,1,0,0,0,0,0,1,0,0,"- ","- ",36.95330810546875,-119.34593963623047,FRESNO,UNINCORPORATED,-119.34620666503906,36.951118469238281
92380539,2024,2024-05-02,9435,2024-04-21,1505,020095,,7,2,9,1000,0,3,5,,2,025,"SHAW AVE","BETHEL AVE",175.00,W,N,A,-,N,,,,,,,,,,Y,3,0,1,1,A,-,01,23152,A,M,E,I,A,A,H,-,A,D,0,,,,,Y,Y,A,01,0,1,0,0,0,0,0,0,0,"- ","- ",36.808139801025391,-119.57479095458984,FRESNO,UNINCORPORATED,-119.57474517822266,36.808185577392578
92380594,2024,2024-05-02,9435,2024-04-21,"445 ",021930,,7,3,7,1005,0,1,3,,2,105,"SR-99 N/B","CLINTON AVE",4215.00,N,N,A,-,Y,FRE,,99," ",R,25.225,H,,R,Y,3,0,2,2,A,-,01,23152,A,N,C,2,A,A,H,-,C,D,0,,,,,Y,Y,A,01,0,2,0,0,0,0,0,0,0,"- ","- ",36.780971527099609,-119.84797668457031,FRESNO,FRESNO,-119.84799194335938,36.780960083007812
92381219,2024,2024-05-03,9435,2024-04-26,"820 ",016911,,5,1,9,1000,0,3,5,,2,034,"ACADEMY AVE","AMERICAN AVE",0.00,,Y,A,-,N,,,,,,,,,,N,4,0,2,2,A,-,09,21802,A,N,D,C,A,D,H,-,A,A,0,,,,,Y,,A,01,0,0,2,0,0,0,0,0,0,"- ","- ",36.663211822509766,-119.55637359619141,FRESNO,UNINCORPORATED,-119.55651092529297,36.663200378417969
92381246,2024,2024-05-03,9435,2024-04-26,2308,021230,,5,3,9,1000,0,1,3,,2,107,"STATE ROUTE 99 SOUTHBOUND","SECOND STREET",4224.00,S,N,A,-,Y,FRE,,99," ",R,4.522,H,,L,N,4,0,1,2,A,-,08,22107,,N,B,C,A,A,H,-,C,D,0,,,,Y,Y,,G,25,0,0,1,0,0,0,0,0,0,"- ","- ",36.555099487304688,-119.60597229003906,FRESNO,UNINCORPORATED,-119.60591125488281,36.555145263671875
92381298,2024,2024-05-03,9435,2024-04-19,1400,021086,,5,2,7,1005,1,3,5,,2,010,"GRANTLAND AVENUE","BELMONT AVENUE",0.00,,Y,A,-,N,,,,,,,,,,Y,2,0,1,2,A,-,09,21802,A,N,D,C,A,A,H,-,A,A,0,,,,,Y,,H,14,1,0,0,0,0,0,0,0,0,"- ","- ",36.749870300292969,-119.91613006591797,FRESNO,FRESNO,-119.91619110107422,36.749862670898438
92381323,2024,2024-05-03,9435,2024-04-29,1005,020062,,1,1,3,1015,0,1,3,,2,107,"SR99 NORTHBOUND","SEDOND STREET",2640.00,N,N,A,-,Y,FRE,,99," ",R,5.710,H,,R,Y,4,0,1,3,A,-,03,22350,,N,C,C,A,A,D,-,A,D,0,,,,,Y,,D,22,0,0,1,0,0,0,0,0,0,"- ","- ",36.568008422851562,-119.62010192871094,FRESNO,SELMA,-119.62008666992188,36.568016052246094
92381380,2024,2024-05-03,9435,2024-04-30,1737,020205,,2,2,7,1005,0,1,3,,2,410,"SR-41 N/B","BELMONT AVE",21.00,N,N,A,-,Y,FRE,,41," ",R,24.267,H,,R,N,4,0,1,2,A,-,03,22350,,N,C,C,A,A,H,-,A,D,0,,,,,Y,,-,"- ",0,0,1,0,0,0,0,0,0,"- ","- ",36.750598907470703,-119.77603149414062,FRESNO,FRESNO,-119.77596282958984,36.750595092773438
92381385,2023,2024-05-03,9495,2023-05-07,"38  ",021619,,7,3,9,1000,0,1,3,,1,008,"STATE ROUTE 198","DICKENSON AVENUE",2640.00,W,N,A,-,Y,FRE,,198," "," ",41.479,H,,R,Y,1,1,1,1,A,-,08,22107,,N,E,I,A,A,H,-,D,D,0,,,,,Y,,D,22,0,1,0,0,0,0,0,0,0,"- ","- ",36.255378723144531,-119.98133850097656,FRESNO,UNINCORPORATED,-119.98133850097656,36.255474090576172
92381504,2024,2024-05-03,9435,2024-04-29,1340,019263,,1,1,7,1005,0,1,3,,2,410,"SR-41 N/B","BELMONT AVE",1000.00,S,N,A,-,Y,FRE,,41," ",R,24.058,H,,R,Y,4,0,1,2,A,-,07,21658,A,N,C,C,A,A,H,-,A,D,0,,,,,Y,,-,"- ",0,0,1,0,0,0,0,0,0,"- ","- ",36.74755859375,-119.776123046875,FRESNO,FRESNO,-119.77619171142578,36.747562408447266
92381523,2024,2024-12-17,9435,2024-04-26,"535 ",019603,,5,3,9,1000,0,3,5,,2,015,"MANNING AVENUE","CORNELIA AVENUE",0.00,,Y,A,-,N,,,,,,,,,,N,4,0,2,2,A,-,09,21802,A,N,D,D,A,A,H,-,B,A,0,,,,,Y,,D,22,0,0,2,0,0,0,0,0,0,"- ","- ",36.604881286621094,-119.88086700439453,FRESNO,UNINCORPORATED,-119.88082885742188,36.604862213134766
92381539,2024,2024-05-03,9435,2024-05-03,"730 ",018746,,5,1,9,1000,0,3,5,,2,010,"MODOC AVENUE","MCKINLEY AVENUE",0.00,,Y,A,-,N,,,,,,,,,,Y,4,0,3,2,A,-,12,22450,A,N,D,C,A,A,H,-,A,A,0,,,,,Y,,A,07,0,0,3,0,0,0,0,0,0,"- ","- ",36.764030456542969,-120.08718109130859,FRESNO,UNINCORPORATED,-120.08718109130859,36.7640380859375
92382474,2024,2024-05-06,9435,2024-04-29,1659,020095,,1,2,9,1000,0,3,5,,2,025,"CHESTNUT AVE","SHIELDS AVE",105.00,S,N,A,-,N,,,,,,,,,,N,4,0,2,2,A,-,03,22350,,N,C,C,A,A,H,-,A,A,0,,,,,Y,,A,01,0,0,2,0,0,0,0,0,0,"- ","- ",36.779090881347656,-119.73621368408203,FRESNO,UNINCORPORATED,-119.73638916015625,36.779163360595703
92382501,2024,2024-05-06,9435,2024-04-24,1715,017579,,3,2,9,1000,0,3,5,,2,020,"NEBRASKA AVENUE","ELM AVENUE",0.00,,Y,A,-,N,,,,,,,,,,Y,2,0,3,2,A,-,12,22450,A,N,D,C,A,A,H,-,A,A,0,,,,,Y,,A,07,2,1,0,0,0,0,0,0,0,"- ","- ",36.561859130859375,-119.79100036621094,FRESNO,UNINCORPORATED,-119.79096221923828,36.561832427978516
92382525,2024,2024-05-06,9435,2024-04-24,1735,020887,,3,2,7,1005,0,1,3,,2,410,"SR-41 S/B","SHIELDS AVE",1320.00,N,N,A,-,Y,FRE,,41," ",R,26.748,H,,L,N,4,0,1,2,A,-,01,23152,A,N,C,C,A,A,H,-,A,D,0,,,,,Y,Y,A,01,0,0,1,0,0,0,0,0,0,"- ","- ",36.783649444580078,-119.7847900390625,FRESNO,FRESNO,-119.78472137451172,36.783645629882812
92382563,2024,2024-05-06,9435,2024-04-26,2345,022112,,5,3,9,1000,0,3,5,,2,025,"MCCALL AVENUE","BULLARD AVE",1056.00,N,N,B,-,N,,,,,,,,,,Y,2,0,1,1,A,-,01,23152,A,N,F,8,A,A,H,-,D,A,0,,,,,Y,,D,22,1,0,0,0,0,0,0,0,0,"- ","- ",36.824211120605469,-119.61004638671875,FRESNO,UNINCORPORATED,-119.61013031005859,36.825859069824219
92382673,2024,2024-05-06,9435,2024-05-05,1810,020540,,7,2,9,1000,0,3,5,,2,060,"MANNING AVENUE","HANSAN AVENUE",1584.00,W,N,A,-,N,,,,,,,,,,Y,4,0,1,2,A,-,08,22107,,N,D,C,A,A,H,-,A,D,0,,,,,Y,,A,01,0,0,1,0,0,0,0,0,0,"- ","- ",36.603359222412109,-119.35909271240234,FRESNO,UNINCORPORATED,-119.35967254638672,36.603435516357422
92382887,2024,2024-05-06,9435,2024-04-30,2300,016507,,2,3,9,1000,0,3,5,,2,060,"HILL AVE","SUMNER AVE",1584.00,S,N,A,-,N,,,,,,,,,,Y,3,0,1,1,A,-,08,22107,,N,E,8,A,A,H,-,D,D,0,,,,,Y,,A,01,0,1,0,0,0,0,0,0,0,"- ","- ",36.620639801025391,-119.34043884277344,FRESNO,UNINCORPORATED,-119.34042358398438,36.620525360107422