CASE_ID,ACCIDENT_YEAR,PROC_DATE,JURIS,COLLISION_DATE,COLLISION_TIME,OFFICER_ID,REPORTING_DISTRICT,DAY_OF_WEEK,CHP_SHIFT,POPULATION,CNTY_CITY_LOC,SPECIAL_COND,BEAT_TYPE,CHP_BEAT_TYPE,CITY_DIVISION_LAPD,CHP_BEAT_CLASS,BEAT_NUMBER,PRIMARY_RD,SECONDARY_RD,DISTANCE,DIRECTION,INTERSECTION,WEATHER_1,WEATHER_2,STATE_HWY_IND,CALTRANS_COUNTY,CALTRANS_DISTRICT,STATE_ROUTE,ROUTE_SUFFIX,POSTMILE_PREFIX,POSTMILE,LOCATION_TYPE,RAMP_INTERSECTION,SIDE_OF_HWY,TOW_AWAY,COLLISION_SEVERITY,NUMBER_KILLED,NUMBER_INJURED,PARTY_COUNT,PRIMARY_COLL_FACTOR,PCF_CODE_OF_VIOL,PCF_VIOL_CATEGORY,PCF_VIOLATION,PCF_VIOL_SUBSECTION,HIT_AND_RUN,TYPE_OF_COLLISION,MVIW,PED_ACTION,ROAD_SURFACE,ROAD_COND_1,ROAD_COND_2,LIGHTING,CONTROL_DEVICE,CHP_ROAD_TYPE,PEDESTRIAN_ACCIDENT,BICYCLE_ACCIDENT,MOTORCYCLE_ACCIDENT,TRUCK_ACCIDENT,NOT_PRIVATE_PROPERTY,ALCOHOL_INVOLVED,STWD_VEHTYPE_AT_FAULT,CHP_VEHTYPE_AT_FAULT,COUNT_SEVERE_INJ,COUNT_VISIBLE_INJ,COUNT_COMPLAINT_PAIN,COUNT_PED_KILLED,COUNT_PED_INJURED,COUNT_BICYCLIST_KILLED,COUNT_BICYCLIST_INJURED,COUNT_MC_KILLED,COUNT_MC_INJURED,PRIMARY_RAMP,SECONDARY_RAMP,LATITUDE,LONGITUDE,COUNTY,CITY,POINT_X,POINT_Y
92596967,2024,2024-07-24,9461,2024-07-16,1200,021126,,2,1,9,1000,0,3,5,,2,060,"SAN DIEGO AVENUE","BELMONT AVENUE",528.00,N,N,A,-,N,,,,,,,,,,Y,2,0,1,1,A,-,08,22107,,N,E,J,A,A,H,-,A,D,0,,,,,Y,,A,01,1,0,0,0,0,0,0,0,0,"- ","- ",36.751251220703125,-120.44132995605469,FRESNO,UNINCORPORATED,-120.44141387939453,36.750480651855469
92596971,2024,2024-07-24,9435,2024-07-24,1305,016507,,3,1,9,1000,0,3,5,,2,060,"ADAMS AVE","ENGLEHART AVE",300.00,W,N,A,-,N,,,,,,,,,,Y,4,0,1,1,A,-,08,22107,,N,E,I,A,A,H,-,A,D,0,,,,,Y,,A,01,0,0,1,0,0,0,0,0,0,"- ","- ",36.632980346679688,-119.41410827636719,FRESNO,UNINCORPORATED,-119.41400909423828,36.633022308349609
92596979,2024,2024-07-24,9435,2024-07-24,1440,020193,,3,2,9,1000,0,3,5,,2,034,"CENTRAL AVENUE","MINNEWAWA AVENUE",0.00,,Y,A,-,N,,,,,,,,,,Y,4,0,2,2,A,-,09,21802,A,N,D,C,A,A,H,-,A,A,0,,,,,Y,,A,07,0,0,2,0,0,0,0,0,0,"- ","- ",36.678169250488281,-119.70890808105469,FRESNO,UNINCORPORATED,-119.70889282226562,36.678142547607422
92601805,2024,2024-07-25,9435,2024-07-17,1050,017310,,3,1,7,1005,0,1,3,,2,410,"SR 41 SB TO SR 99 SB","CHURCH AVENUE",900.00,N,N,A,-,Y,FRE,,99," "," ",19.407,H,,L,Y,4,0,1,1,A,-,08,22107,,N,E,I,A,A,H,-,A,D,0,,,,Y,Y,,F,27,0,0,1,0,0,0,0,0,0,"- ","- ",36.716300964355469,-119.78370666503906,FRESNO,FRESNO,-119.78353881835938,36.716415405273438
92601829,2024,2024-07-25,9435,2024-07-24,"155 ",020854,,3,3,9,1000,0,1,3,,1,412,"STATE ROUTE 41 SOUTHBOUND","MOUNTAIN VIEW AVENUE",5122.00,S,N,A,-,Y,FRE,,41," ",R,9.133,H,,R,Y,4,0,1,1,A,-,08,22107,,N,E,8,A,A,H,-,D,D,0,,,,,Y,,A,01,0,0,1,0,0,0,0,0,0,"- ","- ",36.533218383789062,-119.78582763671875,FRESNO,UNINCORPORATED,-119.78605651855469,36.533222198486328
92601868,2024,2024-07-25,9435,2024-07-14,"430 ",021930,,7,3,3,1015,0,1,3,,2,107,"SR-99 N/B","BETHEL AVE",876.00,N,N,B,-,Y,FRE,,99," ",R,2.232,H,,R,Y,3,0,2,2,C,-,18,,,N,C,C,A,A,H,-,D,D,0,,,,,Y,,-,"- ",0,1,1,0,0,0,0,0,0,"- ","- ",36.531299591064453,-119.57749176025391,FRESNO,SELMA,-119.57748413085938,36.531303405761719
92601895,2024,2024-07-25,9435,2024-07-19,1232,017310,,5,1,7,1005,0,1,3,,2,410,"SR 41 NB","GETTYSBURG AVENUE",500.00,S,N,A,-,Y,FRE,,41," ",R,27.840,H,,R,Y,4,0,2,3,A,-,03,22350,,N,C,C,A,A,H,-,A,D,0,,,,,Y,,A,01,0,0,2,0,0,0,0,0,0,"- ","- ",36.799430847167969,-119.78513336181641,FRESNO,FRESNO,-119.78518676757812,36.799430847167969
92602404,2024,2024-07-25,9495,2024-07-20,1705,021029,,6,2,9,1000,0,1,3,,1,014,"STATE ROUTE 269 (LASSEN AVENUE)","STATE ROUTE 198",2640.00,S,N,A,-,Y,FRE,,269," "," ",12.270,H,,R,Y,4,0,2,2,A,-,03,22350,,N,C,2,A,A,H,-,A,D,0,,,,,Y,,D,22,0,0,2,0,0,0,0,0,0,"- ","- ",36.248481750488281,-120.10362243652344,FRESNO,UNINCORPORATED,-120.10361480712891,36.248481750488281
9260393,2021,2021-06-29,1011,2021-05-23,0340,K078,,7,5,3,1011,0,0,0,,0,,"MANNING AV","ACADEMY AV",0.00,,Y,A,-,N,,,,,,,,,,N,3,0,1,1,A,-,03,22350,A,N,F,J,A,A,H,-,C,D,0,,,,,Y,,A,01,0,1,0,0,0,0,0,0,0,"- ","- ",36.604999542236328,-119.54789733886719,FRESNO,PARLIER,-119.55696105957031,36.604942321777344
9260394,2021,2021-06-23,1011,2021-05-25,0303,K084,PA,2,5,3,1011,0,0,0,,0,0PA,MANNING,MADSEN,0.00,,Y,A,-,N,,,,,,,,,,Y,2,0,1,1,A,-,03,22350,A,N,E,J,A,A,H,-,C,D,0,,,,,Y,,A,01,1,0,0,0,0,0,0,0,0,"- ","- ",36.605201721191406,-119.54514312744141,FRESNO,PARLIER,-119.53907012939453,36.604808807373047
9260987,2021,2021-06-30,1001,2021-05-14,2021,5669,,5,5,5,1001,0,0,0,,0,004,"VILLA AV","SAN JOSE",315.00,S,N,A,-,N,,,,,,,,,,N,3,0,1,2,A,-,11,21954,A,N,G,B,D,A,H,-,C,D,0,Y,,,,Y,,N,60,0,1,0,0,1,0,0,0,0,"- ","- ",36.812141418457031,-119.71360778808594,FRESNO,CLOVIS,-119.713623046875,36.811275482177734
9260988,2021,2021-06-30,1001,2021-05-29,2058,5771,,6,5,5,1001,0,0,0,,0,004,"VILLA AV","9TH ST",413.00,S,N,A,-,N,,,,,,,,,,Y,4,0,1,3,A,-,01,23152,A,N,C,E,A,A,H,-,C,D,0,,,,,Y,Y,A,01,0,0,1,0,0,0,0,0,0,"- ","- ",36.816978454589844,-119.71385192871094,FRESNO,CLOVIS,-119.71352386474609,36.817546844482422
9260989,2021,2021-06-30,1001,2021-05-31,0454,5752,,1,5,5,1001,0,0,0,,0,004,"WEST BARSTOW AV","SYLMAR AV",192.00,W,N,A,-,N,,,,,,,,,,Y,4,0,1,2,A,-,08,22107,,N,B,E,A,A,H,-,C,D,0,,,,,Y,,A,01,0,0,1,0,0,0,0,0,0,"- ","- ",36.815738677978516,-119.72225189208984,FRESNO,CLOVIS,-119.72177886962891,36.815738677978516
9261001,2021,2021-07-15,1015,2021-06-17,0911,N262,SELMA,4,5,3,1015,0,0,0,,0,N11,"2ND ST","RT 99",0.00,,Y,A,-,Y,FRE,6,99,-,R,5.146,R,1,N,,4,0,1,2,A,-,10,21950,A,N,G,B,B,A,H,-,A,A,0,Y,,,,Y,,A,07,0,0,1,0,1,0,0,0,0,"- ",NF,,,FRESNO,SELMA,-119.61347198486328,36.562019348144531
9261107,2021,2021-07-07,1015,2021-06-08,0520,N106,SELMA,2,5,3,1015,0,0,0,,0,,"2ND ST","YOUNG ST",0.00,,Y,A,-,N,,,,,,,,,,N,4,0,1,2,A,-,03,22350,,F,G,B,B,A,H,-,B,D,0,Y,,,,Y,,-,,0,0,1,0,1,0,0,0,0,"- ","- ",,,FRESNO,SELMA,-119.61490631103516,36.564533233642578
9261661,2021,2021-05-06,1015,2021-04-20,1357,N115,SELMA,2,5,3,1015,0,0,0,,0,002,"WHITSON ST","FLORAL AV",400.00,S,N,A,-,N,,,,,,,,,,N,3,0,1,2,A,-,11,21954,A,N,G,B,D,A,H,-,A,D,0,Y,,,,Y,,N,60,0,1,0,0,1,0,0,0,0,"- ","- ",36.576229095458984,-119.62470245361328,FRESNO,SELMA,-119.62386322021484,36.575469970703125
9262117,2021,2021-05-06,1001,2021-04-21,2249,5465,,3,5,5,1001,0,0,0,,0,007,"NORTH MINNEWAWA AV","W TEAGUE AV W",0.00,,Y,A,-,N,,,,,,,,,,Y,3,0,1,2,A,-,01,23153,G,F,D,C,A,A,H,-,C,A,0,,,,,Y,Y,A,07,0,1,0,0,0,0,0,0,0,"- ","- ",36.859321594238281,-119.71118927001953,FRESNO,CLOVIS,-119.71121978759766,36.859321594238281
9262663,2021,2021-05-14,1008,2021-04-20,1652,J212,KINGS,2,5,2,1008,0,0,0,,0,,"SIERRA ST","20TH AV",0.00,,Y,A,-,N,,,,,,,,,,,4,0,1,3,A,-,03,22350,,N,C,C,A,A,H,-,A,C,0,,,,,Y,,A,01,0,0,1,0,0,0,0,0,0,"- ","- ",,,FRESNO,KINGSBURG,-119.54518890380859,36.517852783203125
9262963,2021,2021-05-12,1012,2021-04-10,1136,L139,REEDL,6,5,3,1012,0,0,0,,0,04C,"I ST","11TH ST",11.00,N,N,A,-,N,,,,,,,,,,Y,4,0,1,2,A,-,09,21801,A,N,D,C,A,A,H,-,A,A,0,,,,,Y,,A,01,0,0,1,0,0,0,0,0,0,"- ","- ",,,FRESNO,REEDLEY,-119.453125,36.594852447509766
9264991,2021,2021-05-21,1013,2021-04-23,1222,M158,M270,5,5,3,1013,0,0,0,,0,M02,"K ST","7TH ST",135.00,S,N,A,-,N,,,,,,,,,,N,4,0,1,2,A,-,08,22103,,N,D,C,A,A,H,-,A,D,0,,,,,Y,,A,01,0,0,1,0,0,0,0,0,0,"- ","- ",,,FRESNO,SANGER,-119.55299377441406,36.70654296875
9265562,2021,2021-05-25,1015,2021-05-12,1222,N265,SELMA,3,5,3,1015,0,0,0,,0,0SE,"FLORAL AV","THOMPSON AV",0.00,,Y,A,-,N,,,,,,,,,,,4,0,2,2,A,-,09,21804,A,N,D,C,A,A,H,-,A,A,0,,,,,Y,,A,01,0,0,2,0,0,0,0,0,0,"- ","- ",36.576240539550781,-119.61974334716797,FRESNO,SELMA,-119.61968231201172,36.576271057128906
9265757,2021,2021-06-08,1002,2021-04-16,2043,E1564,,5,5,3,1002,0,0,0,,0,,"EAST ELM AV","VAN NESS ST",86.00,S,N,A,-,N,,,,,,,,,,Y,4,0,1,4,A,-,04,21703,,N,C,C,A,A,H,-,C,D,0,,,,Y,Y,,A,01,0,0,1,0,0,0,0,0,0,EO,"- ",36.143520355224609,-120.35722351074219,FRESNO,COALINGA,-120.35658264160156,36.143669128417969
9265963,2021,2021-05-27,1002,2021-04-02,1803,1574,CO,5,5,3,1002,0,0,0,,0,E060,"ELM AV","5TH ST",0.00,,Y,A,-,N,,,,,,,,,,N,3,0,1,2,A,-,09,21802,A,N,D,C,A,A,H,-,A,A,0,,,,,Y,,-,,0,1,0,0,0,0,0,0,0,"- ","- ",36.139671325683594,-120.36067962646484,FRESNO,COALINGA,-120.36029815673828,36.139743804931641
9265964,2021,2021-05-27,1002,2021-04-27,1942,E1488,,2,5,3,1002,0,0,0,,0,,"N FIFTH ST","FOREST AV",0.00,,Y,A,-,N,,,,,,,,,,Y,3,0,1,7,A,-,03,22350,,N,D,D,A,A,H,-,A,A,0,,,,,Y,,A,07,0,1,0,0,0,0,0,0,0,"- ","- ",36.138778686523438,-120.35977172851562,FRESNO,COALINGA,-120.35920715332031,36.139068603515625
9265965,2021,2021-05-27,1002,2021-04-14,1449,E1503,CO,3,5,3,1002,0,0,0,,0,E050,"WEST POLK ST","MONTEREY ST",0.00,,Y,A,-,N,,,,,,,,,,N,2,0,1,1,A,-,08,22107,,N,E,I,A,A,H,-,A,D,0,,,,,Y,,-,,1,0,0,0,0,0,0,0,0,"- ","- ",36.136470794677734,-120.37241363525391,FRESNO,COALINGA,-120.37238311767578,36.136512756347656
9267432,2021,2021-06-07,1001,2021-04-24,2220,5672,,6,5,5,1001,0,0,0,,0,002,"CLOVIS AV","SANTA ANA AV",0.00,,Y,A,-,N,,,,,,,,,,N,4,0,1,2,A,-,22,23123,A,N,C,C,A,A,H,-,C,A,0,,,,,Y,,A,01,0,0,1,0,0,0,0,0,0,"- ","- ",36.804878234863281,-119.70053863525391,FRESNO,CLOVIS,-119.70053863525391,36.804878234863281
9267468,2021,2021-06-17,1001,2021-05-05,1436,5683,,3,5,5,1001,0,0,0,,0,001,"W SANTA ANA AV","PEACH AV",0.00,,Y,A,-,N,,,,,,,,,,N,4,0,2,2,A,-,09,21802,A,N,D,C,A,A,H,-,A,D,0,,,,,Y,,D,22,0,0,2,0,0,0,0,0,0,"- ","- ",36.804851531982422,-119.71842956542969,FRESNO,CLOVIS,-119.71842956542969,36.804851531982422
9267472,2021,2021-06-09,1001,2021-04-26,1607,5708,,1,5,5,1001,0,0,0,,0,007,"N PEACH AV","W FIR AV",170.00,S,N,A,-,N,,,,,,,,,,N,4,0,2,2,A,-,21,22106,,N,C,C,A,A,H,-,A,A,0,,,,,Y,,D,22,0,0,2,0,0,0,0,0,0,"- ","- ",36.837650299072266,-119.72038269042969,FRESNO,CLOVIS,-119.72019195556641,36.838474273681641
9268330,2021,2021-06-02,1001,2021-04-16,1548,5809,,5,5,5,1001,0,0,0,,0,002,"SHAW AV","DEWITT AV",400.00,W,N,A,-,N,,,,,,,,,,Y,3,0,1,2,A,-,09,21801,A,N,D,C,A,A,H,-,A,D,0,,,,,Y,,A,01,0,1,0,0,0,0,0,0,0,"- ","- ",36.808391571044922,-119.70909881591797,FRESNO,CLOVIS,-119.70590209960938,36.808425903320312
9268334,2021,2021-06-02,1001,2021-04-30,1523,5694,,5,5,5,1001,0,0,0,,0,005,"HERNDON AV","CLOVIS AV",500.00,W,N,A,-,N,,,,,,,,,,Y,4,0,1,2,A,-,03,22350,,N,C,C,A,A,H,-,A,A,0,,,,,Y,,A,01,0,0,1,0,0,0,0,0,0,"- ","- ",,,FRESNO,CLOVIS,-119.70179748535156,36.837211608886719
9268338,2021,2021-06-07,1001,2021-04-24,1249,5612,,6,5,5,1001,0,0,0,,0,006,"TOLLHOUSE AV","N FOWLER AV",0.00,,Y,A,-,N,,,,,,,,,,Y,4,0,3,2,A,-,12,21453,A,N,D,C,A,A,H,-,A,A,0,,,,,Y,,A,01,0,0,3,0,0,0,0,0,0,"- ","- ",36.827068328857422,-119.68225860595703,FRESNO,CLOVIS,-119.68206024169922,36.832130432128906
9268366,2021,2021-06-30,1001,2021-05-04,1521,5605,,2,5,5,1001,0,0,0,,0,005,"CLOVIS AV","7TH ST",0.00,,Y,A,-,N,,,,,,,,,,Y,3,0,1,2,A,-,09,21802,A,N,D,C,A,A,H,-,A,A,0,,,,,Y,,D,22,0,1,0,0,0,0,0,0,0,"- ","- ",36.822071075439453,-119.70065307617188,FRESNO,CLOVIS,-119.70067596435547,36.822067260742188
9268437,2021,2021-06-14,1015,2021-05-21,1621,N085,SELMA,5,5,3,1015,0,0,0,,0,N300,"MOUNTAIN VIEW AV","S VAN HORN AV",269.00,W,N,A,-,N,,,,,,,,,,N,4,0,1,2,A,-,03,22350,,N,C,C,A,A,H,-,A,D,0,,,,,Y,,D,82,0,0,1,0,0,0,0,0,0,"- ","- ",,,FRESNO,SELMA,-119.59904479980469,36.547008514404297
9269655,2021,2021-06-01,1008,2021-04-17,1618,J310,KINGS,6,5,2,1008,0,0,0,,0,KINGSB,"6TH AV DR",ORANGE,63.00,N,N,A,-,,,,,,,,,,,,3,0,1,2,A,-,03,22350,,N,E,I,A,A,H,-,A,D,0,,,,,Y,Y,-,"- ",0,1,0,0,0,0,0,0,0,"- ","- ",,,FRESNO,KINGSBURG,-119.56159973144531,36.514484405517578
9269657,2021,2021-06-01,1008,2021-04-18,0346,159,KINGS,7,5,2,1008,0,0,0,,0,0KI,"GOLDEN STATE BL","BETHEL AV",1198.00,S,N,A,-,,,,,,,,,,,Y,2,0,1,1,A,-,01,23152,A,N,F,A,A,A,H,-,D,D,0,,,,,Y,Y,A,01,1,0,0,0,0,0,0,0,0,"- ","- ",36.533199310302734,-119.53958892822266,FRESNO,KINGSBURG,-119.57321929931641,36.530780792236328
92700319,2024,2024-07-26,9435,2024-07-25,1800,020836,,4,2,7,1005,0,1,3,,2,105,"SR-99 S/B TO FRESNO STREET","TUOLUMNE STREET",35.00,S,N,A,-,Y,FRE,,99," "," ",20.908,H,,L,Y,4,0,1,1,A,-,08,22107,,N,E,I,A,A,H,-,A,D,0,,,,,Y,,A,01,0,0,1,0,0,0,0,0,0,"- ","- ",36.732738494873047,-119.80146789550781,FRESNO,FRESNO,-119.80133056640625,36.732841491699219
9270387,2021,2021-06-10,1011,2021-05-04,0800,K080,,2,5,3,1011,0,0,0,,0,,"THIRD ST","J ST",0.00,,Y,A,-,N,,,,,,,,,,N,4,0,1,2,A,-,09,21800,A,N,D,C,A,A,H,-,A,A,0,,,,,Y,,A,01,0,0,1,0,0,0,0,0,0,"- ","- ",36.614250183105469,-119.52599334716797,FRESNO,PARLIER,-119.52593994140625,36.614242553710938
9270853,2021,2021-05-27,1001,2021-05-04,1944,5733,,2,5,5,1001,0,0,0,,0,007,"WEST HERNDON AV","S SUNNYSIDE AV S",0.00,,Y,A,-,N,,,,,,,,,,N,3,0,1,2,A,-,05,21650,1,N,D,G,A,A,H,-,A,A,0,,Y,,,Y,,L,04,0,1,0,0,0,0,1,0,0,"- ","- ",36.837398529052734,-119.69090270996094,FRESNO,CLOVIS,-119.69095611572266,36.837394714355469
9270857,2021,2021-05-27,1001,2021-05-01,1344,5790,,6,5,5,1001,0,0,0,,0,001,"PEACH AV","W ALAMOS AV W",0.00,,Y,A,-,N,,,,,,,,,,Y,4,0,2,2,A,-,09,21801,A,N,A,C,A,A,H,-,A,D,0,,,,,Y,,A,01,0,0,2,0,0,0,0,0,0,"- ","- ",36.806198120117188,-119.71822357177734,FRESNO,CLOVIS,-119.71822357177734,36.806201934814453
9270861,2021,2021-05-28,1001,2021-05-06,1510,5815,,4,5,5,1001,0,0,0,,0,006,"POE AV","TWINBERRY AV",0.00,,Y,A,-,N,,,,,,,,,,N,4,0,1,2,A,-,05,21650,,N,A,C,A,A,H,-,A,D,0,,,,,Y,,A,01,0,0,1,0,0,0,0,0,0,"- ","- ",36.808979034423828,-119.64839172363281,FRESNO,CLOVIS,-119.64838409423828,36.808937072753906
92709079,2024,2024-07-26,9435,2024-07-25,1340,020193,,4,1,9,1000,0,1,3,,2,106,"STATE ROUTE 99 TO CLOVIS AVENUE","CLAYTON AVENUE",0.00,,Y,A,-,Y,,,,,,,,,,N,4,0,2,2,A,-,09,21802,A,N,D,C,A,A,H,-,A,A,0,,,,,Y,,A,01,0,0,2,0,0,0,0,0,0,"- ","- ",36.641738891601562,-119.70175933837891,FRESNO,UNINCORPORATED,-119.70140838623047,36.641780853271484
9270933,2021,2021-06-03,1001,2021-04-16,1253,5809,,5,5,5,1001,0,0,0,,0,003,"ASHLAN AV","CARSON AV",0.00,,Y,A,-,N,,,,,,,,,,N,3,0,1,2,A,-,05,21650,,N,D,G,A,A,H,-,A,D,0,,Y,,,Y,,L,04,0,1,0,0,0,0,1,0,0,"- ","- ",36.793811798095703,-119.65963745117188,FRESNO,CLOVIS,-119.65963745117188,36.793807983398438
9270937,2021,2021-06-03,1001,2021-04-29,1533,5723,,4,5,5,1001,0,0,0,,0,007,"N WILLOW AV","W SPRUCE AV",84.00,N,N,A,-,N,,,,,,,,,,N,3,0,1,2,A,-,09,21453,B,N,C,C,A,A,H,-,A,A,0,,,Y,,Y,,A,01,0,1,0,0,0,0,0,0,1,"- ","- ",36.841018676757812,-119.72950744628906,FRESNO,CLOVIS,-119.72952270507812,36.841251373291016
9272002,2021,2021-06-04,1015,2021-05-21,1345,N262,SELMA,5,5,3,1015,0,0,0,,0,N11,"MCCALL AV","DINUBA AV",0.00,,Y,A,-,,,,,,,,,,,,4,0,1,2,A,-,10,21950,A,N,G,B,B,A,H,-,A,D,0,Y,,,,Y,,A,01,0,0,1,0,1,0,0,0,0,"- ","- ",36.590728759765625,-119.61067962646484,FRESNO,SELMA,-119.61066436767578,36.590740203857422
92726351,2024,2024-07-26,9435,2024-07-22,2340,019523,,1,3,9,1000,0,3,5,,2,015,"JAMES ROAD","COLORADO ROAD",100.00,N,N,A,-,N,,,,,,,,,,Y,2,0,1,1,A,-,01,23152,A,N,F,A,A,A,H,-,D,A,0,,,,,Y,Y,A,01,1,0,0,0,0,0,0,0,0,"- ","- ",36.652801513671875,-120.25034332275391,FRESNO,UNINCORPORATED,-120.25025939941406,36.652713775634766
92726446,2024,2024-07-26,9435,2024-07-25,1033,015890,,4,1,9,1000,0,3,5,,2,015,"SAN BENITO AVE","PANOCHE RD",0.00,,Y,A,-,N,,,,,,,,,,Y,4,0,1,2,A,-,09,21802,A,N,D,C,A,A,H,-,A,A,0,,,,Y,Y,,D,22,0,0,1,0,0,0,0,0,0,"- ","- ",36.730979919433594,-120.36107635498047,FRESNO,UNINCORPORATED,-120.36105346679688,36.731014251708984
92726545,2024,2024-07-26,9435,2024-07-19,1238,019259,,5,1,9,1000,0,1,3,,1,412,SR-41,"MOUNT WHITNEY AVE",1000.00,S,N,A,-,Y,FRE,,41," ",R,1.913,H,,R,Y,3,0,2,3,A,-,03,22350,,N,C,C,A,A,H,-,A,D,0,,,,,Y,,A,01,0,1,1,0,0,0,0,0,0,"- ","- ",36.429378509521484,-119.80149078369141,FRESNO,UNINCORPORATED,-119.80152893066406,36.429386138916016
9272830,2021,2021-08-09,1012,2021-06-21,2031,L141,REEDL,1,5,3,1012,0,0,0,,0,B01,"G ST","14TH ST",14.00,S,N,A,-,N,,,,,,,,,,,4,0,1,2,A,-,03,22350,,M,C,C,A,A,H,-,B,D,0,,,,,Y,Y,A,07,0,0,1,0,0,0,0,0,0,"- ","- ",,,FRESNO,REEDLEY,-119.44770812988281,36.593360900878906
9272926,2021,2021-07-28,1008,2021-05-20,0812,J264,KINGS,4,5,2,1008,0,0,0,,0,,"STROUD AV","LUNA AV",7.00,E,N,A,-,N,,,,,,,,,,N,3,0,1,2,A,-,"- ",,,F,G,B,B,A,H,-,A,A,0,Y,,,,Y,,I,11,0,1,0,0,1,0,0,0,0,"- ","- ",,,FRESNO,KINGSBURG,-119.556817,36.525182000000001
9273771,2021,2021-06-30,1012,2021-05-17,1112,L118,REEDL,1,5,3,1012,0,0,0,,0,,"FISHER AV","MANNING AV",154.00,N,N,A,-,N,,,,,,,,,,N,4,0,2,2,A,-,03,22350,,F,C,C,A,A,H,-,A,D,0,,,,Y,Y,,A,01,0,0,2,0,0,0,0,0,0,"- ","- ",36.595928192138672,-119.44320678710938,FRESNO,REEDLEY,-119.43830871582031,36.60455322265625
9273822,2021,2021-06-29,1001,2021-05-18,1545,5145,,2,5,5,1001,0,0,0,,0,001,"WEST ASHLAN AV",WILLOW,25.00,E,N,A,-,N,,,,,,,,,,Y,4,0,1,2,A,-,03,22350,,N,C,C,A,A,G,-,A,A,0,,,,,Y,,A,01,0,0,1,0,0,0,0,0,0,"- ","- ",36.794189453125,-119.72743988037109,FRESNO,CLOVIS,-119.72737121582031,36.794200897216797
9273844,2021,2021-06-24,1001,2021-05-17,1233,5145,,1,5,5,1001,0,0,0,,0,001,"W GETTYSBURG AV",HELM,0.00,,Y,A,-,N,,,,,,,,,,Y,4,0,2,2,A,-,09,21800,C,N,D,C,A,A,H,-,A,A,0,,,,,Y,,A,07,0,0,2,0,0,0,0,0,0,"- ","- ",,,FRESNO,CLOVIS,-119.72269439697266,36.801216125488281
9274802,2021,2021-07-21,1001,2021-06-05,1140,5790,,6,5,5,1001,0,0,0,,0,002,"W SANTA ANA AV","MINNEWAWA AV",0.00,,Y,A,-,N,,,,,,,,,,Y,4,0,1,2,A,-,04,21703,,N,C,C,A,A,H,-,A,A,0,,,,,Y,,A,01,0,0,1,0,0,0,0,0,0,"- ","- ",36.804851531982422,-119.70913696289062,FRESNO,CLOVIS,-119.70913696289062,36.804851531982422
9274877,2021,2021-07-21,1001,2021-06-05,1108,5014,,6,5,5,1001,0,0,0,,0,002,"NORTH CLOVIS AV","SAN GABRIEL AV",191.00,S,N,A,-,N,,,,,,,,,,N,3,0,2,3,A,-,03,22350,,N,C,C,A,A,H,-,A,A,0,,,,,Y,,D,22,0,1,1,0,0,0,0,0,0,"- ","- ",36.803489685058594,-119.70053100585938,FRESNO,CLOVIS,-119.70053100585938,36.803188323974609
9275078,2021,2021-07-01,1001,2021-05-26,1947,5686,,3,5,5,1001,0,0,0,,0,001,"WEST SHAW AV","HELM AV",0.00,,Y,A,-,N,,,,,,,,,,Y,4,0,1,2,A,-,09,21801,A,N,D,C,A,A,H,-,C,D,0,,,Y,,Y,,A,01,0,0,1,0,0,0,0,0,1,"- ","- ",36.808559417724609,-119.72386169433594,FRESNO,CLOVIS,-119.72386169433594,36.808406829833984
9275180,2021,2021-07-08,1001,2021-05-19,1615,5823,,3,5,5,1001,0,0,0,,0,005,"5TH ST","WOODWORTH AV",0.00,,Y,A,-,N,,,,,,,,,,N,4,0,1,2,A,-,08,22107,1,N,B,C,A,A,H,-,A,A,0,,,,,Y,,A,01,0,0,1,0,0,0,0,0,0,"- ","- ",36.823940277099609,-119.70339202880859,FRESNO,CLOVIS,-119.70339202880859,36.823951721191406
9275193,2021,2021-07-15,1001,2021-06-17,1504,5723,,4,5,5,1001,0,0,0,,0,003,"SHAW AV","LEONARD AV",0.00,,Y,A,-,N,,,,,,,,,,N,4,0,1,2,A,-,12,22450,A,N,D,C,A,A,H,-,A,A,0,,,,,Y,,A,07,0,0,1,0,0,0,0,0,0,"- ","- ",36.808311462402344,-119.636962890625,FRESNO,CLOVIS,-119.63700103759766,36.808307647705078
9275194,2021,2021-07-15,1001,2021-06-21,1714,5605,,1,5,5,1001,0,0,0,,0,004,"WEST BARSTOW AV","SYLMAR AV",0.00,,Y,A,-,N,,,,,,,,,,Y,3,0,2,2,A,-,09,21802,A,N,D,C,A,A,H,-,A,A,0,,,,,Y,,A,07,0,1,1,0,0,0,0,0,0,"- ","- ",36.815738677978516,-119.72112274169922,FRESNO,CLOVIS,-119.72111511230469,36.815742492675781
9275195,2021,2021-07-15,1001,2021-06-07,1521,5605,,1,5,5,1001,0,0,0,,0,001,"MINNEWAWA AV","SHAW AV",320.00,S,N,A,-,N,,,,,,,,,,Y,4,0,1,2,A,-,09,21801,A,N,D,C,A,A,H,-,A,D,0,,,,,Y,,A,01,0,0,1,0,0,0,0,0,0,"- ","- ",36.808391571044922,-119.70909881591797,FRESNO,CLOVIS,-119.70912933349609,36.807540893554688
9275196,2021,2021-07-15,1001,2021-06-11,1959,5822,,5,5,5,1001,0,0,0,,0,004,"WEST BULLARD AV","VILLA AV",0.00,,Y,A,-,N,,,,,,,,,,N,4,0,1,2,A,-,09,21453,B,N,D,C,A,A,H,-,B,A,0,,,,,Y,,A,07,0,0,1,0,0,0,0,0,0,"- ","- ",36.822948455810547,-119.71338653564453,FRESNO,CLOVIS,-119.71340179443359,36.822959899902344