CASE_ID,ACCIDENT_YEAR,PROC_DATE,JURIS,COLLISION_DATE,COLLISION_TIME,OFFICER_ID,REPORTING_DISTRICT,DAY_OF_WEEK,CHP_SHIFT,POPULATION,CNTY_CITY_LOC,SPECIAL_COND,BEAT_TYPE,CHP_BEAT_TYPE,CITY_DIVISION_LAPD,CHP_BEAT_CLASS,BEAT_NUMBER,PRIMARY_RD,SECONDARY_RD,DISTANCE,DIRECTION,INTERSECTION,WEATHER_1,WEATHER_2,STATE_HWY_IND,CALTRANS_COUNTY,CALTRANS_DISTRICT,STATE_ROUTE,ROUTE_SUFFIX,POSTMILE_PREFIX,POSTMILE,LOCATION_TYPE,RAMP_INTERSECTION,SIDE_OF_HWY,TOW_AWAY,COLLISION_SEVERITY,NUMBER_KILLED,NUMBER_INJURED,PARTY_COUNT,PRIMARY_COLL_FACTOR,PCF_CODE_OF_VIOL,PCF_VIOL_CATEGORY,PCF_VIOLATION,PCF_VIOL_SUBSECTION,HIT_AND_RUN,TYPE_OF_COLLISION,MVIW,PED_ACTION,ROAD_SURFACE,ROAD_COND_1,ROAD_COND_2,LIGHTING,CONTROL_DEVICE,CHP_ROAD_TYPE,PEDESTRIAN_ACCIDENT,BICYCLE_ACCIDENT,MOTORCYCLE_ACCIDENT,TRUCK_ACCIDENT,NOT_PRIVATE_PROPERTY,ALCOHOL_INVOLVED,STWD_VEHTYPE_AT_FAULT,CHP_VEHTYPE_AT_FAULT,COUNT_SEVERE_INJ,COUNT_VISIBLE_INJ,COUNT_COMPLAINT_PAIN,COUNT_PED_KILLED,COUNT_PED_INJURED,COUNT_BICYCLIST_KILLED,COUNT_BICYCLIST_INJURED,COUNT_MC_KILLED,COUNT_MC_INJURED,PRIMARY_RAMP,SECONDARY_RAMP,LATITUDE,LONGITUDE,COUNTY,CITY,POINT_X,POINT_Y
9319328,2021,2021-09-20,1001,2021-08-16,1839,5145,,1,5,5,1001,0,0,0,,0,004,"W SIERRA AV","VILLA AV",0.00,,Y,A,-,N,,,,,,,,,,Y,4,0,3,2,A,-,12,21453,A,N,A,D,A,A,H,-,A,A,0,,,,,Y,,A,08,0,0,3,0,0,0,0,0,0,"- ","- ",36.830108642578125,-119.71395874023438,FRESNO,CLOVIS,-119.71353149414062,36.830276489257812
9319329,2021,2021-09-20,1001,2021-08-14,1058,5014,,6,5,5,1001,0,0,0,,0,004,"WEST BULLARD AV","VILLA AV",0.00,,Y,A,-,N,,,,,,,,,,Y,3,0,2,2,A,-,12,21453,A,N,D,C,A,A,H,-,A,A,0,,,,,Y,,M,47,0,1,1,0,0,0,0,0,0,"- ","- ",36.822948455810547,-119.71338653564453,FRESNO,CLOVIS,-119.71340179443359,36.822959899902344
9319330,2021,2021-09-20,1001,2021-08-13,1553,5808,,5,5,5,1001,0,0,0,,0,005,"HERNDON AV",CLOVIS,676.00,W,N,A,-,N,,,,,,,,,,Y,4,0,4,3,A,-,03,22350,,N,C,C,A,A,H,-,A,A,0,,,,,Y,,A,01,0,0,4,0,0,0,0,0,0,"- ","- ",36.83721923828125,-119.70005798339844,FRESNO,CLOVIS,-119.70240020751953,36.837215423583984
9319331,2021,2021-09-20,1001,2021-08-13,0809,5793,,5,5,5,1001,0,0,0,,0,005,"SIERRA AV","OXFORD AV",0.00,,Y,A,-,N,,,,,,,,,,Y,3,0,1,2,A,-,09,21801,A,N,D,C,A,A,H,-,A,D,0,,,,,Y,,A,01,0,1,0,0,0,0,0,0,0,"- ","- ",36.830291748046875,-119.70614624023438,FRESNO,CLOVIS,-119.70615386962891,36.830284118652344
9319544,2021,2021-09-15,1001,2021-07-28,0054,5809,,3,5,5,1001,0,0,0,,0,003,"EAST ASHLAN AV",HIGHLAND,280.00,E,N,A,-,N,,,,,,,,,,Y,3,0,2,1,A,-,17,21367,C,N,H,J,A,A,A,-,D,D,0,,,,,Y,,A,01,0,2,0,0,0,0,0,0,0,"- ","- ",36.793819427490234,-119.62789916992188,FRESNO,CLOVIS,-119.62701416015625,36.793811798095703
9320118,2021,2021-12-08,1001,2021-08-08,2022,5824,,7,5,5,1001,0,0,0,,0,002,"WEST SHAW AV",FOWLER,293.00,E,N,A,-,N,,,,,,,,,,Y,2,0,1,2,C,-,18,,,N,E,I,A,A,D,-,C,A,0,,,,,Y,,-,"- ",1,0,0,0,0,0,0,0,0,"- ","- ",36.808521270751953,-119.68206024169922,FRESNO,CLOVIS,-119.68106079101562,36.808513641357422
9320197,2021,2021-12-21,1001,2021-06-10,2209,5795,,4,5,5,1001,0,0,0,,0,004,"WEST SHAW AV","PEACH AV",535.00,W,N,A,-,N,,,,,,,,,,N,1,1,0,2,A,-,11,21955,,F,G,B,D,A,H,-,C,D,0,Y,,,,Y,,N,60,0,0,0,1,0,0,0,0,0,"- ","- ",36.808811187744141,-119.71994018554688,FRESNO,CLOVIS,-119.72002410888672,36.808387756347656
9320198,2021,2023-06-20,1001,2021-06-12,2248,5635,,6,5,5,1001,0,0,0,,0,005,"NORTH CLOVIS AV",SCOTT,436.00,N,N,A,-,N,,,,,,,,,,Y,1,1,0,2,A,-,11,21954,A,N,G,B,D,A,H,-,C,D,0,Y,,,,Y,Y,N,60,0,0,0,1,0,0,0,0,0,"- ","- ",36.812168121337891,-119.70018768310547,FRESNO,CLOVIS,-119.70034790039062,36.812416076660156
9320205,2021,2021-12-27,1011,2021-10-07,1230,K040,PARLI,4,5,3,1011,0,0,0,,0,0PA,"ACADEMY AV","PARLIER AV",0.00,,Y,A,-,N,,,,,,,,,,Y,1,1,1,2,A,-,09,21801,B,N,D,C,A,A,H,-,A,A,0,,,,,Y,,D,22,1,0,0,0,0,0,0,0,0,"- ","- ",36.604579925537109,-119.56156921386719,FRESNO,PARLIER,-119.55690765380859,36.612369537353516
9320412,2020,2022-02-23,1005,2020-09-14,2118,P1070,"CE D",1,5,7,1005,0,0,0,,0,2257,"1ST ST","YALE AV",127.00,N,N,A,-,N,,,,,,,,,,Y,1,1,0,2,A,-,01,21200,5,N,H,G,A,A,H,-,C,D,0,,Y,,,Y,Y,L,04,0,0,0,0,0,1,0,0,0,"- ","- ",36.770359039306641,-119.77259063720703,FRESNO,FRESNO,-119.77264404296875,36.770797729492188
9320413,2020,2022-02-23,1005,2020-11-07,0013,P1131,"NW G",6,5,7,1005,0,0,0,,0,1755,"BLACKSTONE AV","SANTA ANA AV",0.00,,Y,A,-,N,,,,,,,,,,Y,1,1,1,2,A,-,03,22350,,N,G,B,B,A,H,-,D,D,0,Y,,,,Y,,A,01,0,1,0,1,0,0,0,0,0,"- ","- ",36.804851531982422,-119.79054260253906,FRESNO,FRESNO,-119.79058074951172,36.804908752441406
9320414,2020,2022-02-23,1005,2020-11-13,1722,P1070,"SW G",5,5,7,1005,0,0,0,,0,3259,"NORTH AV","GOLDEN STATE FRONTAGE RD",35.00,W,N,B,-,N,,,,,,,,,,N,1,1,0,2,A,-,03,22350,,F,D,G,A,A,H,-,D,A,0,,Y,,,Y,Y,A,07,0,0,0,0,0,1,0,0,0,"- ","- ",36.692428588867188,-119.75257873535156,FRESNO,FRESNO,-119.75286865234375,36.692401885986328
9320415,2020,2022-02-23,1005,2020-12-01,1738,P1070,"CE C",2,5,7,1005,0,0,0,,0,2154,"SHIELDS AV","WISHON AV",69.00,W,N,A,-,N,,,,,,,,,,Y,1,1,3,2,A,-,12,22451,A,N,H,F,A,A,H,-,C,A,0,,,,,Y,,A,08,0,1,2,0,0,0,0,0,0,"- ","- ",36.779399871826172,-119.80222320556641,FRESNO,FRESNO,-119.80241394042969,36.779510498046875
9320417,2020,2022-06-11,1005,2020-12-26,2338,P1070,"NW E",6,5,7,1005,0,0,0,,0,1554,"BULLARD AV","PALM AV",0.00,,Y,B,-,N,,,,,,,,,,Y,1,4,3,3,A,-,01,23152,F,N,D,C,A,A,H,-,C,A,0,,,,,Y,,A,01,1,0,2,0,0,0,0,0,0,"- ","- ",36.822811126708984,-119.80835723876953,FRESNO,FRESNO,-119.80840301513672,36.822860717773438
9320496,2022,2022-03-10,1015,2022-02-19,1426,N125,SELMA,6,5,3,1015,0,0,0,,0,N100,"MCCALL AV","NORTHILL ST",60.00,S,N,A,-,,,,,,,,,,,,1,1,0,2,A,-,17,21663,,F,G,B,F,A,H,-,A,D,0,Y,,,,Y,,A,08,0,0,0,1,0,0,0,0,0,"- ","- ",36.586799621582031,-119.61071014404297,FRESNO,SELMA,-119.61067199707031,36.586494445800781
9320576,2022,2022-03-24,1015,2022-02-28,2115,N042,SELMA,1,5,3,1015,0,0,0,,0,SELMA,"MCCALL AV","HICKS ST",156.00,N,N,A,-,N,,,,,,,,,,Y,1,1,0,2,A,-,08,22107,,N,D,C,A,A,H,-,C,D,0,,,Y,,Y,,C,02,0,0,0,0,0,0,0,0,0,"- ","- ",36.588520050048828,-119.61070251464844,FRESNO,SELMA,-119.61065673828125,36.5888671875
9320603,2021,2022-04-15,1001,2021-09-09,2221,5465,,4,5,5,1001,0,0,0,,0,005,"CLOVIS AV","JEFFERSON AV",42.00,N,N,B,-,N,,,,,,,,,,Y,1,1,0,1,A,-,01,23152,A,N,E,I,A,A,H,-,C,D,0,,,Y,,Y,Y,C,02,0,0,0,0,0,0,0,1,0,"- ","- ",36.818431854248047,-119.70036315917969,FRESNO,CLOVIS,-119.70041656494141,36.817714691162109
9321090,2022,2022-08-05,1015,2022-05-18,0223,N042,SELMA,3,5,3,1015,0,0,0,,0,,"GOLDEN STATE BL",DINUBA,766.00,S,N,A,-,N,,,,,,,,,,N,1,1,0,2,A,-,11,21954,A,N,G,B,E,A,H,-,D,D,0,Y,,,,Y,,N,60,0,0,0,1,0,0,0,0,0,"- ","- ",,,FRESNO,SELMA,-119.63688659667969,36.588893890380859
9322548,2021,2021-11-03,1013,2021-09-22,0925,M158,M170,3,5,3,1013,0,0,0,,0,M01,"JENSEN AV","BETHEL AV",433.00,E,N,A,-,N,,,,,,,,,,Y,4,0,2,2,A,-,04,21703,,N,C,C,A,A,H,-,A,D,0,,,,,Y,,A,07,0,0,2,0,0,0,0,0,0,"- ","- ",36.706760406494141,-119.57431030273438,FRESNO,SANGER,-119.57279205322266,36.706790924072266
9323028,2021,2021-09-16,1013,2021-08-19,0733,M164,SANGE,4,5,3,1013,0,0,0,,0,002,"GREENWOOD AV","4TH ST",61.00,S,N,A,-,N,,,,,,,,,,,3,0,1,2,A,-,21,22106,,N,G,B,F,A,H,-,A,D,0,Y,,,Y,Y,,F,26,0,1,0,0,1,0,0,0,0,"- ","- ",,,FRESNO,SANGER,-119.56522369384766,36.709743499755859
9323032,2021,2021-09-16,1013,2021-08-18,1304,M166,,3,5,3,1013,0,0,0,,0,,"ACADEMY AV","CHURCH AV",0.00,,Y,A,-,N,,,,,,,,,,,3,0,1,1,A,-,08,22107,,N,E,I,A,A,H,-,A,D,0,,,,Y,Y,,F,26,0,1,0,0,0,0,0,0,0,"- ","- ",36.713069915771484,-119.55715179443359,FRESNO,SANGER,-119.55718231201172,36.713043212890625
9323377,2021,2021-10-04,1011,2021-08-29,0913,K080,,7,5,3,1011,0,0,0,,0,,"PARLIER AV","AVILA AV",174.00,E,N,A,-,N,,,,,,,,,,Y,4,0,1,2,A,-,07,21658,,N,C,E,A,A,H,-,A,D,0,,,,,Y,,A,01,0,0,1,0,0,0,0,0,0,"- ","- ",36.611690521240234,-119.53164672851562,FRESNO,PARLIER,-119.53382110595703,36.611843109130859
9323650,2021,2021-09-25,1011,2021-08-09,1217,K086,,1,5,3,1011,0,0,0,,0,,"NEWMARK AV","MANNING AV",369.00,N,N,A,-,N,,,,,,,,,,Y,4,0,1,2,A,-,09,21804,,N,D,C,A,A,H,-,A,D,0,,,,,Y,,A,01,0,0,1,0,0,0,0,0,0,"- ","- ",36.604000091552734,-119.52989959716797,FRESNO,PARLIER,-119.52992248535156,36.605693817138672
9323668,2021,2021-09-17,1015,2021-07-18,1256,N265,SELMA,7,5,3,1015,0,0,0,,0,0SE,"DINUBA AV","THOMPSON AV",0.00,,Y,B,-,N,,,,,,,,,,N,4,0,1,3,A,-,09,21801,A,N,D,C,A,A,H,-,A,A,0,,,,,Y,,A,07,0,0,1,0,0,0,0,0,0,"- ","- ",36.59075927734375,-119.61965179443359,FRESNO,SELMA,-119.61963653564453,36.590770721435547
93243620,2024,2024-08-01,9435,2024-07-25,1335,019259,,4,1,9,1000,0,3,5,,2,034,"MCCALL AVENUE",SR-180,20.00,S,N,A,-,N,,,,,,,,,,Y,3,0,1,4,A,-,05,21460,A,N,D,2,A,A,H,-,A,A,0,,,,,Y,,A,07,0,1,0,0,0,0,0,0,0,"- ","- ",36.735549926757812,-119.61004638671875,FRESNO,UNINCORPORATED,-119.61007690429688,36.735694885253906
9324943,2021,2021-09-30,1001,2021-08-26,2129,5831,,4,5,5,1001,0,0,0,,0,004,"WEST SHAW AV","VILLA AV",300.00,W,N,A,-,N,,,,,,,,,,N,3,0,1,2,A,-,05,21650,1,N,D,G,A,A,H,-,C,A,0,,Y,,,Y,,L,04,0,1,0,0,0,0,1,0,0,"- ","- ",36.809078216552734,-119.71427917480469,FRESNO,CLOVIS,-119.71468353271484,36.80841064453125
9324944,2021,2021-09-30,1001,2021-08-28,2330,5752,,6,5,5,1001,0,0,0,,0,008,"DEAUVILLE CIR","N TEMPERANCE AV",26.00,W,N,A,-,N,,,,,,,,,,Y,3,0,1,1,A,-,08,22107,1,N,E,I,A,A,H,-,C,D,0,,,,,Y,,A,01,0,1,0,0,0,0,0,0,0,"- ","- ",36.861968994140625,-119.66603088378906,FRESNO,CLOVIS,-119.6661376953125,36.861968994140625
9324945,2021,2021-09-30,1001,2021-08-30,0813,5145,,1,5,5,1001,0,0,0,,0,008,"N FLOWER AV","HERNDON AV",0.00,,Y,A,-,N,,,,,,,,,,N,4,0,1,2,A,-,05,21650,1,N,D,G,A,A,H,-,A,A,0,,Y,,,Y,,L,04,0,0,1,0,0,0,1,0,0,"- ","- ",36.837390899658203,-119.68417358398438,FRESNO,CLOVIS,-119.684174,36.837390999999997
9324946,2021,2021-09-30,1001,2021-08-18,1956,5465,,3,5,5,1001,0,0,0,,0,004,"MINNEWAWA AV","MALIO AV",147.00,S,N,A,-,N,,,,,,,,,,Y,4,0,1,2,A,-,09,21804,A,N,D,C,A,A,H,-,B,D,0,,,,,Y,,A,07,0,0,1,0,0,0,0,0,0,"- ","- ",36.817401885986328,-119.70899963378906,FRESNO,CLOVIS,-119.70901489257812,36.814468383789062
9324947,2021,2021-10-04,1001,2021-08-24,1611,5145,,2,5,5,1001,0,0,0,,0,004,"BULLARD AV","PIERCE AV",17.00,W,N,A,-,N,,,,,,,,,,Y,4,0,1,2,A,-,00,21703,1,N,C,C,A,A,H,-,A,A,0,,,,,Y,,A,01,0,0,1,0,0,0,0,0,0,"- ","- ",,,FRESNO,CLOVIS,-119.72764587402344,36.823211669921875
9324948,2021,2021-10-04,1001,2021-08-24,1502,5465,,2,5,5,1001,0,0,0,,0,007,"NORTH MINNEWAWA AV","ELPASO AV",381.00,N,N,A,-,N,,,,,,,,,,Y,4,0,2,3,A,-,03,22350,1,N,C,C,A,A,H,-,A,D,0,,,,,Y,,A,01,0,0,2,0,0,0,0,0,0,"- ","- ",36.849700927734375,-119.71122741699219,FRESNO,CLOVIS,-119.71124267578125,36.848396301269531
93252950,2024,2024-08-01,9435,2024-07-23,2030,021119,,2,2,9,1000,0,3,5,,2,034,"CLOVIS AVENUE","BUTLER AVENUE",0.00,,Y,A,-,N,,,,,,,,,,N,4,0,1,2,A,-,10,21950,A,N,G,B,B,A,H,-,E,B,0,Y,,,,Y,,A,01,0,0,1,0,1,0,0,0,0,"- ","- ",36.728431701660156,-119.69995880126953,FRESNO,UNINCORPORATED,-119.70011138916016,36.728557586669922
9326585,2021,2021-10-28,1001,2021-09-13,0742,5145,,1,5,5,1001,0,0,0,,0,007,"NORTH MINNEWAWA AV","WAWONA RANCH LN",135.00,N,N,A,-,N,,,,,,,,,,Y,4,0,1,2,A,-,09,21801,A,N,D,C,A,A,H,-,A,D,0,,,,,Y,,A,01,0,0,1,0,0,0,0,0,0,"- ","- ",,,FRESNO,CLOVIS,-119.71108245849609,36.857559204101562
9326589,2021,2021-10-28,1001,2021-09-15,2129,5784,,3,5,5,1001,0,0,0,,0,002,"CLOVIS AV","SHAW AV",0.00,,Y,A,-,N,,,,,,,,,,N,3,0,1,2,A,-,11,21461,5,F,G,B,B,A,H,-,C,A,0,Y,,,,Y,,N,60,0,1,0,0,1,0,0,0,0,"- ","- ",36.808399200439453,-119.70036315917969,FRESNO,CLOVIS,-119.70043182373047,36.808433532714844
9326597,2021,2021-10-28,1001,2021-09-12,0758,5504,,7,5,5,1001,0,0,0,,0,002,"ASHLAN AV","STANFORD AV",0.00,,Y,A,-,N,,,,,,,,,,Y,4,0,1,2,A,-,09,21801,A,N,A,C,A,A,H,-,A,D,0,,,,,Y,,A,01,0,0,1,0,0,0,0,0,0,"- ","- ",36.793891906738281,-119.68654632568359,FRESNO,CLOVIS,-119.68654632568359,36.793899536132812
9327415,2021,2021-10-15,1012,2021-08-18,1019,L135,REEDL,3,5,3,1012,0,0,0,,0,0RE,"BUTTONWILLOW AV","MANNING AV",0.00,,Y,A,-,N,,,,,,,,,,Y,3,0,1,2,A,-,12,21453,A,N,B,C,A,A,H,-,A,A,0,,,,,Y,,I,11,0,1,0,0,0,0,0,0,0,"- ","- ",36.595859527587891,-119.435791015625,FRESNO,REEDLEY,-119.43088531494141,36.604099273681641
93280549,2024,2024-08-01,9495,2024-07-28,2005,019453,,7,2,9,1000,0,1,1,,2,003,"INTERSTATE 5 NORTHBOUND","JAYNE AVENUE",6864.00,S,N,A,-,Y,FRE,,5," "," ",3.979,H,,R,Y,4,0,3,1,A,-,08,22107,,N,F,A,A,A,H,-,D,D,0,,,,,Y,,A,01,0,0,3,0,0,0,0,0,0,"- ","- ",36.120029449462891,-120.14251708984375,FRESNO,UNINCORPORATED,-120.14246368408203,36.120063781738281
93364506,2024,2024-08-14,9435,2024-07-31,"510 ",016507,,3,3,9,1000,0,3,5,,2,060,"HILL AVE","ADAMS AVE",0.00,,Y,A,-,N,,,,,,,,,,Y,3,0,2,2,A,-,12,22450,A,N,D,C,A,A,H,-,B,A,0,,,,,Y,,A,07,0,1,1,0,0,0,0,0,0,"- ","- ",36.632160186767578,-119.3402099609375,FRESNO,UNINCORPORATED,-119.34024047851562,36.632152557373047
9337544,2021,2021-10-19,1015,2021-09-22,2125,N122,SELMA,3,5,3,1015,0,0,0,,0,SE01,"HIGHLAND AV","FLORAL AV",792.00,S,N,A,-,N,,,,,,,,,,,4,0,1,2,A,-,04,21703,,N,C,C,A,A,H,-,C,A,0,,,Y,,Y,Y,C,02,0,0,1,0,0,0,0,0,1,"- ","- ",36.576450347900391,-119.62854766845703,FRESNO,SELMA,-119.62762451171875,36.575531005859375
9338353,2021,2021-09-29,1001,2021-08-13,1042,5652,,5,5,5,1001,0,0,0,,0,002,"SHAW PARKING LOT AV","SHAW PARKING LOT AV 1830",0.00,,N,A,-,N,,,,,,,,,,N,3,0,1,2,B,-,22,,,N,G,B,E,A,H,-,A,D,0,Y,,,,Y,,A,01,0,1,0,0,1,0,0,0,0,"- ","- ",36.807868957519531,-119.69611358642578,FRESNO,CLOVIS,,
9338354,2021,2021-09-29,1001,2021-08-19,1259,5145,,4,5,5,1001,0,0,0,,0,007,"WILLOW AV","SPRUCE AV",0.00,,Y,A,-,N,,,,,,,,,,Y,4,0,1,2,A,-,12,21453,A,N,D,C,A,-,H,-,A,A,0,,,,,Y,,D,22,0,0,1,0,0,0,0,0,0,"- ","- ",,,FRESNO,CLOVIS,-119.72952270507812,36.841022491455078
9338356,2021,2021-10-04,1001,2021-08-20,1510,5824,,5,5,5,1001,0,0,0,,0,004,"N FOWLER AV","E SIERRA LEE",0.00,,Y,A,-,N,,,,,,,,,,Y,4,0,1,2,A,-,09,21801,A,N,D,C,A,A,H,-,A,D,0,,,,,Y,,A,01,0,0,1,0,0,0,0,0,0,"- ","- ",36.832130432128906,-119.68206024169922,FRESNO,CLOVIS,-119.68205261230469,36.830539703369141
9338358,2021,2021-10-09,1001,2021-08-22,1511,5504,,7,5,5,1001,0,0,0,,0,004,"LA JOLLA AV","PONTIAC AV",0.00,,Y,A,-,N,,,,,,,,,,N,3,0,1,3,A,-,09,21801,A,N,B,C,A,A,H,-,A,D,0,,,,Y,Y,,A,01,0,1,0,0,0,0,0,0,0,"- ","- ",,,FRESNO,CLOVIS,-119.63770294189453,36.789379119873047
9338360,2021,2021-09-29,1001,2021-08-25,2118,5784,,3,5,5,1001,0,0,0,,0,006,"SUNNYSIDE AV","PALO ALTO AV",0.00,,Y,A,-,N,,,,,,,,,,N,4,0,1,2,A,-,03,22350,1,N,C,C,A,A,H,-,C,D,0,,,,,Y,,D,22,0,0,1,0,0,0,0,0,0,"- ","- ",36.834228515625,-119.69097137451172,FRESNO,CLOVIS,-119.69097137451172,36.834228515625
93383749,2024,2024-08-02,9495,2024-07-24,1950,022686,,3,2,9,1000,0,3,5,,2,053,"STATE ROUTE 269 SOUTHBOUND","PRIVATE DRIVE/AVENAL CUTOFF ROAD",0.00,,Y,A,-,Y,FRE,,269," "," ",0.148,H,,L,Y,4,0,1,2,A,-,09,21804,A,N,D,C,A,A,H,-,A,A,0,,,,,Y,,A,01,0,0,1,0,0,0,0,0,0,"- ","- ",36.072830200195312,-120.10243225097656,FRESNO,UNINCORPORATED,-120.1024169921875,36.072826385498047
9338521,2021,2021-10-08,1009,2021-06-19,1359,R054,MENDO,6,5,2,1009,0,0,0,,0,0ME,"OLLER ST","9TH ST",0.00,,Y,A,-,Y,FRE,6,180,-,-,24.220,H,-,W,N,3,0,1,4,A,-,08,22107,,N,B,C,A,A,H,-,A,D,0,,,,Y,Y,,F,86,0,1,0,0,0,0,0,0,0,"- ","- ",,,FRESNO,MENDOTA,-120.37754821777344,36.752986907958984
9339142,2021,2021-12-09,1001,2021-09-07,1830,5603,,2,5,5,1001,0,0,0,,0,003,"EAST ASHLAN AV","S MCKELVY AV",0.00,,Y,A,-,N,,,,,,,,,,N,4,0,1,2,A,-,09,21802,A,M,D,G,A,A,H,-,A,A,0,,Y,,,Y,,A,07,0,0,1,0,0,0,1,0,0,"- ","- ",36.793861389160156,-119.66851806640625,FRESNO,CLOVIS,-119.66908264160156,36.793834686279297
9339712,2021,2021-10-27,1015,2021-10-09,1527,N132,SELMA,6,5,3,1015,0,0,0,,0,001,"NORTHHILL ST","MCCALL AV",25.00,W,N,A,-,N,,,,,,,,,,Y,4,0,1,2,A,-,03,22350,,N,D,C,A,A,H,-,A,A,0,,,,,Y,,A,07,0,0,1,0,0,0,0,0,0,"- ","- ",36.586799621582031,-119.61071014404297,FRESNO,SELMA,-119.61075592041016,36.586662292480469
9339720,2021,2021-10-27,1015,2021-10-11,0737,N132,SELMA,1,5,3,1015,0,0,0,,0,0SE,"ROSE AV","ORANGE AV",1.00,E,N,A,-,N,,,,,,,,,,,3,0,1,2,A,-,10,21950,A,N,G,B,B,A,H,-,A,A,0,Y,,,,Y,,D,22,0,1,0,0,1,0,0,0,0,"- ","- ",36.568889617919922,-119.60675811767578,FRESNO,SELMA,-119.60676574707031,36.568851470947266
9339864,2021,2021-10-19,1001,2021-09-08,1305,5145,,3,5,5,1001,0,0,0,,0,005,"CLOVIS AV","1ST ST",141.00,S,N,A,-,N,,,,,,,,,,Y,4,0,1,2,A,-,09,21804,A,N,D,C,A,A,H,-,A,D,0,,,,,Y,,A,01,0,0,1,0,0,0,0,0,0,"- ","- ",,,FRESNO,CLOVIS,-119.70066070556641,36.828762054443359
9339865,2021,2022-01-03,1001,2021-09-03,0903,5723,,5,5,5,1001,0,0,0,,0,003,"LEONARD AV","DAKOTA AV",0.00,,Y,A,-,N,,,,,,,,,,N,3,0,1,2,A,-,09,21802,A,N,D,C,A,A,H,-,A,A,0,,,,,Y,,D,22,0,1,0,0,0,0,0,0,0,"- ","- ",,,FRESNO,CLOVIS,-119.63691711425781,36.786529541015625
9339874,2021,2022-02-17,1001,2021-08-30,1502,5145,,1,5,5,1001,0,0,0,,0,002,"GETTYSBURG AV","LARKIN AV",0.00,,Y,A,-,N,,,,,,,,,,Y,4,0,3,3,A,-,09,21802,A,N,A,A,A,A,H,-,A,D,0,,,,,Y,,A,01,0,0,3,0,0,0,0,0,0,"- ","- ",36.801219940185547,-119.69745635986328,FRESNO,CLOVIS,-119.69746398925781,36.801216125488281
9339980,2021,2021-10-02,1001,2021-08-30,1323,5145,,1,5,5,1001,0,0,0,,0,006,"BULLARD AV",TEMPERANCE,300.00,E,N,A,-,N,,,,,,,,,,Y,3,0,1,1,A,-,22,23123,A,N,E,I,A,A,H,-,A,D,0,,,,,Y,,A,01,0,1,0,0,0,0,0,0,0,"- ","- ",36.822971343994141,-119.66387176513672,FRESNO,CLOVIS,-119.66388702392578,36.822891235351562
9340058,2021,2021-11-09,1001,2021-09-08,0956,5145,,3,5,5,1001,0,0,0,,0,004,"HERNDON AV",PEACH,263.00,W,N,A,-,N,,,,,,,,,,Y,3,0,1,3,A,-,04,21703,,N,C,C,A,A,H,-,A,A,0,,,,,Y,,A,08,0,1,0,0,0,0,0,0,0,"- ","- ",,,FRESNO,CLOVIS,-119.72109985351562,36.837528228759766
9340059,2021,2021-11-09,1001,2021-09-03,0756,5734,,5,5,5,1001,0,0,0,,0,002,"SHAW AV","SIERRA VISTA PKWY",40.00,W,N,A,-,N,,,,,,,,,,N,4,0,1,2,A,-,03,22350,,N,C,C,A,A,H,-,A,D,0,,,,,Y,,A,01,0,0,1,0,0,0,0,0,0,"- ","- ",36.808521270751953,-119.69081878662109,FRESNO,CLOVIS,-119.69095611572266,36.808521270751953
9340068,2021,2021-10-07,1009,2021-07-22,1756,R070,MENDO,4,5,2,1009,0,0,0,,0,,"BASS AV","BARBOZA ST",0.00,,Y,A,-,N,,,,,,,,,,,3,0,1,1,A,-,03,22350,,N,E,I,A,A,H,-,A,D,0,,,,,Y,,A,01,0,1,0,0,0,0,0,0,0,"- ","- ",36.765369415283203,-120.38353729248047,FRESNO,MENDOTA,-120.38373565673828,36.765445709228516
9340510,2021,2021-11-10,1015,2021-09-16,1526,N020,A3,4,5,3,1015,0,0,0,,0,001,"GAITHER ST","D ST",0.00,,Y,A,-,N,,,,,,,,,,Y,4,0,1,2,A,-,09,21800,A,N,D,C,A,A,H,-,A,D,0,,,,,Y,,A,01,0,0,1,0,0,0,0,0,0,"- ","- ",36.574001312255859,-119.60633087158203,FRESNO,SELMA,-119.60636138916016,36.574363708496094
9340722,2021,2021-11-01,1012,2021-09-15,2055,L139,REEDL,3,5,3,1012,0,0,0,,0,0RE,"CEDAR AV","EL DORADO AV",20.00,W,N,-,-,N,,,,,,,,,,,2,0,1,2,A,-,12,22450,A,N,D,C,A,A,H,-,C,D,0,,,,,Y,Y,-,,1,0,0,0,0,0,0,0,0,"- ","- ",36.590888977050781,-119.43775177001953,FRESNO,REEDLEY,-119.43274688720703,36.599048614501953
9342025,2021,2021-11-08,1015,2021-09-27,1818,N104,SELMA,1,5,3,1015,0,0,0,,0,0SE,"ROSE AV","ORANGE AV",0.00,,Y,A,-,N,,,,,,,,,,N,4,0,1,2,A,-,08,22107,,N,D,C,A,A,H,-,B,D,0,,,,,Y,,A,01,0,0,1,0,0,0,0,0,0,"- ","- ",36.568889617919922,-119.60675811767578,FRESNO,SELMA,-119.60676574707031,36.568855285644531
9342097,2021,2021-10-29,1001,2021-09-28,0738,5145,,2,5,5,1001,0,0,0,,0,003,"ASHLAN AV",TEMPERANCE,79.00,W,N,A,-,N,,,,,,,,,,Y,4,0,2,3,A,-,07,21658,A,N,B,C,A,A,H,-,A,A,0,,,,,Y,,A,07,0,0,2,0,0,0,0,0,0,"- ","- ",,,FRESNO,CLOVIS,-119.66436767578125,36.793838500976562