CASE_ID,ACCIDENT_YEAR,PROC_DATE,JURIS,COLLISION_DATE,COLLISION_TIME,OFFICER_ID,REPORTING_DISTRICT,DAY_OF_WEEK,CHP_SHIFT,POPULATION,CNTY_CITY_LOC,SPECIAL_COND,BEAT_TYPE,CHP_BEAT_TYPE,CITY_DIVISION_LAPD,CHP_BEAT_CLASS,BEAT_NUMBER,PRIMARY_RD,SECONDARY_RD,DISTANCE,DIRECTION,INTERSECTION,WEATHER_1,WEATHER_2,STATE_HWY_IND,CALTRANS_COUNTY,CALTRANS_DISTRICT,STATE_ROUTE,ROUTE_SUFFIX,POSTMILE_PREFIX,POSTMILE,LOCATION_TYPE,RAMP_INTERSECTION,SIDE_OF_HWY,TOW_AWAY,COLLISION_SEVERITY,NUMBER_KILLED,NUMBER_INJURED,PARTY_COUNT,PRIMARY_COLL_FACTOR,PCF_CODE_OF_VIOL,PCF_VIOL_CATEGORY,PCF_VIOLATION,PCF_VIOL_SUBSECTION,HIT_AND_RUN,TYPE_OF_COLLISION,MVIW,PED_ACTION,ROAD_SURFACE,ROAD_COND_1,ROAD_COND_2,LIGHTING,CONTROL_DEVICE,CHP_ROAD_TYPE,PEDESTRIAN_ACCIDENT,BICYCLE_ACCIDENT,MOTORCYCLE_ACCIDENT,TRUCK_ACCIDENT,NOT_PRIVATE_PROPERTY,ALCOHOL_INVOLVED,STWD_VEHTYPE_AT_FAULT,CHP_VEHTYPE_AT_FAULT,COUNT_SEVERE_INJ,COUNT_VISIBLE_INJ,COUNT_COMPLAINT_PAIN,COUNT_PED_KILLED,COUNT_PED_INJURED,COUNT_BICYCLIST_KILLED,COUNT_BICYCLIST_INJURED,COUNT_MC_KILLED,COUNT_MC_INJURED,PRIMARY_RAMP,SECONDARY_RAMP,LATITUDE,LONGITUDE,COUNTY,CITY,POINT_X,POINT_Y
94361831,2024,2024-08-20,9435,2024-08-15,1525,021086,,4,2,9,1000,0,1,3,,2,410,"STATE ROUTE 41","SHIELDS AVENUE",3168.00,S,N,A,-,Y,FRE,,41," ",R,25.577,H,,R,Y,3,0,1,1,A,-,08,22107,,N,F,9,A,A,H,-,A,D,0,,,Y,,Y,,C,02,0,1,0,0,0,0,0,0,1,"- ","- ",36.767829895019531,-119.78105926513672,FRESNO,UNINCORPORATED,-119.78102111816406,36.767868041992188
94361883,2024,2024-08-20,9435,2024-08-13,1225,018746,,2,1,9,1000,0,3,5,,2,034,"TEMPERANCE AVENUE","NORTH AVENUE",0.00,,Y,A,-,N,,,,,,,,,,Y,4,0,1,2,A,-,09,21802,A,N,D,C,A,A,H,-,A,A,0,,,,,Y,,D,22,0,0,1,0,0,0,0,0,0,"- ","- ",36.692840576171875,-119.66394805908203,FRESNO,UNINCORPORATED,-119.66397094726562,36.692829132080078
9436194,2022,2022-05-04,1001,2022-04-07,0837,5863,,4,5,5,1001,0,0,0,,0,004,"N WILLOW AV","W HERNDON AV W",0.00,,Y,A,-,N,,,,,,,,,,Y,3,0,1,2,A,-,12,21453,A,N,D,C,A,A,H,-,A,A,0,,,Y,,Y,,A,07,0,1,0,0,0,0,0,0,1,"- ","- ",36.837528228759766,-119.72944641113281,FRESNO,CLOVIS,-119.72946929931641,36.837539672851562
94361979,2024,2024-08-20,9435,2024-08-11,"820 ",019259,,7,1,9,1000,0,1,3,,1,412,SR-41,"LAGUNA AVENUE",800.00,S,N,A,-,Y,FRE,,41," ",R,0.824,H,,R,Y,3,0,1,2,A,-,08,22107,,N,E,8,A,A,H,-,A,D,0,,,,Y,Y,,G,25,0,1,0,0,0,0,0,0,0,"- ","- ",36.413841247558594,-119.80471038818359,FRESNO,UNINCORPORATED,-119.80472564697266,36.413841247558594
94362010,2024,2025-02-21,9435,2024-08-15,"410 ",020854,,4,3,7,1005,0,1,3,,2,105,"STATE ROUTE 99 SOUTHBOUND","CALIFORNIA AVENUE",400.00,S,N,A,-,Y,FRE,,99," "," ",19.780,H,,L,Y,4,0,1,2,D,-,00,,,M,B,2,A,A,H,-,C,D,0,,,,,Y,,-,"- ",0,0,1,0,0,0,0,0,0,"- ","- ",36.720531463623047,-119.78784942626953,FRESNO,FRESNO,-119.78782653808594,36.720546722412109
94362110,2024,2024-08-20,9435,2024-08-17,1835,016507,,6,2,9,1000,0,3,5,,2,060,"ENGLEHART AVE","MANNING AVE",0.00,,Y,A,-,N,,,,,,,,,,Y,3,0,3,2,A,-,09,21802,A,N,D,2,A,A,H,-,A,A,0,,,,,Y,,D,22,0,2,1,0,0,0,0,0,0,"- ","- ",36.604061126708984,-119.41298675537109,FRESNO,UNINCORPORATED,-119.41303253173828,36.604026794433594
94362120,2024,2024-08-20,9435,2024-08-16,"805 ",020824,,5,1,9,1000,0,3,5,,2,025,"ASHLAN AVENUE","QUAIL LAKE DRIVE",0.00,,Y,A,-,N,,,,,,,,,,N,4,0,1,2,A,-,05,21752,D,N,B,C,A,A,H,-,A,D,0,,,,,Y,,A,01,0,0,1,0,0,0,0,0,0,"- ","- ",36.793830871582031,-119.59781646728516,FRESNO,UNINCORPORATED,-119.59780883789062,36.793792724609375
94362124,2024,2024-08-20,9435,2024-08-15,"750 ",018746,,4,1,7,1005,0,1,3,,2,410,"SR-41 S/B",SR-180,500.00,N,N,A,-,Y,FRE,,41," ",R,24.636,H,,L,Y,4,0,1,2,A,-,03,22350,,N,C,C,A,A,H,-,A,D,0,,,,,Y,,D,22,0,0,1,0,0,0,0,0,0,"- ","- ",36.75592041015625,-119.77590942382812,FRESNO,FRESNO,-119.77596282958984,36.75592041015625
94362146,2024,2024-08-20,9435,2024-08-14,1130,019705,,3,1,9,1000,0,3,5,,2,015,"SOUTH AVE","CEDAR AVE",0.00,,Y,A,-,N,,,,,,,,,,Y,3,0,1,2,A,-,09,21802,A,N,D,C,A,A,H,-,A,A,0,,,,,Y,,A,01,0,1,0,0,0,0,0,0,0,"- ","- ",36.619911193847656,-119.7548828125,FRESNO,UNINCORPORATED,-119.75482177734375,36.619838714599609
94362174,2024,2024-08-20,9435,2024-08-15,1420,020319,,4,2,9,1000,0,1,3,,1,180,SR-180,"CORNELIA AVE",0.00,,Y,A,-,Y,FRE,,180," "," ",52.591,H,,R,N,3,0,1,2,A,-,09,21802,A,N,D,C,A,A,H,-,A,A,0,,,,,Y,,D,22,0,1,0,0,0,0,0,0,0,"- ","- ",36.735530853271484,-119.8807373046875,FRESNO,UNINCORPORATED,-119.8807373046875,36.735454559326172
94362410,2024,2024-08-20,9435,2024-08-15,1735,021420,,4,2,7,1005,0,1,3,,2,181,"STATE ROUTE 180 EASTBOUND","STATE ROUTE 41",1848.00,W,N,A,-,Y,FRE,,180," ",R,58.311,H,,R,Y,4,0,4,4,A,-,03,22350,,N,C,C,A,A,H,-,A,D,0,,,,,Y,,D,22,0,0,4,0,0,0,0,0,0,"- ","- ",36.753330230712891,-119.7825927734375,FRESNO,FRESNO,-119.78260040283203,36.753368377685547
94362661,2024,2024-08-20,9435,2024-08-16,1944,021672,,5,2,9,1000,0,3,5,,2,034,"MANNING AVE E/B","MCCALL AVE.",2165.00,W,N,A,-,N,,,,,,,,,,Y,3,0,1,1,A,-,01,23152,A,N,E,J,A,A,H,-,B,D,0,,,,,Y,Y,A,01,0,1,0,0,0,0,0,0,0,"- ","- ",36.605228424072266,-119.6185302734375,FRESNO,UNINCORPORATED,-119.61808013916016,36.60528564453125
94363542,2024,2024-08-21,9435,2024-08-12,1550,020977,,1,2,7,1005,0,1,3,,2,410,"N/B STATE ROUTE 41","PRINCETON AVE",350.00,S,N,A,-,Y,FRE,,41," ",R,26.144,H,,R,N,4,0,2,2,A,-,03,22350,,N,C,C,A,A,H,-,A,D,0,,,,,Y,,A,01,0,0,2,0,0,0,0,0,0,"- ","- ",36.774879455566406,-119.78489685058594,FRESNO,FRESNO,-119.78493499755859,36.774879455566406
94363553,2024,2024-08-21,9495,2024-08-16,1420,022247,,5,2,9,1000,0,1,1,,2,001,"INTERSTATE 5 SOUTHBOUND","KAMM AVENUE",29410.00,S,N,A,-,Y,FRE,,5," "," ",35.078,H,,L,N,4,0,1,2,A,-,03,22350,,N,C,C,A,A,H,-,A,D,0,,,,,Y,,A,01,0,0,1,0,0,0,0,0,0,"- ","- ",36.495269775390625,-120.44914245605469,FRESNO,UNINCORPORATED,-120.44917297363281,36.495250701904297
94363810,2024,2024-08-22,9435,2024-08-15,1055,019705,,4,1,9,1000,0,3,5,,2,015,"AMERICAN AVE","CHESTNUT AVE",0.00,,Y,A,-,N,,,,,,,,,,N,3,0,3,2,A,-,09,21802,A,N,D,C,A,A,H,-,A,A,0,,,,Y,Y,,A,01,0,1,2,0,0,0,0,0,0,"- ","- ",36.663448333740234,-119.73674774169922,FRESNO,UNINCORPORATED,-119.73679351806641,36.663417816162109
94363845,2024,2024-08-21,9435,2024-08-19,1125,020205,,1,1,9,1000,0,3,5,,2,034,"DEL REY AVE","AMERICAN AVE",0.00,,Y,A,-,N,,,,,,,,,,Y,4,0,1,2,A,-,09,21802,A,N,D,C,A,A,H,-,A,A,0,,,,,Y,,A,08,0,0,1,0,0,0,0,0,0,"- ","- ",36.663158416748047,-119.59246826171875,FRESNO,UNINCORPORATED,-119.59249114990234,36.663200378417969
94363980,2024,2024-08-21,9435,2024-08-21,"655 ",018914,,3,1,7,1005,0,1,3,,2,410,"SR-41 S/B","DAKOTA AVENUE",240.00,S,N,A,-,Y,FRE,,41," ",R,26.917,H,,L,Y,4,0,1,2,A,-,07,21658,A,F,B,2,A,A,H,-,A,D,0,,,,,Y,,-,99,0,0,1,0,0,0,0,0,0,"- ","- ",36.786090850830078,-119.78459930419922,FRESNO,FRESNO,-119.78456878662109,36.786087036132812
94363998,2024,2024-08-21,9435,2024-08-20,1545,020429,,2,2,9,1000,0,3,5,,2,060,"ADAMS AVENUE","REED AVENUE",0.00,,Y,A,-,N,,,,,,,,,,Y,4,0,2,2,A,-,09,21802,A,N,D,C,A,A,H,-,A,D,0,,,,,Y,,D,22,0,0,2,0,0,0,0,0,0,"- ","- ",36.633251190185547,-119.45767211914062,FRESNO,UNINCORPORATED,-119.45770263671875,36.633247375488281
94364052,2024,2024-08-21,9435,2024-08-19,2138,020064,,1,2,7,1005,0,1,3,,2,182,"STATE ROUTE 180 (SR-180) WESTBOUND","CLOVIS AVENUE",118.00,W,N,A,-,Y,,,,,,,,,,N,4,0,1,1,A,-,03,22350,,N,E,J,A,A,H,-,D,A,0,,Y,,,Y,,L,04,0,0,1,0,0,0,1,0,0,"- ","- ",36.75360107421875,-119.70097351074219,FRESNO,FRESNO,-119.70059204101562,36.752857208251953
94365524,2024,2024-08-22,9435,2024-08-16,2020,021420,,5,2,7,1005,0,1,3,,2,105,"STATE ROUTE 99 SOUTHBOUND","STATE ROUTE 180",200.00,N,N,A,-,Y,FRE,,99," "," ",21.776,H,,L,Y,4,0,1,2,A,-,08,22107,,N,E,8,A,A,H,-,C,D,0,,,,,Y,,A,01,0,0,1,0,0,0,0,0,0,"- ","- ",36.740440368652344,-119.81343841552734,FRESNO,FRESNO,-119.81346893310547,36.740390777587891
94365563,2024,2024-08-22,9461,2024-08-19,1357,019052,,1,1,9,1000,0,1,3,,1,604,SR-33,"SHAW AVE",6336.00,S,N,A,-,Y,FRE,,33," ",R,64.898,H,,R,Y,4,0,1,1,A,-,08,22107,,N,E,8,A,A,H,-,A,D,0,,,,,Y,,A,07,0,0,1,0,0,0,0,0,0,"- ","- ",36.79302978515625,-120.41206359863281,FRESNO,UNINCORPORATED,-120.41207885742188,36.793018341064453
94365578,2024,2024-08-22,9435,2024-08-17,1705,021420,,6,2,9,1000,0,1,3,,1,180,"STATE ROUTE 180","ROLINDA AVENUE",0.00,,Y,A,-,Y,FRE,,180," "," ",48.152,H,,R,Y,4,0,1,2,A,-,03,22350,,N,D,C,A,A,H,-,A,D,0,,,,,Y,,A,01,0,0,1,0,0,0,0,0,0,"- ","- ",36.735080718994141,-119.96085357666016,FRESNO,UNINCORPORATED,-119.96085357666016,36.735076904296875
94365598,2024,2024-08-22,9435,2024-08-20,1715,021420,,2,2,9,1000,0,3,5,,2,025,"MINNEWAWA AVENUE","COPPER AVENUE",0.00,,Y,A,-,Y,,,,,,,,,,Y,3,0,2,2,A,-,09,21802,A,N,D,C,A,A,H,-,A,A,0,,,,,Y,,A,01,0,1,1,0,0,0,0,0,0,"- ","- ",36.89569091796875,-119.71112060546875,FRESNO,UNINCORPORATED,-119.711181640625,36.895687103271484
94365631,2024,2024-08-22,9435,2024-08-21,1615,020836,,3,2,7,1005,0,1,3,,2,181,"STATE ROUTE 180 EASTBOUND","STATE ROUTE 41",840.00,W,N,A,-,Y,FRE,,180," ",R,58.513,H,,R,Y,4,0,3,2,A,-,03,22350,,N,C,C,A,A,H,-,A,D,0,,,,,Y,,A,08,0,0,3,0,0,0,0,0,0,"- ","- ",36.753780364990234,-119.77899169921875,FRESNO,FRESNO,-119.77899932861328,36.753833770751953
94365771,2024,2024-08-22,9435,2024-08-16,1920,021148,,5,2,7,1005,0,1,3,,2,410,"SR-41 S/B","SHIELDS AVE",1300.00,S,N,A,-,Y,FRE,,41," ",R,26.218,H,,L,Y,3,0,2,3,A,-,07,21658,A,N,B,C,A,A,H,-,A,D,0,,,Y,,Y,,C,02,0,2,0,0,0,0,0,0,2,"- ","- ",36.775951385498047,-119.78517913818359,FRESNO,FRESNO,-119.78517913818359,36.775951385498047
94365819,2024,2024-08-22,9435,2024-08-19,"800 ",019705,,1,1,9,1000,0,3,5,,2,015,"ADAMS AVE","CHERRY AVE",0.00,,Y,A,-,N,,,,,,,,,,N,4,0,1,2,A,-,21,22106,,M,G,B,E,A,D,-,A,A,0,Y,,,,Y,,A,01,0,0,1,0,1,0,0,0,0,"- ","- ",36.364288330078125,-119.78176879882812,FRESNO,UNINCORPORATED,-119.78180694580078,36.634265899658203
94365831,2024,2024-08-22,9435,2024-08-14,"940 ",019926,,3,1,7,1005,0,1,3,,2,105,"SR-99 N/B","KERN ST",40.00,S,N,A,-,Y,FRE,,99," "," ",20.450,H,,R,N,4,0,1,2,A,-,03,22350,,N,C,C,A,A,H,-,A,D,0,,,,,Y,,A,01,0,0,1,0,0,0,0,0,0,"- ","- ",36.727958679199219,-119.79566192626953,FRESNO,FRESNO,-119.79569244384766,36.727931976318359
94366050,2024,2024-08-22,9435,2024-08-19,1800,021290,,1,2,9,1000,0,3,5,,2,025,"INTERNATIONAL AVE","MINNEWAWA AVE",324.00,W,N,A,-,N,,,,,,,,,,Y,4,0,1,1,A,-,08,22107,,N,E,I,A,A,H,-,A,D,0,,,,,Y,,D,22,0,0,1,0,0,0,0,0,0,"- ","- ",36.888431549072266,-119.71250915527344,FRESNO,UNINCORPORATED,-119.71228790283203,36.888435363769531
94366129,2024,2024-08-22,9435,2024-08-16,"455 ",021031,,5,3,9,1000,0,1,3,,1,180,"STATE ROUTE 180","MONROE AVENUE",0.00,,Y,A,-,Y,FRE,,180," "," ",49.125,H,,R,Y,3,0,1,2,A,-,03,22350,,N,C,C,A,A,H,-,D,A,0,,,,,Y,,A,01,0,1,0,0,0,0,0,0,0,"- ","- ",36.735179901123047,-119.94316864013672,FRESNO,UNINCORPORATED,-119.94316864013672,36.735176086425781
94366228,2024,2024-08-22,9435,2024-08-21,1755,020429,,3,2,9,1000,0,3,5,,2,060,"MANNING AVENUE","HILLS VALLEY ROAD",0.00,,Y,A,-,N,,,,,,,,,,Y,3,0,3,2,A,-,09,21802,A,N,D,C,A,A,H,-,A,D,0,,,,,Y,,A,01,0,3,0,0,0,0,0,0,0,"- ","- ",36.602729797363281,-119.30484008789062,FRESNO,UNINCORPORATED,-119.30484771728516,36.602703094482422
94366234,2024,2024-08-22,9435,2024-08-20,1555,020540,,2,2,9,1000,0,3,5,,2,060,"AMERICAN AVENUE","FRIANT KERN CANAL",0.00,,Y,A,-,N,,,,,,,,,,Y,3,0,1,1,A,-,08,22107,,N,E,8,A,A,H,-,A,D,0,,,,,Y,,A,07,0,1,0,0,0,0,0,0,0,"- ","- ",36.66107177734375,-119.33241271972656,FRESNO,UNINCORPORATED,,
94366266,2024,2024-08-22,9435,2024-08-21,"750 ",019705,,3,1,9,1000,0,3,5,,2,010,"BELMONT AVE","DICKENSON AVE",0.00,,Y,A,-,N,,,,,,,,,,N,4,0,1,2,A,-,12,22450,A,N,D,C,A,A,H,-,A,A,0,,,,,Y,,D,22,0,0,1,0,0,0,0,0,0,"- ","- ",36.749618530273438,-119.96987915039062,FRESNO,UNINCORPORATED,-119.96990203857422,36.749610900878906
94366332,2024,2024-08-22,9435,2024-06-28,2210,021703,,5,3,9,1000,0,3,5,,2,034,"SOUTH INDIANOLA AVENUE","EAST CENTRAL AVENUE",0.00,,Y,A,-,N,,,,,,,,,,Y,2,0,1,2,A,-,12,22450,A,F,D,2,A,A,H,-,D,A,0,,,,,Y,,A,01,1,0,0,0,0,0,0,0,0,"- ","- ",36.677661895751953,-119.58339691162109,FRESNO,UNINCORPORATED,-119.58336639404297,36.677700042724609
94366349,2024,2024-08-22,9435,2024-07-11,2500,019926,,4,4,7,1005,0,1,3,,2,105,"SR-99 N/B TO OLIVE AVE","OLIVE AVE",5.00,S,N,A,-,Y,,,,,,,,,,N,4,0,1,2,A,-,21,22106,,N,G,B,B,A,H,-,A,A,0,Y,,,,Y,,D,22,0,0,1,0,1,0,0,0,0,"- ","- ",36.757350921630859,-119.82904052734375,FRESNO,FRESNO,-119.82979583740234,36.757617950439453
94366492,2024,2024-08-22,9495,2024-08-13,"540 ",021630,,2,3,9,1000,0,1,3,,1,014,"STATE ROUTE 269 (LASSEN AVENUE)","STATE ROUTE 198 (DORRIS AVE)",125.00,S,N,A,-,Y,FRE,,269," "," ",12.711,H,,R,N,4,0,1,2,A,-,03,22350,,N,C,C,A,A,H,-,B,D,0,,,,,Y,,A,01,0,0,1,0,0,0,0,0,0,"- ","- ",36.255001068115234,-120.10356140136719,FRESNO,UNINCORPORATED,-120.10357666015625,36.255001068115234
94367931,2024,2024-08-23,9495,2024-08-14,"650 ",021029,,3,1,9,1000,0,1,3,,1,008,"STATE ROUTE 198","EL DORADO AVENUE",0.00,,Y,A,-,Y,FRE,,198," "," ",28.638,H,,R,Y,3,0,5,2,A,-,09,21802,A,N,D,C,A,A,H,-,A,A,0,,,,,Y,,A,08,0,2,3,0,0,0,0,0,0,"- ","- ",36.254791259765625,-120.21116638183594,FRESNO,UNINCORPORATED,-120.21117401123047,36.254833221435547
94368206,2024,2024-08-23,9435,2024-08-15,1845,021940,,4,2,9,1000,0,3,5,,2,034,"MANNING AVE","LEONARD AVE.",2059.00,E,N,A,-,N,,,,,,,,,,Y,3,0,1,2,A,-,03,22350,,N,D,C,A,B,H,-,A,D,0,,,,,Y,,A,01,0,1,0,0,0,0,0,0,0,"- ","- ",36.605491638183594,-119.6302490234375,FRESNO,UNINCORPORATED,-119.63048553466797,36.605331420898438
94368719,2024,2024-08-26,9435,2024-08-14,"925 ",016860,,3,1,9,1000,0,3,5,,2,050,"TOLLHOUSE RD","BURROUGH VALLEY RD",6864.00,S,N,A,-,N,,,,,,,,,,N,4,0,1,1,A,-,08,22107,,N,G,0,A,A,H,-,A,D,0,,,,,Y,,D,22,0,0,1,0,0,0,0,0,0,"- ","- ",36.981941223144531,-119.42948150634766,FRESNO,UNINCORPORATED,-119.4295654296875,36.9814453125
94369122,2024,2024-08-26,9435,2024-08-22,1200,019259,,4,1,9,1000,0,3,5,,2,015,"HOWARD AVENUE","KEARNEY AVENUE",0.00,,Y,A,-,N,,,,,,,,,,Y,4,0,1,2,A,-,09,21802,A,M,D,C,A,A,H,-,A,A,0,,,,,Y,,A,07,0,0,1,0,0,0,0,0,0,"- ","- ",36.727649688720703,-120.02426147460938,FRESNO,UNINCORPORATED,-120.02425384521484,36.727676391601562
94369169,2024,2024-08-26,9495,2024-08-18,1510,022537,,7,2,9,1000,0,1,1,,2,003,"INTERSTATE 5 SOUTHBOUND","JAYNE AVENUE",15.00,S,N,A,-,Y,FRE,,5," "," ",5.494,H,,L,Y,4,0,4,3,A,-,03,22350,,N,C,C,A,A,H,-,A,D,0,,,,,Y,,A,07,0,0,4,0,0,0,0,0,0,"- ","- ",36.137668609619141,-120.15899658203125,FRESNO,UNINCORPORATED,-120.15901947021484,36.137657165527344
94369171,2024,2024-08-26,9435,2024-08-13,1415,022000,,2,2,9,1000,0,3,5,,2,025,"MILLERTON RD W/B","SAUBRICE AVE",500.00,E,N,A,-,N,,,,,,,,,,N,4,0,1,1,A,-,03,22350,,N,E,I,A,A,H,-,A,D,0,,,,,Y,,A,01,0,0,1,0,0,0,0,0,0,"- ","- ",36.985858917236328,-119.67024230957031,FRESNO,UNINCORPORATED,,
94369623,2024,2024-08-26,9435,2024-08-16,2055,021930,,5,2,7,1005,0,1,3,,2,181,"SR-180 E/B","CEDAR AVE",2495.00,W,N,A,-,Y,FRE,,180," ",R,59.390,H,,R,Y,2,0,1,2,A,-,03,22350,,N,C,2,A,A,H,-,C,D,0,,,,,Y,,A,01,1,0,0,0,0,0,0,0,0,"- ","- ",36.754871368408203,-119.76328277587891,FRESNO,FRESNO,-119.76328277587891,36.754867553710938
94369697,2024,2024-08-26,9435,2024-08-18,1700,021086,,7,2,9,1000,0,3,5,,2,030,"ASHLAN AVENUE","SABRE DRIVE",425.00,E,N,A,-,N,,,,,,,,,,Y,4,0,1,2,A,-,08,22107,,N,C,E,A,A,H,-,A,D,0,,,,,Y,,A,01,0,0,1,0,0,0,0,0,0,"- ","- ",36.793239593505859,-119.69660949707031,FRESNO,UNINCORPORATED,-119.69666290283203,36.793300628662109
94369855,2024,2024-08-26,9435,2024-08-19,"830 ",019603,,1,1,9,1000,0,3,5,,2,015,"BRAWLEY AVENUE","AMERICAN AVENUE",0.00,,Y,A,-,N,,,,,,,,,,N,4,0,1,2,A,-,09,21802,A,N,D,C,A,A,H,-,A,A,0,,,,,Y,,A,01,0,0,1,0,0,0,0,0,0,"- ","- ",36.663009643554688,-119.86245727539062,FRESNO,UNINCORPORATED,-119.86240386962891,36.662975311279297
94369910,2024,2024-08-26,9435,2024-08-16,1205,018914,,5,1,7,1005,0,1,3,,2,410,"SR-41 N/B","BARSTOW AVENUE",500.00,N,N,A,-,Y,FRE,,41," ",R,29.223,H,,R,Y,3,0,1,2,A,-,03,22350,,N,C,C,A,A,H,-,A,D,0,,,,,Y,,A,01,0,1,0,0,0,0,0,0,0,"- ","- ",36.819480895996094,-119.78520202636719,FRESNO,FRESNO,-119.78524017333984,36.819480895996094
94369948,2024,2024-08-26,9435,2024-08-25,"830 ",016507,,7,1,9,1000,0,3,5,,2,060,"GEORGE SMITH ROAD","ANTELOPE LANE",1584.00,N,N,A,-,N,,,,,,,,,,Y,4,0,1,1,A,-,08,22107,,N,E,8,A,A,H,-,A,D,0,,,,,Y,,D,22,0,0,1,0,0,0,0,0,0,"- ","- ",36.711521148681641,-119.25885772705078,FRESNO,UNINCORPORATED,-119.25892639160156,36.711532592773438
94369967,2024,2024-08-26,9435,2024-08-24,"719 ",015095,,6,1,9,1000,0,3,5,,2,025,"TOLLHOUSE ROAD","HIGHLAND AVENUE",1584.00,W,N,B,-,N,,,,,,,,,,Y,3,0,1,1,A,-,08,22107,,N,F,A,A,A,H,-,A,D,0,,,Y,,Y,,C,02,0,1,0,0,0,0,0,0,1,"- ","- ",36.859218597412109,-119.63378143310547,FRESNO,UNINCORPORATED,-119.63430786132812,36.858909606933594
94370002,2024,2024-08-26,9435,2024-08-17,1850,022112,,6,2,9,1000,0,1,3,,1,411,"SR-41 S/B","AMERICAN AVE",528.00,N,N,A,-,Y,FRE,,41," ",R,18.162,H,,L,N,4,0,1,2,A,-,03,22350,,N,B,C,A,A,H,-,A,A,0,,,,,Y,,A,01,0,0,1,0,0,0,0,0,0,"- ","- ",36.664180755615234,-119.78611755371094,FRESNO,UNINCORPORATED,-119.78612518310547,36.664180755615234
94370115,2024,2024-08-26,9435,2024-08-15,1515,020977,,4,2,7,1005,0,1,3,,2,105,"S/B STATE ROUTE 99","CLINTON AVE",500.00,N,N,A,-,Y,FRE,,99," ",R,24.969,H,,R,N,4,0,5,4,A,-,03,22350,,N,C,C,A,A,H,-,A,D,0,,,,,Y,,D,22,0,0,5,0,0,0,0,0,0,"- ","- ",36.778141021728516,-119.84496307373047,FRESNO,FRESNO,-119.84491729736328,36.778167724609375
94370205,2024,2024-08-26,9435,2024-08-07,1950,021119,,3,2,9,1000,0,3,5,,2,010,"SHAW AVENUE","WESTLAWN AVENUE",528.00,W,N,A,-,N,,,,,,,,,,N,4,0,2,2,A,-,08,22107,,F,D,C,A,A,H,-,A,D,0,,,,,Y,,-,99,0,0,2,0,0,0,0,0,0,"- ","- ",36.807750701904297,-119.95284271240234,FRESNO,UNINCORPORATED,-119.95396423339844,36.807750701904297
94370236,2024,2024-08-26,9435,2024-08-03,2305,021544,,6,3,7,1005,0,1,3,,2,105,"SR-99 N/B","DAKOTA AVE",1000.00,N,N,A,-,Y,FRE,,99," ",R,25.925,H,,R,Y,4,0,1,2,A,-,01,23152,F,N,B,2,A,A,H,-,C,D,0,,,,Y,Y,,A,01,0,0,1,0,0,0,0,0,0,"- ","- ",36.788631439208984,-119.85633087158203,FRESNO,FRESNO,-119.85639953613281,36.788581848144531
94370278,2024,2024-08-26,9435,2024-08-21,1810,020319,,3,2,9,1000,0,3,5,,2,010,"BARSTOW AVE","GARFIELD AVE",0.00,,Y,A,-,N,,,,,,,,,,Y,4,0,1,2,A,-,09,21802,A,N,D,C,A,A,H,-,A,A,0,,,,,Y,,D,22,0,0,1,0,0,0,0,0,0,"- ","- ",36.815101623535156,-119.925537109375,FRESNO,UNINCORPORATED,-119.92555236816406,36.815059661865234
94371249,2024,2024-08-27,9435,2024-08-20,"518 ",021230,,2,3,9,1000,0,3,5,,2,034,"MENDONCINO AVE","ROSE AVE",0.00,,Y,A,-,N,,,,,,,,,,N,4,0,2,2,A,-,12,22450,A,N,D,C,A,A,H,-,D,A,0,,,,,Y,,A,01,0,0,2,0,0,0,0,0,0,"- ","- ",36.568588256835938,-119.54789733886719,FRESNO,UNINCORPORATED,-119.54792022705078,36.568630218505859
94371354,2024,2024-08-27,9435,2024-08-25,1000,020887,,7,1,9,1000,0,3,5,,2,034,"SOUTH AVE","MCCALL AVE",0.00,,Y,A,-,N,,,,,,,,,,N,4,0,2,2,A,-,09,21802,A,N,D,C,A,A,H,-,A,D,0,,,,,Y,,A,01,0,0,2,0,0,0,0,0,0,"- ","- ",36.619831085205078,-119.61067199707031,FRESNO,UNINCORPORATED,-119.61066436767578,36.61981201171875
94371385,2024,2024-08-27,9435,2024-08-23,1030,019603,,5,1,9,1000,0,3,5,,2,040,"CEDAR AVENUE","MOUNTAIN VIEW AVENUE",0.00,,Y,A,-,N,,,,,,,,,,N,4,0,1,2,A,-,09,21802,A,N,D,C,A,A,H,-,A,A,0,,,,,Y,,A,01,0,0,1,0,0,0,0,0,0,"- ","- ",36.547401428222656,-119.75507354736328,FRESNO,UNINCORPORATED,-119.75499725341797,36.547370910644531