CASE_ID,ACCIDENT_YEAR,PROC_DATE,JURIS,COLLISION_DATE,COLLISION_TIME,OFFICER_ID,REPORTING_DISTRICT,DAY_OF_WEEK,CHP_SHIFT,POPULATION,CNTY_CITY_LOC,SPECIAL_COND,BEAT_TYPE,CHP_BEAT_TYPE,CITY_DIVISION_LAPD,CHP_BEAT_CLASS,BEAT_NUMBER,PRIMARY_RD,SECONDARY_RD,DISTANCE,DIRECTION,INTERSECTION,WEATHER_1,WEATHER_2,STATE_HWY_IND,CALTRANS_COUNTY,CALTRANS_DISTRICT,STATE_ROUTE,ROUTE_SUFFIX,POSTMILE_PREFIX,POSTMILE,LOCATION_TYPE,RAMP_INTERSECTION,SIDE_OF_HWY,TOW_AWAY,COLLISION_SEVERITY,NUMBER_KILLED,NUMBER_INJURED,PARTY_COUNT,PRIMARY_COLL_FACTOR,PCF_CODE_OF_VIOL,PCF_VIOL_CATEGORY,PCF_VIOLATION,PCF_VIOL_SUBSECTION,HIT_AND_RUN,TYPE_OF_COLLISION,MVIW,PED_ACTION,ROAD_SURFACE,ROAD_COND_1,ROAD_COND_2,LIGHTING,CONTROL_DEVICE,CHP_ROAD_TYPE,PEDESTRIAN_ACCIDENT,BICYCLE_ACCIDENT,MOTORCYCLE_ACCIDENT,TRUCK_ACCIDENT,NOT_PRIVATE_PROPERTY,ALCOHOL_INVOLVED,STWD_VEHTYPE_AT_FAULT,CHP_VEHTYPE_AT_FAULT,COUNT_SEVERE_INJ,COUNT_VISIBLE_INJ,COUNT_COMPLAINT_PAIN,COUNT_PED_KILLED,COUNT_PED_INJURED,COUNT_BICYCLIST_KILLED,COUNT_BICYCLIST_INJURED,COUNT_MC_KILLED,COUNT_MC_INJURED,PRIMARY_RAMP,SECONDARY_RAMP,LATITUDE,LONGITUDE,COUNTY,CITY,POINT_X,POINT_Y
94447356,2024,2024-10-28,9435,2024-10-23,1710,021402,,3,2,7,1005,0,1,3,,2,410,"SR-41 N/B TO SR-168 EB","FIRST STREET",2330.00,E,N,A,-,Y,FRE,,180," ",R,59.297,H,,R,N,2,0,1,2,A,-,03,22350,,N,C,C,A,A,H,-,A,D,0,,,Y,,Y,,C,02,1,0,0,0,0,0,0,0,1,"- ","- ",36.754680633544922,-119.76495361328125,FRESNO,FRESNO,-119.76495361328125,36.754863739013672
94447492,2024,2024-10-28,9435,2024-10-19,"19  ",021672,,6,3,7,1005,0,1,3,,2,410,"SR-41 S/B","HERNDON AVE",510.00,N,N,A,-,Y,FRE,,41," ",R,30.575,H,,L,N,3,0,2,1,A,-,01,23152,A,N,E,8,A,A,H,-,C,D,0,,,,,Y,Y,A,01,0,2,0,0,0,0,0,0,0,"- ","- ",36.839069366455078,-119.78539276123047,FRESNO,FRESNO,-119.78520202636719,36.839069366455078
94447650,2024,2024-10-28,9495,2024-10-23,1724,021029,,3,2,9,1000,0,1,3,,1,013,"STATE ROUTE 145 (FRESNO-COALINGA ROAD)","CALIFORNIA AQUEDUCT (BRIDGE #42-355)",2640.00,S,N,A,-,Y,FRE,,145," "," ",2.512,H,,R,Y,4,0,1,1,A,-,08,22107,,N,F,A,A,A,H,-,A,D,0,,,,,Y,,A,01,0,0,1,0,0,0,0,0,0,"- ","- ",36.320491790771484,-120.23798370361328,FRESNO,UNINCORPORATED,-120.23795318603516,36.320468902587891
9444816,2022,2022-06-13,1012,2022-04-20,1454,L059,REEDL,3,5,3,1012,0,0,0,,0,,"FRANKWOOD AV","NORTH AV",0.00,,Y,A,-,N,,,,,,,,,,N,3,0,1,2,A,-,10,21950,A,N,G,B,B,A,H,-,A,D,0,Y,,,,Y,,A,01,0,1,0,0,1,0,0,0,0,"- ","- ",36.600559234619141,-119.44869995117188,FRESNO,REEDLEY,-119.44876861572266,36.600559234619141
94448708,2024,2024-10-29,9435,2024-10-22,1630,016507,,2,2,9,1000,1,3,5,,2,060,"MANNING AVE","ALTA AVE",0.00,,Y,A,-,N,,,,,,,,,,N,3,0,1,1,C,-,18,,,N,H,A,A,A,H,-,A,A,0,,,,,Y,,-,"- ",0,1,0,0,0,0,0,0,0,"- ","- ",36.603988647460938,-119.39505004882812,FRESNO,UNINCORPORATED,-119.39495086669922,36.603935241699219
94448868,2024,2024-10-29,9435,2024-10-28,"515 ",021315,,1,3,9,1000,0,3,5,,2,034,"ACADEMY AVENUE","ADAMS AVENUE",1370.00,S,N,A,-,N,,,,,,,,,,Y,3,0,1,1,A,-,03,22350,,N,E,I,A,A,H,-,D,D,0,,,,,Y,,D,22,0,1,0,0,0,0,0,0,0,"- ","- ",36.630359649658203,-119.55650329589844,FRESNO,UNINCORPORATED,-119.5567626953125,36.63037109375
94449389,2024,2024-10-29,9435,2024-10-09,2249,020854,,3,3,9,1000,0,1,3,,2,107,"STATE ROUTE 99 SOUTHBOUND","BETHEL AVENUE",100.00,N,N,A,-,Y,FRE,,99," ",R,2.146,H,,L,Y,3,0,2,2,A,-,01,23152,A,N,C,2,A,A,H,-,D,D,0,,,,,Y,Y,A,01,0,2,0,0,0,0,0,0,0,"- ","- ",36.530208587646484,-119.57646942138672,FRESNO,UNINCORPORATED,-119.57644653320312,36.530231475830078
94449488,2024,2025-01-13,9435,2024-10-28,1645,016507,,1,2,9,1000,0,3,5,,2,060,"GEORGE SMITH ROAD","ANTELOPE LANE",800.00,S,N,A,-,N,,,,,,,,,,Y,4,0,1,2,A,-,05,21460,,N,B,2,A,A,H,-,A,D,0,,,,,Y,,A,01,0,0,1,0,0,0,0,0,0,"- ","- ",36.705039978027344,-119.25718688964844,FRESNO,UNINCORPORATED,-119.25760650634766,36.705364227294922
94449715,2024,2024-10-29,9495,2024-10-27,"200 ",021619,,7,3,9,1000,0,3,5,,2,052,"DERRICK AVENUE","INTERSTATE 5",7392.00,S,N,A,-,N,,,,,,,,,,Y,4,0,1,1,A,-,08,22107,,N,E,A,A,A,H,-,D,D,0,,,,,Y,,D,22,0,0,1,0,0,0,0,0,0,"- ","- ",36.413970947265625,-120.39306640625,FRESNO,UNINCORPORATED,-120.39431762695312,36.435020446777344
94450699,2024,2024-10-30,9435,2024-10-23,1845,021135,,3,2,9,1000,0,3,5,,2,040,"PEACH AVENUE","NEBRASKA AVENUE",120.00,S,N,A,-,N,,,,,,,,,,N,4,0,1,2,A,-,03,22350,,M,C,C,A,A,H,-,A,D,0,,,,,Y,,-,99,0,0,1,0,0,0,0,0,0,"- ","- ",36.560340881347656,-119.71858215332031,FRESNO,UNINCORPORATED,-119.71858215332031,36.561470031738281
94450746,2024,2024-10-30,9435,2024-10-29,"643 ",015986,,2,1,9,1000,0,1,3,,1,180,SR-180,"DICKENSON AVE",0.00,,Y,A,-,N,,,,,,,,,,N,4,0,2,2,D,-,00,,,N,D,C,A,A,H,-,D,A,0,,,,,Y,,-,"- ",0,0,2,0,0,0,0,0,0,"- ","- ",36.735031127929688,-119.96994781494141,FRESNO,UNINCORPORATED,-119.969970703125,36.735004425048828
94450782,2024,2025-05-15,9435,2024-10-22,1505,021135,,2,2,7,1005,0,1,3,,1,411,"STATE ROUTE 41 SOUTHBOUND","AMERICAN AVENUE",0.00,,Y,A,-,Y,FRE,,41," ",R,18.114,H,,L,N,4,0,1,2,A,-,07,21658,A,N,C,C,A,A,H,-,A,A,0,,,,,Y,,A,01,0,0,1,0,0,0,0,0,0,"- ","- ",36.663490295410156,-119.78617095947266,FRESNO,FRESNO,-119.7861328125,36.663490295410156
94450860,2024,2024-10-30,9435,2024-10-19,2143,021031,,6,2,7,1005,0,1,3,,2,410,"STATE ROUTE 41 SOUTHBOUND","AUDUBON DRIVE",1742.00,N,N,A,-,Y,FRE,,41," ",R,32.507,H,,L,Y,2,0,1,2,A,-,01,23152,A,N,C,C,A,A,H,-,D,D,0,,,Y,,Y,Y,C,02,1,0,0,0,0,0,0,0,1,"- ","- ",36.865978240966797,-119.79194641113281,FRESNO,FRESNO,-119.79192352294922,36.865982055664062
94451140,2024,2024-10-30,9435,2024-10-19,"615 ",018746,,6,1,9,1000,0,1,3,,1,180,SR-180,"HAYES AVENUE",475.00,E,N,A,-,Y,FRE,,180," "," ",51.681,H,,R,Y,4,0,2,2,A,-,01,23152,A,N,A,C,A,A,H,-,B,D,0,,,,,Y,Y,A,01,0,0,2,0,0,0,0,0,0,"- ","- ",36.735378265380859,-119.89710998535156,FRESNO,UNINCORPORATED,-119.89710998535156,36.735370635986328
94451190,2024,2024-10-30,9435,2024-10-30,"815 ",018746,,3,1,9,1000,0,1,3,,1,183,"SR-180 EASTBOUND","QUALITY AVENUE",1395.00,E,N,A,-,Y,FRE,,180," ",R,72.345,H,,R,Y,4,0,1,1,A,-,08,22107,,N,E,8,A,A,H,-,A,D,0,,,,,Y,,A,08,0,0,1,0,0,0,0,0,0,"- ","- ",36.735828399658203,-119.53810119628906,FRESNO,UNINCORPORATED,-119.53810119628906,36.735847473144531
94451301,2024,2024-10-30,9435,2024-10-30,1125,018746,,3,1,7,1005,0,1,3,,1,168,"SR-168 E/B TO ASHLAN AVENUE","ASHLAN AVENUE",30.00,W,N,A,-,Y,,,,,,,,,,N,4,0,1,2,A,-,03,22350,,N,C,C,A,A,H,-,A,A,0,,,,,Y,,A,07,0,0,1,0,0,0,0,0,0,"- ","- ",36.794219970703125,-119.74552154541016,FRESNO,FRESNO,-119.746826171875,36.794315338134766
94451453,2024,2024-10-30,9435,2024-09-20,2335,021031,,5,3,7,1005,0,1,3,,1,183,"SR-180 E/B TO FOWLER AVE","FOWLER AVE",1267.00,W,N,A,-,Y,FRE,,180," ",R,63.675,H,,R,Y,2,0,1,1,A,-,08,22107,,N,E,I,A,A,H,-,C,D,0,,,,,Y,,A,01,1,0,0,0,0,0,0,0,0,"- ","- ",36.753231048583984,-119.68636322021484,FRESNO,FRESNO,-119.68635559082031,36.753395080566406
94451479,2024,2024-10-30,9435,2024-10-18,1550,020481,,5,2,7,1005,0,1,3,,2,410,"SR-41 S/B","SHAW AVE",999.00,S,N,A,-,Y,FRE,,41," ",R,28.269,H,,L,Y,3,0,1,3,A,-,03,22350,,N,C,C,A,A,H,-,A,D,0,,,,Y,Y,,F,27,0,1,0,0,0,0,0,0,0,"- ","- ",36.805641174316406,-119.78547668457031,FRESNO,FRESNO,-119.78544616699219,36.805641174316406
94452364,2024,2024-10-31,9435,2024-10-23,1730,021135,,3,2,9,1000,0,3,5,,2,040,"MOUNTAIN VIEW AVENUE","MITCHELL AVENUE",15.00,E,N,A,-,N,,,,,,,,,,N,3,0,1,2,A,-,03,22350,,N,C,C,A,A,H,-,A,D,0,,,,,Y,,A,01,0,1,0,0,0,0,0,0,0,"- ","- ",36.547111511230469,-119.62429046630859,FRESNO,UNINCORPORATED,-119.62439727783203,36.547100067138672
94452443,2024,2024-10-31,9435,2024-10-21,"47  ",018944,,1,3,9,1000,0,3,5,,2,010,"MAROA AVENUE","SHAW AVENUE",0.00,,Y,A,-,N,,,,,,,,,,Y,3,0,2,1,A,-,03,22350,,F,E,8,A,A,H,-,C,A,0,,,,,Y,,A,07,0,1,1,0,0,0,0,0,0,"- ","- ",36.808601379394531,-119.79931640625,FRESNO,UNINCORPORATED,-119.79945373535156,36.808387756347656
94452622,2024,2024-10-31,9435,2024-10-22,1710,016860,,2,2,9,1000,0,3,5,,2,050,"AUBERRY ROAD","POWERHOUSE ROAD",528.00,E,N,A,-,N,,,,,,,,,,Y,4,0,1,1,A,-,03,22350,,N,E,I,A,A,H,-,A,D,0,,,,,Y,,A,01,0,0,1,0,0,0,0,0,0,"- ","- ",37.082000732421875,-119.48494720458984,FRESNO,UNINCORPORATED,-119.48553466796875,37.079280853271484
94452640,2024,2024-10-31,9435,2024-10-27,"625 ",019263,,7,1,7,1005,0,1,3,,2,410,"SR-41 S/B TO SR-180 W/B","OLIVE AVE",15.00,N,N,A,-,Y,,,,,,,,,,Y,4,0,1,1,A,-,08,22107,,N,E,I,A,A,H,-,C,D,0,,,,,Y,,A,01,0,0,1,0,0,0,0,0,0,"- ","- ",36.757831573486328,-119.77642059326172,FRESNO,FRESNO,-119.77581787109375,36.757740020751953
94452765,2024,2024-10-31,9435,2024-10-25,1617,021135,,5,2,7,1005,0,1,3,,2,105,"STATE ROUTE 99","TULARE STREET",650.00,S,N,A,-,Y,FRE,,99," "," ",20.429,H,,R,N,4,0,1,3,A,-,03,22350,,N,B,C,A,A,H,-,A,D,0,,,,,Y,,A,01,0,0,1,0,0,0,0,0,0,"- ","- ",36.727680206298828,-119.79547119140625,FRESNO,FRESNO,-119.79543304443359,36.727710723876953
94452814,2024,2024-10-31,9435,2024-10-31,"622 ",015890,,4,1,9,1000,0,3,5,,2,015,"VALENTINE AVE","JENSEN AVE",0.00,,Y,A,-,N,,,,,,,,,,Y,4,0,1,2,A,-,09,21802,A,N,D,C,A,A,H,-,D,A,0,,,,,Y,,D,22,0,0,1,0,0,0,0,0,0,"- ","- ",36.706588745117188,-119.8533935546875,FRESNO,UNINCORPORATED,-119.85340881347656,36.706573486328125
94452848,2024,2024-10-31,9435,2024-10-28,1257,019263,,1,1,7,1005,0,1,3,,2,410,"SR-41 S/B","GETTYSBURG AVE",800.00,N,N,A,-,Y,FRE,,41," ",R,28.139,H,,L,Y,3,0,2,2,A,-,03,22350,,N,C,C,A,A,H,-,A,D,0,,,,,Y,,A,01,0,2,0,0,0,0,0,0,0,"- ","- ",36.803760528564453,-119.78549957275391,FRESNO,FRESNO,-119.78546142578125,36.803760528564453
94452918,2024,2024-10-31,9435,2024-10-30,1004,020064,,3,1,9,1000,0,3,5,,2,060,"MANNING AVENUE","PORTER AVENUE",5.00,E,N,B,-,N,,,,,,,,,,Y,4,0,1,2,A,-,03,22350,,N,C,C,A,A,H,-,A,D,0,,,,,Y,,A,01,0,0,1,0,0,0,0,0,0,"- ","- ",36.603569030761719,-119.36769866943359,FRESNO,UNINCORPORATED,-119.36771392822266,36.603557586669922
94452954,2024,2024-10-31,9435,2024-10-31,"520 ",015890,,4,3,9,1000,0,3,5,,2,015,"CORNELIA AVE","CHURCH AVE",39.00,S,N,A,-,N,,,,,,,,,,N,3,0,1,2,D,-,00,,,N,B,C,A,A,H,-,D,D,0,,,,,Y,,-,"- ",0,1,0,0,0,0,0,0,0,"- ","- ",36.713569641113281,-119.88050079345703,FRESNO,UNINCORPORATED,-119.88053131103516,36.713592529296875
94453005,2024,2024-10-31,9435,2024-10-31,"619 ",020062,,4,1,9,1000,0,3,5,,2,040,"ELKHORN AVENUE","INDIANOLA AVENUE",80.00,E,N,A,-,N,,,,,,,,,,Y,4,0,1,2,A,-,09,21801,A,N,B,C,A,A,H,-,D,D,0,,,,,Y,,D,22,0,0,1,0,0,0,0,0,0,"- ","- ",36.489040374755859,-119.59049987792969,FRESNO,UNINCORPORATED,-119.59069061279297,36.489048004150391
94453073,2024,2024-10-31,9435,2024-10-19,"240 ",019523,,6,3,9,1000,0,1,3,,1,412,"STATE ROUTE 41 N/B","MOUNTAIN VIEW AVENUE",365.00,N,N,A,-,Y,FRE,,41," ",R,10.180,H,,R,Y,4,0,2,2,A,-,01,23152,A,M,C,C,A,A,H,-,C,A,0,,,,,Y,Y,A,01,0,0,2,0,0,0,0,0,0,"- ","- ",36.548389434814453,-119.7860107421875,FRESNO,UNINCORPORATED,-119.78601837158203,36.548389434814453
94453076,2024,2024-10-31,9435,2024-10-21,2005,021544,,1,2,9,1000,0,3,5,,2,034,"JENSEN AVE","DE WOLF AVE",250.00,E,N,A,-,N,,,,,,,,,,Y,4,0,1,2,A,-,09,21802,A,M,E,I,A,A,H,-,C,A,0,,,,,Y,,-,99,0,0,1,0,0,0,0,0,0,"- ","- ",36.707210540771484,-119.64510345458984,FRESNO,UNINCORPORATED,-119.64514923095703,36.707283020019531
94453095,2024,2024-10-31,9435,2024-10-30,"545 ",015890,,3,3,9,1000,0,3,5,,2,040,"ELM AVE","RIVERDALE AVE",1001.00,N,N,A,-,N,,,,,,,,,,Y,3,0,1,1,A,-,08,22107,,F,F,A,A,A,H,-,D,D,0,,,,,Y,,A,01,0,1,0,0,0,0,0,0,0,"- ","- ",36.441108703613281,-119.79849243164062,FRESNO,UNINCORPORATED,-119.79841613769531,36.441059112548828
9445327,2022,2022-06-06,1001,2022-04-30,0927,5809,,6,5,5,1001,0,0,0,,0,005,"HERNDON AV","RT 168",0.00,,Y,A,-,Y,FRE,6,168,-,R,6.886,R,4,E,Y,3,0,1,2,A,-,12,21453,A,N,D,C,A,A,H,-,A,A,0,,,,,Y,,A,01,0,1,0,0,0,0,0,0,0,"- ",EF,,,FRESNO,CLOVIS,-119.70320892333984,36.837249755859375
9445329,2022,2022-05-20,1013,2022-04-23,1404,M174,SANGE,6,5,3,1013,0,0,0,,0,M380,"ANNADALE AV","TUCKER AV",150.00,W,N,A,-,N,,,,,,,,,,N,3,0,1,2,A,-,11,21954,A,N,G,B,C,A,H,-,A,D,0,Y,,,,Y,Y,A,07,0,1,0,0,1,0,0,0,0,"- ","- ",36.691688537597656,-119.54840850830078,FRESNO,SANGER,-119.54578399658203,36.699501037597656
9445359,2022,2022-06-03,1008,2022-01-02,1300,J110,,7,5,2,1008,0,0,0,,0,,"GOLDEN STATE BL","BETHEL AV",12.00,N,N,A,-,N,,,,,,,,,,,4,0,1,2,A,-,12,22450,A,N,D,C,A,A,H,-,A,D,0,,,,,Y,,D,22,0,0,1,0,0,0,0,0,0,"- ","- ",36.533199310302734,-119.53958892822266,FRESNO,KINGSBURG,-119.57593536376953,36.533275604248047
94454808,2024,2024-11-01,9435,2024-10-26,1150,021114,,6,1,7,1005,0,1,3,,2,107,"SR-99 N/B","MANNING AVE",2640.00,S,N,A,-,Y,FRE,,99," "," ",8.556,H,,R,Y,3,0,1,1,A,-,08,22107,,N,F,A,A,A,H,-,A,D,0,,,Y,,Y,,C,02,0,1,0,0,0,0,0,0,1,"- ","- ",36.598781585693359,-119.65373992919922,FRESNO,FRESNO,-119.65380096435547,36.598739624023438
94454840,2024,2024-11-01,9435,2024-10-30,2305,017518,,3,3,5,1001,0,1,3,,1,168,"STATE ROUTE 168 W/B TO SHAW AVE.","SHAW AVE.",50.00,E,N,A,-,Y,,,,,,,,,,N,4,0,1,2,A,-,03,22350,,N,C,C,A,A,H,-,C,A,0,,,,,Y,,A,01,0,0,1,0,0,0,0,0,0,"- ","- ",36.808830261230469,-119.73477172851562,FRESNO,CLOVIS,-119.73400115966797,36.808269500732422
94454854,2024,2024-11-01,9435,2024-10-30,1640,020193,,3,2,9,1000,0,3,5,,2,034,"GOLDEN STATE BOULEVARD","DEWOLF AVENUE",0.00,,Y,A,-,N,,,,,,,,,,N,3,0,2,2,A,-,09,21802,A,N,D,C,A,A,H,-,A,A,0,,,,,Y,,A,07,0,1,1,0,0,0,0,0,0,"- ","- ",36.597949981689453,-119.64688873291016,FRESNO,UNINCORPORATED,-119.64682769775391,36.59796142578125
94454883,2024,2024-11-01,9435,2024-10-19,2355,021658,,6,3,9,1000,0,3,5,,2,034,"CENTRAL AVE.","BETHEL AVE.",15.00,E,N,A,-,N,,,,,,,,,,Y,3,0,1,2,A,-,03,22350,,N,C,C,A,A,H,-,D,A,0,,,,,Y,,A,01,0,1,0,0,0,0,0,0,0,"- ","- ",36.677719116210938,-119.57418823242188,FRESNO,UNINCORPORATED,-119.57431793212891,36.677711486816406
94454898,2024,2024-11-01,9435,2024-10-16,1245,019603,,3,1,9,1000,0,3,5,,2,034,"DEL REY AVENUE","AMERICAN AVENUE",0.00,,Y,A,-,N,,,,,,,,,,Y,3,0,3,4,A,-,09,21802,A,N,D,2,F,A,H,-,A,A,0,Y,,,,Y,,A,01,0,1,2,0,1,0,0,0,0,"- ","- ",36.663200378417969,-119.59253692626953,FRESNO,UNINCORPORATED,-119.59249114990234,36.663200378417969
94454907,2024,2024-11-01,9435,2024-10-27,1048,018914,,7,1,9,1000,0,3,5,,2,010,"GOLDENROD AVENUE","ASHLAN AVENUE",0.00,,Y,A,-,N,,,,,,,,,,Y,4,0,1,2,A,-,09,21802,A,N,E,I,A,A,H,-,A,A,0,,,,,Y,,A,01,0,0,1,0,0,0,0,0,0,"- ","- ",36.793239593505859,-120.04261779785156,FRESNO,UNINCORPORATED,-120.04264831542969,36.793197631835938
94455224,2024,2024-11-01,9435,2024-10-31,"650 ",015986,,4,1,9,1000,0,3,5,,2,034,"WILLOW AVENUE","VINE AVENUE",0.00,,Y,A,-,N,,,,,,,,,,N,3,0,1,2,A,-,08,22107,,F,G,B,D,A,H,-,D,D,0,Y,,,,Y,,-,99,0,1,0,0,1,0,0,0,0,"- ","- ",36.703670501708984,-119.72736358642578,FRESNO,UNINCORPORATED,-119.72734832763672,36.703647613525391
9445603,2022,2022-05-25,1001,2022-04-22,1310,5723,,5,5,5,1001,0,0,0,,0,006,"SHAW AV","MCKELVY AV",0.00,,Y,A,-,N,,,,,,,,,,N,3,0,1,1,A,-,01,23152,A,N,E,I,A,A,H,-,A,A,0,,,,,Y,Y,A,01,0,1,0,0,0,0,0,0,0,"- ","- ",36.808559417724609,-119.66398620605469,FRESNO,CLOVIS,-119.66854095458984,36.808441162109375
94456440,2024,2024-11-04,9461,2024-10-27,"30  ",022929,,7,3,9,1000,0,1,3,,1,603,"SHAIN AVE",SR-33,0.00,,Y,A,-,Y,MER,,33," ",L,1.125,H,,R,Y,3,0,1,1,A,-,01,23152,A,N,F,A,A,A,H,-,D,D,0,,,,,Y,Y,A,08,0,1,0,0,0,0,0,0,0,"- ","- ",36.967540740966797,-120.63546752929688,FRESNO,UNINCORPORATED,-120.63562774658203,36.967540740966797
94456602,2024,2024-11-04,9435,2024-07-22,"837 ",015890,,1,1,9,1000,0,3,5,,2,020,"SONOMA AVENUE","ELKHORN AVENUE",0.00,,Y,A,-,N,,,,,,,,,,Y,1,1,0,1,A,-,01,23152,A,N,F,A,A,A,H,-,A,D,0,,,,,Y,Y,A,01,0,0,0,0,0,0,0,0,0,"- ","- ",36.483741760253906,-120.24822998046875,FRESNO,UNINCORPORATED,-120.24820709228516,36.483562469482422
94456610,2024,2024-11-04,9435,2024-10-25,1450,021402,,5,2,7,1005,0,1,3,,2,106,"SR-99 NORTHBOUND","CENTRAL AVE",5.00,N,N,A,-,Y,FRE,,99," "," ",15.871,H,,R,N,4,0,2,2,A,-,03,22350,,N,C,C,A,A,H,-,A,D,0,,,,,Y,,A,08,0,0,2,0,0,0,0,0,0,"- ","- ",36.678001403808594,-119.74134063720703,FRESNO,FRESNO,-119.74132537841797,36.678012847900391
94456710,2024,2024-11-04,9435,2024-10-27,2020,021119,,7,2,9,1000,0,1,3,,2,107,"STATE ROUTE 99 NORTHBOUND","BETHEL AVENUE",20.00,S,N,A,-,Y,FRE,,99," ",R,2.068,H,,R,N,4,0,1,1,A,-,03,22350,,N,E,I,A,A,H,-,D,D,0,,,,,Y,,D,22,0,0,1,0,0,0,0,0,0,"- ","- ",36.529731750488281,-119.57527160644531,FRESNO,UNINCORPORATED,-119.57545471191406,36.52960205078125
94456735,2024,2024-11-04,9435,2024-10-28,1955,016507,,1,2,9,1000,0,3,5,,2,060,"JEFFERSON AVE","BUTTONWILLOW AVE",0.00,,Y,A,-,N,,,,,,,,,,Y,3,0,1,2,A,-,12,22450,A,N,D,2,A,A,H,-,D,A,0,,,,Y,Y,,G,27,0,1,0,0,0,0,0,0,0,"- ","- ",36.654739379882812,-119.43064880371094,FRESNO,UNINCORPORATED,-119.43091583251953,36.592453002929688
94456792,2024,2024-11-04,9435,2024-10-29,"815 ",019705,,2,1,9,1000,0,1,3,,2,105,"SR-99 S/B","BELMONT AVE",370.00,S,N,A,-,Y,FRE,,99," "," ",22.596,H,,L,N,4,0,1,3,A,-,03,22350,,N,C,C,A,A,H,-,A,D,0,,,,,Y,,A,01,0,0,1,0,0,0,0,0,0,"- ","- ",36.748561859130859,-119.82372283935547,FRESNO,UNINCORPORATED,-119.82366180419922,36.748588562011719
94456815,2024,2024-11-04,9435,2024-10-29,1425,019926,,2,2,7,1005,0,1,3,,2,105,"SR-99 N/B","OLIVE AVE",150.00,N,N,A,-,Y,FRE,,99," "," ",23.343,H,,R,N,3,0,1,2,A,-,03,22350,,N,C,C,A,A,H,-,A,D,0,,,,,Y,,A,07,0,1,0,0,0,0,0,0,0,"- ","- ",36.757930755615234,-119.83003234863281,FRESNO,FRESNO,-119.82996368408203,36.757957458496094
94456964,2024,2024-11-04,9435,2024-10-31,1715,021119,,4,2,9,1000,0,3,5,,2,015,"CHERRY AVENUE","ADAMS AVENUE",0.00,,Y,A,-,N,,,,,,,,,,N,3,0,2,2,A,-,09,21802,A,N,D,C,A,A,H,-,A,D,0,,,,,Y,,A,07,0,1,1,0,0,0,0,0,0,"- ","- ",36.648788452148438,-119.78180694580078,FRESNO,UNINCORPORATED,-119.78180694580078,36.634265899658203
94457056,2024,2024-11-04,9435,2024-11-01,1355,019263,,5,1,9,1000,0,3,5,,2,025,"CLINTON AVE","MAPLE AVE",0.00,,Y,A,-,N,,,,,,,,,,N,3,0,1,2,A,-,09,21801,A,N,D,C,A,A,H,-,A,A,0,,,Y,,Y,,A,01,0,1,0,0,0,0,0,0,1,"- ","- ",36.7723388671875,-119.74536895751953,FRESNO,UNINCORPORATED,-119.74537658691406,36.772289276123047
94457211,2024,2024-11-04,9435,2024-11-01,2015,021658,,5,2,9,1000,0,3,5,,2,034,"DEL REY AVE.","CENTRAL AVE.",0.00,,Y,A,-,N,,,,,,,,,,Y,3,0,1,2,A,-,09,21802,A,N,D,C,A,A,H,-,D,A,0,,,,,Y,,A,01,0,1,0,0,0,0,0,0,0,"- ","- ",36.677631378173828,-119.59243011474609,FRESNO,UNINCORPORATED,-119.59239196777344,36.67767333984375
94457306,2024,2024-11-04,9435,2024-11-02,"948 ",020062,,6,1,9,1000,0,3,5,,2,034,"MANNING AVENUE","INDIANOLA AVENUE",0.00,,Y,B,-,N,,,,,,,,,,Y,3,0,1,2,A,-,09,21801,A,N,A,2,A,A,H,-,A,D,0,,,,,Y,,D,22,0,1,0,0,0,0,0,0,0,"- ","- ",36.605129241943359,-119.58390045166016,FRESNO,UNINCORPORATED,-119.583984375,36.604999542236328
94457530,2024,2024-11-04,9435,2024-11-03,"549 ",017310,,7,3,9,1000,0,3,5,,2,025,"MINNEWAWA AVENUE","BEHYMER AVENUE",1584.00,S,N,A,-,N,,,,,,,,,,N,4,0,1,3,A,-,03,22350,,N,C,C,A,A,H,-,A,D,0,,,,,Y,,A,07,0,0,1,0,0,0,0,0,0,"- ","- ",36.876079559326172,-119.71115112304688,FRESNO,UNINCORPORATED,-119.71116638183594,36.876800537109375
94457554,2024,2024-11-04,9435,2024-10-31,2025,020205,,4,2,9,1000,0,3,5,,2,030,"MINNEWAWA AVE","ASHLAN AVE",0.00,,Y,A,-,N,,,,,,,,,,Y,4,0,2,2,A,-,17,21451,A,N,D,C,A,A,H,-,D,A,0,,,,,Y,,A,01,0,0,2,0,0,0,0,0,0,"- ","- ",36.794418334960938,-119.70912170410156,FRESNO,UNINCORPORATED,-119.70913696289062,36.794456481933594
94458131,2024,2024-11-05,9435,2024-11-04,2308,017518,,1,3,9,1000,0,3,5,,2,025,"COPPER AVENUE","ARMSTRONG AVENUE",2640.00,E,N,A,-,N,,,,,,,,,,N,4,0,1,1,A,-,08,22107,,N,E,I,A,A,H,-,D,D,0,,,,,Y,,A,01,0,0,1,0,0,0,0,0,0,"- ","- ",36.895538330078125,-119.66336822509766,FRESNO,UNINCORPORATED,-119.66580200195312,36.895442962646484