CASE_ID,ACCIDENT_YEAR,PROC_DATE,JURIS,COLLISION_DATE,COLLISION_TIME,OFFICER_ID,REPORTING_DISTRICT,DAY_OF_WEEK,CHP_SHIFT,POPULATION,CNTY_CITY_LOC,SPECIAL_COND,BEAT_TYPE,CHP_BEAT_TYPE,CITY_DIVISION_LAPD,CHP_BEAT_CLASS,BEAT_NUMBER,PRIMARY_RD,SECONDARY_RD,DISTANCE,DIRECTION,INTERSECTION,WEATHER_1,WEATHER_2,STATE_HWY_IND,CALTRANS_COUNTY,CALTRANS_DISTRICT,STATE_ROUTE,ROUTE_SUFFIX,POSTMILE_PREFIX,POSTMILE,LOCATION_TYPE,RAMP_INTERSECTION,SIDE_OF_HWY,TOW_AWAY,COLLISION_SEVERITY,NUMBER_KILLED,NUMBER_INJURED,PARTY_COUNT,PRIMARY_COLL_FACTOR,PCF_CODE_OF_VIOL,PCF_VIOL_CATEGORY,PCF_VIOLATION,PCF_VIOL_SUBSECTION,HIT_AND_RUN,TYPE_OF_COLLISION,MVIW,PED_ACTION,ROAD_SURFACE,ROAD_COND_1,ROAD_COND_2,LIGHTING,CONTROL_DEVICE,CHP_ROAD_TYPE,PEDESTRIAN_ACCIDENT,BICYCLE_ACCIDENT,MOTORCYCLE_ACCIDENT,TRUCK_ACCIDENT,NOT_PRIVATE_PROPERTY,ALCOHOL_INVOLVED,STWD_VEHTYPE_AT_FAULT,CHP_VEHTYPE_AT_FAULT,COUNT_SEVERE_INJ,COUNT_VISIBLE_INJ,COUNT_COMPLAINT_PAIN,COUNT_PED_KILLED,COUNT_PED_INJURED,COUNT_BICYCLIST_KILLED,COUNT_BICYCLIST_INJURED,COUNT_MC_KILLED,COUNT_MC_INJURED,PRIMARY_RAMP,SECONDARY_RAMP,LATITUDE,LONGITUDE,COUNTY,CITY,POINT_X,POINT_Y
94496951,2024,2024-12-13,9435,2024-11-29,1410,021086,,5,2,9,1000,0,1,3,,2,410,"STATE ROUTE 41","SHAW AVENUE",1690.00,S,N,B,-,Y,FRE,,41," ",R,28.135,H,,R,Y,3,0,3,5,A,-,03,22350,,N,C,2,A,A,H,-,A,D,0,,,,,Y,,A,01,0,1,2,0,0,0,0,0,0,"- ","- ",36.803699493408203,-119.78507995605469,FRESNO,UNINCORPORATED,-119.78512573242188,36.803699493408203
94497161,2024,2024-12-13,9435,2024-11-27,1920,021135,,3,2,9,1000,0,3,5,,2,034,"ACADEMY AVENUE","SOUTH AVENUE",0.00,,Y,A,-,N,,,,,,,,,,N,3,0,4,2,A,-,09,21801,A,N,C,C,A,A,H,-,D,A,0,,,,,Y,,A,07,0,1,3,0,0,0,0,0,0,"- ","- ",36.619590759277344,-119.55683898925781,FRESNO,UNINCORPORATED,-119.55686950683594,36.619586944580078
94497220,2024,2024-12-13,9435,2024-11-27,1635,020193,,3,2,9,1000,0,3,5,,2,015,"CLOVIS AVENUE","CLAYTON AVENUE",0.00,,Y,A,-,N,,,,,,,,,,N,4,0,1,2,A,-,09,21802,A,N,D,C,A,A,H,-,A,A,0,,,,,Y,,A,01,0,0,1,0,0,0,0,0,0,"- ","- ",36.640010833740234,-119.69998168945312,FRESNO,UNINCORPORATED,-119.70026397705078,36.640022277832031
94497541,2024,2024-12-13,9435,2024-12-03,"937 ",019705,,2,1,9,1000,0,3,5,,2,040,"AVENUE 382","BETHEL AVE",1056.00,E,N,E,-,N,,,,,,,,,,N,2,0,5,2,A,-,05,21650,,N,A,C,A,A,H,-,A,D,0,,,,,Y,,A,01,2,1,2,0,0,0,0,0,0,"- ","- ",36.488819122314453,-119.57109069824219,FRESNO,UNINCORPORATED,,
94497564,2024,2024-12-13,9435,2024-12-07,"740 ",019603,,6,1,9,1000,0,3,5,,2,010,"GRANTLAND AVENUE","YALE AVENUE",450.00,S,N,E,-,N,,,,,,,,,,N,4,0,1,2,A,-,08,22107,,N,B,C,A,B,H,-,B,D,0,,,,Y,Y,,F,25,0,0,1,0,0,0,0,0,0,"- ","- ",36.768558502197266,-119.91619110107422,FRESNO,UNINCORPORATED,-119.91625213623047,36.768573760986328
94498037,2024,2024-12-13,9435,2024-11-28,1233,017579,,4,1,9,1000,0,3,5,,2,015,"MARKS AVENUE","AMERICAN AVENUE",0.00,,Y,A,-,N,,,,,,,,,,Y,4,0,1,2,A,-,09,21802,A,N,D,C,A,A,H,-,A,A,0,,,,,Y,,A,07,0,0,1,0,0,0,0,0,0,"- ","- ",36.663101196289062,-119.84439849853516,FRESNO,UNINCORPORATED,-119.84442138671875,36.663101196289062
94498232,2024,2024-12-13,9435,2024-11-30,1825,022712,,6,2,9,1000,0,3,5,,2,034,"ACADEMY AVE","LINCOLN AVE",50.00,S,N,B,-,N,,,,,,,,,,Y,4,0,2,2,A,-,03,22350,,N,C,C,A,A,H,-,D,D,0,,,,,Y,,A,01,0,0,2,0,0,0,0,0,0,"- ","- ",36.6485595703125,-119.55641937255859,FRESNO,UNINCORPORATED,-119.55657958984375,36.648532867431641
94498292,2024,2024-12-13,9435,2024-10-09,"411 ",018944,,3,3,7,1005,0,1,3,,2,105,"STATE ROUTE 99 NORTHBOUND","MCKINLEY AVENUE",20.00,N,N,A,-,Y,FRE,,99," "," ",23.850,H,,R,N,1,1,0,2,A,-,11,21954,A,N,G,B,E,A,H,-,C,D,0,Y,,,Y,Y,,N,60,0,0,0,1,0,0,0,0,0,"- ","- ",36.764598846435547,-119.83396911621094,FRESNO,FRESNO,-119.833984375,36.764595031738281
94498333,2024,2024-12-13,9435,2024-12-05,1707,021031,,4,2,9,1000,0,3,5,,2,034,"MANNING AVENUE","DEWOLF AVENUE",0.00,,Y,A,-,N,,,,,,,,,,Y,4,0,2,2,A,-,09,21801,A,N,D,C,A,A,H,-,D,A,0,,,,,Y,,A,01,0,0,2,0,0,0,0,0,0,"- ","- ",36.60552978515625,-119.64653015136719,FRESNO,UNINCORPORATED,-119.64653015136719,36.605365753173828
94498350,2024,2024-12-13,9461,2024-11-25,"153 ",023015,,1,3,9,1000,0,3,5,,2,060,"BASS AVE.","SECOND ST",4224.00,E,N,B,-,N,,,,,,,,,,Y,4,0,1,1,A,-,01,23152,A,N,E,I,A,B,H,-,D,D,0,,,,,Y,Y,A,01,0,0,1,0,0,0,0,0,0,"- ","- ",36.776958465576172,-120.37306213378906,FRESNO,UNINCORPORATED,-120.37408447265625,36.77545166015625
9449837,2022,2022-06-03,1008,2022-02-24,1046,J264,,4,5,2,1008,0,0,0,,0,,"MARION ST","ELLIS ST",0.00,,Y,A,-,N,,,,,,,,,,Y,3,0,2,2,A,-,09,21801,A,N,A,C,A,A,H,-,A,D,0,,,,,Y,,A,01,0,1,1,0,0,0,0,0,0,"- ","- ",36.508121490478516,-119.56056976318359,FRESNO,KINGSBURG,-119.55396270751953,36.515781402587891
94498405,2024,2024-12-13,9435,2024-12-07,1435,020540,,6,2,9,1000,0,1,3,,1,183,"STATE ROUTE 180","DEWOLF AVENUE",77.00,E,N,A,-,Y,,,,,,,,,,Y,4,0,1,4,A,-,03,22350,,N,C,C,A,A,H,-,A,A,0,,,,,Y,,D,22,0,0,1,0,0,0,0,0,0,"- ","- ",36.373130798339844,-119.64527130126953,FRESNO,UNINCORPORATED,-119.64574432373047,36.736927032470703
94498548,2024,2024-12-13,9435,2024-09-22,"813 ",016860,,7,1,9,1000,0,3,5,,2,050,"SAMPLE ROAD","GRANITE HILLS LANE",528.00,W,N,A,-,N,,,,,,,,,,Y,1,1,0,1,A,-,08,22107,,N,F,0,A,A,H,-,A,A,0,,,Y,,Y,Y,C,02,0,0,0,0,0,0,0,1,0,"- ","- ",36.908901214599609,-119.47006988525391,FRESNO,UNINCORPORATED,-119.47670745849609,36.907726287841797
94498858,2024,2024-12-13,9435,2024-12-02,1300,019603,,1,1,7,1005,0,1,3,,2,105,"STATE ROUTE 41 SOUTHBOUND","OLIVE AVENUE",1300.00,N,N,A,-,Y,FRE,,99," "," ",23.554,H,,L,N,4,0,1,2,A,-,03,22350,,N,C,C,A,A,H,-,A,D,0,,,,,Y,,A,01,0,0,1,0,0,0,0,0,0,"- ","- ",36.760719299316406,-119.83184814453125,FRESNO,FRESNO,-119.83184814453125,36.760719299316406
94498886,2024,2024-12-16,9435,2024-12-08,1105,019603,,7,1,9,1000,0,3,5,,2,015,"KEARNEY BOULEVARD","CHATEAU FRESNO AVENUE",0.00,,Y,E,-,N,,,,,,,,,,Y,4,0,2,2,A,-,09,21802,A,N,D,C,A,A,H,-,A,A,0,,,,,Y,,D,22,0,0,2,0,0,0,0,0,0,"- ","- ",36.727989196777344,-119.93437194824219,FRESNO,UNINCORPORATED,-119.93434143066406,36.727920532226562
94498889,2024,2024-12-13,9495,2024-12-02,2120,022537,,1,2,9,1000,0,1,1,,2,002,"INTERSTATE 5 SOUTHBOUND","JEFFREY AVENUE OVERCROSSING",3168.00,S,N,A,-,Y,FRE,,5," "," ",23.737,H,,L,Y,3,0,1,2,A,-,03,22350,,N,B,C,A,A,H,-,D,A,0,,,,,Y,,A,01,0,1,0,0,0,0,0,0,0,"- ","- ",36.36260986328125,-120.32894897460938,FRESNO,UNINCORPORATED,-120.32897186279297,36.362598419189453
94498948,2024,2024-12-13,9495,2024-12-03,2335,021714,,2,3,9,1000,0,1,1,,2,001,"INTERSTATE 5 N/B","MANNING AVE.",8976.00,S,N,A,-,Y,FRE,,5," "," ",44.100,H,,R,N,4,0,1,1,A,-,08,22107,,N,E,I,A,A,H,-,D,D,0,,,,,Y,,A,01,0,0,1,0,0,0,0,0,0,"- ","- ",36.587928771972656,-120.56327056884766,FRESNO,UNINCORPORATED,-120.56329345703125,36.587913513183594
94499098,2024,2024-12-13,9435,2024-09-07,2500,020429,,6,4,9,1000,0,3,5,,2,060,"STATE ROUTE 198","10 MILE ROAD",1650.00,W,N,A,-,Y,,,,,,,,,,Y,1,1,0,1,A,-,01,23152,A,N,E,8,A,A,H,-,A,D,0,,,,,Y,Y,A,01,0,0,0,0,0,0,0,0,0,"- ","- ",36.721279144287109,-118.91484069824219,FRESNO,UNINCORPORATED,,
94499976,2024,2024-12-13,9435,2024-12-07,"810 ",015095,,6,1,9,1000,0,1,3,,1,183,"SR-180 E/B","DEWOLF AVENUE",0.00,,Y,E,-,N,,,,,,,,,,Y,3,0,2,3,A,-,12,21453,A,N,D,C,A,B,H,-,A,A,0,,,,,Y,,A,07,0,2,0,0,0,0,0,0,0,"- ","- ",36.736961364746094,-119.64607238769531,FRESNO,UNINCORPORATED,-119.64601135253906,36.7369384765625
94500077,2024,2024-12-13,9435,2024-12-03,1520,022221,,2,2,9,1000,0,3,5,,2,040,"FOWLER AVE","ELKHORN AVE",3168.00,N,N,A,-,N,,,,,,,,,,Y,2,0,3,2,A,-,03,22350,,N,A,C,A,A,H,-,A,D,0,,,,,Y,,D,22,2,0,1,0,0,0,0,0,0,"- ","- ",36.4981689453125,-119.68302917480469,FRESNO,UNINCORPORATED,-119.68985748291016,36.489280700683594
94500163,2024,2024-12-13,9435,2024-12-04,2024,022221,,3,2,9,1000,0,3,5,,2,034,"NORTH AVE","TEMPERANCE AVE",0.00,,Y,B,-,N,,,,,,,,,,Y,3,0,2,2,A,-,12,22450,A,F,D,C,A,A,H,-,D,A,0,,,,,Y,,-,99,0,2,0,0,0,0,0,0,0,"- ","- ",36.692859649658203,-119.66391754150391,FRESNO,UNINCORPORATED,-119.66397094726562,36.692829132080078
94500292,2024,2024-12-13,9495,2024-12-10,1508,021619,,2,2,9,1000,0,1,1,,2,001,"INTERSTATE 5 SOUTHBOUND","DERRICK AVENUE",15.00,N,N,A,-,Y,FRE,,5," "," ",30.013,H,,L,Y,4,0,1,1,A,-,08,22107,,F,E,I,A,A,H,-,A,D,0,,,,Y,Y,,G,25,0,0,1,0,0,0,0,0,0,"- ","- ",36.436199188232422,-120.39485168457031,FRESNO,UNINCORPORATED,-120.39482879638672,36.436210632324219
9450034,2022,2022-06-07,1008,2022-02-16,1047,J264,,3,5,2,1008,0,0,0,,0,,"GOLDEN STATE BL","BETHEL AV",0.00,,Y,A,-,N,,,,,,,,,,N,3,0,1,2,A,-,12,22450,A,N,D,C,A,A,H,-,A,A,0,,,,,Y,,I,11,0,1,0,0,0,0,0,0,0,"- ","- ",36.525730133056641,-119.58210754394531,FRESNO,KINGSBURG,-119.57590484619141,36.533248901367188
9450038,2022,2022-06-21,1008,2022-02-16,1708,J264,KINGS,3,5,2,1008,0,0,0,,0,,"SIERRA ST","18TH AV",0.00,,Y,A,-,Y,FRE,6,201,-,-,0.752,I,5,E,Y,3,0,3,2,A,-,12,21453,A,N,D,C,A,A,H,-,A,A,0,,,,,Y,,A,01,0,1,2,0,0,0,0,0,0,"- ","- ",,,FRESNO,KINGSBURG,-119.54788970947266,36.517921447753906
94500388,2024,2024-12-13,9435,2024-09-01,1401,022000,,7,2,9,1000,0,3,5,,2,010,"HOLLAND AVENUE","WISHON AVENUE",23.00,W,N,A,-,N,,,,,,,,,,Y,1,1,0,1,A,-,01,23152,A,N,E,I,A,A,H,-,A,D,0,,,,,Y,Y,A,07,0,0,0,0,0,0,0,0,0,"- ","- ",36.797679901123047,-119.80300140380859,FRESNO,UNINCORPORATED,-119.80243682861328,36.797569274902344
94500537,2024,2024-12-13,9435,2024-12-06,2238,020854,,5,3,9,1000,0,1,3,,1,168,"STATE ROUTE 168 WESTBOUND TO STATE ROUTE 180 EASTB","HARVEY AVENUE",385.00,N,N,A,-,Y,FRE,,180," ",R,60.253,H,,L,N,4,0,1,1,A,-,01,23152,A,N,E,I,A,A,H,-,C,D,0,,,,,Y,Y,A,07,0,0,1,0,0,0,0,0,0,"- ","- ",36.755329132080078,-119.74759674072266,FRESNO,UNINCORPORATED,-119.74759674072266,36.755138397216797
94500779,2024,2024-12-13,9435,2024-12-10,1340,015890,,2,1,9,1000,0,1,3,,1,183,"SR-180 E/B","TEMPERANCE AVE",1907.00,E,N,A,-,N,,,,,,,,,,N,4,0,1,1,A,-,08,22107,,N,E,I,A,A,H,-,A,D,0,,,,,Y,,A,01,0,0,1,0,0,0,0,0,0,"- ","- ",36.743301391601562,-119.66857147216797,FRESNO,UNINCORPORATED,-119.66358947753906,36.739170074462891
94501345,2024,2024-12-13,9435,2024-11-29,"434 ",021940,,5,3,9,1000,0,1,3,,2,105,"SR-99 S/B","CLINTON AVE",3907.00,N,N,A,-,Y,FRE,,99," ",R,25.186,H,,L,Y,3,0,1,1,A,-,08,22107,,N,E,I,A,A,H,-,D,D,0,,,,Y,Y,,F,25,0,1,0,0,0,0,0,0,0,"- ","- ",36.780319213867188,-119.84776306152344,FRESNO,UNINCORPORATED,-119.84764099121094,36.780403137207031
94501419,2024,2024-12-13,9435,2024-11-23,2215,021940,,6,3,9,1000,0,3,5,,2,034,"KINGS CANYON RD","SUNNYSIDE AVE",10.00,W,N,A,-,N,,,,,,,,,,N,3,0,1,2,A,-,03,22350,,M,C,C,A,A,H,-,D,D,0,,,,,Y,,-,99,0,1,0,0,0,0,0,0,0,"- ","- ",36.736351013183594,-119.68968963623047,FRESNO,UNINCORPORATED,-119.68961334228516,36.736480712890625
94501551,2024,2024-12-13,9435,2024-12-04,"750 ",018944,,3,1,9,1000,0,3,5,,2,040,"DINBUA AVENUE","MENDOCINO AVENUE",0.00,,Y,E,-,N,,,,,,,,,,Y,4,0,3,2,A,-,09,21802,A,N,D,2,A,A,H,-,A,A,0,,,,,Y,,A,07,0,0,3,0,0,0,0,0,0,"- ","- ",36.590400695800781,-119.54801940917969,FRESNO,UNINCORPORATED,-119.54798889160156,36.590408325195312
94501585,2024,2024-12-13,9435,2024-12-06,2010,020205,,5,2,9,1000,0,3,5,,2,030,"ACADEMY AVE",SR-180,39.00,N,N,A,-,N,,,,,,,,,,Y,4,0,1,2,A,-,03,22350,,N,C,C,A,A,H,-,D,D,0,,,,,Y,,D,22,0,0,1,0,0,0,0,0,0,"- ","- ",36.736400604248047,-119.556396484375,FRESNO,UNINCORPORATED,-119.55631256103516,36.73590087890625
94501775,2024,2024-12-13,9435,2024-11-28,2305,022112,,4,3,9,1000,0,3,5,,2,034,"JENSEN AVE BYPASS","PULLMAN ST",422.00,W,N,A,-,N,,,,,,,,,,Y,2,0,2,2,A,-,01,23152,A,F,A,C,A,A,H,-,C,D,0,,,,,Y,Y,A,01,1,1,0,0,0,0,0,0,0,"- ","- ",36.706760406494141,-119.76230621337891,FRESNO,UNINCORPORATED,,
94501794,2024,2024-12-13,9435,2024-09-03,1752,017579,,2,2,9,1000,0,3,5,,2,020,"EXCELSIOR AVENUE","MARKS AVENUE",0.00,,Y,A,-,N,,,,,,,,,,Y,1,1,4,2,A,-,01,23152,A,N,D,C,A,A,H,-,A,A,0,,,,Y,Y,Y,D,22,0,1,3,0,0,0,0,0,0,"- ","- ",36.402000427246094,-119.85128021240234,FRESNO,UNINCORPORATED,-119.85124206542969,36.402019500732422
94502109,2024,2024-12-13,9435,2024-12-08,1030,015095,,7,1,9,1000,0,3,5,,2,030,"CLINTON AVENUE","MAPLE AVENUE",0.00,,Y,E,-,N,,,,,,,,,,Y,3,0,4,3,A,-,12,21453,A,N,D,C,A,B,H,-,A,A,0,,,,,Y,,A,07,0,4,0,0,0,0,0,0,0,"- ","- ",36.772319793701172,-119.74536895751953,FRESNO,UNINCORPORATED,-119.74537658691406,36.772289276123047
94502204,2024,2024-12-13,9435,2024-12-11,1605,020193,,3,2,9,1000,0,1,3,,1,430,"STATE ROUTE 43","MOUNTAIN VIEW AVENUE",300.00,S,N,A,-,Y,FRE,,43," "," ",7.255,H,,R,N,4,0,1,3,A,-,03,22350,,M,C,C,A,A,H,-,A,A,0,,,,,Y,,D,22,0,0,1,0,0,0,0,0,0,"- ","- ",36.5458984375,-119.62873840332031,FRESNO,UNINCORPORATED,-119.62876892089844,36.545902252197266
94502313,2024,2024-12-13,9495,2024-10-11,1000,021877,,5,1,9,1000,0,1,1,,2,002,"INTERSTATE 5 SOUTHBOUND","STATE ROUTE 145 (FRESNO COALINGA ROAD)",528.00,S,N,A,-,Y,FRE,,5," "," ",17.889,H,,L,Y,1,1,4,3,A,-,03,22350,,N,C,C,A,A,H,-,A,D,0,,,,,Y,,A,01,1,2,1,0,0,0,0,0,0,"- ","- ",36.293251037597656,-120.26870727539062,FRESNO,UNINCORPORATED,-120.26871490478516,36.293247222900391
94502322,2024,2024-12-13,9435,2024-12-03,"651 ",015890,,2,1,9,1000,0,3,5,,2,015,"KEARNEY BLVD","DICKENSON AVE",0.00,,Y,E,-,N,,,,,,,,,,Y,3,0,1,2,A,-,03,22350,,N,D,C,A,B,H,-,A,A,0,,,,,Y,,-,"- ",0,1,0,0,0,0,0,0,0,"- ","- ",36.727699279785156,-119.96999359130859,FRESNO,UNINCORPORATED,-119.96996307373047,36.727703094482422
94502966,2024,2024-12-13,9435,2024-12-04,1728,020977,,3,2,9,1000,0,1,3,,2,181,"E/B STATE ROUTE 180","STATE ROUTE 41",2112.00,W,N,A,-,Y,FRE,,180," ",R,58.292,H,,R,N,4,0,1,3,A,-,03,22350,,N,C,C,A,A,H,-,D,D,0,,,,,Y,,A,07,0,0,1,0,0,0,0,0,0,"- ","- ",36.753288269042969,-119.78294372558594,FRESNO,UNINCORPORATED,-119.78294372558594,36.753318786621094
94503051,2024,2024-12-13,9435,2024-12-11,"750 ",018746,,3,1,7,1005,0,1,3,,1,168,"SR-168 EASTBOUND","DAKOTA AVENUE",150.00,W,N,A,-,Y,FRE,,168," ",R,2.480,H,,R,Y,4,0,2,3,A,-,03,22350,,N,C,C,A,A,H,-,A,D,0,,,,,Y,,-,"- ",0,0,2,0,0,0,0,0,0,"- ","- ",36.786331176757812,-119.74894714355469,FRESNO,FRESNO,-119.74894714355469,36.786331176757812
94503084,2024,2024-12-13,9435,2024-12-11,1636,020319,,3,2,9,1000,0,3,5,,2,010,"MCKINLEY AVE","HAYES AVE",0.00,,Y,A,-,N,,,,,,,,,,N,4,0,2,2,A,-,09,21802,A,N,D,C,A,A,H,-,A,A,0,,,,,Y,,A,01,0,0,2,0,0,0,0,0,0,"- ","- ",36.764438629150391,-119.89826202392578,FRESNO,UNINCORPORATED,-119.89822387695312,36.764442443847656
94503146,2024,2024-12-13,9435,2024-12-02,1037,019705,,1,1,9,1000,0,1,3,,2,107,"SR-99 S/B","FLORAL AVE",5280.00,N,N,A,-,Y,FRE,,99," "," ",7.154,H,,L,N,4,0,1,1,A,-,01,23152,F,N,E,I,A,A,H,-,A,D,0,,,,,Y,,A,01,0,0,1,0,0,0,0,0,0,"- ","- ",36.583549499511719,-119.63735198974609,FRESNO,UNINCORPORATED,-119.63740539550781,36.583507537841797
94503509,2024,2024-12-13,9435,2024-12-07,1635,021386,,6,2,9,1000,0,3,5,,2,015,"AMERICAN AVENUE","ORANGE AVENUE",0.00,,Y,A,-,N,,,,,,,,,,Y,4,0,2,2,A,-,09,21802,A,N,D,C,A,A,H,-,A,A,0,,,,,Y,,D,22,0,0,2,0,0,0,0,0,0,"- ","- ",36.663360595703125,-119.76377868652344,FRESNO,UNINCORPORATED,-119.76374816894531,36.663406372070312
94503517,2024,2024-12-13,9435,2024-12-11,"800 ",020540,,3,1,9,1000,0,3,5,,2,060,"ENGLEHART AVENUE","PARLIER AVENUE",0.00,,Y,A,-,N,,,,,,,,,,Y,4,0,1,2,A,-,09,21802,A,N,D,C,A,A,H,-,A,A,0,,,,,Y,,A,07,0,0,1,0,0,0,0,0,0,"- ","- ",36.611289978027344,-119.41300201416016,FRESNO,UNINCORPORATED,-119.41304779052734,36.611278533935547
94504932,2024,2024-12-16,9435,2024-12-12,"926 ",015986,,4,1,7,1005,0,1,3,,2,105,SR99,"CLINTON AVENUE",2112.00,N,N,C,-,Y,FRE,,99," ",R,24.951,H,,R,Y,4,0,1,3,A,-,07,21658,A,M,E,I,A,B,H,-,A,D,0,,,,,Y,,-,99,0,0,1,0,0,0,0,0,0,"- ","- ",36.777931213378906,-119.84477996826172,FRESNO,FRESNO,-119.84471130371094,36.777980804443359
94504999,2024,2024-12-16,9435,2024-12-03,"840 ",019263,,2,1,9,1000,0,3,5,,2,034,"MCCALL AVE","JEFFERSON AVE",140.00,N,N,E,-,N,,,,,,,,,,Y,4,0,1,2,A,-,08,22105,,N,D,C,A,B,H,-,A,D,0,,,,Y,Y,,G,25,0,0,1,0,0,0,0,0,0,"- ","- ",36.656650543212891,-119.61061096191406,FRESNO,UNINCORPORATED,-119.61058807373047,36.656623840332031
94505089,2024,2024-12-16,9435,2024-12-05,1740,016911,,4,2,9,1000,0,3,5,,2,060,"HILLS VALLEY RD","FLORAL AVE",400.00,N,N,A,-,N,,,,,,,,,,N,4,0,3,2,A,-,01,23152,A,N,D,C,A,A,H,-,D,D,0,,,,,Y,Y,D,22,0,0,3,0,0,0,0,0,0,"- ","- ",36.57421875,-119.30515289306641,FRESNO,UNINCORPORATED,-119.30516815185547,36.574787139892578
94505713,2024,2024-12-16,9435,2024-12-07,1720,021086,,6,2,9,1000,0,3,5,,2,025,"HERNDON AVENUE","HIGHLAND AVENUE",1330.00,E,N,A,-,N,,,,,,,,,,Y,4,0,2,2,A,-,01,23152,A,N,C,C,A,A,H,-,D,D,0,,,,,Y,Y,A,07,0,0,2,0,0,0,0,0,0,"- ","- ",36.837371826171875,-119.62339019775391,FRESNO,UNINCORPORATED,-119.62541198730469,36.837379455566406
94505752,2024,2024-12-16,9435,2024-12-13,1210,018746,,5,1,7,1005,0,1,3,,2,410,"SR-41 NORTHBOUND","OLIVE AVENUE",565.00,N,N,A,-,Y,FRE,,41," ",R,24.873,H,,R,Y,4,0,1,3,A,-,03,22350,,N,C,C,A,A,H,-,A,D,0,,,,,Y,,A,01,0,0,1,0,0,0,0,0,0,"- ","- ",36.75933837890625,-119.77526092529297,FRESNO,FRESNO,-119.77542114257812,36.759346008300781
94505769,2024,2024-12-16,9435,2024-12-09,1524,021837,,1,2,9,1000,0,3,5,,2,015,"CLOVIS AVENUE","SOUTH AVENUE",0.00,,Y,A,-,N,,,,,,,,,,Y,4,0,2,2,A,-,09,21802,A,N,D,C,A,A,H,-,A,A,0,,,,,Y,,A,01,0,0,2,0,0,0,0,0,0,"- ","- ",36.619968414306641,-119.70023345947266,FRESNO,UNINCORPORATED,-119.70021820068359,36.619930267333984
94505914,2024,2024-12-16,9435,2024-11-08,2249,021703,,5,3,9,1000,0,3,5,,2,015,"SOUTH MARKS AVENUE","WEST LINCOLN AVENUE",0.00,,Y,A,-,N,,,,,,,,,,Y,4,0,2,2,A,-,01,23152,A,N,D,C,A,A,H,-,D,A,0,,,,,Y,Y,D,22,0,0,2,0,0,0,0,0,0,"- ","- ",36.648590087890625,-119.844482421875,FRESNO,UNINCORPORATED,-119.844482421875,36.648601531982422
94505952,2024,2024-12-16,9435,2024-11-01,2220,019523,,5,3,9,1000,0,3,5,,2,015,"DICKENSON AVENUE","CHURCH AVENUE",0.00,,Y,A,-,N,,,,,,,,,,Y,4,0,3,2,A,-,12,22450,A,M,D,C,A,A,H,-,D,A,0,,,,,Y,Y,A,01,0,0,3,0,0,0,0,0,0,"- ","- ",36.713230133056641,-119.97010040283203,FRESNO,UNINCORPORATED,-119.97006988525391,36.713241577148438
94506036,2024,2024-12-16,9435,2024-12-11,1844,020319,,3,2,9,1000,0,3,5,,2,010,"MCKINLEY AVE","HAYES AVE",0.00,,Y,A,-,N,,,,,,,,,,N,3,0,3,3,A,-,09,21802,A,N,D,C,A,A,H,-,D,A,0,,,,,Y,,A,01,0,1,2,0,0,0,0,0,0,"- ","- ",36.764430999755859,-119.89824676513672,FRESNO,UNINCORPORATED,-119.89822387695312,36.764442443847656
94506084,2024,2024-12-16,9435,2024-12-13,1555,020193,,5,2,9,1000,0,3,5,,2,015,"CHESTNUT AVENUE","ADAMS AVENUE",0.00,,Y,B,-,N,,,,,,,,,,N,4,0,1,2,A,-,12,22450,A,N,D,C,A,A,H,-,B,A,0,,,,Y,Y,,A,01,0,0,1,0,0,0,0,0,0,"- ","- ",36.634441375732422,-119.73683929443359,FRESNO,UNINCORPORATED,-119.73681640625,36.634426116943359
94506092,2024,2024-12-16,9435,2024-12-12,1530,020205,,4,2,9,1000,0,3,5,,2,030,"MAPLE AVE","CLINTON AVE",0.00,,Y,A,-,N,,,,,,,,,,Y,4,0,3,2,A,-,17,21451,A,N,D,C,A,A,H,-,A,A,0,,,,,Y,,A,01,0,0,3,0,0,0,0,0,0,"- ","- ",36.772300720214844,-119.74542999267578,FRESNO,UNINCORPORATED,-119.74537658691406,36.772289276123047
94506096,2024,2024-12-16,9435,2024-12-13,1635,021837,,5,2,9,1000,0,3,5,,2,015,"CORNELIA AVE","LINCOLN AVE",0.00,,Y,A,-,N,,,,,,,,,,N,3,0,1,2,A,-,09,21801,A,N,D,C,A,A,H,-,A,A,0,,,,Y,Y,,-,"- ",0,1,0,0,0,0,0,0,0,"- ","- ",36.648418426513672,-119.88054656982422,FRESNO,UNINCORPORATED,-119.88053894042969,36.64837646484375