CASE_ID,ACCIDENT_YEAR,PROC_DATE,JURIS,COLLISION_DATE,COLLISION_TIME,OFFICER_ID,REPORTING_DISTRICT,DAY_OF_WEEK,CHP_SHIFT,POPULATION,CNTY_CITY_LOC,SPECIAL_COND,BEAT_TYPE,CHP_BEAT_TYPE,CITY_DIVISION_LAPD,CHP_BEAT_CLASS,BEAT_NUMBER,PRIMARY_RD,SECONDARY_RD,DISTANCE,DIRECTION,INTERSECTION,WEATHER_1,WEATHER_2,STATE_HWY_IND,CALTRANS_COUNTY,CALTRANS_DISTRICT,STATE_ROUTE,ROUTE_SUFFIX,POSTMILE_PREFIX,POSTMILE,LOCATION_TYPE,RAMP_INTERSECTION,SIDE_OF_HWY,TOW_AWAY,COLLISION_SEVERITY,NUMBER_KILLED,NUMBER_INJURED,PARTY_COUNT,PRIMARY_COLL_FACTOR,PCF_CODE_OF_VIOL,PCF_VIOL_CATEGORY,PCF_VIOLATION,PCF_VIOL_SUBSECTION,HIT_AND_RUN,TYPE_OF_COLLISION,MVIW,PED_ACTION,ROAD_SURFACE,ROAD_COND_1,ROAD_COND_2,LIGHTING,CONTROL_DEVICE,CHP_ROAD_TYPE,PEDESTRIAN_ACCIDENT,BICYCLE_ACCIDENT,MOTORCYCLE_ACCIDENT,TRUCK_ACCIDENT,NOT_PRIVATE_PROPERTY,ALCOHOL_INVOLVED,STWD_VEHTYPE_AT_FAULT,CHP_VEHTYPE_AT_FAULT,COUNT_SEVERE_INJ,COUNT_VISIBLE_INJ,COUNT_COMPLAINT_PAIN,COUNT_PED_KILLED,COUNT_PED_INJURED,COUNT_BICYCLIST_KILLED,COUNT_BICYCLIST_INJURED,COUNT_MC_KILLED,COUNT_MC_INJURED,PRIMARY_RAMP,SECONDARY_RAMP,LATITUDE,LONGITUDE,COUNTY,CITY,POINT_X,POINT_Y
94603162,2025,2025-03-18,9435,2025-01-10,1740,021971,,5,2,9,1000,0,3,5,,2,034,"ADAMS AVENUE","DE WOLF AVENUE",0.00,,Y,A,-,N,,,,,,,,,,Y,1,1,2,2,A,-,09,21802,A,N,D,C,A,A,H,-,D,A,0,,,,,Y,,A,01,1,0,1,0,0,0,0,0,0,"- ","- ",36.634429931640625,-119.64614868164062,FRESNO,UNINCORPORATED,-119.64611053466797,36.634426116943359
9460319,2022,2022-06-27,1011,2022-05-07,1046,K050,PARLI,6,5,3,1011,0,0,0,,0,0PA,"MANNING AV","S ZEDIKER",0.00,,Y,A,-,N,,,,,,,,,,Y,4,0,1,2,A,-,12,21453,A,N,D,C,A,A,H,-,A,A,0,,,,,Y,,A,07,0,0,1,0,0,0,0,0,0,"- ","- ",36.59674072265625,-119.52603912353516,FRESNO,PARLIER,-119.52101135253906,36.604549407958984
94603770,2025,2025-03-18,9435,2025-03-04,1415,021119,,2,2,9,1000,0,3,5,,2,040,"FLORAL AVENUE","FOWLER AVENUE",0.00,,Y,A,-,N,,,,,,,,,,N,4,0,1,2,A,-,09,21800,A,N,D,C,A,A,H,-,A,D,0,,,,,Y,,A,01,0,0,1,0,0,0,0,0,0,"- ","- ",36.576400756835938,-119.68256378173828,FRESNO,UNINCORPORATED,-119.68255615234375,36.576377868652344
94603983,2025,2025-03-18,9435,2025-03-11,1220,015986,,2,1,9,1000,0,1,3,,1,180,SR180,"CORNELIA AVENUE",0.00,,Y,A,-,N,,,,,,,,,,N,3,0,1,2,A,-,09,21802,A,N,E,J,A,A,H,-,A,A,0,,,,,Y,,A,07,0,1,0,0,0,0,0,0,0,"- ","- ",36.735328674316406,-119.88046264648438,FRESNO,UNINCORPORATED,-119.88072204589844,36.735469818115234
94604046,2025,2025-03-18,9435,2025-02-28,1350,019263,,5,1,7,1005,0,3,5,,2,034,"DEWOLF AVENUE","CENTRAL AVENUE",0.00,,Y,A,-,N,,,,,,,,,,Y,3,0,1,2,A,-,09,21802,A,N,D,C,A,A,H,-,A,D,0,,,,Y,Y,,A,01,0,1,0,0,0,0,0,0,0,"- ","- ",36.677970886230469,-119.64591979980469,FRESNO,FRESNO,-119.64592742919922,36.677944183349609
94604101,2025,2025-03-18,9435,2025-02-15,"45  ",020942,,6,3,9,1000,0,3,5,,2,010,"GETTYSBURG AVENUE","GLENN AVENUE",11.00,E,N,B,-,N,,,,,,,,,,N,2,0,1,1,D,-,00,,,N,F,A,A,B,A,-,D,D,0,,,,,Y,,-,"- ",1,0,0,0,0,0,0,0,0,"- ","- ",36.801300048828125,-119.79264831542969,FRESNO,UNINCORPORATED,-119.79270172119141,36.801280975341797
9460419,2022,2022-07-06,1001,2022-05-31,1745,5145,,2,5,5,1001,0,0,0,,0,007,"W NEES AV","MINNEWAWA AV",585.00,W,N,A,-,N,,,,,,,,,,N,4,0,1,3,A,-,03,22350,1,N,C,C,A,A,H,-,A,A,0,,,,,Y,,D,22,0,0,1,0,0,0,0,0,0,"- ","- ",,,FRESNO,CLOVIS,-119.71324157714844,36.852012634277344
94604324,2025,2025-03-18,9435,2025-03-11,1515,021424,,2,2,7,1005,0,1,3,,1,411,"SR-41 N/B","JENSEN AVE",50.00,N,N,A,-,Y,FRE,,41," ",R,21.131,H,,R,N,4,0,1,2,A,-,08,22107,,N,C,C,A,A,H,-,A,D,0,,,,,Y,,A,01,0,0,1,0,0,0,0,0,0,"- ","- ",36.707168579101562,-119.78469848632812,FRESNO,FRESNO,-119.78471374511719,36.707172393798828
94604353,2025,2025-03-18,9435,2025-02-03,"338 ",020064,,1,3,7,1005,0,1,3,,2,105,"STATE ROUTE 99 (SR-99) NORTHBOUND","SR-99 SOUTHBOUND TO HERNDON AVENUE OVERCROSSING",207.00,N,N,B,-,Y,FRE,,99," "," ",31.025,H,,R,Y,4,0,2,2,A,-,03,22350,,M,C,C,A,A,H,-,D,D,0,,,,,Y,Y,A,01,0,0,2,0,0,0,0,0,0,"- ","- ",36.837730407714844,-119.92417907714844,FRESNO,FRESNO,-119.92417907714844,36.837730407714844
94604388,2025,2025-03-18,9435,2025-03-01,1749,021135,,6,2,9,1000,0,3,5,,2,015,"KEARNEY BLVD",FAIR,15.00,E,N,A,-,N,,,,,,,,,,N,3,0,4,2,A,-,09,21804,A,N,E,I,A,A,H,-,B,D,0,,,,,Y,,A,01,0,2,2,0,0,0,0,0,0,"- ","- ",36.727981567382812,-119.91206359863281,FRESNO,UNINCORPORATED,-119.91204071044922,36.728038787841797
94604412,2025,2025-03-18,9435,2025-03-04,"620 ",021940,,2,1,9,1000,0,3,5,,2,040,"MCCALL AVE.","MOUNTAIN VIEW AVE.",0.00,,Y,A,-,N,,,,,,,,,,N,3,0,1,2,A,-,12,22450,A,N,D,C,A,A,H,-,A,A,0,,,,,Y,,D,22,0,1,0,0,0,0,0,0,0,"- ","- ",36.547039031982422,-119.61090087890625,FRESNO,UNINCORPORATED,-119.61089324951172,36.547019958496094
94605046,2025,2025-03-18,9435,2025-03-05,1555,021119,,3,2,7,1005,0,1,3,,2,106,"STATE ROUTE 99 NORTHBOUND","JENSEN AVENUE",528.00,N,N,C,-,Y,FRE,,99," "," ",18.903,H,,R,N,4,0,2,3,A,-,03,22350,,N,C,C,A,B,H,-,A,D,0,,,,,Y,,A,01,0,0,2,0,0,0,0,0,0,"- ","- ",36.710750579833984,-119.77767181396484,FRESNO,FRESNO,-119.77770233154297,36.710727691650391
94605172,2025,2025-03-18,9435,2025-03-05,1619,021135,,3,2,9,1000,0,3,5,,2,015,"ADAMS AVENUE","MINNEWAWA AVENUE",0.00,,Y,C,-,N,,,,,,,,,,N,4,0,1,2,A,-,09,21802,A,N,D,C,A,B,H,-,A,A,0,,,,,Y,,A,01,0,0,1,0,0,0,0,0,0,"- ","- ",36.634429931640625,-119.70903015136719,FRESNO,UNINCORPORATED,-119.70899200439453,36.634445190429688
94606451,2025,2025-03-18,9435,2025-03-03,1835,021544,,1,2,7,1005,0,1,3,,2,105,"SR-99 N/B","OLIVE AVE",1584.00,S,N,A,-,Y,FRE,,99," "," ",23.006,H,,R,N,4,0,5,3,A,-,03,22350,,N,C,C,A,A,H,-,C,D,0,,,,,Y,,D,22,0,0,5,0,0,0,0,0,0,"- ","- ",36.753589630126953,-119.82737731933594,FRESNO,FRESNO,-119.82732391357422,36.753612518310547
94606532,2025,2025-03-18,9435,2025-03-13,"610 ",016507,,4,1,9,1000,0,3,5,,2,060,"MANNING AVE","ENGLEHART AVE",2640.00,E,N,C,-,N,,,,,,,,,,Y,4,0,1,1,A,-,08,22107,,N,E,I,A,B,H,-,D,D,0,,,,,Y,,A,01,0,0,1,0,0,0,0,0,0,"- ","- ",36.604030609130859,-119.40373992919922,FRESNO,UNINCORPORATED,-119.40404510498047,36.603988647460938
94607393,2025,2025-03-18,9435,2025-03-07,1020,022197,,5,1,9,1000,0,3,5,,2,015,"CORNELIA AVE","KEARNEY BLVD",0.00,,Y,B,-,N,,,,,,,,,,Y,4,0,1,2,A,-,09,21802,A,N,D,C,A,A,H,-,A,A,0,,,,,Y,,D,22,0,0,1,0,0,0,0,0,0,"- ","- ",36.728160858154297,-119.88072204589844,FRESNO,UNINCORPORATED,-119.88066101074219,36.727981567382812
94607422,2025,2025-03-18,9435,2025-03-13,"135 ",021031,,4,3,7,1005,0,1,3,,2,105,"STATE ROUTE 99 NORTHBOUND","CLINTON AVENUE",1000.00,S,N,C,-,Y,FRE,,99," ",R,24.346,H,,R,Y,4,0,1,1,A,-,08,22107,,N,E,I,A,B,H,-,C,D,0,,,,,Y,,A,01,0,0,1,0,0,0,0,0,0,"- ","- ",36.771099090576172,-119.837890625,FRESNO,FRESNO,-119.83795928955078,36.771068572998047
94607450,2025,2025-03-18,9435,2025-03-10,"300 ",020540,,1,3,9,1000,0,3,5,,2,060,"RUTH HILL ROAD","DUNLAP ROAD",5280.00,W,N,A,-,N,,,,,,,,,,Y,3,0,1,1,A,-,03,22350,,N,E,I,A,A,H,-,D,D,0,,,,,Y,,A,01,0,1,0,0,0,0,0,0,0,"- ","- ",36.727470397949219,-119.12622833251953,FRESNO,UNINCORPORATED,-119.12762451171875,36.725116729736328
94607806,2025,2025-03-18,9435,2025-03-06,"48  ",017518,,4,3,9,1000,0,3,5,,2,025,"MILLERTON ROAD","WINCHELL COVE ROAD",785.00,W,N,B,-,N,,,,,,,,,,Y,3,0,1,1,A,-,01,23152,A,N,F,A,A,B,H,-,D,D,0,,,,,Y,Y,A,01,0,1,0,0,0,0,0,0,0,"- ","- ",36.984371185302734,-119.66237640380859,FRESNO,UNINCORPORATED,-119.66225433349609,36.984268188476562
94607827,2025,2025-03-18,9435,2025-03-04,1515,021544,,2,2,7,1005,0,1,3,,2,105,"SR-99 S/B","CLINTON AVE",1000.00,N,N,A,-,Y,FRE,,99," "," ",24.200,H,,L,Y,4,0,1,3,A,-,03,22350,,N,C,C,A,A,H,-,A,D,0,,,,,Y,,A,01,0,0,1,0,0,0,0,0,0,"- ","- ",36.769130706787109,-119.83689880371094,FRESNO,FRESNO,-119.83692169189453,36.769119262695312
94607829,2025,2025-03-18,9435,2025-03-13,"315 ",016507,,4,3,9,1000,0,3,5,,2,060,"AMERICAN AVE","ENGLEHART AVE",100.00,E,N,C,-,N,,,,,,,,,,Y,4,0,1,1,A,-,08,22107,,M,E,I,A,B,H,-,D,D,0,,,,,Y,,A,01,0,0,1,0,0,0,0,0,0,"- ","- ",36.661979675292969,-119.41211700439453,FRESNO,UNINCORPORATED,-119.41230773925781,36.662029266357422
94607898,2025,2025-03-18,9435,2025-03-04,1920,021544,,2,2,7,1005,0,1,3,,2,105,"SR-99 S/B","MCKINLEY AVE",1056.00,S,N,A,-,Y,FRE,,99," "," ",23.637,H,,L,N,4,0,3,3,A,-,03,22350,,M,C,C,A,A,H,-,C,D,0,,,,,Y,,-,99,0,0,3,0,0,0,0,0,0,"- ","- ",36.761791229248047,-119.83255767822266,FRESNO,FRESNO,-119.83250427246094,36.761810302734375
94608582,2025,2025-03-18,9435,2025-03-09,1940,021672,,7,2,9,1000,0,1,3,,1,411,"ADAMS AVE","WALNUT AVE",403.00,E,N,A,-,N,,,,,,,,,,N,3,0,2,2,C,-,18,,,N,D,C,A,A,H,-,D,D,0,,,,,Y,,-,"- ",0,2,0,0,0,0,0,0,0,"- ","- ",36.634178161621094,-119.80745697021484,FRESNO,UNINCORPORATED,-119.80743408203125,36.634174346923828
94608659,2025,2025-03-18,9435,2025-03-10,1900,021837,,1,2,7,1005,0,3,5,,2,010,"ASHLAN AVE","PALM AVE",0.00,,Y,A,-,N,,,,,,,,,,N,4,0,1,2,D,-,00,,,N,D,C,A,A,H,-,C,A,0,,,,,Y,,-,"- ",0,0,1,0,0,0,0,0,0,"- ","- ",36.793869018554688,-119.80853271484375,FRESNO,FRESNO,-119.80860137939453,36.793899536132812
94608792,2025,2025-03-18,9435,2025-03-07,1640,018609,,5,2,9,1000,0,1,3,,1,169,SR-168,"TOLLHOUSE ROAD",5280.00,W,N,A,-,Y,FRE,,168," ",R,21.608,H,,R,N,2,0,1,1,A,-,08,22107,,N,E,I,A,A,H,-,A,D,0,,,Y,,Y,,C,02,1,0,0,0,0,0,0,0,1,"- ","- ",36.939849853515625,-119.50520324707031,FRESNO,UNINCORPORATED,-119.50519561767578,36.939849853515625
94608799,2025,2025-03-18,9435,2025-03-15,1110,018609,,6,1,9,1000,0,1,3,,1,169,SR-168,"WOODLAND RD",528.00,W,N,D,-,Y,FRE,,168," "," ",43.427,H,,R,Y,3,0,1,1,A,-,03,22350,,N,F,A,A,C,H,-,A,D,0,,,,,Y,,A,07,0,1,0,0,0,0,0,0,0,"- ","- ",37.086460113525391,-119.32377624511719,FRESNO,UNINCORPORATED,-119.32379913330078,37.086467742919922
94609001,2025,2025-03-18,9461,2025-03-10,2210,021536,,1,3,9,1000,0,1,3,,1,604,"SR-33 N/B","BULLARD AVE",1584.00,S,N,A,-,N,,,,,,,,,,N,4,0,1,2,A,-,03,22350,,N,C,C,A,A,H,-,D,D,0,,,,,Y,,D,22,0,0,1,0,0,0,0,0,0,"- ","- ",36.818290710449219,-120.43377685546875,FRESNO,UNINCORPORATED,-120.43376922607422,36.818260192871094
94609562,2025,2025-03-18,9435,2025-03-12,1948,021837,,3,2,9,1000,0,1,3,,2,105,"SR-99 S/B","OLIVE AVE",30.00,S,N,C,-,Y,FRE,,99," "," ",23.286,H,,L,Y,4,0,1,1,A,-,08,22107,,N,E,I,A,B,H,-,D,D,0,,,,,Y,,A,07,0,0,1,0,0,0,0,0,0,"- ","- ",36.757240295410156,-119.82967376708984,FRESNO,UNINCORPORATED,-119.82969665527344,36.757232666015625
94609617,2025,2025-03-18,9435,2025-03-17,1146,015890,,1,1,9,1000,0,3,5,,2,015,"AMERICAN AVE","MAPLE AVE",41.00,E,N,B,-,N,,,,,,,,,,Y,3,0,2,2,A,-,03,22350,,M,C,C,A,B,H,-,A,A,0,,,,,Y,,A,01,0,1,1,0,0,0,0,0,0,"- ","- ",36.663471221923828,-119.74556732177734,FRESNO,UNINCORPORATED,-119.74558258056641,36.663459777832031
94610070,2025,2025-03-18,9435,2025-03-17,"815 ",018746,,1,1,9,1000,0,1,3,,1,168,"SR-168 WESTBOUND","NEWMARK AVENUE",1142.00,W,N,C,-,N,,,,,,,,,,Y,4,0,1,1,A,-,08,22107,,N,E,I,A,B,H,-,A,D,0,,,,,Y,,A,01,0,0,1,0,0,0,0,0,0,"- ","- ",36.895240783691406,-119.52703094482422,FRESNO,UNINCORPORATED,-119.53248596191406,36.890636444091797
94610082,2025,2025-03-18,9435,2025-03-17,"620 ",017310,,1,1,7,1005,0,1,3,,2,410,"SR-41 S/B",SR-41,52.00,S,N,C,-,Y,FRE,,41," ",R,21.935,H,,L,N,3,0,1,1,A,-,08,22107,,N,E,I,A,B,H,-,D,D,0,,,,,Y,,A,07,0,1,0,0,0,0,0,0,0,"- ","- ",36.718780517578125,-119.78524780273438,FRESNO,FRESNO,-119.78502655029297,36.718807220458984
94610083,2025,2025-03-18,9435,2025-03-17,1810,021424,,1,2,9,1000,0,3,5,,2,010,"BELMONT AVE","MARKS AVE",0.00,,Y,B,-,N,,,,,,,,,,Y,4,0,2,2,A,-,12,22450,A,N,D,C,A,B,H,-,A,A,0,,,,,Y,,A,01,0,0,2,0,0,0,0,0,0,"- ","- ",36.750099182128906,-119.84423828125,FRESNO,UNINCORPORATED,-119.84429931640625,36.750141143798828
94610096,2025,2025-03-18,9435,2025-03-17,1645,020887,,1,2,5,1001,0,1,3,,1,168,"SR-168 E/B","VILLA AVE",165.00,E,N,B,-,Y,FRE,,168," ",R,5.970,H,,R,N,4,0,1,3,A,-,07,21658,A,N,B,C,A,A,H,-,A,D,0,,,,,Y,,A,07,0,0,1,0,0,0,0,0,0,"- ","- ",36.826438903808594,-119.71295166015625,FRESNO,CLOVIS,-119.7130126953125,36.826492309570312
94610230,2024,2025-03-18,9435,2024-05-15,"133 ",018944,,3,3,7,1005,0,1,3,,2,181,"STATE ROUTE 180 EASTBOUND","CHESTNUT AVENUE",581.00,W,N,A,-,Y,FRE,,180," ",R,60.270,H,,R,Y,2,0,2,2,A,-,01,23152,A,N,A,C,A,A,H,-,D,D,0,,,,,Y,Y,A,01,2,0,0,0,0,0,0,0,0,"- ","- ",36.754890441894531,-119.74746704101562,FRESNO,FRESNO,-119.74746704101562,36.754878997802734
94610715,2025,2025-03-19,9435,2025-02-10,1940,022802,,1,2,9,1000,0,3,5,,2,030,"CLINTON AVENUE","BARTON AVENUE",69.00,W,N,A,-,N,,,,,,,,,,N,1,1,0,2,A,-,11,21954,A,N,G,B,E,A,H,-,D,D,0,Y,,,,Y,Y,N,60,0,0,0,1,0,0,0,0,0,"- ","- ",36.772258758544922,-119.75022125244141,FRESNO,UNINCORPORATED,-119.75015258789062,36.772293090820312
94610793,2025,2025-03-19,9435,2025-03-01,2120,022921,,6,2,9,1000,0,1,3,,2,107,"SR-99 N/B","MANNING AVENUE",6997.00,S,N,A,-,Y,FRE,,99," "," ",7.833,H,,R,Y,3,0,2,2,A,-,01,23152,A,F,B,2,A,A,H,-,D,D,0,,,,,Y,Y,A,07,0,1,1,0,0,0,0,0,0,"- ","- ",36.590911865234375,-119.64512634277344,FRESNO,UNINCORPORATED,-119.64517974853516,36.590873718261719
94610856,2025,2025-03-19,9435,2025-03-14,1908,021135,,5,2,7,1005,0,1,3,,2,410,"STATE ROUTE 41 NORTHBOUND","STATE ROUTE 99 NORTHBOUND",0.00,,Y,C,-,Y,FRE,,41," ",R,21.936,H,,R,N,4,0,1,1,A,-,03,22350,,N,E,I,A,B,H,-,C,D,0,,,,,Y,,A,01,0,0,1,0,0,0,0,0,0,"- ","- ",36.718799591064453,-119.78482055664062,FRESNO,FRESNO,-119.78477478027344,36.718803405761719
94610871,2025,2025-03-19,9435,2025-03-17,1350,020205,,1,1,3,1015,0,1,3,,2,107,"SR- 99 S/B","MCCALL AVE",777.00,S,N,B,C,Y,FRE,,99," ",R,4.776,H,,L,Y,4,0,2,2,A,-,08,22107,,N,B,2,A,B,H,-,A,D,0,,,,,Y,,A,01,0,0,2,0,0,0,0,0,0,"- ","- ",36.557758331298828,-119.60906219482422,FRESNO,SELMA,-119.60901641845703,36.557788848876953
94610934,2025,2025-03-19,9435,2025-03-09,1210,016860,,7,1,9,1000,0,3,5,,2,050,"WATTS VALLEY ROAD","MAXON ROAD",9.00,N,N,A,-,N,,,,,,,,,,N,2,0,1,1,A,-,08,22107,,N,F,A,A,A,B,-,A,A,0,,,Y,,Y,,C,02,1,0,0,0,0,0,0,0,1,"- ","- ",36.933158874511719,-119.35214996337891,FRESNO,UNINCORPORATED,-119.35231781005859,36.933185577392578
94610982,2025,2025-03-19,9435,2025-03-17,1245,019603,,1,1,7,1005,0,1,3,,2,410,"STATE ROUTE 41 SOUTHBOUND","CHURCH AVENUE",1220.00,N,N,B,C,Y,FRE,,41," ",R,21.859,H,,L,Y,3,0,1,1,A,-,03,22350,,N,E,I,A,B,H,-,A,D,0,,,,,Y,,A,01,0,1,0,0,0,0,0,0,0,"- ","- ",36.717700958251953,-119.784912109375,FRESNO,FRESNO,-119.78482818603516,36.717708587646484
94611100,2025,2025-03-19,9435,2025-03-17,"800 ",019603,,1,1,9,1000,0,1,3,,1,180,"STATE ROUTE 180","NAPA AVENUE",1450.00,E,N,B,C,N,,,,,,,,,,Y,4,0,1,2,A,-,03,22350,,N,C,C,A,B,H,-,A,D,0,,,,,Y,,A,01,0,0,1,0,0,0,0,0,0,"- ","- ",36.734451293945312,-120.21845245361328,FRESNO,UNINCORPORATED,-120.2183837890625,36.734443664550781
94611171,2025,2025-03-21,9435,2025-03-08,1840,022000,,6,2,9,1000,0,3,5,,2,025,"HAMMEL WAY","DONNER AVE",100.00,S,N,A,-,N,,,,,,,,,,N,4,0,1,2,A,-,09,21801,A,N,A,C,A,A,H,-,D,D,0,,,Y,,Y,Y,A,07,0,0,1,0,0,0,0,0,1,"- ","- ",36.799358367919922,-119.70057678222656,FRESNO,UNINCORPORATED,,
94611847,2025,2025-03-20,9435,2025-03-19,1455,020836,,3,2,9,1000,0,1,3,,2,107,"SR-99 S/B TO FLORAL AVENUE","FLORAL AVENUE",100.00,N,N,A,-,Y,,,,,,,,,,N,4,0,3,3,A,-,03,22350,,M,C,C,A,A,H,-,A,A,0,,,,,Y,,-,99,0,0,3,0,0,0,0,0,0,"- ","- ",36.576938629150391,-119.63095855712891,FRESNO,UNINCORPORATED,-119.62962341308594,36.57635498046875
94611864,2025,2025-03-20,9435,2025-03-08,1528,022112,,6,2,9,1000,0,1,3,,2,105,"SR-99 N/B","ASHLAN AVE",53.00,S,N,A,-,Y,FRE,,99," ",R,26.109,H,,R,Y,2,0,1,1,A,-,01,23152,A,N,E,8,A,A,H,-,A,A,0,,,,,Y,Y,A,01,1,0,0,0,0,0,0,0,0,"- ","- ",36.790531158447266,-119.85872650146484,FRESNO,UNINCORPORATED,-119.85884094238281,36.790378570556641
94611879,2025,2025-03-20,9435,2025-03-16,1727,018609,,7,2,9,1000,0,1,3,,1,169,SR-168,"GOOSEBERRY LANE",3696.00,W,N,A,-,Y,FRE,,168," ",T,27.666,H,,R,Y,3,0,1,1,A,-,08,22107,,N,F,A,A,A,H,-,A,D,0,,,Y,,Y,,C,02,0,1,0,0,0,0,0,0,1,"- ","- ",37.009231567382812,-119.52870941162109,FRESNO,UNINCORPORATED,-119.52878570556641,37.009220123291016
94611882,2025,2025-03-20,9435,2025-03-18,1535,016507,,2,2,9,1000,0,3,5,,2,060,"PIEDRA RD","LONE OAK ROAD",150.00,N,N,A,-,N,,,,,,,,,,Y,4,0,2,1,A,-,08,22107,,N,E,I,A,A,H,-,A,D,0,,,,,Y,,A,01,0,0,2,0,0,0,0,0,0,"- ","- ",36.728019714355469,-119.4683837890625,FRESNO,UNINCORPORATED,-119.46627044677734,36.727882385253906
94611939,2025,2025-03-20,9435,2025-03-19,"745 ",016507,,3,1,9,1000,0,3,5,,2,060,"MANNING AVE","ENGLEHART AVE",50.00,W,N,A,-,N,,,,,,,,,,N,4,0,1,2,A,-,03,22350,,N,C,C,A,A,H,-,A,D,0,,,,,Y,,A,01,0,0,1,0,0,0,0,0,0,"- ","- ",36.604030609130859,-119.41310119628906,FRESNO,UNINCORPORATED,-119.41320037841797,36.604030609130859
94611964,2025,2025-03-20,9435,2025-03-09,1529,016860,,7,2,9,1000,0,3,5,,2,025,"MILLERTON ROAD","MARINA DRIVE",1056.00,W,N,A,-,N,,,,,,,,,,Y,3,0,1,1,A,-,01,23152,A,N,F,A,A,A,H,-,A,A,0,,,Y,,Y,Y,C,02,0,1,0,0,0,0,0,0,1,"- ","- ",36.984279632568359,-119.66239929199219,FRESNO,UNINCORPORATED,-119.66307830810547,36.984611511230469
94611973,2025,2025-03-20,9435,2025-03-14,"30  ",017518,,5,3,9,1000,0,3,5,,2,025,"MILLERTON ROAD","MARINA DRIVE",1056.00,E,N,B,-,N,,,,,,,,,,N,4,0,1,1,A,-,08,22107,,N,E,I,A,B,H,-,D,D,0,,,,,Y,,A,01,0,0,1,0,0,0,0,0,0,"- ","- ",36.984588623046875,-119.65541839599609,FRESNO,UNINCORPORATED,-119.65610504150391,36.984798431396484
94612003,2025,2025-03-20,9435,2025-03-09,1850,021544,,7,2,9,1000,0,1,3,,1,145,SR-145,"ASHLAN AVE",0.00,,Y,A,-,Y,FRE,,145," "," ",39.166,H,,R,Y,4,0,2,2,A,-,03,22350,,N,D,2,A,A,H,-,A,D,0,,,,,Y,,D,22,0,0,2,0,0,0,0,0,0,"- ","- ",36.793228149414062,-120.06027984619141,FRESNO,UNINCORPORATED,-120.06040191650391,36.793228149414062
94612069,2025,2025-03-20,9435,2025-03-09,1530,016860,,7,2,9,1000,0,3,5,,2,025,"MILLERTON ROAD","MARINA DRIVE",1056.00,W,N,A,-,N,,,,,,,,,,Y,2,0,1,1,A,-,03,22350,,N,F,A,A,A,H,-,A,A,0,,,Y,,Y,,C,02,1,0,0,0,0,0,0,0,1,"- ","- ",36.984260559082031,-119.66233062744141,FRESNO,UNINCORPORATED,-119.66307830810547,36.984611511230469
94612162,2025,2025-03-20,9435,2025-03-10,1943,021544,,1,2,9,1000,0,1,3,,1,412,SR-41,"MOUNT WHITNEY AVE",0.00,,Y,A,-,Y,FRE,,41," ",R,2.034,H,,R,Y,3,0,4,2,A,-,01,23152,A,N,D,C,A,A,H,-,C,A,0,,,,,Y,Y,D,22,0,4,0,0,0,0,0,0,0,"- ","- ",36.431110382080078,-119.80110931396484,FRESNO,UNINCORPORATED,-119.80118560791016,36.431121826171875
94612705,2025,2025-03-21,9461,2025-03-15,"240 ",023024,,6,3,9,1000,0,1,1,,2,305,"I-5 N/B","HERNDON AVE",2376.00,S,N,A,-,Y,FRE,,5," "," ",64.170,H,,R,Y,4,0,1,1,A,-,08,22107,,N,F,I,A,A,H,-,D,D,0,,,,Y,Y,,G,25,0,0,1,0,0,0,0,0,0,"- ","- ",36.829921722412109,-120.75971984863281,FRESNO,UNINCORPORATED,-120.75969696044922,36.829929351806641
94612904,2025,2025-03-21,9435,2025-03-13,"236 ",017518,,4,3,7,1005,0,1,3,,2,410,"STATE ROUTE 41 S/B","HUNTINGTON BOULEVARD",125.00,S,N,C,-,Y,FRE,,41," ",R,23.476,H,,L,Y,3,0,2,1,A,-,08,22107,,N,E,8,A,B,H,-,C,D,0,,,,,Y,,D,22,0,2,0,0,0,0,0,0,0,"- ","- ",36.739219665527344,-119.77767181396484,FRESNO,FRESNO,-119.77774047851562,36.739219665527344
94613072,2025,2025-03-21,9435,2025-03-15,1230,022197,,6,1,9,1000,0,3,5,,2,034,"FOWLER AVE.","BUTLER AVE.",0.00,,Y,B,-,N,,,,,,,,,,Y,4,0,1,2,A,-,09,21801,A,N,A,C,A,A,H,-,A,D,0,,,,,Y,,A,01,0,0,1,0,0,0,0,0,0,"- ","- ",36.729598999023438,-119.68221282958984,FRESNO,UNINCORPORATED,-119.68212890625,36.729541778564453
94613706,2025,2025-03-24,9495,2025-03-15,"50  ",022824,,6,3,7,1005,0,1,1,,2,001,"INTERSTATE 5 SOUTHBOUND","STATE ROUTE 33 (DERRICK AVENUE)",10877.00,N,N,B,-,Y,FRE,,5," "," ",32.009,H,,L,Y,3,0,1,2,A,-,08,22107,,F,C,C,A,A,H,-,D,D,0,,,,,Y,,D,22,0,1,0,0,0,0,0,0,0,"- ","- ",36.459510803222656,-120.41620635986328,FRESNO,FRESNO,-120.41620635986328,36.459510803222656