CASE_ID,ACCIDENT_YEAR,PROC_DATE,JURIS,COLLISION_DATE,COLLISION_TIME,OFFICER_ID,REPORTING_DISTRICT,DAY_OF_WEEK,CHP_SHIFT,POPULATION,CNTY_CITY_LOC,SPECIAL_COND,BEAT_TYPE,CHP_BEAT_TYPE,CITY_DIVISION_LAPD,CHP_BEAT_CLASS,BEAT_NUMBER,PRIMARY_RD,SECONDARY_RD,DISTANCE,DIRECTION,INTERSECTION,WEATHER_1,WEATHER_2,STATE_HWY_IND,CALTRANS_COUNTY,CALTRANS_DISTRICT,STATE_ROUTE,ROUTE_SUFFIX,POSTMILE_PREFIX,POSTMILE,LOCATION_TYPE,RAMP_INTERSECTION,SIDE_OF_HWY,TOW_AWAY,COLLISION_SEVERITY,NUMBER_KILLED,NUMBER_INJURED,PARTY_COUNT,PRIMARY_COLL_FACTOR,PCF_CODE_OF_VIOL,PCF_VIOL_CATEGORY,PCF_VIOLATION,PCF_VIOL_SUBSECTION,HIT_AND_RUN,TYPE_OF_COLLISION,MVIW,PED_ACTION,ROAD_SURFACE,ROAD_COND_1,ROAD_COND_2,LIGHTING,CONTROL_DEVICE,CHP_ROAD_TYPE,PEDESTRIAN_ACCIDENT,BICYCLE_ACCIDENT,MOTORCYCLE_ACCIDENT,TRUCK_ACCIDENT,NOT_PRIVATE_PROPERTY,ALCOHOL_INVOLVED,STWD_VEHTYPE_AT_FAULT,CHP_VEHTYPE_AT_FAULT,COUNT_SEVERE_INJ,COUNT_VISIBLE_INJ,COUNT_COMPLAINT_PAIN,COUNT_PED_KILLED,COUNT_PED_INJURED,COUNT_BICYCLIST_KILLED,COUNT_BICYCLIST_INJURED,COUNT_MC_KILLED,COUNT_MC_INJURED,PRIMARY_RAMP,SECONDARY_RAMP,LATITUDE,LONGITUDE,COUNTY,CITY,POINT_X,POINT_Y
9461517,2022,2022-07-13,1001,2022-06-06,1044,5145,,1,5,5,1001,0,0,0,,0,008,"N TEMPERANCE AV","NEES AV",0.00,,Y,A,-,N,,,,,,,,,,Y,3,0,2,3,A,-,12,21457,A,N,D,C,A,A,H,-,A,B,0,,,,,Y,,D,22,0,1,1,0,0,0,0,0,0,"- ","- ",36.8519287109375,-119.66609191894531,FRESNO,CLOVIS,-119.66608428955078,36.851940155029297
9461642,2022,2022-07-08,1001,2022-06-05,1350,5824,,7,5,5,1001,0,0,0,,0,004,"WEST BARSTOW AV","S SYLMAR AV",0.00,,Y,A,-,N,,,,,,,,,,N,3,0,2,2,A,-,09,21802,A,N,A,C,A,A,H,-,A,A,0,,,,,Y,,A,01,0,2,0,0,0,0,0,0,0,"- ","- ",36.815738677978516,-119.72112274169922,FRESNO,CLOVIS,-119.72111511230469,36.815742492675781
94625444,2025,2025-03-25,9435,2025-03-14,2224,023034,,5,3,7,1005,0,3,5,,2,034,"CHESTNUT AVE","ANNADALE AVE",0.00,,Y,A,-,N,,,,,,,,,,N,3,0,2,1,A,-,08,22107,,N,E,I,A,B,H,-,C,D,0,,,,,Y,,-,"- ",0,2,0,0,0,0,0,0,0,"- ","- ",36.6998291015625,-119.73665618896484,FRESNO,FRESNO,-119.73657989501953,36.699642181396484
94625457,2025,2025-03-25,9435,2025-03-16,"720 ",022221,,7,1,9,1000,0,3,5,,2,025,"MILLERTON RD.","VIA MIRA BELLA",1320.00,E,N,A,-,N,,,,,,,,,,N,3,0,1,1,A,-,03,22350,,N,E,J,A,A,H,-,A,D,0,,Y,,,Y,,L,04,0,1,0,0,0,0,1,0,0,"- ","- ",36.986560821533203,-119.68669891357422,FRESNO,UNINCORPORATED,,
94625489,2025,2025-03-25,9435,2025-03-23,1320,019263,,7,1,7,1005,0,1,3,,2,181,"WB SR-180","G STREET",10.00,W,N,A,-,Y,FRE,,180," ",R,56.671,H,,L,N,3,0,1,2,A,-,03,22350,,N,C,C,A,A,H,-,A,D,0,,,,,Y,,A,01,0,1,0,0,0,0,0,0,0,"- ","- ",36.743980407714844,-119.80943298339844,FRESNO,FRESNO,-119.80940246582031,36.743949890136719
94625518,2025,2025-03-25,9435,2025-03-18,"740 ",021940,,2,1,9,1000,0,3,5,,2,034,"MT. VIEW AVE. W/B","ACADEMY AVE",50.00,E,N,A,-,N,,,,,,,,,,N,3,0,4,2,A,-,03,22350,,N,C,C,A,A,H,-,A,A,0,,,,,Y,,-,"- ",0,4,0,0,0,0,0,0,0,"- ","- ",36.546829223632812,-119.55538940429688,FRESNO,UNINCORPORATED,-119.55644989013672,36.546718597412109
94625529,2025,2025-03-25,9435,2025-03-14,2140,021930,,5,2,9,1000,0,3,5,,2,025,"AUBERRY RD","SUMMIT MOUNTAIN RD",2465.00,S,N,B,C,N,,,,,,,,,,Y,2,0,4,3,A,-,03,22350,,N,D,2,A,B,H,-,D,D,0,,,,,Y,,A,01,1,1,2,0,0,0,0,0,0,"- ","- ",36.939800262451172,-119.68235015869141,FRESNO,UNINCORPORATED,-119.68254089355469,36.939727783203125
94625549,2025,2025-03-25,9435,2025-03-18,1613,021672,,2,2,9,1000,0,3,5,,2,025,"HERNDON AVE","HIGHLAND AVE",204.00,W,N,A,-,N,,,,,,,,,,N,3,0,2,2,A,-,08,22107,,N,A,C,A,A,H,-,A,D,0,,,,,Y,,A,01,0,2,0,0,0,0,0,0,0,"- ","- ",36.837409973144531,-119.62872314453125,FRESNO,UNINCORPORATED,-119.63064575195312,36.837390899658203
94625556,2025,2025-03-25,9435,2025-03-19,1515,021594,,3,2,9,1000,0,3,5,,2,020,"MOUNT WHITNEY AVENUE","CHATEAU FRESNO AVENUE",0.00,,Y,B,-,N,,,,,,,,,,N,4,0,2,2,A,-,09,21802,A,N,D,C,A,A,H,-,A,D,0,,,,,Y,,D,22,0,0,2,0,0,0,0,0,0,"- ","- ",36.430309295654297,-119.94119262695312,FRESNO,UNINCORPORATED,-119.94116973876953,36.430324554443359
94625599,2025,2025-03-25,9435,2025-03-20,"830 ",015751,,4,1,9,1000,0,3,5,,2,015,"MARKS AVE","JENSEN AVE",0.00,,Y,A,-,N,,,,,,,,,,Y,3,0,4,3,A,-,09,21802,A,N,D,C,A,A,H,-,A,A,0,,,,,Y,,A,01,0,4,0,0,0,0,0,0,0,"- ","- ",36.706619262695312,-119.84455108642578,FRESNO,UNINCORPORATED,-119.84449768066406,36.706626892089844
94625605,2025,2025-03-25,9435,2025-03-20,"920 ",018914,,4,1,7,1005,0,1,3,,2,105,"SR-99 N/B","MCKINLEY AVENUE",650.00,N,N,A,-,Y,FRE,,99," "," ",23.985,H,,R,N,4,0,1,2,A,-,07,21658,A,N,B,C,A,A,H,-,A,D,0,,,,Y,Y,,F,27,0,0,1,0,0,0,0,0,0,"- ","- ",36.766380310058594,-119.83503723144531,FRESNO,FRESNO,-119.83506011962891,36.766372680664062
94625686,2025,2025-03-25,9435,2025-03-23,"715 ",022221,,7,1,2,1004,0,1,3,,2,106,"SR-99 N/B","MANNING AVE",1320.00,N,N,A,-,Y,FRE,,99," "," ",9.652,H,,R,N,4,0,1,2,A,-,03,22350,,N,C,C,A,A,H,-,A,D,0,,,,,Y,,A,07,0,0,1,0,0,0,0,0,0,"- ","- ",36.610729217529297,-119.66677093505859,FRESNO,FOWLER,-119.66680145263672,36.610706329345703
94625704,2025,2025-03-25,9435,2025-03-24,"830 ",020205,,1,1,9,1000,0,3,5,,2,034,"DE WOLF AVE","CHURCH AVE",77.00,S,N,A,-,N,,,,,,,,,,Y,3,0,1,2,A,-,03,22350,,N,C,C,A,A,H,-,A,D,0,,,,,Y,,A,01,0,1,0,0,0,0,0,0,0,"- ","- ",36.714519500732422,-119.64595794677734,FRESNO,UNINCORPORATED,-119.64598846435547,36.714569091796875
94625711,2025,2025-03-25,9435,2025-03-24,1650,020836,,1,2,7,1005,0,1,3,,2,106,"STATE ROUTE 99 SOUTHBOUND","CENTRAL AVENUE",630.00,S,N,A,-,Y,FRE,,99," "," ",15.743,H,,L,Y,4,0,2,2,A,-,03,22350,,N,C,C,A,A,H,-,A,D,0,,,,,Y,,A,01,0,0,2,0,0,0,0,0,0,"- ","- ",36.676658630371094,-119.74002075195312,FRESNO,FRESNO,-119.74003601074219,36.676643371582031
94625717,2025,2025-03-25,9435,2025-03-23,1310,020205,,7,1,7,1005,0,1,3,,2,410,"SR-41 N/B","DAKOTA AVE",1140.00,N,N,A,-,Y,FRE,,41," ",R,27.192,H,,R,Y,4,0,2,2,A,-,08,22107,,N,B,C,A,A,H,-,A,D,0,,,,,Y,,A,07,0,0,2,0,0,0,0,0,0,"- ","- ",36.790081024169922,-119.78417205810547,FRESNO,FRESNO,-119.78420257568359,36.790077209472656
94625746,2025,2025-11-13,9435,2025-03-01,"950 ",021940,,6,1,9,1000,0,3,5,,2,040,"BETHEL AVE.","CONEJO AVE.",0.00,,Y,A,-,N,,,,,,,,,,N,3,0,2,2,A,-,03,22350,,N,D,2,A,A,H,-,A,A,0,,,,,Y,,D,22,0,2,0,0,0,0,0,0,0,"- ","- ",36.518058776855469,-119.57520294189453,FRESNO,UNINCORPORATED,-119.57534027099609,36.517940521240234
94626467,2025,2025-03-25,9435,2025-03-15,1200,022033,,6,1,9,1000,0,3,5,,2,034,"MANNING AVE","HAYES AVE",0.00,,Y,A,-,N,,,,,,,,,,Y,4,0,6,2,A,-,09,21802,A,N,D,C,A,A,H,-,A,D,0,,,,,Y,,A,07,0,0,6,0,0,0,0,0,0,"- ","- ",36.604709625244141,-119.89891052246094,FRESNO,UNINCORPORATED,-119.89891815185547,36.604736328125
94626933,2025,2025-03-26,9435,2025-03-15,2040,022378,,6,2,3,1015,0,1,3,,2,107,"STATE ROUTE 99 NORTHBOUND","2ND STREET",1100.00,N,N,A,-,Y,FRE,,99," ",R,5.515,H,,R,Y,3,0,1,1,A,-,01,23152,A,N,E,I,A,A,H,-,C,D,0,,,,,Y,Y,A,07,0,1,0,0,0,0,0,0,0,"- ","- ",36.565879821777344,-119.61785888671875,FRESNO,SELMA,-119.6177978515625,36.565925598144531
94626971,2025,2025-03-26,9435,2025-03-21,1535,021594,,5,2,9,1000,0,3,5,,2,025,"COPPER AVE","MINNEWAWA AVE",1056.00,W,N,A,-,N,,,,,,,,,,N,4,0,2,2,A,-,03,22350,,N,C,C,A,A,H,-,A,D,0,,,,,Y,,A,01,0,0,2,0,0,0,0,0,0,"- ","- ",36.895660400390625,-119.70339965820312,FRESNO,UNINCORPORATED,-119.71479034423828,36.895759582519531
94627087,2025,2025-03-26,9435,2025-03-24,1537,020319,,1,2,9,1000,0,1,3,,1,180,SR-180,"ROLINDA AVE",375.00,E,N,A,-,Y,FRE,,180," "," ",48.217,H,,R,N,4,0,1,3,A,-,03,22350,,N,C,C,A,A,H,-,A,D,0,,,,,Y,,A,07,0,0,1,0,0,0,0,0,0,"- ","- ",36.735080718994141,-119.95967864990234,FRESNO,UNINCORPORATED,-119.95967864990234,36.735084533691406
94627242,2025,2025-03-26,9435,2025-03-25,"735 ",019705,,2,1,9,1000,0,3,5,,2,010,"BARSTOW AVE","FRUIT AVE",420.00,W,N,A,-,N,,,,,,,,,,N,4,0,1,2,A,-,03,22350,,N,C,C,A,A,H,-,A,A,0,,,,,Y,,D,22,0,0,1,0,0,0,0,0,0,"- ","- ",36.815540313720703,-119.81862640380859,FRESNO,UNINCORPORATED,-119.81882476806641,36.815559387207031
94627296,2025,2025-03-26,9435,2025-03-25,1212,015890,,2,1,9,1000,0,1,3,,1,412,"SR-41 S/B","MTN VIEW AVE",51.00,N,N,A,-,Y,FRE,,41," ",R,10.123,H,,L,Y,3,0,2,3,A,-,03,22350,,N,C,C,A,A,H,-,A,A,0,,,,,Y,,A,01,0,1,1,0,0,0,0,0,0,"- ","- ",36.547580718994141,-119.78632354736328,FRESNO,UNINCORPORATED,-119.78631591796875,36.547580718994141
94627342,2025,2025-03-26,9435,2025-03-25,"622 ",015890,,2,1,9,1000,0,3,5,,2,020,"ELKHORN AVE","JAMESON AVE",1222.00,W,N,A,-,N,,,,,,,,,,Y,4,0,1,2,A,-,03,22350,,N,C,C,A,A,H,-,D,D,0,,,,Y,Y,,G,25,0,0,1,0,0,0,0,0,0,"- ","- ",36.488410949707031,-119.99407958984375,FRESNO,UNINCORPORATED,-119.99400329589844,36.488399505615234
94627379,2025,2025-03-26,9435,2025-03-25,2055,020540,,2,2,9,1000,0,3,5,,2,060,"DINUBA AVENUE","ENGLEHART AVENUE",0.00,,Y,A,-,N,,,,,,,,,,Y,4,0,2,2,A,-,09,21802,A,N,D,C,A,A,H,-,D,A,0,,,,,Y,,D,22,0,0,2,0,0,0,0,0,0,"- ","- ",36.58953857421875,-119.41301727294922,FRESNO,UNINCORPORATED,-119.41306304931641,36.589561462402344
94627394,2025,2025-03-26,9435,2025-03-25,1435,020540,,2,2,9,1000,0,3,5,,2,034,"AMERICAN AVENUE","ACADEMY AVENUE",0.00,,Y,A,-,N,,,,,,,,,,Y,4,0,2,2,A,-,09,21802,A,N,D,C,A,A,H,-,A,A,0,,,,,Y,,A,01,0,0,2,0,0,0,0,0,0,"- ","- ",36.663169860839844,-119.55647277832031,FRESNO,UNINCORPORATED,-119.55651092529297,36.663200378417969
94627564,2025,2025-03-26,9435,2025-03-24,1202,017310,,1,1,7,1005,0,3,5,,2,010,"PALM AVENUE","GETTYSBURG AVENUE",0.00,,Y,A,-,N,,,,,,,,,,N,3,0,1,2,A,-,17,21451,A,N,A,C,A,A,H,-,A,A,0,,,,,Y,,D,22,0,1,0,0,0,0,0,0,0,"- ","- ",36.801158905029297,-119.80863952636719,FRESNO,FRESNO,-119.80857849121094,36.801143646240234
94628429,2025,2025-03-27,9435,2025-03-15,"120 ",023034,,6,3,3,1013,0,3,5,,2,034,"GOODFELLOW AVE","NEWMARK AVE",4200.00,E,N,C,-,N,,,,,,,,,,Y,3,0,1,1,A,-,01,23152,A,N,F,A,A,B,H,-,D,D,0,,,,,Y,Y,A,07,0,1,0,0,0,0,0,0,0,"- ","- ",36.670158386230469,-119.53330230712891,FRESNO,SANGER,-119.53736114501953,36.671817779541016
9462850,2022,2022-07-29,1013,2022-07-09,1113,M145,M240,6,5,3,1013,0,0,0,,0,B02,"7TH ST","N ST",7.00,E,N,A,-,N,,,,,,,,,,,4,0,1,1,A,-,05,21650,,N,E,I,A,A,H,-,A,D,0,,,,,Y,Y,A,01,0,0,1,0,0,0,0,0,0,"- ","- ",,,FRESNO,SANGER,-119.55727386474609,36.706363677978516
94629404,2025,2025-03-27,9435,2025-03-26,1510,021424,,3,2,7,1005,0,1,3,,2,105,"SR-99 N/B","OLIVE AVE",300.00,S,N,A,-,Y,FRE,,99," "," ",23.244,H,,R,Y,4,0,1,3,A,-,03,22350,,N,C,C,A,A,H,-,A,D,0,,,,,Y,,A,07,0,0,1,0,0,0,0,0,0,"- ","- ",36.756649017333984,-119.82924652099609,FRESNO,FRESNO,-119.82917785644531,36.756679534912109
94629568,2025,2025-03-27,9435,2025-03-15,1440,022112,,6,2,9,1000,0,1,3,,2,105,"SR-99 N/B","SHAW AVE",53.00,S,N,A,-,Y,FRE,,99," "," ",27.978,H,,R,Y,4,0,1,3,A,-,03,22350,,N,C,2,A,A,H,-,A,D,0,,,,,Y,,A,01,0,0,1,0,0,0,0,0,0,"- ","- ",36.806961059570312,-119.88495635986328,FRESNO,UNINCORPORATED,-119.88497161865234,36.806949615478516
94629597,2025,2025-03-27,9435,2025-03-24,1755,021658,,1,2,7,1005,0,1,3,,2,106,"SR-99 S/B","ORANGE AVE.",1900.00,N,N,A,-,Y,FRE,,99," "," ",18.016,H,,L,Y,3,0,1,4,A,-,03,22350,,N,C,C,A,A,H,-,A,D,0,,,,,Y,,A,07,0,1,0,0,0,0,0,0,0,"- ","- ",36.700641632080078,-119.76806640625,FRESNO,FRESNO,-119.76808929443359,36.700630187988281
94630096,2025,2025-03-28,9435,2025-03-19,"805 ",018914,,3,1,9,1000,0,3,5,,2,010,"SHAW AVENUE (E/B)","MAROA AVENUE",20.00,E,N,A,-,N,,,,,,,,,,N,4,0,1,2,A,-,03,22350,,M,C,C,A,A,H,-,A,D,0,,,Y,,Y,,C,02,0,0,1,0,0,0,0,0,1,"- ","- ",36.808368682861328,-119.79924774169922,FRESNO,UNINCORPORATED,-119.79938507080078,36.808391571044922
94630116,2025,2025-03-28,9435,2025-03-26,2134,021703,,3,2,7,1005,0,1,3,,2,182,"SR-180 E/B","PEACH AVE",300.00,W,N,A,-,Y,,,,,,,,,,Y,4,0,1,1,A,-,08,22107,,N,E,8,A,A,H,-,D,D,0,,,,,Y,,A,01,0,0,1,0,0,0,0,0,0,"- ","- ",36.752059936523438,-119.71959686279297,FRESNO,FRESNO,-119.71856689453125,36.753238677978516
94630275,2025,2025-03-28,9495,2025-03-26,1220,019424,,3,1,9,1000,0,1,3,,2,005,"STATE ROUTE 33 (DERRICK AVENUE)","MANNING AVENUE",45.00,N,N,A,-,Y,FRE,,33," "," ",51.412,H,,R,Y,3,0,3,2,A,-,09,21802,A,N,C,C,A,A,H,-,A,A,0,,,,,Y,,A,01,0,1,2,0,0,0,0,0,0,"- ","- ",36.603561401367188,-120.38854217529297,FRESNO,UNINCORPORATED,-120.38855743408203,36.603561401367188
94630338,2025,2025-03-28,9435,2025-03-27,"750 ",018746,,4,1,7,1005,0,1,3,,1,168,"SR-168 W/B","CLINTON AVENUE",180.00,E,N,A,-,Y,FRE,,168," ",R,1.557,H,,L,Y,4,0,1,4,A,-,07,21658,A,N,B,C,A,A,H,-,A,D,0,,,,,Y,,A,07,0,0,1,0,0,0,0,0,0,"- ","- ",36.772941589355469,-119.74945068359375,FRESNO,FRESNO,-119.74946594238281,36.772941589355469
94630501,2025,2025-03-28,9435,2025-03-21,1633,016911,,5,2,9,1000,0,3,5,,2,050,SR-168,"SAMPLE RD",0.00,,Y,A,-,Y,FRE,,168," "," ",20.755,H,,R,N,4,0,1,2,A,-,03,22350,,N,B,C,A,A,H,-,A,D,0,,,,,Y,,E,22,0,0,1,0,0,0,0,0,0,"- ","- ",36.929691314697266,-119.50727081298828,FRESNO,UNINCORPORATED,-119.50727844238281,36.929695129394531
94630641,2025,2025-03-28,9435,2025-03-27,1610,016507,,4,2,9,1000,0,3,5,,2,060,"ANCHOR AVE","MANNING AVE",0.00,,Y,A,-,N,,,,,,,,,,Y,4,0,2,2,A,-,09,21802,A,N,A,C,A,A,H,-,A,A,0,,,,,Y,,A,01,0,0,2,0,0,0,0,0,0,"- ","- ",36.602951049804688,-119.32274627685547,FRESNO,UNINCORPORATED,-119.32276916503906,36.602928161621094
94630747,2025,2025-03-28,9435,2025-03-25,"805 ",018746,,2,1,9,1000,0,3,5,,2,025,"HERNDON AVENUE","HIGHLAND AVENUE",0.00,,Y,A,-,N,,,,,,,,,,Y,4,0,1,2,A,-,01,23152,A,N,D,2,A,A,H,-,A,D,0,,,,,Y,Y,D,22,0,0,1,0,0,0,0,0,0,"- ","- ",36.837390899658203,-119.62799072265625,FRESNO,UNINCORPORATED,-119.62995147705078,36.837387084960938
94630764,2025,2025-03-28,9435,2025-03-26,1655,021148,,3,2,7,1005,0,1,3,,2,410,"SR-41 N/B","SHAW AVE",0.00,,Y,A,-,Y,FRE,,41," ",R,26.740,H,,R,N,4,0,1,2,A,-,03,22350,,N,C,C,A,A,H,-,A,D,0,,,,,Y,,A,01,0,0,1,0,0,0,0,0,0,"- ","- ",36.783519744873047,-119.78434753417969,FRESNO,FRESNO,-119.78438568115234,36.783519744873047
94630824,2025,2025-03-28,9495,2025-03-27,1030,022247,,4,1,9,1000,0,1,3,,2,005,"STATE ROUTE 33 (FRESNO COALINGA ROAD)","STATE ROUTE 198 (DORRIS AVENUE)",7920.00,N,N,A,-,Y,FRE,,33," "," ",25.871,H,,R,N,3,0,1,1,A,-,08,22107,,N,F,A,A,A,H,-,A,D,0,,,Y,,Y,,C,02,0,1,0,0,0,0,0,0,1,"- ","- ",36.266891479492188,-120.3089599609375,FRESNO,UNINCORPORATED,-120.30900573730469,36.26690673828125
94631022,2025,2025-03-28,9435,2025-03-19,1705,022112,,3,2,7,1005,0,1,3,,2,181,"SR-180 W/B","SR-99 N/B",1056.00,E,N,B,-,Y,FRE,,180," ",R,56.577,H,,L,N,4,0,4,2,A,-,03,22350,,N,C,C,A,A,H,-,A,D,0,,,,Y,Y,,D,22,0,0,4,0,0,0,0,0,0,"- ","- ",36.743320465087891,-119.81089782714844,FRESNO,FRESNO,-119.81079864501953,36.743198394775391
94631736,2025,2025-03-31,9461,2025-03-29,1545,021056,,6,2,9,1000,0,3,5,,2,030,"76 GAS STATION PARKING LOT","PANOCHE RD",200.00,N,N,A,-,N,,,,,,,,,,N,4,0,1,1,C,-,18,,,N,E,I,A,A,H,-,A,D,0,,,,,Y,,-,"- ",0,0,1,0,0,0,0,0,0,"- ","- ",36.638511657714844,-120.62709045410156,FRESNO,UNINCORPORATED,,
94632727,2025,2025-04-16,9495,2025-03-26,1346,021619,,3,1,9,1000,0,3,5,,2,053,"JAYNE AVENUE","GLENN AVENUE",0.00,,Y,A,-,N,,,,,,,,,,Y,4,0,2,3,A,-,09,21801,A,N,D,C,A,A,H,-,A,D,0,,,,,Y,,A,01,0,0,2,0,0,0,0,0,0,"- ","- ",36.137641906738281,-120.16448974609375,FRESNO,UNINCORPORATED,-120.16448211669922,36.137737274169922
94632787,2025,2025-04-01,9435,2025-03-22,1940,021982,,6,2,9,1000,0,3,5,,2,025,"BELMONT AVE","ACADEMY AVE",160.00,W,N,A,-,N,,,,,,,,,,N,2,0,1,2,A,-,08,22107,,F,G,B,E,A,H,-,D,D,0,Y,,,,Y,,-,99,1,0,0,0,1,0,0,0,0,"- ","- ",36.75006103515625,-119.55674743652344,FRESNO,UNINCORPORATED,-119.55672454833984,36.750076293945312
94633083,2025,2025-04-01,9435,2025-03-30,1325,019263,,7,1,9,1000,0,3,5,,2,010,"SHIELDS AVE","BRYAN AVE",0.00,,Y,B,-,N,,,,,,,,,,Y,3,0,2,2,A,-,09,21802,A,N,D,C,A,A,H,-,A,A,0,,,,,Y,,A,01,0,2,0,0,0,0,0,0,0,"- ","- ",36.778961181640625,-119.90731811523438,FRESNO,UNINCORPORATED,-119.90727996826172,36.778923034667969
94633132,2025,2025-04-01,9435,2025-02-12,1905,020887,,3,2,9,1000,0,3,5,,2,030,"CHESTNUT AVE","SHIELDS AVE",95.00,S,N,C,-,N,,,,,,,,,,N,2,0,1,2,A,-,11,21954,A,F,G,B,D,B,H,-,D,D,0,Y,,,,Y,,N,60,1,0,0,0,1,0,0,0,0,"- ","- ",36.779121398925781,-119.73636627197266,FRESNO,UNINCORPORATED,-119.73638916015625,36.779190063476562
94633218,2025,2025-04-01,9435,2025-03-27,"850 ",018609,,4,1,9,1000,0,1,3,,1,169,SR-168,WILDFLOWER,2640.00,E,N,A,-,Y,FRE,,168," ",T,27.369,H,,R,N,3,0,1,2,A,-,05,21460,A,N,B,G,A,A,H,-,A,D,0,,Y,,,Y,,D,22,0,1,0,0,0,0,1,0,0,"- ","- ",37.005008697509766,-119.52818298339844,FRESNO,UNINCORPORATED,-119.52820587158203,37.0050048828125
94633320,2025,2025-04-01,9435,2025-03-19,"541 ",020205,,3,3,9,1000,0,3,5,,2,034,"NORTH AVE","MAPLE AVE",1184.00,E,N,A,-,N,,,,,,,,,,N,2,0,1,2,A,-,09,21804,A,N,D,G,A,A,H,-,D,D,0,,Y,,,Y,,L,04,1,0,0,0,0,0,1,0,0,"- ","- ",36.692440032958984,-119.74176025390625,FRESNO,UNINCORPORATED,-119.74161529541016,36.692390441894531
94633344,2025,2025-04-01,9435,2025-03-25,"31  ",021930,,2,3,9,1000,0,3,5,,2,015,"JENSEN AVE","YUBA AVE",0.00,,Y,A,-,N,,,,,,,,,,Y,3,0,1,1,A,-,01,23152,A,N,E,I,A,A,H,-,D,D,0,,,,,Y,Y,A,01,0,1,0,0,0,0,0,0,0,"- ","- ",36.705551147460938,-120.16898345947266,FRESNO,UNINCORPORATED,-120.16890716552734,36.705528259277344
94633360,2025,2025-04-01,9435,2025-03-08,"345 ",019523,,6,3,9,1000,0,3,5,,2,020,"MANNING AVENUE","CORNELIA AVENUE",0.00,,Y,A,-,N,,,,,,,,,,Y,2,0,2,2,A,-,01,23152,A,N,D,C,A,A,H,-,D,A,0,,,,,Y,Y,A,01,2,0,0,0,0,0,0,0,0,"- ","- ",36.604839324951172,-119.88086700439453,FRESNO,UNINCORPORATED,-119.88082885742188,36.604862213134766
94633376,2025,2025-07-07,9435,2025-03-23,1705,021982,,7,2,9,1000,0,1,3,,2,410,"SR-41 S/B","MCKINLEY AVE",950.00,S,N,A,-,Y,FRE,,41," ",R,25.079,H,,L,N,4,0,1,2,A,-,08,22107,,N,E,I,A,A,H,-,A,D,0,,,,,Y,,A,07,0,0,1,0,0,0,0,0,0,"- ","- ",36.762348175048828,-119.77581787109375,FRESNO,UNINCORPORATED,-119.77574920654297,36.762359619140625
94633417,2025,2025-04-01,9495,2025-03-30,2000,022504,,7,2,9,1000,0,1,1,,2,002,"INTERSTATE 5 NORTHBOUND","STATE ROUTE 145",11458.00,N,N,A,-,Y,FRE,,5," "," ",20.140,H,,R,Y,3,0,2,3,A,-,03,22350,,N,C,C,A,A,H,-,D,D,0,,,,,Y,,A,08,0,1,1,0,0,0,0,0,0,"- ","- ",36.320690155029297,-120.29058837890625,FRESNO,UNINCORPORATED,-120.29056549072266,36.320705413818359
94633466,2025,2025-04-01,9435,2025-03-24,1638,016860,,1,2,9,1000,0,1,3,,1,169,"STATE ROUTE 168","OLD RANCH PARK LANE",1584.00,W,N,A,-,Y,FRE,,168," ",T,31.731,H,,R,N,2,0,1,1,A,-,03,22350,,N,F,A,A,A,H,-,A,A,0,,,Y,,Y,,C,02,1,0,0,0,0,0,0,0,1,"- ","- ",37.043941497802734,-119.490478515625,FRESNO,UNINCORPORATED,-119.490478515625,37.043926239013672
94634396,2025,2025-04-02,9495,2025-03-31,"435 ",022537,,1,3,9,1000,0,1,1,,2,001,"SOUTHBOUND INTERSTATE 5","MANNING AVENUE OVERCROSSING",6336.00,N,N,A,-,Y,FRE,,5," "," ",47.039,H,,R,Y,3,0,1,1,A,-,08,22107,,N,F,A,A,A,H,-,D,D,0,,,,Y,Y,,G,25,0,1,0,0,0,0,0,0,0,"- ","- ",36.616729736328125,-120.60195159912109,FRESNO,UNINCORPORATED,-120.60174560546875,36.616901397705078
94634732,2025,2025-04-02,9435,2025-04-01,2011,020319,,2,2,7,1005,0,1,3,,2,105,"SR-99 S/B","ASHLAN AVE",1350.00,S,N,C,-,Y,FRE,,99," "," ",26.283,H,,L,Y,3,0,1,1,A,-,03,22350,,N,E,I,A,B,H,-,D,D,0,,,,,Y,,A,07,0,1,0,0,0,0,0,0,0,"- ","- ",36.791309356689453,-119.86160278320312,FRESNO,FRESNO,-119.86164093017578,36.791244506835938
94635032,2025,2025-04-02,9435,2025-03-25,1741,021290,,2,2,7,1005,0,1,3,,2,181,"SR-180 E/B","FIRST STREET",52.00,W,N,A,-,Y,FRE,,180," ",R,58.859,H,,R,Y,4,0,1,2,A,-,03,22350,,N,C,C,A,A,H,-,A,D,0,,,,,Y,,A,01,0,0,1,0,0,0,0,0,0,"- ","- ",36.754539489746094,-119.7728271484375,FRESNO,FRESNO,-119.77283477783203,36.754570007324219