CASE_ID,ACCIDENT_YEAR,PROC_DATE,JURIS,COLLISION_DATE,COLLISION_TIME,OFFICER_ID,REPORTING_DISTRICT,DAY_OF_WEEK,CHP_SHIFT,POPULATION,CNTY_CITY_LOC,SPECIAL_COND,BEAT_TYPE,CHP_BEAT_TYPE,CITY_DIVISION_LAPD,CHP_BEAT_CLASS,BEAT_NUMBER,PRIMARY_RD,SECONDARY_RD,DISTANCE,DIRECTION,INTERSECTION,WEATHER_1,WEATHER_2,STATE_HWY_IND,CALTRANS_COUNTY,CALTRANS_DISTRICT,STATE_ROUTE,ROUTE_SUFFIX,POSTMILE_PREFIX,POSTMILE,LOCATION_TYPE,RAMP_INTERSECTION,SIDE_OF_HWY,TOW_AWAY,COLLISION_SEVERITY,NUMBER_KILLED,NUMBER_INJURED,PARTY_COUNT,PRIMARY_COLL_FACTOR,PCF_CODE_OF_VIOL,PCF_VIOL_CATEGORY,PCF_VIOLATION,PCF_VIOL_SUBSECTION,HIT_AND_RUN,TYPE_OF_COLLISION,MVIW,PED_ACTION,ROAD_SURFACE,ROAD_COND_1,ROAD_COND_2,LIGHTING,CONTROL_DEVICE,CHP_ROAD_TYPE,PEDESTRIAN_ACCIDENT,BICYCLE_ACCIDENT,MOTORCYCLE_ACCIDENT,TRUCK_ACCIDENT,NOT_PRIVATE_PROPERTY,ALCOHOL_INVOLVED,STWD_VEHTYPE_AT_FAULT,CHP_VEHTYPE_AT_FAULT,COUNT_SEVERE_INJ,COUNT_VISIBLE_INJ,COUNT_COMPLAINT_PAIN,COUNT_PED_KILLED,COUNT_PED_INJURED,COUNT_BICYCLIST_KILLED,COUNT_BICYCLIST_INJURED,COUNT_MC_KILLED,COUNT_MC_INJURED,PRIMARY_RAMP,SECONDARY_RAMP,LATITUDE,LONGITUDE,COUNTY,CITY,POINT_X,POINT_Y
94703351,2025,2025-05-28,9435,2025-05-11,"23  ",023097,,7,3,7,1005,0,1,3,,2,106,"SR-99 S/B TO ADAMS AVENUE","ADAMS AVE",53.00,N,N,A,-,Y,,,,,,,,,,Y,4,0,1,1,A,-,01,23152,A,N,F,A,A,A,H,-,D,D,0,,,,,Y,Y,A,07,0,0,1,0,0,0,0,0,0,"- ","- ",36.633571624755859,-119.69283294677734,FRESNO,FRESNO,-119.69313049316406,36.6343994140625
94703541,2025,2025-05-28,9435,2025-05-26,1355,017138,,1,1,9,1000,0,3,5,,2,015,"CORNELIA AVE","MADISON AVE",0.00,,Y,A,-,N,,,,,,,,,,Y,4,0,1,2,A,-,09,21802,A,N,D,C,A,A,H,-,A,A,0,,,,,Y,,A,01,0,0,1,0,0,0,0,0,0,"- ","- ",36.728199005126953,-119.88067626953125,FRESNO,UNINCORPORATED,-119.88066864013672,36.728164672851562
94703645,2025,2025-05-28,9495,2025-05-23,1237,022824,,5,1,9,1000,0,1,1,,2,003,"INTERSTATE 5 NORTHBOUND TO STATE ROUTE 198","STATE ROUTE 198",581.00,S,N,A,-,Y,,,,,,,,,,N,3,0,1,1,A,-,08,22107,,N,F,A,A,A,H,-,A,D,0,,,Y,,Y,,C,02,0,1,0,0,0,0,0,0,1,"- ","- ",36.252788543701172,-120.24228668212891,FRESNO,UNINCORPORATED,-120.24353790283203,36.254100799560547
94703932,2025,2025-05-28,9435,2025-05-15,1730,021135,,4,2,9,1000,0,3,5,,2,020,"SHERRILL STREET","STATHEM STREET",278.00,N,N,A,-,N,,,,,,,,,,N,3,0,1,2,A,-,01,23152,A,N,G,B,E,A,H,-,A,D,0,Y,,,,Y,Y,A,07,0,1,0,0,1,0,0,0,0,"- ","- ",36.434730529785156,-119.86283111572266,FRESNO,UNINCORPORATED,-119.86269378662109,36.434673309326172
94704108,2025,2025-05-28,9435,2025-05-20,"635 ",019926,,2,1,7,1005,0,1,3,,2,105,"SR-99 S/B FROM GOLDEN STATE BLVD","ASHLAN AVE",1584.00,S,N,A,-,Y,,,,,,,,,,N,4,0,2,3,A,-,03,22350,,N,C,C,A,A,H,-,A,A,0,,,,,Y,,A,01,0,0,2,0,0,0,0,0,0,"- ","- ",36.789501190185547,-119.85854339599609,FRESNO,FRESNO,-119.86161041259766,36.79119873046875
94705092,2025,2025-05-29,9435,2025-05-27,1600,021402,,2,2,7,1005,0,1,3,,1,183,"SR-180 W/B FROM FOWLER AVE S/B",SR-180,90.00,N,N,A,-,Y,,,,,,,,,,Y,4,0,1,1,A,-,03,22350,,N,F,A,A,A,H,-,A,D,0,,,,,Y,,A,01,0,0,1,0,0,0,0,0,0,"- ","- ",36.753810882568359,-119.68356323242188,FRESNO,FRESNO,,
94705139,2025,2025-05-29,9435,2025-05-27,1725,021119,,2,2,9,1000,0,3,5,,2,034,"TEMPERANCE AVENUE","LINCOLN AVENUE",0.00,,Y,A,-,N,,,,,,,,,,N,3,0,2,2,A,-,09,21802,A,N,D,C,A,A,H,-,A,A,0,,,,,Y,,D,22,0,1,1,0,0,0,0,0,0,"- ","- ",36.648998260498047,-119.66413879394531,FRESNO,UNINCORPORATED,-119.66407012939453,36.817417144775391
94705384,2025,2025-05-29,9435,2025-05-27,"747 ",015986,,2,1,7,1005,0,1,3,,2,105,"SR-99 S/B","BELMONT AVENUE",500.00,S,N,A,-,Y,FRE,,99," "," ",22.623,H,,L,Y,4,0,1,2,A,-,03,22350,,N,C,C,A,A,H,-,A,D,0,,,,Y,Y,,A,01,0,0,1,0,0,0,0,0,0,"- ","- ",36.748889923095703,-119.82398986816406,FRESNO,FRESNO,-119.82392883300781,36.748920440673828
94705448,2025,2025-05-29,9435,2025-05-19,2232,021315,,1,3,9,1000,0,3,5,,2,020,"SUTTER AVENUE","HUNTSMAN AVENUE",0.00,,Y,A,-,N,,,,,,,,,,Y,4,0,1,1,A,-,01,23152,A,N,E,I,A,A,H,-,D,D,0,,,,,Y,Y,A,01,0,0,1,0,0,0,0,0,0,"- ","- ",36.580951690673828,-120.19750213623047,FRESNO,UNINCORPORATED,-120.19747924804688,36.581058502197266
94705679,2025,2025-05-29,9435,2025-05-19,1735,021672,,1,2,9,1000,0,3,5,,2,060,"CORNFLOWER LN","SQUAW VALLEY RD",420.00,E,N,A,-,N,,,,,,,,,,N,3,0,1,1,A,-,08,22107,,N,F,A,A,A,H,-,A,D,0,,,Y,,Y,,C,02,0,1,0,0,0,0,0,0,1,"- ","- ",36.659320831298828,-119.14971923828125,FRESNO,UNINCORPORATED,-119.15521240234375,36.667850494384766
94705751,2025,2025-05-29,9435,2025-05-17,1435,023103,,6,2,9,1000,0,1,3,,2,181,"SR-181 W/B","H ST",175.00,E,N,A,-,Y,FRE,,180," ",R,56.870,H,,L,Y,2,0,5,3,A,-,03,22350,,N,C,2,A,A,H,-,A,D,0,,,,,Y,,A,08,1,0,4,0,0,0,0,0,0,"- ","- ",36.745628356933594,-119.80634307861328,FRESNO,UNINCORPORATED,-119.80631256103516,36.745597839355469
94705760,2025,2025-05-29,9435,2025-05-21,1815,023103,,3,2,9,1000,0,1,3,,2,410,"SR-41 S/B","SHIELDS AVE",2640.00,S,N,A,-,Y,FRE,,41," ",R,25.964,H,,L,Y,4,0,1,2,A,-,03,22350,,N,C,C,A,A,H,-,A,D,0,,,,,Y,,A,01,0,0,1,0,0,0,0,0,0,"- ","- ",36.772300720214844,-119.78500366210938,FRESNO,UNINCORPORATED,-119.78502655029297,36.772293090820312
9470579,2023,2023-10-23,1009,2023-05-21,2031,R100,MENDO,7,5,2,1009,0,0,0,,0,,"LUA AV","ROSALES ST",116.00,E,N,A,-,N,,,,,,,,,,N,2,0,1,2,A,-,03,22350,,N,G,B,D,A,H,-,C,D,0,Y,,,,Y,,A,01,1,0,0,0,1,0,0,0,0,"- ","- ",,,FRESNO,MENDOTA,,
94705821,2025,2025-05-29,9435,2025-05-26,1309,023032,,1,1,9,1000,0,3,5,,2,025,"ZEDIKER AVE","ASHLAN AVE",0.00,,Y,A,-,N,,,,,,,,,,N,4,0,2,2,A,-,12,22450,A,N,D,C,A,A,H,-,A,D,0,,,,,Y,,A,01,0,0,2,0,0,0,0,0,0,"- ","- ",36.7935791015625,-119.51969909667969,FRESNO,UNINCORPORATED,-119.51979827880859,36.793582916259766
94707284,2025,2025-05-30,9495,2025-05-28,1600,021473,,3,2,9,1000,0,1,3,,2,005,"STATE ROUTE 33 (DERRICK AVENUE)","MANNING AVENUE",0.00,,Y,A,-,Y,FRE,,33," "," ",51.402,H,,R,Y,3,0,1,2,A,-,09,21802,A,N,D,C,A,A,H,-,A,A,0,,,,,Y,,A,01,0,1,0,0,0,0,0,0,0,"- ","- ",36.603401184082031,-120.38857269287109,FRESNO,UNINCORPORATED,-120.3885498046875,36.603401184082031
94707437,2025,2025-05-30,9495,2025-05-28,"630 ",022824,,3,1,9,1000,0,3,5,,2,053,"JAYNE AVENUE","PRIVATE DRIVEWAY OF 24511 W JAYNE AVENUE",0.00,,Y,A,-,N,,,,,,,,,,Y,2,0,1,2,A,-,12,21453,A,N,D,2,A,A,H,-,A,A,0,,,,,Y,,D,22,1,0,0,0,0,0,0,0,0,"- ","- ",36.137199401855469,-120.24073791503906,FRESNO,UNINCORPORATED,-120.27175140380859,36.136997222900391
94707644,2025,2025-05-30,9435,2025-05-19,1240,015751,,1,1,9,1000,0,3,5,,2,010,"4TH ST","G ST",0.00,,Y,A,-,N,,,,,,,,,,Y,4,0,1,2,D,-,00,,,M,D,C,A,A,H,-,A,D,0,,,,,Y,,-,"- ",0,0,1,0,0,0,0,0,0,"- ","- ",36.802070617675781,-120.01979827880859,FRESNO,UNINCORPORATED,-119.30973052978516,36.622978210449219
94707666,2025,2025-05-30,9435,2025-05-25,"130 ",021885,,7,3,9,1000,0,3,5,,2,025,"AUBERRY RD","BIGLIONE DRIVE",2640.00,N,N,A,-,N,,,,,,,,,,Y,3,0,1,1,A,-,08,22107,,N,E,I,A,A,H,-,D,D,0,,,,,Y,,A,01,0,1,0,0,0,0,0,0,0,"- ","- ",36.929309844970703,-119.70587158203125,FRESNO,UNINCORPORATED,-119.7059326171875,36.929332733154297
94707682,2025,2025-05-30,9435,2025-05-30,"825 ",019603,,5,1,9,1000,0,3,5,,2,015,"BLYTHE AVENUE","JENSEN AVENUE",0.00,,Y,A,-,Y,,,,,,,,,,Y,3,0,2,2,A,-,09,21802,A,N,C,C,A,A,H,-,A,A,0,,,,,Y,,D,22,0,1,1,0,0,0,0,0,0,"- ","- ",36.706470489501953,-119.87149810791016,FRESNO,UNINCORPORATED,-119.87146759033203,36.706462860107422
94707719,2025,2025-05-30,9435,2025-05-19,1750,021940,,1,2,9,1000,0,3,5,,2,020,"MT. VIEW AVE.","MARKS AVE.",0.00,,Y,A,-,N,,,,,,,,,,Y,2,0,3,2,A,-,09,21802,A,N,D,C,A,A,H,-,A,A,0,,,,,Y,,A,08,1,2,0,0,0,0,0,0,0,"- ","- ",36.547168731689453,-119.84516143798828,FRESNO,UNINCORPORATED,-119.84519958496094,36.547145843505859
9470922,2023,2023-10-24,1009,2023-06-17,2028,R112,MENDO,6,5,2,1009,0,0,0,,0,0ME,"8TH ST","QUINCE ST",0.00,,Y,A,-,N,,,,,,,,,,,4,0,1,2,A,-,12,22450,A,N,D,C,A,A,H,-,B,A,0,,,,,Y,,A,01,0,0,1,0,0,0,0,0,0,"- ","- ",36.752731323242188,-120.38092803955078,FRESNO,MENDOTA,-120.38095855712891,36.752696990966797
94709299,2025,2025-06-02,9461,2025-05-21,1522,019052,,3,2,9,1000,0,3,5,,2,060,"WASHOE AVE","NEES AVE",4224.00,S,N,A,-,N,,,,,,,,,,Y,3,0,1,1,A,-,01,23152,A,N,F,A,A,A,H,-,A,D,0,,,,,Y,Y,D,22,0,1,0,0,0,0,0,0,0,"- ","- ",36.843521118164062,-120.45870971679688,FRESNO,UNINCORPORATED,-120.45851898193359,36.843166351318359
94709474,2025,2025-06-02,9495,2025-05-27,1035,022504,,2,1,9,1000,0,1,1,,2,003,"INTERSTATE 5 NORTHBOUND","PHELPS EQUIPMENT UNDERCROSSING",2112.00,N,N,A,-,Y,FRE,,5," "," ",9.227,H,,R,Y,4,0,1,1,A,-,08,22107,,N,B,I,A,A,H,-,A,D,0,,,,,Y,,A,01,0,0,1,0,0,0,0,0,0,"- ","- ",36.1815185546875,-120.19785308837891,FRESNO,UNINCORPORATED,-120.19791412353516,36.181491851806641
9471030,2023,2023-12-09,1015,2023-10-16,1743,N136,,1,5,3,1015,0,0,0,,0,,"2ND ST","BAUDER ST",0.00,,Y,A,-,N,,,,,,,,,,Y,3,0,2,3,A,-,09,21802,A,N,D,C,A,A,H,-,A,A,0,,,,,Y,,A,01,0,1,1,0,0,0,0,0,0,"- ","- ",36.563331604003906,-119.61669158935547,FRESNO,SELMA,-119.61662292480469,36.563301086425781
94711040,2025,2025-06-03,9435,2025-05-23,"645 ",019523,,5,1,9,1000,0,3,5,,2,040,"MANNING AVENUE","LAC JAC AVENUE",528.00,W,N,A,-,N,,,,,,,,,,N,4,0,1,2,A,-,03,22350,,N,C,C,A,A,H,-,A,D,0,,,,,Y,,D,22,0,0,1,0,0,0,0,0,0,"- ","- ",36.604530334472656,-119.48705291748047,FRESNO,UNINCORPORATED,-119.48628997802734,36.604404449462891
94711043,2025,2025-06-03,9435,2025-05-31,1000,021247,,6,1,9,1000,0,3,5,,2,010,"ASHLAN AVENUE","WISHON AVENUE",0.00,,Y,A,-,N,,,,,,,,,,Y,4,0,1,2,A,-,09,21802,A,N,D,C,A,A,H,-,A,A,0,,,,,Y,,A,01,0,0,1,0,0,0,0,0,0,"- ","- ",36.793991088867188,-119.80242919921875,FRESNO,UNINCORPORATED,-119.80236053466797,36.793987274169922
94711054,2025,2025-06-03,9435,2025-05-29,"712 ",015986,,4,1,7,1005,0,1,3,,2,181,SR180,"G STREET",250.00,E,N,A,-,Y,FRE,,180," ",R,56.734,H,,L,Y,4,0,1,2,A,-,03,22350,,N,C,C,A,A,H,-,A,D,0,,,,,Y,,A,01,0,0,1,0,0,0,0,0,0,"- ","- ",36.744468688964844,-119.80847930908203,FRESNO,FRESNO,-119.80846405029297,36.744453430175781
94711062,2025,2025-06-03,9435,2025-05-22,1630,021086,,4,2,9,1000,0,1,3,,2,410,"STATE ROUTE 41 N/B","TULARE STREET",100.00,S,N,A,-,Y,FRE,,41," ",R,23.707,H,,R,N,4,0,1,3,A,-,03,22350,,F,C,C,A,A,H,-,A,D,0,,,,,Y,,-,99,0,0,1,0,0,0,0,0,0,"- ","- ",36.742580413818359,-119.77725982666016,FRESNO,UNINCORPORATED,-119.77727508544922,36.742580413818359
94711113,2025,2025-06-03,9435,2025-05-31,"845 ",021885,,6,1,9,1000,0,1,3,,1,412,"SR-41 N/B","LAGUNA AVE",910.00,N,N,A,-,Y,FRE,,41," ",R,1.190,H,,R,Y,4,0,1,1,A,-,08,22107,,N,E,I,A,A,H,-,A,D,0,,,,,Y,,A,08,0,0,1,0,0,0,0,0,0,"- ","- ",36.419059753417969,-119.80364227294922,FRESNO,UNINCORPORATED,-119.80364990234375,36.419059753417969
94711201,2025,2025-06-03,9435,2025-05-26,2102,021672,,1,2,9,1000,0,3,5,,2,060,"MANNING AVE","CRAWFORD AVE",0.00,,Y,A,-,N,,,,,,,,,,N,4,0,1,2,D,-,00,,,N,D,C,A,A,H,-,C,A,0,,,,,Y,,-,"- ",0,0,1,0,0,0,0,0,0,"- ","- ",36.603691101074219,-119.37673950195312,FRESNO,UNINCORPORATED,-119.37670135498047,36.603691101074219
94711242,2025,2025-06-03,9435,2025-05-23,1420,023103,,5,2,9,1000,0,1,3,,2,410,"SR-41 N/B","ASHLAN AVE",1056.00,N,N,A,-,Y,FRE,,41," ",R,27.697,H,,R,N,4,0,2,3,A,-,08,22107,,N,C,2,A,A,H,-,A,D,0,,,,Y,Y,,A,01,0,0,2,0,0,0,0,0,0,"- ","- ",36.797370910644531,-119.78511047363281,FRESNO,UNINCORPORATED,-119.78516387939453,36.797367095947266
94711263,2025,2025-06-03,9435,2025-06-02,1630,021119,,1,2,9,1000,0,3,5,,2,034,"DINUBA AVENUE","MENDOCINO AVENUE",0.00,,Y,A,-,N,,,,,,,,,,N,4,0,1,2,A,-,09,21802,A,N,D,C,A,A,H,-,A,A,0,,,,,Y,,D,22,0,0,1,0,0,0,0,0,0,"- ","- ",36.590381622314453,-119.54798889160156,FRESNO,UNINCORPORATED,-119.54798889160156,36.590408325195312
94711283,2025,2025-06-03,9435,2025-05-21,"524 ",023097,,3,3,9,1000,0,1,3,,1,430,SR-43,"ELKHORN AVE",0.00,,Y,A,-,Y,FRE,,43," "," ",3.353,H,,R,Y,4,0,5,4,A,-,09,21802,A,N,D,C,A,A,H,-,A,A,0,,,,,Y,,A,01,0,0,5,0,0,0,0,0,0,"- ","- ",36.489200592041016,-119.62917327880859,FRESNO,UNINCORPORATED,-119.629150390625,36.489200592041016
94711303,2025,2025-06-03,9461,2025-05-22,2132,017029,,4,2,9,1000,0,1,1,,2,305,"I-5 N/B","NEES AVE.",162.00,S,N,A,-,Y,FRE,,5," "," ",65.741,H,,R,Y,3,0,1,2,A,-,08,22107,,N,E,I,A,A,H,-,D,D,0,,,,Y,Y,,G,25,0,1,0,0,0,0,0,0,0,"- ","- ",36.849830627441406,-120.77333068847656,FRESNO,UNINCORPORATED,-120.77339172363281,36.849803924560547
94711616,2025,2025-06-03,9435,2025-05-11,1958,022000,,7,2,9,1000,0,3,5,,2,034,"MANNING AVE E/B","MCCALL AVE",1200.00,E,N,A,-,N,,,,,,,,,,Y,4,0,1,2,A,-,01,23152,A,F,C,C,A,A,H,-,A,D,0,,,,,Y,Y,A,01,0,0,1,0,0,0,0,0,0,"- ","- ",36.605289459228516,-119.61588287353516,FRESNO,UNINCORPORATED,-119.60662841796875,36.605216979980469
94711648,2025,2025-06-03,9435,2025-06-02,1225,017138,,1,1,9,1000,0,3,5,,2,015,"AMERICAN AVE","CHESTNUT AVE",0.00,,Y,A,-,N,,,,,,,,,,Y,4,0,1,2,A,-,09,21802,A,N,D,C,A,A,H,-,A,A,0,,,,,Y,,D,22,0,0,1,0,0,0,0,0,0,"- ","- ",36.663440704345703,-119.73677825927734,FRESNO,UNINCORPORATED,-119.73679351806641,36.663417816162109
94711671,2025,2025-06-03,9435,2025-06-03,"955 ",015890,,2,1,9,1000,0,3,5,,2,020,"KAMM AVE","WEST AVE",0.00,,Y,A,-,N,,,,,,,,,,Y,4,0,1,2,A,-,09,21802,A,N,D,2,A,A,H,-,A,A,0,,,,,Y,,A,01,0,0,1,0,0,0,0,0,0,"- ","- ",36.532711029052734,-119.82689666748047,FRESNO,UNINCORPORATED,-119.82685852050781,36.532699584960938
94711753,2025,2025-06-03,9435,2025-05-29,"816 ",020019,,4,1,9,1000,0,3,5,,2,034,"CLOVIS AVENUE SOUTHBOUND","AMERICAN AVENUE",528.00,S,N,A,-,N,,,,,,,,,,Y,4,0,1,2,A,-,03,22350,,N,C,C,A,A,H,-,A,D,0,,,,Y,Y,,A,01,0,0,1,0,0,0,0,0,0,"- ","- ",36.659980773925781,-119.69991302490234,FRESNO,UNINCORPORATED,-119.69988250732422,36.662109375
94711914,2025,2025-06-03,9435,2025-05-28,1747,018609,,3,2,9,1000,0,1,3,,1,169,SR-168,"DALTON AVENUE",1056.00,N,N,A,-,Y,FRE,,168," "," ",48.057,H,,R,Y,3,0,1,1,A,-,01,23152,A,N,F,A,A,A,H,-,A,D,0,,,Y,,Y,Y,C,02,0,1,0,0,0,0,0,0,1,"- ","- ",37.142108917236328,-119.30802154541016,FRESNO,UNINCORPORATED,-119.30804443359375,37.142101287841797
94711944,2025,2025-06-03,9435,2025-05-29,1135,020019,,4,1,9,1000,0,3,5,,2,034,"CHESTNUT AVENUE","MUSCATE AVENUE",0.00,,Y,A,-,N,,,,,,,,,,Y,4,0,1,2,A,-,09,21801,A,N,D,C,A,A,H,-,A,D,0,,,,,Y,,A,01,0,0,1,0,0,0,0,0,0,"- ","- ",36.685268402099609,-119.73665618896484,FRESNO,UNINCORPORATED,-119.73677825927734,36.685222625732422
94711959,2025,2025-06-03,9435,2025-05-19,1236,016860,,1,1,9,1000,0,3,5,,2,030,"TRIMMER SPRINGS ROAD","MAXON ROAD",6336.00,S,N,A,-,N,,,,,,,,,,Y,3,0,1,1,A,-,03,22350,,N,E,J,A,A,H,-,A,D,0,,,,,Y,,J,48,0,1,0,0,0,0,0,0,0,"- ","- ",36.895389556884766,-119.29467010498047,FRESNO,UNINCORPORATED,-119.27605438232422,36.899894714355469
94711976,2025,2025-08-06,9495,2025-06-02,"710 ",021619,,1,1,9,1000,0,1,1,,2,002,"INTERSTATE 5 NORTHBOUND","STATE ROUTE 145",1000.00,N,N,A,-,Y,FRE,,5," "," ",18.183,H,,R,Y,4,0,1,1,A,-,08,22107,,N,F,A,A,A,H,-,A,D,0,,,,,Y,,D,22,0,0,1,0,0,0,0,0,0,"- ","- ",36.297248840332031,-120.27085876464844,FRESNO,UNINCORPORATED,-120.27082824707031,36.297260284423828
9471199,2023,2023-11-03,1001,2023-08-28,1907,5877,,1,5,5,1001,0,0,0,,0,006,"BULLARD AV",TEMPERANCE,234.00,E,N,A,-,N,,,,,,,,,,Y,3,0,2,2,A,-,01,23153,A,N,E,I,F,A,H,-,A,D,0,Y,,,,Y,Y,A,01,0,2,0,0,1,0,0,0,0,"- ","- ",36.822929382324219,-119.663818359375,FRESNO,CLOVIS,-119.66388702392578,36.822891235351562
94712686,2025,2025-06-04,9435,2025-05-22,"150 ",022624,,4,3,9,1000,0,3,5,,2,034,"TEMPERANCE AVE","BUTLER AVE",0.00,,Y,A,-,N,,,,,,,,,,N,4,0,1,1,A,-,08,22107,,N,E,2,A,A,H,-,C,D,0,,,,,Y,,A,01,0,0,1,0,0,0,0,0,0,"- ","- ",36.729660034179688,-119.66432189941406,FRESNO,UNINCORPORATED,-119.66417694091797,36.729557037353516
94712733,2025,2025-06-04,9435,2025-05-18,"230 ",022802,,7,3,3,1011,0,3,5,,2,034,"MANNING AVE","MADSEN AVE",50.00,E,N,A,-,N,,,,,,,,,,Y,3,0,1,2,A,-,01,23152,A,N,C,E,A,A,H,-,C,D,0,,,,,Y,Y,D,22,0,1,0,0,0,0,0,0,0,"- ","- ",36.604770660400391,-119.53859710693359,FRESNO,PARLIER,-119.53890228271484,36.604808807373047
94712831,2025,2025-06-04,9435,2025-05-17,2256,023034,,6,3,9,1000,0,3,5,,2,034,"JENSEN AVENUE W/B","HIGHLAND AVENUE",1360.00,E,N,A,-,N,,,,,,,,,,Y,3,0,2,2,A,-,01,23152,A,N,A,C,A,A,H,-,C,D,0,,,,,Y,Y,A,01,0,1,1,0,0,0,0,0,0,"- ","- ",36.706699371337891,-119.62326812744141,FRESNO,UNINCORPORATED,-119.62328338623047,36.706569671630859
94713127,2025,2025-06-04,9495,2025-03-18,1235,021714,,2,1,9,1000,0,3,5,,2,051,"MANNING AVENUE","STATE ROUTE 33 (DERRICK AVENUE)",8818.00,W,N,A,-,N,,,,,,,,,,Y,1,1,1,2,A,-,05,21650,,N,A,C,A,A,H,-,A,D,0,,,,Y,Y,,A,01,0,1,0,0,0,0,0,0,0,"- ","- ",36.603481292724609,-120.41860961914062,FRESNO,UNINCORPORATED,-120.41859436035156,36.603492736816406
94713179,2025,2025-06-04,9435,2025-04-23,1645,020540,,3,2,9,1000,0,3,5,,2,060,"CHUCKWAGON ROAD","SAND CREEK ROAD",2112.00,S,N,A,-,N,,,,,,,,,,Y,3,0,1,1,A,-,01,23152,A,N,E,I,A,A,H,-,A,D,0,,,,,Y,Y,D,22,0,1,0,0,0,0,0,0,0,"- ","- ",36.696029663085938,-119.13076782226562,FRESNO,UNINCORPORATED,-119.13040161132812,36.695690155029297
94713283,2025,2025-06-04,9495,2025-05-26,"530 ",021714,,1,3,9,1000,0,1,3,,2,005,"STATE ROUTE 33 (DERRICK AVENUE)","CONEJO AVENUE",400.00,N,N,A,-,Y,FRE,,33," "," ",45.499,H,,R,Y,3,0,1,1,A,-,08,22107,,N,F,A,A,A,H,-,A,D,0,,,,,Y,,A,07,0,1,0,0,0,0,0,0,0,"- ","- ",36.517120361328125,-120.38905334472656,FRESNO,UNINCORPORATED,-120.38905334472656,36.517120361328125
94713293,2025,2025-06-04,9435,2025-05-23,1647,016860,,5,2,9,1000,0,3,5,,2,050,"MILLERTON ROAD","STATE ROUTE 168",8976.00,W,N,B,-,N,,,,,,,,,,Y,2,0,1,2,A,-,08,22107,,N,F,0,A,A,H,-,A,D,0,,,Y,,Y,,C,02,1,0,0,0,0,0,0,0,1,"- ","- ",36.978179931640625,-119.55458831787109,FRESNO,UNINCORPORATED,-119.50601959228516,36.953250885009766
94713348,2025,2025-06-04,9435,2025-05-23,1450,022000,,5,2,9,1000,0,3,5,,2,034,"HELM AVE","TULARE AVE",0.00,,Y,A,-,N,,,,,,,,,,N,3,0,3,2,D,-,00,,,N,D,D,A,A,H,-,A,A,0,,,,,Y,,-,"- ",0,1,2,0,0,0,0,0,0,"- ","- ",36.743110656738281,-119.72289276123047,FRESNO,UNINCORPORATED,-119.72283935546875,36.743167877197266
94713412,2025,2025-06-26,9435,2025-05-29,"822 ",015751,,4,1,9,1000,0,3,5,,2,010,"BARSTOW AVE","GARFIELD AVE",5.00,W,N,A,-,N,,,,,,,,,,Y,3,0,2,1,A,-,08,22107,,N,E,H,A,A,H,-,A,A,0,,,,,Y,,A,01,0,2,0,0,0,0,0,0,0,"- ","- ",36.815158843994141,-119.9256591796875,FRESNO,UNINCORPORATED,-119.92556762695312,36.815059661865234
94713422,2025,2025-06-04,9435,2025-05-29,1545,020319,,4,2,9,1000,0,3,5,,2,010,"FRANKLIN AVE","BRAWLEY AVE",0.00,,Y,A,-,N,,,,,,,,,,N,4,0,1,3,A,-,08,22107,,N,B,C,A,A,H,-,A,A,0,,,,Y,Y,,G,25,0,0,1,0,0,0,0,0,0,"- ","- ",36.748149871826172,-119.86208343505859,FRESNO,UNINCORPORATED,-119.86210632324219,36.748207092285156
94713532,2025,2025-06-04,9435,2025-05-31,1355,021247,,6,1,9,1000,0,3,5,,2,010,"PRIVATE ALLEY","BIOLA STREET",0.00,,Y,A,-,N,,,,,,,,,,N,3,0,2,2,A,-,09,21804,A,N,D,G,A,A,H,-,A,D,0,,Y,,,Y,,A,01,0,1,1,0,0,0,1,0,0,"- ","- ",36.802558898925781,-120.01669311523438,FRESNO,UNINCORPORATED,-120.016586,36.802546
94713542,2025,2025-06-04,9495,2025-06-03,1041,021619,,2,1,9,1000,0,1,1,,2,003,"INTERSTATE 5 NORTHBOUND","EL DORADO AVENUE",4541.00,N,N,A,-,Y,FRE,,5," "," ",11.754,H,,R,Y,4,0,1,1,A,-,08,22107,,N,E,I,A,A,H,-,A,D,0,,,,,Y,,A,07,0,0,1,0,0,0,0,0,0,"- ","- ",36.214191436767578,-120.21852874755859,FRESNO,UNINCORPORATED,-120.21851348876953,36.214195251464844
94713589,2025,2025-06-04,9435,2025-05-27,"815 ",015751,,2,1,9,1000,0,3,5,,2,010,"SHAW AVE","GARFIELD AVE",0.00,,Y,A,-,N,,,,,,,,,,Y,2,0,1,2,A,-,06,21755,,N,D,C,A,A,H,-,A,A,0,,,Y,,Y,,C,02,1,0,0,0,0,0,0,0,1,"- ","- ",36.807811737060547,-119.92556762695312,FRESNO,UNINCORPORATED,-119.92549896240234,36.807838439941406