CASE_ID,ACCIDENT_YEAR,PROC_DATE,JURIS,COLLISION_DATE,COLLISION_TIME,OFFICER_ID,REPORTING_DISTRICT,DAY_OF_WEEK,CHP_SHIFT,POPULATION,CNTY_CITY_LOC,SPECIAL_COND,BEAT_TYPE,CHP_BEAT_TYPE,CITY_DIVISION_LAPD,CHP_BEAT_CLASS,BEAT_NUMBER,PRIMARY_RD,SECONDARY_RD,DISTANCE,DIRECTION,INTERSECTION,WEATHER_1,WEATHER_2,STATE_HWY_IND,CALTRANS_COUNTY,CALTRANS_DISTRICT,STATE_ROUTE,ROUTE_SUFFIX,POSTMILE_PREFIX,POSTMILE,LOCATION_TYPE,RAMP_INTERSECTION,SIDE_OF_HWY,TOW_AWAY,COLLISION_SEVERITY,NUMBER_KILLED,NUMBER_INJURED,PARTY_COUNT,PRIMARY_COLL_FACTOR,PCF_CODE_OF_VIOL,PCF_VIOL_CATEGORY,PCF_VIOLATION,PCF_VIOL_SUBSECTION,HIT_AND_RUN,TYPE_OF_COLLISION,MVIW,PED_ACTION,ROAD_SURFACE,ROAD_COND_1,ROAD_COND_2,LIGHTING,CONTROL_DEVICE,CHP_ROAD_TYPE,PEDESTRIAN_ACCIDENT,BICYCLE_ACCIDENT,MOTORCYCLE_ACCIDENT,TRUCK_ACCIDENT,NOT_PRIVATE_PROPERTY,ALCOHOL_INVOLVED,STWD_VEHTYPE_AT_FAULT,CHP_VEHTYPE_AT_FAULT,COUNT_SEVERE_INJ,COUNT_VISIBLE_INJ,COUNT_COMPLAINT_PAIN,COUNT_PED_KILLED,COUNT_PED_INJURED,COUNT_BICYCLIST_KILLED,COUNT_BICYCLIST_INJURED,COUNT_MC_KILLED,COUNT_MC_INJURED,PRIMARY_RAMP,SECONDARY_RAMP,LATITUDE,LONGITUDE,COUNTY,CITY,POINT_X,POINT_Y
94749290,2025,2025-07-07,9435,2025-06-25,1650,021135,,3,2,9,1000,0,3,5,,2,015,"HOPKINS AVE","CLARA AVE",0.00,,Y,B,-,N,,,,,,,,,,N,3,0,1,2,A,-,09,21800,B,N,D,C,A,A,H,-,A,D,0,,,,,Y,,A,01,0,1,0,0,0,0,0,0,0,"- ","- ",36.651161193847656,-119.79532623291016,FRESNO,UNINCORPORATED,-119.79531860351562,36.651130676269531
94749310,2025,2026-01-28,9435,2025-06-28,2140,021658,,6,2,9,1000,0,3,5,,2,010,"SHAW AVE.","FLOYD AVE",0.00,,Y,A,-,N,,,,,,,,,,Y,3,0,5,2,D,-,00,,,N,D,C,A,A,H,-,D,D,0,,,,,Y,,-,"- ",0,2,3,0,0,0,0,0,0,"- ","- ",36.807750701904297,-119.99745941162109,FRESNO,UNINCORPORATED,-119.99748229980469,36.8077392578125
94749411,2025,2025-07-07,9435,2025-07-03,"830 ",020540,,4,1,9,1000,0,3,5,,2,034,"MANNING AVENUE E/B","KINGS RIVER ROAD",132.00,W,N,A,-,N,,,,,,,,,,Y,3,0,1,1,A,-,08,22107,,N,F,A,A,A,H,-,A,D,0,,,,,Y,,A,01,0,1,0,0,0,0,0,0,0,"- ","- ",36.604328155517578,-119.46971130371094,FRESNO,UNINCORPORATED,-119.46949768066406,36.604354858398438
94749435,2025,2025-07-07,9435,2025-06-24,2255,021247,,2,3,9,1000,0,1,3,,2,181,"STATE ROUTE 180 WESTBOUND","BLACKSTONE AVENUE",145.00,E,N,A,-,Y,FRE,,180," ",R,57.893,H,,L,Y,4,0,1,1,A,-,01,23152,A,M,E,I,A,A,H,-,C,A,0,,,,,Y,Y,A,07,0,0,1,0,0,0,0,0,0,"- ","- ",36.752311706542969,-119.78993988037109,FRESNO,UNINCORPORATED,-119.7899169921875,36.752243041992188
94749537,2025,2025-07-07,9435,2025-06-25,2020,021119,,3,2,9,1000,0,3,5,,2,020,"TAHOE AVENUE","KINCAID AVENUE",100.00,E,N,A,-,N,,,,,,,,,,N,4,0,1,2,A,-,08,22107,,N,B,C,A,A,H,-,B,D,0,,,,,Y,,D,22,0,0,1,0,0,0,0,0,0,"- ","- ",36.537380218505859,-119.83956909179688,FRESNO,UNINCORPORATED,-119.84024810791016,36.536830902099609
94749553,2025,2025-07-07,9435,2025-06-27,1540,022339,,5,2,9,1000,0,3,5,,2,034,"QUALITY AVE","CALIFORNIA AVE",0.00,,Y,A,-,N,,,,,,,,,,N,4,0,2,2,A,-,09,21802,A,N,D,C,A,A,H,-,A,A,0,,,,,Y,,A,01,0,0,2,0,0,0,0,0,0,"- ","- ",36.721248626708984,-119.54309844970703,FRESNO,UNINCORPORATED,-119.54302978515625,36.721195220947266
94749621,2025,2025-07-07,9435,2025-04-29,2015,021658,,2,2,9,1000,0,1,3,,2,106,"SR-99 N/B","MANNING AVE.",700.00,N,N,A,-,Y,FRE,,99," "," ",9.860,H,,R,Y,2,0,1,2,A,-,01,23152,A,N,C,C,A,A,H,-,D,D,0,,,,,Y,Y,D,22,1,0,0,0,0,0,0,0,0,"- ","- ",36.612991333007812,-119.66928100585938,FRESNO,UNINCORPORATED,-119.66928100585938,36.612991333007812
94749644,2025,2025-07-07,9495,2025-06-22,"345 ",022595,,7,3,9,1000,0,1,3,,1,013,"STATE ROUTE 145 (FRESNO-COALINGA ROAD)","MOUNT WHITNEY AVENUE",528.00,S,N,A,-,Y,FRE,,145," "," ",12.963,H,,R,Y,3,0,2,2,A,-,01,23152,A,N,B,C,A,A,H,-,D,D,0,,,,Y,Y,Y,A,01,0,1,1,0,0,0,0,0,0,"- ","- ",36.428329467773438,-120.10700225830078,FRESNO,UNINCORPORATED,-120.10699462890625,36.428325653076172
94749662,2025,2025-07-07,9435,2025-06-27,1250,018914,,5,1,9,1000,0,1,3,,2,410,"SR-41 N/B","SHAW AVENUE",1200.00,S,N,A,-,Y,FRE,,41," ",R,28.817,H,,R,N,4,0,1,2,A,-,03,22350,,N,C,C,A,A,H,-,A,D,0,,,,,Y,,J,48,0,0,1,0,0,0,0,0,0,"- ","- ",36.813579559326172,-119.78513336181641,FRESNO,UNINCORPORATED,-119.78518676757812,36.813579559326172
94749771,2025,2025-07-07,9435,2025-06-30,1125,017310,,1,1,7,1005,0,1,3,,1,168,"RT 168","CEDAR AVE",215.00,E,N,A,-,Y,FRE,,168," ",R,0.137,H,,R,N,3,0,1,2,A,-,03,22350,,N,C,C,A,A,H,-,A,D,0,,,,,Y,,D,22,0,1,0,0,0,0,0,0,0,"- ","- ",36.754428863525391,-119.75351715087891,FRESNO,FRESNO,-119.75351715087891,36.75439453125
94749820,2025,2025-07-07,9435,2025-07-03,"927 ",015986,,4,1,9,1000,0,3,5,,2,010,"PALM AVENUE","HAMPTON WAY",10.00,N,N,A,-,N,,,,,,,,,,Y,2,0,2,2,A,-,03,22350,,N,C,C,A,A,H,-,A,D,0,,,,,Y,,A,07,2,0,0,0,0,0,0,0,0,"- ","- ",36.792190551757812,-119.80863952636719,FRESNO,UNINCORPORATED,-119.80864715576172,36.792118072509766
94751589,2025,2025-07-07,9435,2025-07-06,1635,021672,,7,2,9,1000,0,1,3,,2,184,SR-180,"COVE AVE",3696.00,E,N,A,-,Y,FRE,,180," "," ",84.529,H,,R,N,3,0,1,1,A,-,08,22107,,N,E,8,A,A,H,-,A,D,0,,,,,Y,,D,22,0,1,0,0,0,0,0,0,0,"- ","- ",36.715839385986328,-119.33625030517578,FRESNO,UNINCORPORATED,-119.33628082275391,36.715900421142578
94751694,2025,2025-07-07,9435,2025-06-29,"940 ",016911,,7,1,9,1000,0,3,5,,2,050,SR-168,"SAMPLE ROAD",4224.00,E,N,A,-,Y,FRE,,168," "," ",20.697,H,,R,N,4,0,2,1,A,-,03,22350,,N,F,A,A,A,H,-,A,D,0,,,,,Y,,A,08,0,0,2,0,0,0,0,0,0,"- ","- ",36.9293212890625,-119.50821685791016,FRESNO,UNINCORPORATED,-119.50823974609375,36.929347991943359
94751696,2025,2025-07-07,9435,2025-06-25,1850,022712,,3,2,9,1000,0,3,5,,2,025,"MILLERTON RD.","MONO ST.",940.00,N,N,A,-,Y,,,,,,,,,,Y,3,0,2,1,A,-,03,22350,,N,F,A,A,A,H,-,A,D,0,,,,,Y,,A,07,0,1,1,0,0,0,0,0,0,"- ","- ",36.992630004882812,-119.70989227294922,FRESNO,UNINCORPORATED,,
94751707,2025,2025-07-07,9435,2025-06-26,1328,021672,,4,1,9,1000,0,3,5,,2,060,"RUTH HILL RD","DUNLAP RD",4858.00,W,N,A,-,N,,,,,,,,,,Y,3,0,2,1,A,-,08,22107,,N,E,8,A,A,H,-,A,D,0,,,,,Y,,A,07,0,1,1,0,0,0,0,0,0,"- ","- ",36.725399017333984,-119.12741851806641,FRESNO,UNINCORPORATED,-119.12767791748047,36.726222991943359
94751711,2025,2025-07-07,9435,2025-06-21,2220,021658,,6,3,9,1000,0,3,5,,2,015,"MARKS AVE","JENSEN AVE",0.00,,Y,A,-,N,,,,,,,,,,Y,3,0,2,2,A,-,09,21802,A,N,D,C,A,A,H,-,A,D,0,,,,,Y,,A,01,0,2,0,0,0,0,0,0,0,"- ","- ",36.706649780273438,-119.84452819824219,FRESNO,UNINCORPORATED,-119.84449768066406,36.706626892089844
94751733,2025,2025-07-07,9435,2025-06-25,1245,016911,,3,1,9,1000,0,3,5,,2,060,"MANNING AVENUE","ALTA AVE",0.00,,Y,A,-,N,,,,,,,,,,Y,4,0,3,2,A,-,12,21453,A,N,D,C,A,A,H,-,A,A,0,,,,,Y,,D,22,0,0,3,0,0,0,0,0,0,"- ","- ",36.603950500488281,-119.39492034912109,FRESNO,UNINCORPORATED,-119.39495086669922,36.603935241699219
94751784,2025,2025-07-07,9435,2025-06-24,1746,023097,,2,2,9,1000,0,3,5,,2,025,"DE WOLF AVE","OLIVE AVE",0.00,,Y,A,-,N,,,,,,,,,,Y,4,0,2,3,A,-,09,21802,A,N,D,C,A,A,H,-,A,A,0,,,,,Y,,A,01,0,0,2,0,0,0,0,0,0,"- ","- ",36.757568359375,-119.64604187011719,FRESNO,UNINCORPORATED,-119.64598083496094,36.757522583007812
94751819,2025,2025-07-07,9435,2025-06-26,2000,022339,,4,2,9,1000,0,3,5,,2,010,"MAROA AVENUE","ASHLAN AVENUE",0.00,,Y,A,-,N,,,,,,,,,,N,4,0,1,2,A,-,17,21451,A,N,B,C,A,A,H,-,A,A,0,,,,,Y,,D,22,0,0,1,0,0,0,0,0,0,"- ","- ",36.794029235839844,-119.79958343505859,FRESNO,UNINCORPORATED,-119.799560546875,36.793998718261719
94751831,2025,2025-07-07,9435,2025-07-02,"905 ",021290,,3,1,9,1000,0,3,5,,2,034,"QUALITY AVE","CALIFORNIA AVE",0.00,,Y,A,-,N,,,,,,,,,,Y,4,0,2,2,A,-,09,21802,A,N,D,C,A,A,H,-,A,A,0,,,,,Y,,A,01,0,0,2,0,0,0,0,0,0,"- ","- ",36.721240997314453,-119.5430908203125,FRESNO,UNINCORPORATED,-119.54302978515625,36.721195220947266
94751885,2025,2025-07-18,9435,2025-07-07,"437 ",023032,,1,3,7,1005,0,3,5,,2,034,"ADAMS AVENUE EASTBOUND","DEL REY AVENUE",792.00,E,N,A,-,N,,,,,,,,,,N,1,1,0,2,A,-,11,21954,A,N,G,B,E,A,H,-,D,D,0,Y,,,,Y,,N,60,0,0,0,1,0,0,0,0,0,"- ","- ",36.634189605712891,-119.58997344970703,FRESNO,FRESNO,-119.59010314941406,36.634212493896484
94752004,2025,2025-07-07,9435,2025-07-02,1705,023034,,3,2,7,1005,0,1,3,,2,181,"SR-180 E/B TO SR-41 N/B","SR-41 S/B",250.00,W,N,A,-,Y,FRE,,180," ",R,58.624,H,,R,Y,3,0,3,1,A,-,08,22107,,N,E,I,A,A,H,-,A,D,0,,,,,Y,,A,01,0,3,0,0,0,0,0,0,0,"- ","- ",36.753959655761719,-119.77700805664062,FRESNO,FRESNO,-119.77703094482422,36.754081726074219
94752028,2025,2025-07-07,9435,2025-06-27,1015,019263,,5,1,9,1000,0,3,5,,2,010,"FRUIT AVE","SIERRA AVE",0.00,,Y,A,-,N,,,,,,,,,,Y,4,0,1,2,A,-,12,21453,A,N,D,C,A,A,H,-,A,A,0,,,,,Y,,A,07,0,0,1,0,0,0,0,0,0,"- ","- ",36.830059051513672,-119.81739807128906,FRESNO,UNINCORPORATED,-119.81734466552734,36.830032348632812
94752050,2025,2025-07-07,9435,2025-07-05,"815 ",020205,,6,1,7,1005,0,1,3,,2,106,"SR-99 N/B","NORTH AVE",90.00,S,N,A,-,Y,FRE,,99," "," ",17.224,H,,R,Y,4,0,1,1,C,-,18,,,N,E,I,A,A,H,-,A,D,0,,,,,Y,,-,"- ",0,0,1,0,0,0,0,0,0,"- ","- ",36.692150115966797,-119.75820922851562,FRESNO,FRESNO,-119.75828552246094,36.692089080810547
94752296,2025,2025-07-07,9435,2025-06-28,1035,019926,,6,1,7,1005,0,1,3,,2,105,"SR-99 N/B","TEILMAN AVE",0.00,,Y,A,-,Y,FRE,,99," "," ",22.390,H,,R,Y,4,0,1,2,A,-,07,21658,A,F,E,I,A,A,H,-,A,D,0,,,,,Y,,-,99,0,0,1,0,0,0,0,0,0,"- ","- ",36.746139526367188,-119.82138824462891,FRESNO,FRESNO,-119.82142639160156,36.746120452880859
94752463,2025,2025-07-07,9461,2025-07-01,1014,018910,,2,1,9,1000,0,1,1,,2,305,"I-5 NORTHBOUND","S RUSSELL AVE",2640.00,S,N,A,-,Y,FRE,,5," "," ",52.223,H,,R,Y,3,0,3,2,A,-,03,22350,,N,C,C,A,A,H,-,A,D,0,,,,,Y,,A,01,0,3,0,0,0,0,0,0,0,"- ","- ",36.679481506347656,-120.65326690673828,FRESNO,UNINCORPORATED,-120.65327453613281,36.679477691650391
94753449,2025,2025-07-08,9435,2025-07-02,1510,021386,,3,2,9,1000,0,1,3,,2,106,"STATE ROUTE 99 NORTHBOUND","AMERICAN AVENUE",200.00,S,N,A,-,Y,FRE,,99," "," ",14.462,H,,R,Y,3,0,1,2,A,-,03,22350,,N,C,C,A,A,H,-,A,D,0,,,,,Y,,A,01,0,1,0,0,0,0,0,0,0,"- ","- ",36.663040161132812,-119.72409820556641,FRESNO,UNINCORPORATED,-119.72409820556641,36.663040161132812
94753485,2025,2025-07-08,9435,2025-06-27,1749,023034,,5,2,9,1000,0,3,5,,2,020,"MARKS AVENUE","CLARKSON AVENUE",1180.00,S,N,A,-,N,,,,,,,,,,N,2,0,1,1,A,-,01,23152,A,N,F,A,A,A,H,-,A,D,0,,,,,Y,Y,D,22,1,0,0,0,0,0,0,0,0,"- ","- ",36.500011444091797,-119.84564208984375,FRESNO,UNINCORPORATED,-119.84549713134766,36.500370025634766
94753523,2025,2025-07-08,9435,2025-07-07,1125,020205,,1,1,9,1000,0,3,5,,2,025,"MILLERTON RD","VIA MIRA BELLA",2000.00,N,N,A,-,N,,,,,,,,,,Y,3,0,2,2,A,-,05,21460,,N,A,C,A,A,H,-,A,D,0,,,,,Y,,E,22,0,1,1,0,0,0,0,0,0,"- ","- ",36.987819671630859,-119.69029998779297,FRESNO,UNINCORPORATED,,
94753551,2025,2025-07-08,9435,2025-07-02,1930,021135,,3,2,9,1000,0,3,5,,2,020,"HAYES AVENUE","HUNTSMAN AVENUE",0.00,,Y,A,-,N,,,,,,,,,,Y,3,0,3,2,A,-,12,22450,A,N,D,C,A,A,H,-,A,D,0,,,,,Y,,D,22,0,1,2,0,0,0,0,0,0,"- ","- ",36.582939147949219,-119.89901733398438,FRESNO,UNINCORPORATED,-119.89900970458984,36.582931518554688
94753552,2025,2025-07-08,9435,2025-07-03,1336,021837,,4,1,9,1000,0,3,5,,2,015,"FRUIT AVE","JENSEN AVE",0.00,,Y,A,-,N,,,,,,,,,,N,4,0,1,2,A,-,09,21802,A,N,D,C,A,A,H,-,A,A,0,,,Y,,Y,,A,01,0,0,1,0,0,0,0,0,0,"- ","- ",36.706748962402344,-119.8179931640625,FRESNO,UNINCORPORATED,-119.81790924072266,36.706741333007812
94753631,2025,2025-07-08,9435,2025-06-26,1930,021086,,4,2,9,1000,0,3,5,,2,034,"TEMPERANCE AVENUE","SOUTH AVENUE",0.00,,Y,A,-,N,,,,,,,,,,N,4,0,1,2,A,-,09,21802,A,M,D,C,A,A,H,-,A,A,0,,,,Y,Y,,-,99,0,0,1,0,0,0,0,0,0,"- ","- ",36.619941711425781,-119.66443634033203,FRESNO,UNINCORPORATED,-119.66439819335938,36.619884490966797
94753674,2025,2025-07-08,9435,2025-07-05,1137,021031,,6,1,7,1005,0,1,3,,2,106,"STATE ROUTE 99 NORTHBOUND","NORTH AVENUE",253.00,S,N,A,-,Y,FRE,,99," "," ",17.187,H,,R,Y,3,0,4,5,A,-,01,23152,A,N,C,C,A,A,H,-,A,D,0,,,,Y,Y,Y,A,01,0,2,2,0,0,0,0,0,0,"- ","- ",36.691719055175781,-119.75782775878906,FRESNO,FRESNO,-119.75783538818359,36.691715240478516
94754010,2025,2025-07-08,9435,2025-06-25,1150,016860,,3,1,9,1000,0,3,5,,2,050,"SAMPLE ROAD","FRONTIER TRAIL LANE",0.00,,Y,A,-,N,,,,,,,,,,Y,3,0,1,2,A,-,08,22107,,N,F,0,A,A,H,-,A,D,0,,,Y,,Y,,C,02,0,1,0,0,0,0,0,0,1,"- ","- ",36.903289794921875,-119.50450134277344,FRESNO,UNINCORPORATED,-119.504501,36.903289999999998
94754155,2025,2025-07-08,9435,2025-06-29,2115,022000,,7,2,9,1000,0,3,5,,2,034,"CENTRAL AVENUE","BETHEL AVENUE",0.00,,Y,A,-,N,,,,,,,,,,Y,3,0,4,2,B,-,22,,,N,D,3,A,A,H,-,D,A,0,,,,,Y,,J,48,0,1,3,0,0,0,0,0,0,"- ","- ",36.677738189697266,-119.57440185546875,FRESNO,UNINCORPORATED,-119.57437133789062,36.677707672119141
94754165,2025,2025-07-08,9435,2025-04-07,2500,021315,,1,4,9,1000,0,3,5,,2,015,"MARKS AVENUE","WHITESBRIDGE ROAD",415.00,N,N,A,-,N,,,,,,,,,,N,1,1,0,2,A,-,11,21954,A,F,G,B,E,A,H,-,D,D,0,Y,,,,Y,,N,60,0,0,0,1,0,0,0,0,0,"- ","- ",36.736961364746094,-119.84445190429688,FRESNO,UNINCORPORATED,-119.84451293945312,36.735660552978516
94754167,2024,2025-07-08,9435,2024-10-19,2305,020540,,6,3,9,1000,0,3,5,,2,060,"MANNING AVENUE","HILL AVENUE",19.00,W,N,A,-,N,,,,,,,,,,Y,1,1,7,3,A,-,01,23152,A,N,C,C,A,A,H,-,D,A,0,,,,,Y,Y,A,01,3,3,1,0,0,0,0,0,0,"- ","- ",36.602958679199219,-119.34075164794922,FRESNO,UNINCORPORATED,-119.34077453613281,36.603092193603516
94755065,2025,2025-07-09,9435,2025-07-07,"435 ",021594,,1,3,9,1000,0,3,5,,2,034,"CENTRAL AVENUE","CLOVIS AVENUE",0.00,,Y,A,-,N,,,,,,,,,,N,4,0,1,2,A,-,09,21801,A,N,A,C,A,A,H,-,B,A,0,,,,,Y,,D,22,0,0,1,0,0,0,0,0,0,"- ","- ",36.678199768066406,-119.69985198974609,FRESNO,UNINCORPORATED,-119.69992828369141,36.678176879882812
94755247,2025,2025-07-09,9435,2025-06-26,2225,018944,,4,3,7,1005,0,1,3,,2,181,"STATE ROUTE 180 WESTBOUND TO BLACKSTONE AVENUE","BLACKSTONE AVENUE",170.00,W,N,A,-,Y,,,,,,,,,,Y,3,0,1,1,A,-,01,23152,A,M,E,I,A,A,H,-,C,A,0,,,,,Y,Y,D,22,0,1,0,0,0,0,0,0,0,"- ","- ",36.752250671386719,-119.79141235351562,FRESNO,FRESNO,-119.79110717773438,36.751979827880859
94755499,2025,2025-07-09,9461,2025-07-01,1116,017029,,2,1,9,1000,0,3,5,,2,060,"HERNDON AVE","FAIRFAX AVE.",4752.00,E,N,A,-,N,,,,,,,,,,Y,3,0,1,1,A,-,08,22107,,N,E,I,A,A,B,-,A,D,0,,,,,Y,,A,01,0,1,0,0,0,0,0,0,0,"- ","- ",36.836410522460938,-120.54785919189453,FRESNO,UNINCORPORATED,-120.54824829101562,36.836441040039062
94755508,2025,2025-07-09,9461,2025-07-07,1335,017029,,1,1,9,1000,0,3,5,,2,030,"LITTLE PANOCHE RD","I-5 S/B",7920.00,W,N,A,-,N,,,,,,,,,,Y,3,0,1,2,A,-,03,22350,,N,C,C,A,A,H,-,A,D,0,,,,Y,Y,,D,22,0,1,0,0,0,0,0,0,0,"- ","- ",36.785160064697266,-120.75119018554688,FRESNO,UNINCORPORATED,-120.72618865966797,36.777919769287109
94755514,2025,2025-07-09,9435,2025-06-05,1151,017138,,4,1,9,1000,0,3,5,,2,015,"AMERICAN AVENUE","MAPLE AVENUE",0.00,,Y,A,-,N,,,,,,,,,,Y,3,0,3,2,B,-,22,,,N,D,C,A,A,H,-,A,A,0,,,,,Y,,J,43,0,1,2,0,0,0,0,0,0,"- ","- ",36.663459777832031,-119.74577331542969,FRESNO,UNINCORPORATED,-119.74571990966797,36.663463592529297
94755537,2025,2025-07-09,9435,2025-07-08,1704,021672,,2,2,9,1000,0,3,5,,2,060,SR-63,SR-180,75.00,S,N,A,-,Y,FRE,,63," "," ",8.349,H,,R,N,3,0,1,1,A,-,08,22107,,N,E,0,A,A,H,-,A,D,0,,,,,Y,,A,07,0,1,0,0,0,0,0,0,0,"- ","- ",36.730209350585938,-119.2869873046875,FRESNO,UNINCORPORATED,-119.28678131103516,36.730205535888672
94755623,2025,2025-07-09,9495,2025-06-29,"740 ",021714,,7,1,9,1000,0,1,1,,2,001,"I-5 NB","MANNING AVENUE",6336.00,S,N,A,-,Y,FRE,,5," "," ",44.634,H,,R,Y,3,0,1,2,A,-,03,22350,,N,C,C,A,A,H,-,A,D,0,,,,Y,Y,,A,07,0,1,0,0,0,0,0,0,0,"- ","- ",36.59320068359375,-120.57025146484375,FRESNO,UNINCORPORATED,-120.57026672363281,36.593185424804688
94755766,2025,2025-07-09,9435,2025-06-26,1000,016860,,4,1,9,1000,0,1,3,,1,169,"STATE ROUTE 168","LITTLEFIELD ROAD",528.00,W,N,A,-,Y,FRE,,168," "," ",42.327,H,,R,Y,4,0,1,1,A,-,08,22107,,N,F,A,A,A,H,-,A,A,0,,,,,Y,,A,01,0,0,1,0,0,0,0,0,0,"- ","- ",37.079940795898438,-119.33590698242188,FRESNO,UNINCORPORATED,-119.33585357666016,37.079910278320312
94756748,2025,2025-07-10,9435,2025-03-27,"35  ",020977,,4,3,9,1000,0,1,3,,2,106,"SR-99 N/B FROM MANNING AVENUE W/B","MANNING AVE",16.00,N,N,A,-,Y,,,,,,,,,,Y,1,1,0,1,A,-,03,22350,,N,E,8,A,A,H,-,D,A,0,,,,,Y,,A,07,0,0,0,0,0,0,0,0,0,"- ","- ",36.60546875,-119.66004943847656,FRESNO,UNINCORPORATED,,
94756954,2025,2025-07-10,9435,2025-07-07,1933,021135,,1,2,9,1000,0,3,5,,2,020,"MOUNT WHITNEY AVE","SHERRILL ST",0.00,,Y,A,-,N,,,,,,,,,,N,4,0,2,2,A,-,12,22450,A,N,D,C,A,A,H,-,A,D,0,,,,,Y,,A,01,0,0,2,0,0,0,0,0,0,"- ","- ",36.430850982666016,-119.86277008056641,FRESNO,UNINCORPORATED,-119.86264801025391,36.430820465087891
94758444,2025,2025-07-11,9495,2025-07-03,1106,019424,,4,1,9,1000,0,1,1,,2,001,"INTERSTATE 5 (SOUTHBOUND)","STATE ROUTE 33 (DERRICK AVENUE)",13728.00,N,N,A,-,Y,FRE,,5," "," ",32.578,H,,L,N,3,0,5,2,A,-,03,22350,,N,C,C,A,A,H,-,A,D,0,,,,,Y,,A,01,0,1,4,0,0,0,0,0,0,"- ","- ",36.466068267822266,-120.42243957519531,FRESNO,UNINCORPORATED,-120.42247009277344,36.466053009033203
94760116,2025,2025-07-14,9435,2025-07-11,1455,021269,,5,2,9,1000,0,1,3,,1,412,"SR-41 N/B","ELKHORN AVENUE",925.00,N,N,A,-,Y,FRE,,41," ",M,6.140,H,,R,N,4,0,1,2,A,-,03,22350,,N,C,C,A,A,H,-,A,D,0,,,,Y,Y,,F,26,0,0,1,0,0,0,0,0,0,"- ","- ",36.490249633789062,-119.78919982910156,FRESNO,UNINCORPORATED,-119.78923797607422,36.490261077880859
94760119,2025,2025-07-14,9435,2025-07-10,1145,015095,,4,1,9,1000,0,3,5,,2,050,"POWERHOUSE ROAD","WILSON ROAD",3168.00,S,N,A,-,N,,,,,,,,,,Y,3,0,1,1,A,-,08,22107,,N,F,A,A,A,H,-,A,D,0,,,,,Y,,A,01,0,1,0,0,0,0,0,0,0,"- ","- ",37.086448669433594,-119.48874664306641,FRESNO,UNINCORPORATED,-119.49182891845703,37.089927673339844
94760230,2025,2025-07-14,9435,2025-06-29,2010,022221,,7,2,9,1000,0,3,5,,2,025,"SHEPHERD AVE","COLE AVE",0.00,,Y,A,-,N,,,,,,,,,,Y,3,0,1,1,A,-,01,23152,A,N,F,A,A,A,H,-,A,D,0,,,,,Y,Y,A,01,0,1,0,0,0,0,0,0,0,"- ","- ",36.862510681152344,-119.62332153320312,FRESNO,UNINCORPORATED,,
94760319,2025,2025-07-14,9435,2025-07-02,1235,022624,,3,1,7,1005,0,1,3,,2,410,"SR-41 S/B","SHIELDS AVE",100.00,N,N,A,-,Y,FRE,,41," ",R,26.794,H,,L,N,4,0,1,2,A,-,07,21658,A,N,B,C,A,A,H,-,A,D,0,,,,,Y,,A,07,0,0,1,0,0,0,0,0,0,"- ","- ",36.7843017578125,-119.78456878662109,FRESNO,FRESNO,-119.78468322753906,36.7843017578125
94760392,2025,2025-07-14,9435,2025-07-03,2100,021086,,4,2,9,1000,0,3,5,,2,030,"ASHLAN AVENUE","JUDY AVENUE",25.00,W,N,A,-,N,,,,,,,,,,N,4,0,1,2,A,-,03,22350,,N,C,C,A,A,H,-,A,A,0,,,,,Y,,D,22,0,0,1,0,0,0,0,0,0,"- ","- ",36.793228149414062,-119.69959259033203,FRESNO,UNINCORPORATED,-119.69948577880859,36.793178558349609
94760431,2025,2025-07-14,9435,2025-07-05,1455,021086,,6,2,9,1000,0,3,5,,2,030,"BELMONT AVENUE","ACADEMY AVENUE",50.00,E,N,A,-,N,,,,,,,,,,N,4,0,1,2,A,-,03,22350,,N,C,C,A,A,H,-,A,A,0,,,,,Y,,A,07,0,0,1,0,0,0,0,0,0,"- ","- ",36.750110626220703,-119.55577087402344,FRESNO,UNINCORPORATED,-119.55600738525391,36.750068664550781
94760460,2025,2025-07-14,9495,2025-07-06,1410,021877,,7,2,9,1000,0,1,3,,1,014,"STATE ROUTE 269","W. STUTZ AVENUE",528.00,N,N,A,-,Y,FRE,,269," "," ",15.152,H,,R,Y,3,0,1,1,C,-,18,,,N,E,I,A,A,H,-,A,D,0,,,,,Y,,-,"- ",0,1,0,0,0,0,0,0,0,"- ","- ",36.290279388427734,-120.10359954833984,FRESNO,UNINCORPORATED,-120.10346984863281,36.290279388427734