CASE_ID,ACCIDENT_YEAR,PROC_DATE,JURIS,COLLISION_DATE,COLLISION_TIME,OFFICER_ID,REPORTING_DISTRICT,DAY_OF_WEEK,CHP_SHIFT,POPULATION,CNTY_CITY_LOC,SPECIAL_COND,BEAT_TYPE,CHP_BEAT_TYPE,CITY_DIVISION_LAPD,CHP_BEAT_CLASS,BEAT_NUMBER,PRIMARY_RD,SECONDARY_RD,DISTANCE,DIRECTION,INTERSECTION,WEATHER_1,WEATHER_2,STATE_HWY_IND,CALTRANS_COUNTY,CALTRANS_DISTRICT,STATE_ROUTE,ROUTE_SUFFIX,POSTMILE_PREFIX,POSTMILE,LOCATION_TYPE,RAMP_INTERSECTION,SIDE_OF_HWY,TOW_AWAY,COLLISION_SEVERITY,NUMBER_KILLED,NUMBER_INJURED,PARTY_COUNT,PRIMARY_COLL_FACTOR,PCF_CODE_OF_VIOL,PCF_VIOL_CATEGORY,PCF_VIOLATION,PCF_VIOL_SUBSECTION,HIT_AND_RUN,TYPE_OF_COLLISION,MVIW,PED_ACTION,ROAD_SURFACE,ROAD_COND_1,ROAD_COND_2,LIGHTING,CONTROL_DEVICE,CHP_ROAD_TYPE,PEDESTRIAN_ACCIDENT,BICYCLE_ACCIDENT,MOTORCYCLE_ACCIDENT,TRUCK_ACCIDENT,NOT_PRIVATE_PROPERTY,ALCOHOL_INVOLVED,STWD_VEHTYPE_AT_FAULT,CHP_VEHTYPE_AT_FAULT,COUNT_SEVERE_INJ,COUNT_VISIBLE_INJ,COUNT_COMPLAINT_PAIN,COUNT_PED_KILLED,COUNT_PED_INJURED,COUNT_BICYCLIST_KILLED,COUNT_BICYCLIST_INJURED,COUNT_MC_KILLED,COUNT_MC_INJURED,PRIMARY_RAMP,SECONDARY_RAMP,LATITUDE,LONGITUDE,COUNTY,CITY,POINT_X,POINT_Y
94818263,2025,2025-08-26,9435,2025-08-22,"830 ",020062,,5,1,7,1005,0,1,3,,2,105,"SR99 NB FROM GOLDEN STATE","CLINTON AVE",200.00,N,N,A,-,Y,,,,,,,,,,Y,3,0,2,2,A,-,03,22350,,N,C,C,A,A,H,-,A,A,0,,,,,Y,,D,22,0,1,1,0,0,0,0,0,0,"- ","- ",36.773239135742188,-119.83921051025391,FRESNO,FRESNO,-119.84037780761719,36.773941040039062
94818503,2025,2025-08-26,9435,2025-08-14,"140 ",023097,,4,3,7,1005,0,1,3,,2,105,"ASHLAN AVE","ARTHUR AVE",53.00,E,N,A,-,N,,,,,,,,,,Y,3,0,1,1,A,-,01,23152,A,N,A,I,A,A,H,-,C,D,0,,,,,Y,Y,A,07,0,1,0,0,0,0,0,0,0,"- ","- ",36.793930053710938,-119.81510925292969,FRESNO,FRESNO,-119.81505584716797,36.793880462646484
94818655,2025,2025-08-26,9435,2025-08-16,"303 ",022921,,6,3,9,1000,0,3,5,,2,020,"CORNELIA AVE","MANNING AVE",2450.00,N,N,A,-,Y,,,,,,,,,,Y,3,0,2,1,A,-,01,23152,A,F,H,J,A,A,H,-,D,D,0,,,,,Y,Y,A,01,0,1,1,0,0,0,0,0,0,"- ","- ",36.611629486083984,-119.88099670410156,FRESNO,UNINCORPORATED,-119.88081359863281,36.611583709716797
9481866,2022,2022-08-08,1001,2022-06-22,1238,5145,,3,5,5,1001,0,0,0,,0,004,"WEST BARSTOW AV","VILLA AV",0.00,,Y,A,-,N,,,,,,,,,,Y,3,0,4,2,A,-,12,21453,A,N,D,C,A,A,H,-,A,A,0,,,,,Y,,A,01,0,1,3,0,0,0,0,0,0,"- ","- ",,,FRESNO,CLOVIS,-119.71356201171875,36.81573486328125
9481867,2022,2022-08-08,1001,2022-06-25,1728,5465,,6,5,5,1001,0,0,0,,0,004,"WEST SHAW AV","WILLOW AV",50.00,E,N,A,-,N,,,,,,,,,,N,4,0,2,2,A,-,07,21658,A,N,B,C,A,A,H,-,A,A,0,,,,,Y,,A,07,0,0,2,0,0,0,0,0,0,"- ","- ",36.808418273925781,-119.72725677490234,FRESNO,CLOVIS,-119.72714996337891,36.808429718017578
94818723,2025,2025-08-26,9435,2025-08-15,1818,023048,,5,2,9,1000,0,3,5,,2,015,"FRUIT AVE","LINCOLN AVE",0.00,,Y,A,-,N,,,,,,,,,,N,2,0,2,2,A,-,01,23152,A,F,D,C,A,A,H,-,A,A,0,,,,,Y,Y,D,22,1,1,0,0,0,0,0,0,0,"- ","- ",36.648700714111328,-119.81784820556641,FRESNO,UNINCORPORATED,-119.81777954101562,36.648700714111328
94818790,2025,2025-08-26,9435,2025-08-03,2025,021885,,7,2,7,1005,0,1,3,,2,410,"SR-41 N/B TO BULLARD AVE","BULLARD AVE",35.00,S,N,A,-,Y,,,,,,,,,,N,4,0,2,2,A,-,01,23152,A,N,C,C,A,A,H,-,D,D,0,,,,,Y,Y,A,01,0,0,2,0,0,0,0,0,0,"- ","- ",36.822761535644531,-119.78447723388672,FRESNO,FRESNO,-119.78505706787109,36.822925567626953
94818869,2025,2025-08-26,9435,2025-08-15,1610,021386,,5,2,9,1000,0,3,5,,2,034,"DINUBA AVENUE","ZEDIKER AVENUE",75.00,E,N,A,-,N,,,,,,,,,,Y,3,0,2,3,A,-,01,23152,A,N,B,D,A,A,H,-,A,D,0,,,,Y,Y,Y,A,01,0,1,1,0,0,0,0,0,0,"- ","- ",36.590179443359375,-119.52091217041016,FRESNO,UNINCORPORATED,-119.5208740234375,36.590167999267578
94818913,2025,2025-08-26,9435,2025-08-23,1940,018609,,6,2,9,1000,0,1,3,,1,169,SR-168,"MUSICK DRIVE",130.00,W,N,A,-,Y,FRE,,168," "," ",44.760,H,,R,N,3,0,1,1,A,-,01,23152,A,N,E,I,A,B,H,-,D,D,0,,,,,Y,Y,A,01,0,1,0,0,0,0,0,0,0,"- ","- ",37.098430633544922,-119.31861114501953,FRESNO,UNINCORPORATED,-119.31868743896484,37.0985107421875
94819002,2025,2025-08-26,9435,2025-08-23,1830,018609,,6,2,9,1000,0,3,5,,2,050,"TOLLHOUSE RD","OLD TOLLHOUSE ROAD",3168.00,N,N,A,-,N,,,,,,,,,,Y,3,0,2,1,A,-,08,22107,,N,F,A,A,B,B,-,A,D,0,,,Y,,Y,,C,02,0,1,1,0,0,0,0,0,2,"- ","- ",37.016780853271484,-119.39125061035156,FRESNO,UNINCORPORATED,-119.39142608642578,37.016632080078125
94819014,2025,2025-08-26,9435,2025-08-20,1535,021135,,3,2,9,1000,0,3,5,,2,015,"AMERICAN AVENUE","ORANGE AVENUE",0.00,,Y,A,-,N,,,,,,,,,,N,4,0,1,2,A,-,09,21801,A,N,D,C,A,A,H,-,C,D,0,,,,,Y,,A,01,0,0,1,0,0,0,0,0,0,"- ","- ",36.663410186767578,-119.76377105712891,FRESNO,UNINCORPORATED,-119.76374816894531,36.663406372070312
94819946,2025,2025-08-27,9461,2025-08-21,"620 ",017029,,4,1,9,1000,0,1,1,,2,305,"I-5 N/B","HERNDON AVE.",1056.00,S,N,A,-,Y,FRE,,5," "," ",64.365,H,,R,Y,3,0,1,1,A,-,08,22107,,N,F,A,A,A,H,-,A,D,0,,,,Y,Y,,F,26,0,1,0,0,0,0,0,0,0,"- ","- ",36.832420349121094,-120.76136016845703,FRESNO,UNINCORPORATED,-120.76140594482422,36.832401275634766
94820127,2025,2025-08-27,9435,2025-08-15,1155,021940,,5,1,9,1000,0,1,3,,1,168,"SR-168 W/B","CLINTON AVE",528.00,E,N,A,-,Y,FRE,,168," ",R,1.541,H,,L,Y,2,0,1,1,A,-,08,22107,,N,A,I,A,A,H,-,A,D,0,,,,,Y,,A,07,1,0,0,0,0,0,0,0,0,"- ","- ",36.772708892822266,-119.74931335449219,FRESNO,UNINCORPORATED,-119.74946594238281,36.772712707519531
94820143,2025,2025-08-27,9435,2025-08-22,"450 ",021544,,5,3,9,1000,0,1,3,,1,430,SR-43,"CONEJO AVE",1584.00,S,N,A,-,Y,FRE,,43," "," ",5.058,H,,R,Y,4,0,1,2,A,-,09,21804,A,N,D,C,A,A,H,-,D,D,0,,,,Y,Y,,F,25,0,0,1,0,0,0,0,0,0,"- ","- ",36.514049530029297,-119.6290283203125,FRESNO,UNINCORPORATED,-119.62901306152344,36.514049530029297
94820316,2025,2025-08-27,9435,2025-08-18,1808,018609,,1,2,9,1000,0,1,3,,1,169,SR-168,"OAK VIEW DRIVE",0.00,,Y,A,-,Y,FRE,,168," ",T,24.872,H,,R,N,4,0,1,2,A,-,05,21460,A,N,D,C,A,A,H,-,A,D,0,,,,,Y,,A,01,0,0,1,0,0,0,0,0,0,"- ","- ",36.971401214599609,-119.52832794189453,FRESNO,UNINCORPORATED,-119.52837371826172,36.971405029296875
94820385,2025,2025-08-27,9495,2025-08-19,1105,021619,,2,1,9,1000,0,1,3,,1,009,"STATE ROUTE 198","PARSONS ROAD",1000.00,E,N,A,-,Y,FRE,,198," "," ",18.312,H,,R,N,4,0,1,2,A,-,08,22107,,F,B,C,A,A,H,-,A,D,0,,,,,Y,Y,-,"- ",0,0,1,0,0,0,0,0,0,"- ","- ",36.101249694824219,-120.41551971435547,FRESNO,UNINCORPORATED,-120.41551971435547,36.101242065429688
94820493,2025,2025-08-27,9435,2025-08-26,"751 ",020122,,2,1,9,1000,0,3,5,,2,025,"FOWLER AVE","LENANON AVE",258.00,N,N,B,-,N,,,,,,,,,,Y,4,0,3,2,A,-,09,21801,A,N,A,C,A,B,H,-,A,D,0,,,,,Y,,A,01,0,0,3,0,0,0,0,0,0,"- ","- ",36.854568481445312,-119.68408966064453,FRESNO,UNINCORPORATED,-119.68403625488281,36.854507446289062
94820545,2025,2025-08-27,9435,2025-08-21,"808 ",021031,,4,1,9,1000,0,3,5,,2,034,"SOUTH AVENUE","ACADEMY AVENUE",0.00,,Y,A,-,N,,,,,,,,,,Y,4,0,3,2,A,-,09,21802,A,N,D,C,A,A,H,-,A,A,0,,,,,Y,,A,01,0,0,3,0,0,0,0,0,0,"- ","- ",36.619640350341797,-119.55684661865234,FRESNO,UNINCORPORATED,-119.55686950683594,36.619586944580078
94820558,2025,2025-08-27,9435,2025-08-21,1425,022221,,4,2,9,1000,0,3,5,,2,034,"ACADEMY AVE","CENTRAL AVE",25.00,N,N,A,-,N,,,,,,,,,,Y,3,0,2,2,A,-,03,22350,,N,C,C,A,A,H,-,A,A,0,,,,,Y,,A,01,0,1,1,0,0,0,0,0,0,"- ","- ",36.677879333496094,-119.55660247802734,FRESNO,UNINCORPORATED,-119.55654907226562,36.677818298339844
94820676,2025,2025-08-27,9435,2025-08-17,"245 ",022921,,7,3,9,1000,0,3,5,,2,040,"CONEJO AVE",SR-43,2156.00,W,N,A,-,N,,,,,,,,,,N,2,0,1,2,A,-,00,21960,A,F,G,B,E,A,H,-,D,D,0,Y,,,,Y,,-,99,1,0,0,0,1,0,0,0,0,"- ","- ",36.518138885498047,-119.63649749755859,FRESNO,UNINCORPORATED,-119.63631439208984,36.518169403076172
94820685,2025,2025-08-27,9435,2025-06-20,1420,023034,,5,2,9,1000,0,3,5,,2,034,"ACADEMY AVENUE","LINCOLN AVENUE",0.00,,Y,A,-,N,,,,,,,,,,Y,1,1,4,2,A,-,12,22450,A,N,D,C,A,A,H,-,A,A,0,,,,,Y,,A,01,0,4,0,0,0,0,0,0,0,"- ","- ",36.648681640625,-119.55644989013672,FRESNO,UNINCORPORATED,-119.55657958984375,36.648666381835938
94820687,2025,2025-08-27,9435,2025-06-30,1235,022378,,1,1,9,1000,0,3,5,,2,034,"BUTLER AVENUE","MIDWICK LANE",120.00,E,N,A,-,N,,,,,,,,,,Y,1,1,2,2,A,-,08,22107,,N,A,C,A,A,H,-,A,D,0,,,,,Y,Y,A,01,0,1,1,0,0,0,0,0,0,"- ","- ",36.729511260986328,-119.68476104736328,FRESNO,UNINCORPORATED,-119.68482971191406,36.729469299316406
94820699,2025,2025-08-27,9435,2025-08-20,1930,021086,,3,2,9,1000,0,1,3,,2,410,"STATE ROUTE 41 (N/B) TO BULLARD AVENUE","BULLARD AVENUE",30.00,S,N,A,-,Y,,,,,,,,,,N,4,0,1,2,A,-,03,22350,,N,C,C,A,A,H,-,A,A,0,,,,,Y,,A,01,0,0,1,0,0,0,0,0,0,"- ","- ",36.822738647460938,-119.78449249267578,FRESNO,UNINCORPORATED,-119.78505706787109,36.82293701171875
94820780,2025,2025-08-27,9435,2025-08-20,"630 ",017310,,3,1,7,1005,0,1,3,,1,168,"WB SR-168 TO WB SR-180","CEDAR AVENUE",1584.00,W,N,A,-,Y,,,,,,,,,,Y,2,0,1,2,A,-,07,21658,A,F,B,C,A,A,H,-,A,D,0,,,Y,,Y,,D,22,1,0,0,0,0,0,0,0,1,"- ","- ",36.755538940429688,-119.76020812988281,FRESNO,FRESNO,-119.72084808349609,36.819370269775391
94821418,2025,2025-08-28,9435,2025-08-18,"330 ",021703,,1,3,9,1000,0,3,5,,2,010,BELMONT,"GRANTLAND AVE",0.00,,Y,A,-,N,,,,,,,,,,Y,4,0,2,2,A,-,12,22450,A,N,D,C,A,A,H,-,D,A,0,,,,,Y,,D,22,0,0,2,0,0,0,0,0,0,"- ","- ",36.749851226806641,-119.91622161865234,FRESNO,UNINCORPORATED,-119.91619110107422,36.749862670898438
94822068,2025,2025-08-28,9435,2025-08-27,"815 ",018746,,3,1,9,1000,0,3,5,,2,025,"ASHLAN AVENUE","SABRE AVENUE",25.00,E,N,A,-,N,,,,,,,,,,Y,4,0,1,4,A,-,03,22350,,N,C,C,A,A,H,-,A,A,0,,,,,Y,,A,01,0,0,1,0,0,0,0,0,0,"- ","- ",36.793228149414062,-119.69799041748047,FRESNO,UNINCORPORATED,-119.69801330566406,36.793178558349609
94822080,2025,2025-08-28,9435,2025-08-19,1750,021885,,2,2,7,1005,0,1,3,,2,410,"SR-41 S/B","SHIELDS AVE",2904.00,S,N,A,-,Y,FRE,,41," ",R,25.915,H,,L,N,4,0,2,2,A,-,07,21658,A,N,B,C,A,A,H,-,A,D,0,,,,,Y,,A,01,0,0,2,0,0,0,0,0,0,"- ","- ",36.771610260009766,-119.78471374511719,FRESNO,FRESNO,-119.78474426269531,36.771598815917969
94822366,2025,2025-08-28,9435,2025-08-22,1115,021031,,5,1,9,1000,0,3,5,,2,034,"DINUBA AVENUE","ZEDIKER AVENUE",0.00,,Y,A,-,N,,,,,,,,,,N,4,0,3,2,A,-,09,21802,A,N,D,C,A,A,H,-,A,A,0,,,,,Y,,D,22,0,0,3,0,0,0,0,0,0,"- ","- ",36.590198516845703,-119.52114868164062,FRESNO,UNINCORPORATED,-119.52112579345703,36.590164184570312
94822395,2025,2025-08-28,9435,2025-08-28,1208,015890,,4,1,9,1000,0,1,3,,1,146,SR-145,"AMERICAN AVE",0.00,,Y,A,-,Y,FRE,,145," "," ",30.115,H,,R,Y,3,0,1,2,A,-,12,22450,A,N,D,C,A,A,H,-,B,A,0,,,,,Y,,A,01,0,1,0,0,0,0,0,0,0,"- ","- ",36.66204833984375,-120.06111145019531,FRESNO,UNINCORPORATED,-120.06109619140625,36.66204833984375
94822398,2025,2025-08-28,9435,2025-08-25,"950 ",020205,,1,1,7,1005,0,1,3,,2,410,"SR-41 N/B","DAKOTA AVE",312.00,S,N,A,-,Y,FRE,,41," ",R,26.901,H,,R,Y,4,0,3,5,A,-,03,22350,,N,C,C,A,A,H,-,A,D,0,,,,,Y,,A,07,0,0,3,0,0,0,0,0,0,"- ","- ",36.785858154296875,-119.78424072265625,FRESNO,FRESNO,-119.78427124023438,36.785861968994141
94823189,2025,2025-08-29,9435,2025-08-17,2120,021672,,7,2,9,1000,0,1,3,,2,245,SR-245,"HOGBACK RD",2059.00,N,N,A,-,Y,FRE,,245," "," ",5.445,H,,R,N,3,0,1,1,A,-,01,23152,A,N,E,I,A,A,H,-,D,D,0,,,,,Y,Y,A,01,0,1,0,0,0,0,0,0,0,"- ","- ",36.697898864746094,-119.0069580078125,FRESNO,UNINCORPORATED,-119.00696563720703,36.697856903076172
94823254,2025,2025-08-29,9435,2025-08-23,"845 ",019263,,6,1,7,1005,0,1,3,,2,410,"SR-41 S/B ON RAMP FROM E/B SHAW AVE","SHAW AVE",60.00,S,N,A,-,Y,,,,,,,,,,Y,3,0,1,1,A,-,03,22350,,N,E,I,A,A,H,-,A,D,0,,,,,Y,,-,"- ",0,1,0,0,0,0,0,0,0,"- ","- ",36.808200836181641,-119.78581237792969,FRESNO,FRESNO,-119.78542327880859,36.808265686035156
94823280,2025,2025-08-29,9435,2025-08-20,2318,022802,,3,3,9,1000,0,3,5,,2,015,"MANNING AVE","ORMUS AVE",0.00,,Y,A,-,N,,,,,,,,,,Y,3,0,1,2,A,-,01,23152,A,N,D,2,A,A,H,-,D,A,0,,,,Y,Y,Y,D,22,0,1,0,0,0,0,0,0,0,"- ","- ",36.604679107666016,-119.90348815917969,FRESNO,UNINCORPORATED,-119.90351104736328,36.604701995849609
94823320,2025,2025-08-29,9435,2025-08-25,1635,022339,,1,2,7,1005,0,1,3,,2,105,"SR-99 SOUTHBOUND","BELMONT AVENUE",900.00,S,N,A,-,Y,FRE,,99," "," ",22.551,H,,L,N,4,0,1,2,D,-,00,,,N,C,C,A,A,H,-,A,D,0,,,,,Y,,-,"- ",0,0,1,0,0,0,0,0,0,"- ","- ",36.748008728027344,-119.82328033447266,FRESNO,FRESNO,-119.82321166992188,36.748050689697266
94823444,2025,2025-08-29,9435,2025-08-26,1830,021135,,2,2,9,1000,0,3,5,,2,015,"KEARNEY BLVD","DICKENSON AVENUE",0.00,,Y,A,-,N,,,,,,,,,,N,4,0,3,2,A,-,12,22450,A,N,D,C,A,A,H,-,A,D,0,,,,,Y,,A,01,0,0,3,0,0,0,0,0,0,"- ","- ",36.727741241455078,-119.96994018554688,FRESNO,UNINCORPORATED,-119.96996307373047,36.727703094482422
94823548,2025,2025-08-29,9435,2025-08-27,1645,022396,,3,2,7,1005,0,1,3,,2,105,"SR-99 N/B","BELMONT AVENUE",2497.00,S,N,A,-,Y,FRE,,99," "," ",22.255,H,,R,N,4,0,1,2,A,-,03,22350,,M,C,C,A,A,H,-,A,D,0,,,,,Y,,-,99,0,0,1,0,0,0,0,0,0,"- ","- ",36.744480133056641,-119.82003784179688,FRESNO,FRESNO,-119.82006072998047,36.744468688964844
94823563,2025,2025-08-29,9435,2025-08-28,1315,021031,,4,1,9,1000,0,3,5,,2,034,"BETHEL AVENUE","MANNING AVENUE",1320.00,N,N,A,-,N,,,,,,,,,,N,4,0,1,2,A,-,03,22350,,N,C,C,A,A,H,-,A,D,0,,,,,Y,,A,07,0,0,1,0,0,0,0,0,0,"- ","- ",36.607620239257812,-119.5748291015625,FRESNO,UNINCORPORATED,-119.57483673095703,36.608692169189453
94823567,2025,2025-08-29,9435,2025-08-29,"705 ",021031,,5,1,9,1000,0,3,5,,2,034,"CHESTNUT AVENUE","NORTH AVENUE",1320.00,S,N,A,-,N,,,,,,,,,,N,4,0,1,1,A,-,03,22350,,N,E,J,A,A,A,-,A,D,0,,,,,Y,,A,01,0,0,1,0,0,0,0,0,0,"- ","- ",36.688621520996094,-119.73648071289062,FRESNO,UNINCORPORATED,-119.73664093017578,36.688838958740234
94823858,2025,2025-08-29,9435,2025-08-20,1555,022221,,3,2,7,1005,0,1,3,,2,181,"SR-180 W/B TO SR-99 N/B","BELMONT AVENUE",2640.00,S,N,A,-,Y,FRE,,99," "," ",22.064,H,,R,N,4,0,1,2,D,-,00,,,N,B,C,A,A,H,-,A,D,0,,,,,Y,,-,"- ",0,0,1,0,0,0,0,0,0,"- ","- ",36.742431640625,-119.81777954101562,FRESNO,FRESNO,-119.81786346435547,36.742351531982422
94826129,2025,2025-09-02,9495,2025-08-29,1055,021473,,5,1,9,1000,0,3,5,,2,052,"SOUTHBOUND EL DORADO AVENUE","CHANDLER AVE",2112.00,S,N,A,-,N,,,,,,,,,,Y,4,0,1,1,A,-,08,22107,,N,E,I,A,A,H,-,A,D,0,,,,,Y,,-,"- ",0,0,1,0,0,0,0,0,0,"- ","- ",36.29180908203125,-120.21128845214844,FRESNO,UNINCORPORATED,-120.21131896972656,36.292232513427734
94826327,2025,2025-09-02,9495,2025-08-24,"145 ",022595,,7,3,9,1000,0,1,1,,2,003,"INTERSTATE 5 NORTHBOUND","STATE ROUTE 198",2640.00,S,N,A,-,Y,FRE,,5," "," ",14.407,H,,R,Y,4,0,1,1,A,-,08,22107,,N,E,8,A,A,H,-,D,D,0,,,,,Y,,A,01,0,0,1,0,0,0,0,0,0,"- ","- ",36.248340606689453,-120.24005126953125,FRESNO,UNINCORPORATED,-120.24000549316406,36.248359680175781
94826373,2025,2025-09-02,9435,2025-08-23,"15  ",021982,,6,3,9,1000,0,3,5,,2,034,"CENTRAL AVE","GREENWOOD AVE",0.00,,Y,A,-,N,,,,,,,,,,N,4,0,1,2,A,-,09,21802,B,N,D,C,A,A,H,-,D,A,0,,,,,Y,,D,22,0,0,1,0,0,0,0,0,0,"- ","- ",36.677738189697266,-119.56546783447266,FRESNO,UNINCORPORATED,-119.5654296875,36.677707672119141
94826417,2025,2025-09-02,9495,2025-08-26,"825 ",021714,,2,1,9,1000,0,1,1,,2,001,"INTERSTATE 5 S/B","MOUNTAIN VIEW AVENUE",1320.00,S,N,A,-,Y,FRE,,5," "," ",40.394,H,,L,N,4,0,1,2,A,-,03,22350,,N,C,C,A,A,H,-,A,D,0,,,,Y,Y,,F,55,0,0,1,0,0,0,0,0,0,"- ","- ",36.550910949707031,-120.51487731933594,FRESNO,UNINCORPORATED,-120.51487731933594,36.550914764404297
94826573,2025,2025-09-02,9435,2025-08-22,2144,023005,,5,2,9,1000,0,3,5,,2,034,"SOUTH CHESTNUT AVE","EAST NORTH AVE",1320.00,S,N,A,-,N,,,,,,,,,,Y,2,0,2,2,A,-,01,23152,A,F,C,C,A,A,H,-,C,A,0,,,,,Y,Y,D,22,1,0,1,0,0,0,0,0,0,"- ","- ",36.688678741455078,-119.73663330078125,FRESNO,UNINCORPORATED,-119.73664093017578,36.688838958740234
94826722,2025,2025-09-02,9435,2025-08-29,1833,021269,,5,2,9,1000,0,3,5,,2,020,"KAMM AVENUE","STATE ROUTE 145",2400.00,W,N,A,-,N,,,,,,,,,,Y,3,0,1,1,A,-,01,23152,A,N,F,A,A,A,H,-,A,D,0,,,,,Y,Y,A,01,0,1,0,0,0,0,0,0,0,"- ","- ",36.531551361083984,-120.10643768310547,FRESNO,UNINCORPORATED,-120.10606384277344,36.531501770019531
94826838,2025,2025-09-02,9435,2025-08-23,1830,021424,,6,2,9,1000,0,3,5,,2,015,"BUTTE AVE","NORTH AVE",2904.00,S,N,B,-,N,,,,,,,,,,Y,4,0,2,2,A,-,03,22350,,F,C,C,A,A,H,-,A,D,0,,,,,Y,,A,01,0,0,2,0,0,0,0,0,0,"- ","- ",36.682628631591797,-120.1513671875,FRESNO,UNINCORPORATED,-120.15131378173828,36.682788848876953
94826869,2025,2025-09-02,9435,2025-08-31,"40  ",023097,,7,3,9,1000,0,1,3,,1,411,"CONEJO AVE","CLOVIS AVENUE",53.00,W,N,A,-,N,,,,,,,,,,Y,4,0,1,1,A,-,08,22107,,N,D,I,A,A,H,-,D,D,0,,,,,Y,,A,01,0,0,1,0,0,0,0,0,0,"- ","- ",36.518180847167969,-119.70411682128906,FRESNO,UNINCORPORATED,-119.70098876953125,36.518192291259766
94826927,2025,2025-09-02,9435,2025-08-25,"450 ",016507,,1,3,9,1000,0,3,5,,2,060,"REED AVE","CENTRAL AVE",528.00,N,N,A,-,N,,,,,,,,,,Y,3,0,1,1,C,-,18,,,N,E,8,A,A,H,-,D,D,0,,,,,Y,,-,"- ",0,1,0,0,0,0,0,0,0,"- ","- ",36.679111480712891,-119.45749664306641,FRESNO,UNINCORPORATED,-119.45741271972656,36.678298950195312
94826972,2025,2025-09-02,9435,2025-08-28,1820,022221,,4,2,7,1005,0,1,3,,2,182,"SR-180 W/B","CEDAR AVE",150.00,E,N,A,-,Y,FRE,,180," ",R,59.914,H,,L,Y,3,0,2,1,A,-,08,22107,,N,E,I,A,A,H,-,A,D,0,,,,,Y,,A,01,0,2,0,0,0,0,0,0,0,"- ","- ",36.755039215087891,-119.75377655029297,FRESNO,FRESNO,-119.75377655029297,36.755142211914062
94827112,2025,2025-09-02,9435,2025-08-30,1530,022396,,6,2,2,1004,0,1,3,,2,106,"SR-99 S/B TO MANNING AVENUE","MANNING AVENUE",375.00,S,N,A,-,Y,,,,,,,,,,Y,4,0,1,1,A,-,03,22350,,N,F,I,A,A,H,-,A,D,0,,,,,Y,,A,01,0,0,1,0,0,0,0,0,0,"- ","- ",36.6043701171875,-119.66114807128906,FRESNO,FOWLER,-119.65416717529297,36.604686737060547
94827129,2025,2025-09-02,9435,2025-08-24,"830 ",016507,,7,1,9,1000,0,3,5,,2,060,"REED AVE","FLORAL AVE",0.00,,Y,A,-,N,,,,,,,,,,Y,3,0,3,2,A,-,08,22107,,N,D,C,A,A,H,-,A,D,0,,,,,Y,,A,01,0,1,2,0,0,0,0,0,0,"- ","- ",36.575309753417969,-119.45787048339844,FRESNO,UNINCORPORATED,-119.45781707763672,36.575298309326172
94827211,2025,2025-09-02,9435,2025-08-17,"110 ",023097,,7,3,9,1000,0,1,3,,1,411,"ELKHORN AVE","JAMESON AVE",53.00,W,N,A,-,N,,,,,,,,,,Y,4,0,1,1,A,-,01,23152,A,N,E,I,A,A,H,-,D,D,0,,,,,Y,Y,A,01,0,0,1,0,0,0,0,0,0,"- ","- ",36.487751007080078,-120.00086212158203,FRESNO,UNINCORPORATED,-119.99002838134766,36.488418579101562
94827235,2025,2025-09-02,9435,2025-08-21,1620,021424,,4,2,9,1000,0,3,5,,2,010,"ASHLAN AVE","WILSON AVE",0.00,,Y,A,-,N,,,,,,,,,,Y,3,0,1,2,A,-,12,22450,A,F,D,2,A,A,H,-,A,A,0,,,,,Y,,D,22,0,1,0,0,0,0,0,0,0,"- ","- ",36.793918609619141,-119.80634307861328,FRESNO,UNINCORPORATED,-119.80628204345703,36.793918609619141
94827266,2025,2025-09-02,9435,2025-08-29,1800,021424,,5,2,9,1000,0,1,3,,1,180,"SR-180 W/B","LASSEN AVENUE",0.00,,Y,A,-,Y,FRE,,180," "," ",40.623,H,,L,Y,3,0,4,2,A,-,09,21802,A,N,D,C,A,A,H,-,A,A,0,,,,,Y,,D,22,0,1,3,0,0,0,0,0,0,"- ","- ",36.734760284423828,-120.09629821777344,FRESNO,UNINCORPORATED,-120.09629821777344,36.734729766845703
94827274,2025,2025-09-02,9435,2025-08-28,1615,022221,,4,2,7,1005,0,1,3,,2,410,"SR-41 N/B","GETTYSBURG AVE",1320.00,S,N,A,-,Y,FRE,,41," ",R,27.887,H,,R,Y,4,0,1,2,A,-,03,22350,,N,C,C,A,A,H,-,A,D,0,,,,,Y,,A,07,0,0,1,0,0,0,0,0,0,"- ","- ",36.80010986328125,-119.78523254394531,FRESNO,FRESNO,-119.78517913818359,36.80010986328125
94827279,2025,2025-09-02,9435,2025-08-30,1900,022221,,6,2,9,1000,0,1,3,,2,105,"SR-180 W/B","GOLDENROD AVE",25.00,E,N,A,-,Y,FRE,,180," "," ",43.645,H,,L,Y,3,0,1,2,A,-,03,22350,,N,C,C,A,A,H,-,A,A,0,,,,,Y,,A,01,0,1,0,0,0,0,0,0,0,"- ","- ",36.734958648681641,-120.04206848144531,FRESNO,UNINCORPORATED,-120.04206848144531,36.734966278076172