CASE_ID,ACCIDENT_YEAR,PROC_DATE,JURIS,COLLISION_DATE,COLLISION_TIME,OFFICER_ID,REPORTING_DISTRICT,DAY_OF_WEEK,CHP_SHIFT,POPULATION,CNTY_CITY_LOC,SPECIAL_COND,BEAT_TYPE,CHP_BEAT_TYPE,CITY_DIVISION_LAPD,CHP_BEAT_CLASS,BEAT_NUMBER,PRIMARY_RD,SECONDARY_RD,DISTANCE,DIRECTION,INTERSECTION,WEATHER_1,WEATHER_2,STATE_HWY_IND,CALTRANS_COUNTY,CALTRANS_DISTRICT,STATE_ROUTE,ROUTE_SUFFIX,POSTMILE_PREFIX,POSTMILE,LOCATION_TYPE,RAMP_INTERSECTION,SIDE_OF_HWY,TOW_AWAY,COLLISION_SEVERITY,NUMBER_KILLED,NUMBER_INJURED,PARTY_COUNT,PRIMARY_COLL_FACTOR,PCF_CODE_OF_VIOL,PCF_VIOL_CATEGORY,PCF_VIOLATION,PCF_VIOL_SUBSECTION,HIT_AND_RUN,TYPE_OF_COLLISION,MVIW,PED_ACTION,ROAD_SURFACE,ROAD_COND_1,ROAD_COND_2,LIGHTING,CONTROL_DEVICE,CHP_ROAD_TYPE,PEDESTRIAN_ACCIDENT,BICYCLE_ACCIDENT,MOTORCYCLE_ACCIDENT,TRUCK_ACCIDENT,NOT_PRIVATE_PROPERTY,ALCOHOL_INVOLVED,STWD_VEHTYPE_AT_FAULT,CHP_VEHTYPE_AT_FAULT,COUNT_SEVERE_INJ,COUNT_VISIBLE_INJ,COUNT_COMPLAINT_PAIN,COUNT_PED_KILLED,COUNT_PED_INJURED,COUNT_BICYCLIST_KILLED,COUNT_BICYCLIST_INJURED,COUNT_MC_KILLED,COUNT_MC_INJURED,PRIMARY_RAMP,SECONDARY_RAMP,LATITUDE,LONGITUDE,COUNTY,CITY,POINT_X,POINT_Y
94919873,2025,2025-11-11,9435,2025-11-06,"535 ",017138,,4,3,9,1000,0,1,3,,1,430,SR-43,"DAVIS AVE",4224.00,S,N,B,-,N,,,,,,,,,,Y,4,0,3,3,A,-,03,22350,,N,C,C,A,A,H,-,B,D,0,,,,,Y,,A,01,0,0,3,0,0,0,0,0,0,"- ","- ",36.458961486816406,-119.63614654541016,FRESNO,UNINCORPORATED,-119.63616180419922,36.463085174560547
94920905,2025,2025-11-12,9435,2025-11-06,"740 ",015890,,4,1,9,1000,0,3,5,,2,034,"AMERICAN AVE","GOLDEN STATE BLVD",792.00,W,N,B,-,N,,,,,,,,,,Y,4,0,1,2,A,-,09,21801,A,N,D,C,A,A,H,-,A,D,0,,,,,Y,,D,22,0,0,1,0,0,0,0,0,0,"- ","- ",36.663608551025391,-119.72160339355469,FRESNO,UNINCORPORATED,-119.72090911865234,36.66357421875
94920973,2025,2025-11-12,9435,2025-10-17,1630,021386,,5,2,9,1000,0,3,5,,2,020,"STATHEM STREET","HAZEL AVENUE",26.00,W,N,A,-,N,,,,,,,,,,N,4,0,1,1,A,-,08,22107,,F,E,I,A,A,H,-,A,D,0,,,,,Y,,A,01,0,0,1,0,0,0,0,0,0,"- ","- ",36.433921813964844,-119.85729217529297,FRESNO,UNINCORPORATED,-119.85723114013672,36.43389892578125
94921067,2025,2025-11-12,9435,2025-10-26,"300 ",022624,,7,3,9,1000,0,3,5,,2,034,"HIGHLAND AVE","AMERICAN AVE",300.00,N,N,A,-,N,,,,,,,,,,N,2,0,1,1,A,-,01,23152,A,N,E,I,A,A,H,-,C,D,0,,,,,Y,Y,A,01,1,0,0,0,0,0,0,0,0,"- ","- ",36.665000915527344,-119.62806701660156,FRESNO,UNINCORPORATED,-119.62826538085938,36.6641845703125
94921151,2025,2025-11-12,9495,2025-11-06,"650 ",019424,,4,1,9,1000,0,1,3,,1,008,"STATE ROUTE 198 (W DORRIS AVE)","S GOLDENROD AVE",1056.00,W,N,A,-,Y,FRE,,198," "," ",37.534,H,,R,Y,3,0,1,1,A,-,06,21751,,N,F,A,A,A,H,-,A,D,0,,,,,Y,,A,01,0,1,0,0,0,0,0,0,0,"- ","- ",36.255409240722656,-120.05207824707031,FRESNO,UNINCORPORATED,-120.05207824707031,36.255458831787109
94921205,2025,2025-11-12,9435,2025-11-01,"146 ",023032,,6,3,7,1005,0,3,5,,2,050,"MILLERTON RD","BRIGHTON CREST DR",2640.00,S,N,A,-,N,,,,,,,,,,Y,3,0,2,1,A,-,03,22350,,N,E,I,A,A,H,-,A,D,0,,,,,Y,,A,01,0,2,0,0,0,0,0,0,0,"- ","- ",36.983249664306641,-119.64888763427734,FRESNO,FRESNO,-119.65592193603516,36.984676361083984
94921326,2025,2025-11-12,9435,2025-10-28,"727 ",015986,,2,1,7,1005,1,4,S,,2,901,"HOME AVENUE","POPLAR AVENUE",100.00,E,N,A,-,N,,,,,,,,,,N,4,0,3,1,A,-,03,22350,,N,E,I,A,A,H,-,A,A,0,,,,,Y,,H,17,0,0,3,0,0,0,0,0,0,"- ","- ",36.763179779052734,-119.79591369628906,FRESNO,FRESNO,-119.79641723632812,36.763153076171875
94921524,2025,2025-12-08,9435,2025-11-05,1728,022378,,3,2,7,1005,0,1,3,,2,105,"STATE ROUTE 99 S/B","BELMONT AVE",1290.00,N,N,A,-,Y,FRE,,99," "," ",22.982,H,,L,Y,4,0,1,2,A,-,07,21658,A,N,C,C,A,A,H,-,C,D,0,,,,,Y,,A,07,0,0,1,0,0,0,0,0,0,"- ","- ",36.753288269042969,-119.82740020751953,FRESNO,FRESNO,-119.82736206054688,36.753303527832031
94922162,2025,2025-11-12,9435,2025-11-07,"937 ",020062,,5,1,9,1000,0,3,5,,2,015,"ELM AVENUE","CENTRAL AVENUE",1056.00,N,N,A,-,N,,,,,,,,,,Y,4,0,2,2,A,-,09,21801,A,N,D,C,A,A,H,-,A,D,0,,,,,Y,,A,07,0,0,2,0,0,0,0,0,0,"- ","- ",36.681468963623047,-119.79081726074219,FRESNO,UNINCORPORATED,-119.79078674316406,36.680839538574219
94922611,2025,2025-11-12,9435,2025-11-08,1355,020062,,6,1,9,1000,0,3,5,,2,034,"TEMPERANCE AVENUE","SOUTH AVENUE",8.00,S,N,A,-,N,,,,,,,,,,Y,3,0,1,2,A,-,09,21802,A,N,E,I,A,A,H,-,A,A,0,,,,,Y,,A,01,0,1,0,0,0,0,0,0,0,"- ","- ",36.619850158691406,-119.66436767578125,FRESNO,UNINCORPORATED,-119.66439819335938,36.619857788085938
94922618,2025,2025-11-12,9435,2025-11-07,1358,020062,,5,1,9,1000,0,1,3,,1,411,"SR 41 NORTHBOUND","CENTRAL AVE",2640.00,S,N,A,-,Y,FRE,,41," ",R,18.612,H,,R,Y,3,0,1,1,A,-,08,22107,,N,E,8,A,A,H,-,A,D,0,,,,,Y,,A,07,0,1,0,0,0,0,0,0,0,"- ","- ",36.670688629150391,-119.78574371337891,FRESNO,UNINCORPORATED,-119.78580474853516,36.670688629150391
94922847,2025,2025-11-12,9461,2025-11-02,2245,023477,,7,3,9,1000,0,1,1,,2,305,"I-5 N/B","CALIFORNIA AVE",950.00,N,N,A,-,Y,FRE,,5," "," ",55.747,H,,R,Y,3,0,1,1,A,-,08,22107,,N,F,A,A,A,H,-,D,D,0,,,,,Y,,A,01,0,1,0,0,0,0,0,0,0,"- ","- ",36.723041534423828,-120.68618011474609,FRESNO,UNINCORPORATED,-120.68627166748047,36.722999572753906
94922874,2025,2025-12-30,9461,2025-11-02,1815,023377,,7,2,9,1000,0,2,4,,1,610,"NEES AVENUE","FAIRFAX AVENUE",0.00,,Y,A,-,N,,,,,,,,,,Y,1,1,0,2,A,-,12,22450,A,N,D,C,A,A,H,-,D,A,0,,,,Y,Y,,A,01,0,0,0,0,0,0,0,0,0,"- ","- ",36.850929260253906,-120.56339263916016,FRESNO,UNINCORPORATED,-120.56328582763672,36.850914001464844
94922923,2025,2025-11-12,9435,2025-10-19,"135 ",022921,,7,3,9,1000,0,3,5,,2,040,"NEBRASKA AVE","TOPEKA ST",20.00,W,N,A,-,Y,,,,,,,,,,Y,4,0,1,1,A,-,01,23152,A,N,E,I,A,A,D,-,D,D,0,,,,,Y,Y,D,22,0,0,1,0,0,0,0,0,0,"- ","- ",36.561920166015625,-119.74082183837891,FRESNO,UNINCORPORATED,-119.74069976806641,36.561893463134766
94922955,2025,2025-11-12,9435,2025-11-09,2030,021086,,7,2,9,1000,0,3,5,,2,030,"TEMPERANCE AVENUE","MCKENZIE AVENUE",210.00,S,N,A,-,N,,,,,,,,,,N,4,0,1,1,A,-,08,22107,,N,E,8,A,A,H,-,D,D,0,,,,,Y,,A,07,0,0,1,0,0,0,0,0,0,"- ","- ",36.746379852294922,-119.66398620605469,FRESNO,UNINCORPORATED,-119.66403961181641,36.746414184570312
94922967,2025,2025-11-12,9435,2025-11-07,1451,021269,,5,2,9,1000,0,1,3,,1,412,"STATE ROUTE 41","WOOD AVENUE",150.00,N,N,A,-,Y,FRE,,41," ",R,1.553,H,,R,Y,2,0,1,2,A,-,03,22350,,M,C,C,A,A,H,-,A,D,0,,,Y,,Y,,C,02,1,0,0,0,0,0,0,0,1,"- ","- ",36.424240112304688,-119.80254364013672,FRESNO,UNINCORPORATED,-119.80259704589844,36.424247741699219
94922983,2025,2025-11-12,9435,2025-10-18,1610,021672,,6,2,9,1000,0,3,5,,2,060,"ALTA AVE","ADAMS AVE",0.00,,Y,A,-,N,,,,,,,,,,N,4,0,1,2,A,-,01,23152,A,M,D,C,A,A,H,-,A,A,0,,,,,Y,Y,D,22,0,0,1,0,0,0,0,0,0,"- ","- ",36.632881164550781,-119.3948974609375,FRESNO,UNINCORPORATED,-119.39479827880859,36.632942199707031
94923026,2025,2025-11-12,9435,2025-11-03,"206 ",023032,,1,3,7,1005,0,1,3,,1,180,"SR-180 E/B","FULTON ST",2640.00,W,N,A,-,Y,FRE,,180," ",R,56.360,H,,R,N,3,0,1,1,A,-,08,22107,,M,B,I,A,A,H,-,C,D,0,,,,,Y,,A,01,0,1,0,0,0,0,0,0,0,"- ","- ",36.741348266601562,-119.81369781494141,FRESNO,FRESNO,-119.81365966796875,36.741302490234375
94923541,2025,2025-11-12,9435,2025-10-28,"510 ",021594,,2,3,9,1000,0,3,5,,2,025,"MANNING AVENUE","MCMULLIN GRADE",0.00,,Y,A,-,N,,,,,,,,,,N,4,0,3,2,A,-,12,22450,A,N,F,C,A,A,H,-,D,D,0,,,,,Y,,A,01,0,0,3,0,0,0,0,0,0,"- ","- ",36.603858947753906,-120.04332733154297,FRESNO,UNINCORPORATED,-120.04328918457031,36.603874206542969
94923629,2025,2025-11-12,9435,2025-11-08,1740,022378,,6,2,9,1000,0,3,5,,2,010,"BARSTOW AVENUE","FRUIT AVENUE",567.00,W,N,A,-,N,,,,,,,,,,Y,3,0,1,2,A,-,09,21801,A,N,D,2,A,A,H,-,A,D,0,,,Y,,Y,,A,01,0,1,0,0,0,0,0,0,1,"- ","- ",36.815601348876953,-119.8194580078125,FRESNO,UNINCORPORATED,-119.81932830810547,36.815555572509766
94923649,2025,2025-11-12,9435,2025-11-09,1120,019603,,7,1,9,1000,0,3,5,,2,015,"KEARNEY BOULEVARD","FAIR AVENUE",0.00,,Y,A,-,N,,,,,,,,,,Y,4,0,3,2,A,-,09,21802,A,N,D,C,A,A,H,-,A,A,0,,,,,Y,,D,22,0,0,3,0,0,0,0,0,0,"- ","- ",36.728061676025391,-119.91216278076172,FRESNO,UNINCORPORATED,-119.91208648681641,36.728038787841797
94923678,2025,2025-11-12,9435,2025-11-05,1729,022378,,3,2,7,1005,0,1,3,,2,105,"STATE ROUTE 99 S/B","BELMONT AVE",1400.00,N,N,A,-,Y,FRE,,99," "," ",23.002,H,,L,Y,4,0,2,3,A,-,03,22350,,N,C,C,A,A,H,-,C,D,0,,,,Y,Y,,A,01,0,0,2,0,0,0,0,0,0,"- ","- ",36.7535400390625,-119.82759094238281,FRESNO,FRESNO,-119.8275146484375,36.753566741943359
94923720,2025,2025-11-12,9435,2025-11-06,"530 ",015986,,4,3,7,1005,0,1,3,,2,105,"SR-99 S/B","BELMONT AVENUE",500.00,N,N,A,-,Y,FRE,,99," "," ",22.815,H,,L,Y,4,0,2,3,A,-,07,21658,A,N,B,C,A,A,H,-,C,D,0,,,,Y,Y,,G,25,0,0,2,0,0,0,0,0,0,"- ","- ",36.751228332519531,-119.82588195800781,FRESNO,FRESNO,-119.82582855224609,36.751255035400391
94923737,2025,2025-11-12,9435,2025-11-03,1550,021885,,1,2,9,1000,0,3,5,,2,034,"MANNING AVE","MCCALL AVE",375.00,W,N,A,-,N,,,,,,,,,,N,4,0,1,2,A,-,03,22350,,F,C,C,A,A,H,-,A,D,0,,,,,Y,,-,99,0,0,1,0,0,0,0,0,0,"- ","- ",36.605281829833984,-119.612060546875,FRESNO,UNINCORPORATED,-119.61198425292969,36.605243682861328
94923748,2025,2025-11-12,9435,2025-10-22,1245,019523,,3,1,9,1000,0,3,5,,2,020,"HUGHES AVENUE","DINUBA AVENUE",0.00,,Y,B,-,N,,,,,,,,,,Y,3,0,4,2,A,-,09,21802,A,N,D,C,A,A,H,-,A,A,0,,,,,Y,,A,07,0,1,3,0,0,0,0,0,0,"- ","- ",36.590610504150391,-119.83589935302734,FRESNO,UNINCORPORATED,-119.83588409423828,36.590606689453125
94923793,2025,2025-11-12,9435,2025-11-10,1400,020836,,1,2,9,1000,0,1,3,,2,106,"STATE ROUTE 99 SOUTHBOUND","CLOVIS AVENUE",1056.00,N,N,A,-,Y,FRE,,99," "," ",12.665,H,,L,N,4,0,1,2,A,-,03,22350,,N,C,C,A,A,H,-,A,D,0,,,,,Y,,A,08,0,0,1,0,0,0,0,0,0,"- ","- ",36.643348693847656,-119.702880859375,FRESNO,UNINCORPORATED,-119.70291137695312,36.643325805664062
94923804,2025,2025-11-12,9450,2025-10-04,1318,018075,,6,1,9,1000,0,2,S,,2,904,"LEONARD AVENUE","MCKINLEY AVENUE",35.00,N,N,A,-,N,,,,,,,,,,N,4,0,2,2,A,-,01,23152,A,F,C,C,A,A,H,-,A,A,0,,,,,Y,,A,01,0,0,2,0,0,0,0,0,0,"- ","- ",36.764919281005859,-119.636962890625,FRESNO,UNINCORPORATED,-119.63693237304688,36.764846801757812
94923812,2025,2025-11-12,9435,2025-10-21,1535,021885,,2,2,7,1005,0,1,3,,2,105,"SR-99 N/B","STANISLAUS AVE",650.00,N,N,B,-,Y,FRE,,99," "," ",21.140,H,,R,Y,2,0,1,3,A,-,08,22107,,M,B,C,A,A,H,-,A,D,0,,,Y,,Y,,C,02,1,0,0,0,0,0,0,0,1,"- ","- ",36.735450744628906,-119.80396270751953,FRESNO,FRESNO,-119.80393981933594,36.735462188720703
94925742,2025,2025-12-29,9435,2025-05-24,1155,018746,,6,1,9,1000,0,1,3,,1,183,"SR-180 WESTBOUND","DEL REY AVENUE",0.00,,Y,A,-,Y,FRE,,180," ",R,69.357,H,,L,Y,1,1,2,3,A,-,09,21801,A,N,D,C,A,A,H,-,A,D,0,,,,,Y,,A,01,0,0,2,0,0,0,0,0,0,"- ","- ",36.736061096191406,-119.59192657470703,FRESNO,UNINCORPORATED,-119.59192657470703,36.736083984375
94925756,2025,2025-11-12,9435,2025-09-12,"719 ",015986,,5,1,9,1000,0,3,5,,2,010,"BELMONT AVENUE","SISKIYOU AVENUE",0.00,,Y,A,-,N,,,,,,,,,,Y,1,1,2,2,A,-,09,21801,A,N,D,C,A,A,H,-,A,D,0,,,,Y,Y,,A,01,0,1,1,0,0,0,0,0,0,"- ","- ",36.749561309814453,-120.07804107666016,FRESNO,UNINCORPORATED,-120.07803344726562,36.749519348144531
94925760,2025,2025-11-12,9435,2025-02-05,1946,020540,,3,2,9,1000,0,3,5,,2,060,"MANNING AVENUE","HANSEN AVENUE",1057.00,W,N,A,-,N,,,,,,,,,,Y,1,1,0,1,A,-,08,22107,,F,D,I,A,A,H,-,D,D,0,,,,,Y,,A,01,0,0,0,0,0,0,0,0,0,"- ","- ",36.603370666503906,-119.35732269287109,FRESNO,UNINCORPORATED,-119.35787963867188,36.603404998779297
94925868,2025,2025-11-12,9435,2025-11-03,1640,021315,,1,2,9,1000,0,1,3,,1,412,"STATE ROUTE 41","ELKHORN AVENUE",1056.00,S,N,A,-,N,,,,,,,,,,N,4,0,1,2,A,-,03,22350,,N,C,C,A,A,H,-,A,D,0,,,,Y,Y,,G,24,0,0,1,0,0,0,0,0,0,"- ","- ",36.487159729003906,-119.79058074951172,FRESNO,UNINCORPORATED,-119.7908935546875,36.486560821533203
94925877,2025,2025-11-12,9435,2025-11-10,1615,020836,,1,2,9,1000,0,1,3,,2,107,"STATE ROUTE 99 NORTHBOUND","MERCED STREET",3590.00,S,N,A,-,Y,FRE,,99," "," ",10.430,H,,R,Y,3,0,2,1,A,-,08,22107,,N,E,8,A,A,H,-,A,D,0,,,,,Y,,D,22,0,1,1,0,0,0,0,0,0,"- ","- ",36.619258880615234,-119.67598724365234,FRESNO,UNINCORPORATED,-119.67609405517578,36.619186401367188
94925915,2025,2025-11-12,9435,2025-11-03,"605 ",019523,,1,1,9,1000,0,3,5,,2,034,"LINCOLN AVENUE","FOWLER AVENUE",0.00,,Y,A,-,N,,,,,,,,,,Y,4,0,1,2,A,-,12,22450,A,N,D,C,A,A,H,-,A,A,0,,,,,Y,,A,01,0,0,1,0,0,0,0,0,0,"- ","- ",36.649101257324219,-119.68206787109375,FRESNO,UNINCORPORATED,-119.68203735351562,36.649070739746094
94925924,2025,2025-11-12,9435,2025-11-03,"705 ",019523,,1,1,9,1000,0,3,5,,2,040,"CHESTNUT AVENUUE","FLORAL AVENUE",0.00,,Y,A,-,N,,,,,,,,,,N,4,0,1,2,A,-,08,22107,,N,D,C,A,A,H,-,A,D,0,,,,,Y,,A,07,0,0,1,0,0,0,0,0,0,"- ","- ",36.576389312744141,-119.7369384765625,FRESNO,UNINCORPORATED,-119.7369384765625,36.576377868652344
94925958,2025,2025-11-12,9435,2025-10-21,2145,023034,,2,2,9,1000,0,3,5,,2,040,"MOUNTAIN VIEW AVE","TEMPERANCE AVE",1050.00,E,N,A,-,N,,,,,,,,,,Y,2,0,2,2,A,-,01,23152,A,F,A,C,A,A,H,-,C,D,0,,,,,Y,Y,A,01,1,1,0,0,0,0,0,0,0,"- ","- ",36.547199249267578,-119.65892028808594,FRESNO,UNINCORPORATED,-119.66117858886719,36.547176361083984
94926004,2025,2025-11-12,9495,2025-10-23,"150 ",022822,,4,3,9,1000,0,1,1,,2,003,"INTERSTATE 5 SOUTHBOUND","JAYNE AVENUE",4752.00,S,N,A,-,Y,FRE,,5," "," ",4.603,H,,L,Y,2,0,1,1,A,-,01,23152,A,N,E,8,A,A,H,-,D,D,0,,,,,Y,Y,D,22,1,0,0,0,0,0,0,0,0,"- ","- ",36.127288818359375,-120.14945220947266,FRESNO,UNINCORPORATED,-120.14950561523438,36.127254486083984
94926124,2025,2025-11-12,9495,2025-11-01,"850 ",021600,,6,1,7,1005,0,1,1,,2,002,"INTERSTATE 5 SOUTHBOUND","SR-145 (FRESNO-COALINGA ROAD)",2640.00,S,N,A,-,Y,FRE,,5," "," ",17.070,H,,L,N,3,0,1,2,A,-,08,22107,,N,B,A,A,A,H,-,A,D,0,,,,Y,Y,,A,01,0,1,0,0,0,0,0,0,0,"- ","- ",36.282680511474609,-120.26206970214844,FRESNO,FRESNO,-120.26206207275391,36.282680511474609
94926369,2025,2025-11-12,9435,2025-10-21,2150,022921,,2,2,9,1000,0,1,3,,2,410,"MOUNTAIN VIEW AVE","TEMPERANCE AVE",1050.00,E,N,A,-,Y,,,,,,,,,,N,3,0,1,1,A,-,03,22350,,N,E,J,A,A,B,-,D,D,0,,,Y,,Y,,C,02,0,1,0,0,0,0,0,0,1,"- ","- ",36.547199249267578,-119.65892028808594,FRESNO,UNINCORPORATED,-119.66117858886719,36.547176361083984
94926425,2025,2025-11-12,9435,2025-11-10,1845,020319,,1,2,9,1000,0,3,5,,2,010,"HAYES AVE","MCKINLEY AVE",0.00,,Y,A,-,N,,,,,,,,,,N,3,0,1,2,A,-,12,22450,A,N,D,2,A,A,H,-,D,A,0,,,,,Y,,D,22,0,1,0,0,0,0,0,0,0,"- ","- ",36.764461517333984,-119.89817047119141,FRESNO,UNINCORPORATED,-119.89822387695312,36.764442443847656
94926431,2025,2025-11-12,9435,2025-11-08,1205,016507,,6,1,9,1000,0,3,5,,2,060,"LINCOLN AVE","CRAWFORD AVE",0.00,,Y,A,-,N,,,,,,,,,,Y,4,0,1,2,A,-,09,21802,A,N,D,2,A,A,H,-,A,A,0,,,,,Y,,A,01,0,0,1,0,0,0,0,0,0,"- ","- ",36.647178649902344,-119.37610626220703,FRESNO,UNINCORPORATED,-119.37610626220703,36.647171020507812
94926588,2025,2025-11-12,9435,2025-11-03,1550,021315,,1,2,9,1000,0,3,5,,2,015,"CHATEAU FRESNO AVENUE","CALIFORNIA AVENUE",0.00,,Y,A,-,N,,,,,,,,,,Y,4,0,2,2,A,-,12,22450,A,N,D,C,A,A,H,-,A,A,0,,,,,Y,,A,01,0,0,2,0,0,0,0,0,0,"- ","- ",36.720718383789062,-119.93443298339844,FRESNO,UNINCORPORATED,-119.93435668945312,36.720703125
94926613,2025,2025-11-12,9435,2025-11-02,1855,021290,,7,2,7,1005,0,1,3,,1,168,"SR-168 W/B","SHIELDS AVE",52.00,E,N,A,-,Y,FRE,,168," ",R,2.037,H,,L,Y,4,0,2,3,A,-,01,23152,A,N,C,C,A,A,H,-,C,D,0,,,,,Y,Y,A,01,0,0,2,0,0,0,0,0,0,"- ","- ",36.779918670654297,-119.74935150146484,FRESNO,FRESNO,-119.74934387207031,36.779918670654297
94926739,2025,2025-11-12,9435,2025-11-11,1643,020319,,2,2,9,1000,0,3,5,,2,010,"BLYTHE AVE","BELMONT AVE",1322.00,S,N,A,-,N,,,,,,,,,,N,3,0,3,1,A,-,08,22107,,N,E,8,A,A,H,-,B,D,0,,,,,Y,,D,22,0,1,2,0,0,0,0,0,0,"- ","- ",36.746330261230469,-119.87129211425781,FRESNO,UNINCORPORATED,-119.87123870849609,36.746379852294922
94926742,2025,2025-11-12,9435,2025-11-07,1440,021424,,5,2,9,1000,0,3,5,,2,015,"CLAYTON AVE","CLOVIS AVE",0.00,,Y,A,-,N,,,,,,,,,,Y,3,0,3,2,A,-,09,21802,A,N,D,2,A,A,H,-,A,A,0,,,,,Y,,A,01,0,1,2,0,0,0,0,0,0,"- ","- ",36.640041351318359,-119.69998168945312,FRESNO,UNINCORPORATED,-119.70026397705078,36.640022277832031
94927960,2025,2025-11-13,9435,2025-11-10,1300,016507,,1,1,9,1000,0,3,5,,2,060,"DUNLAP RD","RUTH HILL RD",1056.00,N,N,A,-,N,,,,,,,,,,Y,4,0,1,2,A,-,03,22350,,N,C,C,A,A,H,-,A,D,0,,,,,Y,,A,01,0,0,1,0,0,0,0,0,0,"- ","- ",36.739719390869141,-119.12757873535156,FRESNO,UNINCORPORATED,-119.12730407714844,36.739719390869141
94927999,2025,2025-11-13,9435,2025-11-12,"849 ",015986,,3,1,7,1005,0,1,3,,2,105,"SR-99 S/B","CLINTON AVENUE",500.00,S,N,A,-,Y,FRE,,99," ",R,24.364,H,,L,N,4,0,1,2,A,-,03,22350,,N,C,C,A,A,H,-,A,D,0,,,,,Y,,A,07,0,0,1,0,0,0,0,0,0,"- ","- ",36.771221160888672,-119.8382568359375,FRESNO,FRESNO,-119.83829498291016,36.771205902099609
94928207,2025,2025-11-13,9435,2025-11-09,"945 ",019263,,7,1,7,1005,0,1,3,,2,410,"SR-41 N/B","AUDOBON DRIVE",2000.00,N,N,A,-,Y,FRE,,41," ",R,32.547,H,,R,Y,4,0,1,1,A,-,08,22107,,N,F,A,A,A,H,-,A,D,0,,,,,Y,,D,22,0,0,1,0,0,0,0,0,0,"- ","- ",36.866588592529297,-119.79151916503906,FRESNO,FRESNO,-119.79160308837891,36.866588592529297
94928231,2025,2025-11-13,9435,2025-11-01,2155,021594,,6,2,9,1000,0,1,3,,1,180,SR-180,"BLYTHE AVENUE",50.00,W,N,A,-,Y,FRE,,180," "," ",53.084,H,,R,N,4,0,1,2,A,-,03,22350,,N,C,C,A,A,H,-,C,D,0,,,,,Y,,A,07,0,0,1,0,0,0,0,0,0,"- ","- ",36.735458374023438,-119.87168121337891,FRESNO,UNINCORPORATED,-119.87168121337891,36.735492706298828
94928259,2025,2025-11-13,9435,2025-11-12,1658,021269,,3,2,9,1000,0,3,5,,2,034,"NORTH AVENUE","INDIANOLA AVENUE",0.00,,Y,B,-,N,,,,,,,,,,N,4,0,2,2,A,-,09,21801,A,N,A,C,A,A,H,-,B,D,0,,,,,Y,,A,07,0,0,2,0,0,0,0,0,0,"- ","- ",36.69219970703125,-119.58328247070312,FRESNO,UNINCORPORATED,-119.583251953125,36.692226409912109
94928288,2025,2025-11-13,9435,2025-11-04,"745 ",021247,,2,1,7,1005,0,1,3,,2,182,"STATE ROUTE 180 WESTBOUND","CLOVIS AVENUE",1320.00,E,N,A,-,Y,FRE,,180," ",R,63.162,H,,L,Y,2,0,1,2,A,-,03,22350,,N,C,C,A,A,H,-,A,D,0,,,Y,,Y,,C,02,1,0,0,0,0,0,0,0,1,"- ","- ",36.753101348876953,-119.69548797607422,FRESNO,FRESNO,-119.69549560546875,36.753120422363281
94928491,2025,2025-11-13,9435,2025-11-07,1700,022378,,5,2,7,1005,0,1,3,,2,105,"STATE ROUTE 99 NORTHBOUND","TUOLUMNE STREET",165.00,N,N,A,-,Y,FRE,,99," "," ",20.956,H,,R,Y,3,0,4,3,A,-,03,22350,,N,C,C,A,A,H,-,B,D,0,,,,,Y,,A,01,0,1,3,0,0,0,0,0,0,"- ","- ",36.733440399169922,-119.80178070068359,FRESNO,FRESNO,-119.80171203613281,36.733486175537109
94928552,2025,2025-11-13,9435,2025-10-31,1720,021940,,5,2,9,1000,0,3,5,,2,040,"PIO PICO  AVE","MURPHY AVE",0.00,,Y,A,-,N,,,,,,,,,,N,3,0,1,2,D,-,00,,,N,D,C,A,A,H,-,B,D,0,,,,,Y,,-,"- ",0,1,0,0,0,0,0,0,0,"- ","- ",36.436271667480469,-119.68428039550781,FRESNO,UNINCORPORATED,-119.68423461914062,36.436283111572266
94930658,2025,2025-11-14,9461,2025-11-02,2005,023477,,7,2,9,1000,0,1,1,,2,305,"I-5 S/B","HERNDON AVE",686.00,S,N,A,-,Y,FRE,,5," "," ",64.485,H,,L,Y,4,0,1,2,A,-,01,23152,A,N,E,I,A,A,H,-,D,D,0,,,,,Y,Y,A,01,0,0,1,0,0,0,0,0,0,"- ","- ",36.833831787109375,-120.76273345947266,FRESNO,UNINCORPORATED,-120.76280212402344,36.83380126953125
94930764,2025,2025-11-14,9495,2025-11-06,2250,022822,,4,3,9,1000,0,1,1,,2,003,"INTERSTATE 5 SOUTHBOUND","EL DORADO AVENUE",720.00,N,N,A,-,Y,FRE,,5," "," ",11.036,H,,L,N,4,0,3,2,D,-,00,,,N,C,C,A,A,H,-,D,D,0,,,,Y,Y,,-,"- ",0,0,3,0,0,0,0,0,0,"- ","- ",36.20458984375,-120.21282958984375,FRESNO,UNINCORPORATED,-120.21286010742188,36.204574584960938