CASE_ID,ACCIDENT_YEAR,PROC_DATE,JURIS,COLLISION_DATE,COLLISION_TIME,OFFICER_ID,REPORTING_DISTRICT,DAY_OF_WEEK,CHP_SHIFT,POPULATION,CNTY_CITY_LOC,SPECIAL_COND,BEAT_TYPE,CHP_BEAT_TYPE,CITY_DIVISION_LAPD,CHP_BEAT_CLASS,BEAT_NUMBER,PRIMARY_RD,SECONDARY_RD,DISTANCE,DIRECTION,INTERSECTION,WEATHER_1,WEATHER_2,STATE_HWY_IND,CALTRANS_COUNTY,CALTRANS_DISTRICT,STATE_ROUTE,ROUTE_SUFFIX,POSTMILE_PREFIX,POSTMILE,LOCATION_TYPE,RAMP_INTERSECTION,SIDE_OF_HWY,TOW_AWAY,COLLISION_SEVERITY,NUMBER_KILLED,NUMBER_INJURED,PARTY_COUNT,PRIMARY_COLL_FACTOR,PCF_CODE_OF_VIOL,PCF_VIOL_CATEGORY,PCF_VIOLATION,PCF_VIOL_SUBSECTION,HIT_AND_RUN,TYPE_OF_COLLISION,MVIW,PED_ACTION,ROAD_SURFACE,ROAD_COND_1,ROAD_COND_2,LIGHTING,CONTROL_DEVICE,CHP_ROAD_TYPE,PEDESTRIAN_ACCIDENT,BICYCLE_ACCIDENT,MOTORCYCLE_ACCIDENT,TRUCK_ACCIDENT,NOT_PRIVATE_PROPERTY,ALCOHOL_INVOLVED,STWD_VEHTYPE_AT_FAULT,CHP_VEHTYPE_AT_FAULT,COUNT_SEVERE_INJ,COUNT_VISIBLE_INJ,COUNT_COMPLAINT_PAIN,COUNT_PED_KILLED,COUNT_PED_INJURED,COUNT_BICYCLIST_KILLED,COUNT_BICYCLIST_INJURED,COUNT_MC_KILLED,COUNT_MC_INJURED,PRIMARY_RAMP,SECONDARY_RAMP,LATITUDE,LONGITUDE,COUNTY,CITY,POINT_X,POINT_Y
9578105,2023,2023-05-10,1015,2023-04-20,1437,N140,SELMA,4,5,3,1015,0,0,0,,0,BEAT1,"WRIGHT ST","NORTHHILL ST",91.00,S,N,A,-,N,,,,,,,,,,N,2,0,1,3,A,-,04,21703,,N,D,C,A,A,H,-,A,A,0,,,Y,,Y,,A,07,1,0,0,0,0,0,0,0,1,"- ","- ",36.58673095703125,-119.61518859863281,FRESNO,SELMA,-119.61516571044922,36.586460113525391
9578665,2023,2023-05-18,1001,2023-04-19,1617,5822,,3,5,5,1001,0,0,0,,0,001,"SHAW AV","RT 198",0.00,,Y,A,-,Y,FRE,6,168,-,R,4.113,R,4,E,N,3,0,1,2,A,-,05,21650,1,N,G,G,A,A,H,-,A,A,0,,Y,,,Y,,L,04,0,1,0,0,0,0,1,0,0,"- ",EF,36.808609008789062,-119.73320770263672,FRESNO,CLOVIS,-119.73521423339844,36.806495666503906
9578701,2023,2023-05-15,1001,2023-04-11,1408,5784,,2,5,5,1001,0,0,0,,0,004,"BARSTOW AV","WILLOW AV",10.00,E,N,A,-,N,,,,,,,,,,Y,4,0,1,3,A,-,01,23152,B,M,D,C,A,A,H,-,A,A,0,,,,,Y,Y,D,22,0,0,1,0,0,0,0,0,0,"- ","- ",36.815750122070312,-119.72740173339844,FRESNO,CLOVIS,-119.72721862792969,36.815757751464844
9578820,2023,2023-05-24,1001,2023-03-28,1627,5791,,2,5,5,1001,0,0,0,,0,002,"NORTH CLOVIS AV","ASHLAN AV",15.00,S,N,A,C,N,,,,,,,,,,Y,4,0,2,2,A,-,04,21703,,N,C,C,A,B,H,-,A,A,0,,,,,Y,,A,01,0,0,2,0,0,0,0,0,0,"- ","- ",36.793170928955078,-119.70041656494141,FRESNO,CLOVIS,-119.70046234130859,36.793140411376953
9578963,2023,2023-05-18,1001,2023-04-11,"835 ",5465,,2,5,5,1001,0,0,0,,0,007,"N WILLOW AV","NEES AV",525.00,N,N,A,-,N,,,,,,,,,,Y,4,0,1,3,A,-,09,21804,A,N,C,C,A,A,H,-,A,D,0,,,Y,,Y,,A,01,0,0,1,0,0,0,0,0,1,"- ","- ",36.837528228759766,-119.72966003417969,FRESNO,CLOVIS,-119.72986602783203,36.853549957275391
9578991,2023,2023-05-17,1001,2023-03-25,"941 ",5246,,6,5,5,1001,0,0,0,,0,008,"S TEMPERANCE AV","E ALLUVIAL AVE E",0.00,,Y,A,-,N,,,,,,,,,,Y,4,0,1,1,A,-,08,22107,,N,E,I,A,A,H,-,-,D,0,,,,,Y,,A,01,0,0,1,0,0,0,0,0,0,"- ","- ",36.845409393310547,-119.66536712646484,FRESNO,CLOVIS,-119.66559600830078,36.845218658447266
9578994,2023,2023-05-17,1001,2023-03-31,2108,5558,,5,5,5,1001,0,0,0,,0,004,"VILLA AV","WEST SHAW AV W",0.00,,Y,A,-,N,,,,,,,,,,N,4,0,1,2,A,-,12,21453,A,M,C,C,A,A,H,-,-,A,0,,,,,Y,,A,01,0,0,1,0,0,0,0,0,0,"- ","- ",36.808399200439453,-119.71365356445312,FRESNO,CLOVIS,-119.71366119384766,36.808414459228516
9579074,2023,2023-06-07,1001,2023-04-27,"958 ",5711,,4,5,5,1001,0,0,0,,0,006,"SUNNYSIDE AV","SIERRA AV",27.00,N,N,A,-,N,,,,,,,,,,Y,3,0,2,2,A,-,03,22350,,N,C,C,A,-,H,-,A,A,0,,,,,Y,,A,07,0,1,1,0,0,0,0,0,0,"- ","- ",36.830329895019531,-119.69091796875,FRESNO,CLOVIS,-119.69091796875,36.830329895019531
9579231,2023,2023-06-29,1001,2023-04-05,1141,5465,,3,5,5,1001,0,0,0,,0,004,"E BULLARD AV","PIERCE AV",220.00,E,N,A,-,N,,,,,,,,,,Y,4,0,1,2,A,-,03,22350,,N,C,C,A,A,H,-,A,D,0,,,Y,,Y,,C,02,0,0,1,0,0,0,0,0,1,"- ","- ",36.823020935058594,-119.72911834716797,FRESNO,CLOVIS,-119.72759246826172,36.823211669921875
9579232,2023,2023-05-30,1001,2023-04-03,1319,5723,,1,5,5,1001,0,0,0,,0,006,"N FOWLER AV","ESCALON AV",146.00,N,N,A,-,N,,,,,,,,,,N,3,0,1,2,A,-,05,21650,,N,D,G,A,A,H,-,A,A,0,,,,,Y,,M,94,0,1,0,0,0,0,0,0,0,"- ","- ",36.832130432128906,-119.68206024169922,FRESNO,CLOVIS,-119.68206787109375,36.826759338378906
9579239,2023,2023-06-28,1001,2023-04-07,1529,5834,,5,5,5,1001,0,0,0,,0,006,"EAST SHAW AV","LA CANADA AVE",0.00,,Y,A,-,N,,,,,,,,,,Y,2,0,3,2,A,-,08,22107,,N,D,C,A,-,D,-,A,D,0,,,,,Y,,A,01,1,1,1,0,0,0,0,0,0,"- ","- ",36.808280944824219,-119.62689208984375,FRESNO,CLOVIS,-119.63137054443359,36.808036804199219
9579277,2023,2023-05-27,1015,2023-05-04,1017,N116,SELMA,4,5,3,1015,0,0,0,,0,1015,"MCCALL AV","NORTHILL AV",123.00,W,N,B,-,N,,,,,,,,,,,4,0,1,2,A,-,09,21804,A,N,D,C,A,A,H,-,A,D,0,,,,,Y,,A,01,0,0,1,0,0,0,0,0,0,"- ","- ",,,FRESNO,SELMA,-119.61067199707031,36.586658477783203
9579563,2023,2023-05-25,1008,2023-02-14,1050,J264,KINGS,2,5,2,1008,0,0,0,,0,,"18TH AV","SIERRA ST",65.00,S,N,A,-,N,,,,,,,,,,Y,4,0,2,2,A,-,09,21804,A,N,D,C,A,A,H,-,A,A,0,,,,,Y,,A,01,0,0,2,0,0,0,0,0,0,"- ","- ",,,FRESNO,KINGSBURG,-119.54788970947266,36.517673492431641
9581228,2023,2023-06-27,1013,2023-06-06,1640,M158,M350,2,5,3,1013,0,0,0,,0,M03,"ACADEMY AV","EDGAR AV",243.00,S,N,A,-,N,,,,,,,,,,Y,4,0,2,2,A,-,03,22350,,N,C,C,A,A,H,-,A,D,0,,,,,Y,,A,07,0,0,2,0,0,0,0,0,0,"- ","- ",36.695869445800781,-119.55415344238281,FRESNO,SANGER,-119.55415344238281,36.695152282714844
9581229,2023,2023-06-27,1013,2023-06-06,1340,M158,M270,2,5,3,1013,0,0,0,,0,M02,"ACADEMY AV","10TH ST",0.00,,Y,A,-,N,,,,,,,,,,N,3,0,3,2,A,-,09,21802,A,N,D,C,A,A,H,-,A,A,0,,,,,Y,,A,07,0,2,1,0,0,0,0,0,0,"- ","- ",,,FRESNO,SANGER,-119.55517578125,36.702629089355469
9581277,2023,2023-06-30,1013,2023-05-31,1211,M158,M165,3,5,3,1013,0,0,0,,0,M01,"BETHEL AV","9TH ST",0.00,,Y,A,-,N,,,,,,,,,,Y,2,0,2,2,A,-,12,21453,A,N,D,C,A,A,H,-,A,A,0,,,,,Y,,A,01,1,0,1,0,0,0,0,0,0,"- ","- ",,,FRESNO,SANGER,-119.57427215576172,36.703098297119141
9581278,2023,2023-06-30,1013,2023-05-11,1344,M180,SANGE,4,5,3,1013,0,0,0,,0,M01,"BETHEL AV","FLORENCE AV",209.00,S,N,A,-,N,,,,,,,,,,,2,0,1,1,B,-,22,,,N,E,I,A,A,H,-,A,D,0,,,Y,,Y,,C,02,1,0,0,0,0,0,0,0,1,"- ","- ",36.718620300292969,-119.57415771484375,FRESNO,SANGER,-119.57412719726562,36.717906951904297
9581316,2023,2023-06-26,1012,2023-04-26,1105,L154,REEDL,3,5,3,1012,0,0,0,,0,,"I ST","10TH ST",0.00,,Y,A,-,N,,,,,,,,,,N,4,0,1,2,A,-,09,21802,A,N,D,C,A,A,H,-,A,D,0,,,,,Y,,A,01,0,0,1,0,0,0,0,0,0,"- ","- ",,,FRESNO,REEDLEY,-119.45419311523438,36.595863342285156
9581968,2023,2023-06-21,1015,2023-05-16,"833 ",N140,SELMA,2,5,3,1015,0,0,0,,0,BEAT1,"FLORAL AV","WHITSON ST",347.00,W,N,A,-,N,,,,,,,,,,Y,4,0,1,2,A,-,07,21658,A,N,C,C,A,A,H,-,A,A,0,,,,Y,Y,,A,01,0,0,1,0,0,0,0,0,0,"- ","- ",36.576229095458984,-119.62470245361328,FRESNO,SELMA,-119.62593078613281,36.576324462890625
9581972,2023,2023-06-08,1015,2023-05-18,1931,N146,SELMA,4,5,3,1015,0,0,0,,0,,"MCCALL AV","STILLMAN ST N",0.00,,Y,A,-,N,,,,,,,,,,N,4,0,1,2,A,-,03,22350,,N,D,C,A,A,H,-,B,D,0,,,,,Y,,A,01,0,0,1,0,0,0,0,0,0,"- ","- ",36.572841644287109,-119.61071014404297,FRESNO,SELMA,-119.61072540283203,36.572452545166016
9582442,2023,2023-06-06,1001,2023-04-30,"113 ",5465,,7,5,5,1001,0,0,0,,0,005,"TOLLHOUSE AV","SUNNYSIDE AV",336.00,E,N,A,-,N,,,,,,,,,,Y,4,0,1,1,A,-,01,23152,B,N,E,I,A,A,H,-,C,D,0,,,,,Y,Y,D,22,0,0,1,0,0,0,0,0,0,"- ","- ",36.826751708984375,-119.68982696533203,FRESNO,CLOVIS,-119.69091796875,36.825828552246094
9582684,2023,2023-06-08,1001,2023-04-29,"958 ",5465,,6,5,5,1001,0,0,0,,0,007,"W NEES AV","N TIMMY AV",14.00,E,N,A,-,N,,,,,,,,,,Y,4,0,3,2,A,-,09,21801,A,N,D,C,A,A,H,-,A,D,0,,,,,Y,,A,01,0,0,3,0,0,0,0,0,0,"- ","- ",36.852058410644531,-119.72560882568359,FRESNO,CLOVIS,-119.72555541992188,36.852069854736328
9583267,2023,2023-07-21,1001,2023-06-05,1610,5465,,1,5,5,1001,0,0,0,,0,003,"DE WOLF AV","SAGINAW AV",0.00,,Y,B,-,N,,,,,,,,,,Y,4,0,1,2,A,-,05,21650,1,N,D,G,A,A,H,-,A,A,0,,Y,,,Y,,L,04,0,0,1,0,0,0,1,0,0,"- ","- ",36.788768768310547,-119.64598846435547,FRESNO,CLOVIS,-119.64598846435547,36.788768768310547
9583268,2023,2023-07-20,1001,2023-06-05,2033,5658,,1,5,5,1001,0,0,0,,0,002,"ASHLAN AV","BURL AV",0.00,,Y,A,-,N,,,,,,,,,,Y,4,0,1,2,A,-,03,22350,,N,C,C,A,A,H,-,C,D,0,,,,,Y,,A,01,0,0,1,0,0,0,0,0,0,"- ","- ",36.794361114501953,-119.67736053466797,FRESNO,CLOVIS,-119.67739868164062,36.793899536132812
9583281,2023,2023-07-25,1001,2023-06-04,1358,5723,,7,5,5,1001,0,0,0,,0,004,"PEACH AV","SHAW AV",0.00,,Y,A,-,N,,,,,,,,,,N,4,0,1,2,A,-,09,21453,C,N,D,C,A,A,H,-,A,A,0,,,,,Y,,A,07,0,0,1,0,0,0,0,0,0,"- ","- ",36.808368682861328,-119.71820831298828,FRESNO,CLOVIS,-119.71820068359375,36.808380126953125
9583282,2023,2023-07-25,1001,2023-06-03,2359,5824,,6,5,5,1001,0,0,0,,0,007,"EAST NEES AV","E MINNEWAWA AV E",0.00,,Y,A,-,N,,,,,,,,,,Y,4,0,2,2,A,-,12,21453,A,N,D,C,A,A,H,-,C,A,0,,,,,Y,,A,01,0,0,2,0,0,0,0,0,0,"- ","- ",36.85198974609375,-119.71109771728516,FRESNO,CLOVIS,-119.71109771728516,36.852001190185547
9583283,2023,2023-07-25,1001,2023-06-13,1318,5784,,2,5,5,1001,0,0,0,,0,007,"ALLUVIAL AV","MINNEWAWA AV",64.00,E,N,A,-,N,,,,,,,,,,N,4,0,1,2,A,-,03,22350,,N,C,C,A,A,H,-,A,A,0,,,,,Y,,A,01,0,0,1,0,0,0,0,0,0,"- ","- ",36.844760894775391,-119.71109008789062,FRESNO,CLOVIS,-119.71102142333984,36.844760894775391
9583457,2023,2023-07-14,1001,2023-05-06,1348,5867,,6,5,5,1001,0,0,0,,0,008,"HERNDON AV","SUNNYSIDE AV",830.00,E,N,A,-,N,,,,,,,,,,N,4,0,1,3,A,-,04,21703,,N,C,C,A,A,H,-,A,D,0,,,,,Y,,A,01,0,0,1,0,0,0,0,0,0,"- ","- ",36.837520599365234,-119.69094848632812,FRESNO,CLOVIS,-119.68812561035156,36.837406158447266
9583458,2023,2023-07-14,1001,2023-05-14,1713,5824,,7,5,5,1001,0,0,0,,0,008,"N 1ST ST","E SHEPARD AV E",0.00,,Y,A,-,N,,,,,,,,,,Y,3,0,2,2,A,-,09,21801,A,N,D,C,A,A,H,-,A,A,0,,,,,Y,,-,,0,1,1,0,0,0,0,0,0,"- ","- ",36.866401672363281,-119.65680694580078,FRESNO,CLOVIS,-120.90369415283203,37.639591217041016
9584766,2023,2023-05-24,1001,2023-04-17,1508,5465,,1,5,5,1001,0,0,0,,0,,"POLLASKY AV","SHAW AV",21.00,N,N,A,-,N,,,,,,,,,,N,4,0,1,2,A,-,21,22106,,N,C,C,A,A,H,-,A,A,0,,,,,Y,,-,,0,0,1,0,0,0,0,0,0,"- ","- ",36.808578491210938,-119.70205688476562,FRESNO,CLOVIS,-119.70205688476562,36.808639526367188
9584786,2023,2023-05-24,1001,2023-04-19,"857 ",5465,,3,5,5,1001,0,0,0,,0,004,"BULLARD AV","WILLOW AV",77.00,E,N,A,-,N,,,,,,,,,,Y,4,0,1,2,A,-,01,23152,A,N,C,C,A,-,H,-,A,A,0,,,,,Y,Y,A,01,0,0,1,0,0,0,0,0,0,"- ","- ",36.823020935058594,-119.72895812988281,FRESNO,CLOVIS,-119.72874450683594,36.823040008544922
9585123,2023,2023-05-27,1001,2023-04-20,1130,5892,,4,5,5,1001,0,0,0,,0,002,"STANFORD AV","SHAW AV",539.00,S,N,A,-,N,,,,,,,,,,N,4,0,1,2,D,-,00,,,N,G,A,A,A,H,-,A,D,0,,,,,Y,,-,"- ",0,0,1,0,0,0,0,0,0,"- ","- ",33.680698394775391,-119.68675231933594,FRESNO,CLOVIS,-119.68650817871094,36.808681488037109
9585124,2023,2023-05-27,1001,2023-04-20,1456,5504,,4,5,5,1001,0,0,0,,0,003,"AHSLAN AV","LEONARD AV",0.00,,Y,A,-,N,,,,,,,,,,N,3,0,1,2,A,-,05,21650,1,N,D,G,A,A,H,-,A,A,0,,Y,,,Y,,L,04,0,1,0,0,0,0,1,0,0,"- ","- ",36.793830871582031,-119.636962890625,FRESNO,CLOVIS,-119.636962890625,36.793827056884766
9585125,2023,2023-05-27,1001,2023-04-19,"735 ",5465,,3,5,5,1001,0,0,0,,0,006,"LOCAN AV","BULLARD AV",32.00,N,N,A,-,N,,,,,,,,,,Y,4,0,2,2,A,-,03,22350,,N,C,C,A,A,H,-,A,A,0,,,,,Y,,A,01,0,0,2,0,0,0,0,0,0,"- ","- ",36.822948455810547,-119.65489959716797,FRESNO,CLOVIS,-119.65489959716797,36.822948455810547
9585126,2023,2023-05-27,1001,2023-04-13,1502,5784,,4,5,5,1001,0,0,0,,0,007,"N PEACH AV","MUNCIE AV",258.00,S,N,A,-,N,,,,,,,,,,N,4,0,4,2,A,-,08,22100,B,N,D,C,A,A,H,-,A,D,0,,,,,Y,,A,01,0,0,4,0,0,0,0,0,0,"- ","- ",36.852870941162109,-119.71909332275391,FRESNO,CLOVIS,-119.72014617919922,36.854152679443359
9585127,2023,2023-05-27,1001,2023-04-12,1451,5784,,3,5,5,1001,0,0,0,,0,004,"VILLA AV","BULLARD AV",145.00,S,N,A,-,N,,,,,,,,,,Y,4,0,1,2,D,-,00,,,N,C,C,A,A,H,-,A,A,0,,,Y,,Y,,-,"- ",0,0,1,0,0,0,0,0,1,"- ","- ",36.822948455810547,-119.71338653564453,FRESNO,CLOVIS,-119.71340942382812,36.822563171386719
9585128,2023,2023-05-27,1001,2023-04-26,1419,5145,,3,5,5,1001,0,0,0,,0,004,BARSTOW,"VILLA AV",322.00,W,N,A,-,N,,,,,,,,,,Y,4,0,2,2,A,-,09,21804,A,N,D,C,A,A,A,H,A,D,0,,,,,Y,,A,01,0,0,2,0,0,0,0,0,0,"- ","- ",36.815731048583984,-119.71353912353516,FRESNO,CLOVIS,-119.71466064453125,36.815738677978516
9585241,2023,2023-06-08,1012,2023-04-01,2020,L135,REEDL,6,5,3,1012,0,0,0,,0,N51,"11TH ST","I ST",0.00,,Y,A,-,N,,,,,,,,,,N,4,0,1,2,A,-,09,21800,A,N,G,B,D,A,H,-,C,A,0,Y,,,,Y,,A,07,0,0,1,0,1,0,0,0,0,"- ","- ",,,FRESNO,REEDLEY,-119.45310211181641,36.594829559326172
9585625,2023,2023-05-31,1001,2023-04-26,1711,5752,,3,5,5,1001,0,0,0,,0,008,"N ARMSTRONG AV","SHEPHERD AV",33.00,N,N,A,-,N,,,,,,,,,,Y,4,0,2,2,A,-,09,21802,A,N,D,C,A,A,H,-,A,D,0,,,,,Y,,A,01,0,0,2,0,0,0,0,0,0,"- ","- ",36.866439819335938,-119.67497253417969,FRESNO,CLOVIS,-119.67498016357422,36.866420745849609
9585626,2023,2023-05-31,1001,2023-04-25,"812 ",5877,,2,5,5,1001,0,0,0,,0,007,"ALLUVIAL AV","N MARION AV N",0.00,,Y,A,-,N,,,,,,,,,,Y,4,0,1,2,A,-,03,22350,1,N,C,C,A,A,H,-,A,A,0,,,,,Y,,A,01,0,0,1,0,0,0,0,0,0,"- ","- ",36.844711303710938,-119.69759368896484,FRESNO,CLOVIS,-119.69758605957031,36.844711303710938
9585627,2023,2023-05-31,1001,2023-04-24,2132,5845,,1,5,5,1001,0,0,0,,0,008,"N FOWLER AV","BOSTON AV",0.00,,Y,A,-,N,,,,,,,,,,Y,4,0,2,2,A,-,09,21804,A,N,D,C,A,A,H,-,C,D,0,,,,,Y,,A,01,0,0,2,0,0,0,0,0,0,"- ","- ",36.838619232177734,-119.68415832519531,FRESNO,CLOVIS,-119.68418121337891,36.838619232177734
9585695,2023,2023-06-06,1001,2023-04-19,2209,5850,,3,5,5,1001,0,0,0,,0,005,"POLLASKY AV","WEST BARSTOW AV",0.00,,Y,A,-,N,,,,,,,,,,Y,4,0,1,2,A,-,12,21453,A,N,F,-,A,-,H,-,C,A,0,,,,,Y,Y,D,22,0,0,1,0,0,0,0,0,0,"- ","- ",36.815761566162109,-119.70200347900391,FRESNO,CLOVIS,-119.70204925537109,36.815769195556641
9585703,2023,2023-06-06,1001,2023-04-21,1628,5824,,5,5,5,1001,0,0,0,,0,002,"S COLE AV","EAST SHAW AV",0.00,,Y,A,-,N,,,,,,,,,,N,4,0,1,2,A,-,07,21658,A,N,B,C,A,A,H,-,A,D,0,,,,,Y,,D,22,0,0,1,0,0,0,0,0,0,"- ","- ",36.808578491210938,-119.69550323486328,FRESNO,CLOVIS,-119.69550323486328,36.808597564697266
9586028,2023,2023-05-31,1013,2023-04-14,1655,M158,M375,5,5,3,1013,0,0,0,,0,M03,"HARRIETT AV","BARBARA AV",0.00,,Y,A,-,N,,,,,,,,,,N,3,0,1,2,A,-,09,21804,A,N,D,C,A,A,H,-,A,D,0,,,Y,,Y,,O,05,0,1,0,0,0,0,0,0,1,"- ","- ",36.705070495605469,-119.54228210449219,FRESNO,SANGER,-119.54222869873047,36.705043792724609
9586029,2023,2023-06-08,1013,2023-04-21,"754 ",M181,SANGE,5,5,3,1013,0,0,0,,0,M01,"JENSEN AV","INDIANOLA AV",0.00,,Y,A,-,N,,,,,,,,,,N,4,0,1,2,A,-,09,21804,A,N,A,D,A,A,H,-,A,A,0,,,,,Y,Y,A,01,0,0,1,0,0,0,0,0,0,"- ","- ",36.706771850585938,-119.58312225341797,FRESNO,SANGER,-119.58318328857422,36.706825256347656
9586240,2023,2023-06-30,1012,2023-05-01,1449,L193,,1,5,3,1012,0,0,0,,0,,"REED AV","MANNING AV",41.00,N,N,A,-,N,,,,,,,,,,N,4,0,1,2,A,-,03,22350,,N,C,C,A,A,H,-,A,A,0,,,,,Y,,D,22,0,0,1,0,0,0,0,0,0,"- ","- ",36.604251861572266,-119.45768737792969,FRESNO,REEDLEY,-119.45769500732422,36.604343414306641
9587645,2023,2023-06-15,1012,2023-05-21,1215,I169,REEDL,7,5,3,1012,0,0,0,,0,L04C,"I ST","10TH ST",0.00,,Y,A,-,N,,,,,,,,,,N,4,0,1,2,A,-,09,21800,A,N,D,C,A,A,H,-,A,A,0,,,,,Y,,A,01,0,0,1,0,0,0,0,0,0,"- ","- ",,,FRESNO,REEDLEY,-119.45419311523438,36.595863342285156
9588181,2023,2023-07-05,1015,2023-06-07,2338,N079,SELMA,3,5,3,1015,0,0,0,,0,,"DOCKERY AV","NORTHHILL ST",69.00,N,N,A,-,N,,,,,,,,,,N,2,0,1,1,A,-,01,23152,A,N,E,I,A,A,H,-,C,D,0,,,,,Y,Y,A,01,1,0,0,0,0,0,0,0,0,"- ","- ",36.586711883544922,-119.60189819335938,FRESNO,SELMA,-119.60193634033203,36.586898803710938
9588239,2023,2023-06-27,1001,2023-06-03,1807,5465,,6,5,5,1001,0,0,0,,0,008,"N FOWLER AV","TEAGUE AV",0.00,,Y,A,-,N,,,,,,,,,,Y,4,0,2,2,A,-,09,21802,A,N,D,C,A,A,H,-,A,A,0,,,,,Y,,A,07,0,0,2,0,0,0,0,0,0,"- ","- ",36.859249114990234,-119.68402862548828,FRESNO,CLOVIS,-119.68402862548828,36.859249114990234
9589021,2023,2023-06-14,1001,2023-05-10,1203,5465,,3,5,5,1001,0,0,0,,0,008,"SHEPHERD AV","N LEONARD AV",0.00,,Y,A,-,N,,,,,,,,,,Y,3,0,1,2,A,-,09,21802,A,N,D,C,A,A,H,-,A,A,0,,,,,Y,,A,01,0,1,0,0,0,0,0,0,0,"- ","- ",36.866390228271484,-119.63880157470703,FRESNO,CLOVIS,-119.63880920410156,36.866329193115234
9589022,2023,2023-06-14,1001,2023-05-02,1310,5687,,2,5,5,1001,0,0,0,,0,002,"ASHLAN AV",WHITTIER,33.00,E,N,A,-,N,,,,,,,,,,Y,4,0,1,1,A,-,07,21658,A,N,E,I,A,A,H,-,A,D,0,,,,,Y,,A,01,0,0,1,0,0,0,0,0,0,"- ","- ",36.793968200683594,-119.68055725097656,FRESNO,CLOVIS,-119.68043518066406,36.794021606445312
9589024,2023,2023-06-14,1001,2023-05-12,"703 ",5723,,5,5,5,1001,0,0,0,,0,001,"WILLOW AV","GETTYSBURG AV",0.00,,Y,A,-,N,,,,,,,,,,N,4,0,1,3,A,-,09,21453,C,N,D,C,A,A,H,-,A,A,0,,,,,Y,,A,01,0,0,1,0,0,0,0,0,0,"- ","- ",36.801261901855469,-119.72724151611328,FRESNO,CLOVIS,-119.72727966308594,36.801261901855469
9589115,2023,2023-07-20,1015,2023-06-01,1209,N125,SELMA,4,5,3,1015,0,0,0,,0,N100,"MITCHELL AV","ASPEN ST",40.00,N,N,A,-,N,,,,,,,,,,N,4,0,2,2,A,-,09,21804,A,N,B,C,A,A,H,-,A,D,0,,,,,Y,,A,01,0,0,2,0,0,0,0,0,0,"- ","- ",36.579811096191406,-119.62374114990234,FRESNO,SELMA,-119.62368011474609,36.579929351806641
9589444,2023,2023-06-12,1001,2023-04-29,1642,5824,,6,5,5,1001,0,0,0,,0,008,"N DE WOLF AV","E RICHMOND AVE E",0.00,,Y,A,-,N,,,,,,,,,,Y,3,0,1,2,A,-,09,21801,A,N,D,C,A,A,H,-,A,D,0,,,,,Y,,A,01,0,1,0,0,0,0,0,0,0,"- ","- ",36.858001708984375,-119.64785766601562,FRESNO,CLOVIS,-119.64797210693359,36.858043670654297
9589744,2023,2023-07-12,1015,2023-06-15,2100,N145,SELMA,4,5,3,1015,0,0,0,,0,N200,"2ND ST","WHITSON ST",0.00,,Y,A,-,N,,,,,,,,,,,3,0,1,2,A,-,09,21453,B,F,H,G,A,A,H,-,C,A,0,,Y,,,Y,,D,22,0,1,0,0,0,0,1,0,0,"- ","- ",,,FRESNO,SELMA,-119.61320495605469,36.565765380859375
9590097,2023,2023-06-27,1001,2023-05-30,"712 ",5465,,2,5,5,1001,0,0,0,,0,,"NORTH SUNNYSIDE AV","HERNDON AV",0.00,,Y,A,-,N,,,,,,,,,,Y,4,0,1,3,A,-,17,21454,C,N,A,C,A,A,H,-,A,A,0,,,,,Y,,A,07,0,0,1,0,0,0,0,0,0,"- ","- ",36.837398529052734,-119.69096374511719,FRESNO,CLOVIS,-119.69095611572266,36.837394714355469
9590098,2023,2023-06-27,1001,2023-05-25,1530,5784,,4,5,5,1001,0,0,0,,0,008,"NEES AV","HALIFAX AV",186.00,E,N,B,-,N,,,,,,,,,,N,4,0,1,2,A,-,03,22350,,N,C,C,A,A,H,-,A,D,0,,,,,Y,,A,01,0,0,1,0,0,0,0,0,0,"- ","- ",36.837398529052734,-119.69096374511719,FRESNO,CLOVIS,-119.71669769287109,36.852024078369141
9590101,2023,2023-06-28,1001,2023-05-30,1156,5465,,2,5,5,1001,0,0,0,,0,007,"N WILLOW AV","NEES AV",679.00,S,N,A,-,N,,,,,,,,,,Y,4,0,4,3,A,-,03,22350,,N,C,C,A,A,H,-,A,A,0,,,,,Y,,A,01,0,0,4,0,0,0,0,0,0,"- ","- ",36.852088928222656,-119.72972106933594,FRESNO,CLOVIS,-119.72982025146484,36.850246429443359
9590102,2023,2023-06-28,1001,2023-05-16,"146 ",5845,,2,5,5,1001,0,0,0,,0,005,"CLOVIS AV","JEFFERSON AV",0.00,,Y,A,-,N,,,,,,,,,,Y,3,0,1,1,A,-,08,22107,,F,E,I,A,A,H,-,C,D,0,,,,,Y,Y,A,01,0,1,0,0,0,0,0,0,0,"- ","- ",36.818119049072266,-119.70059204101562,FRESNO,CLOVIS,-119.70036315917969,36.817615509033203
9590103,2023,2023-06-28,1001,2023-05-19,1225,5784,,5,5,5,1001,0,0,0,,0,003,"ASHLAN AV","LOCAN AV",147.00,E,N,A,-,N,,,,,,,,,,N,4,0,1,1,B,-,22,,,N,E,I,A,A,H,-,A,A,0,,,,,Y,,A,01,0,0,1,0,0,0,0,0,0,"- ","- ",36.793849945068359,-119.65503692626953,FRESNO,CLOVIS,-119.654541015625,36.793910980224609