CASE_ID,ACCIDENT_YEAR,PROC_DATE,JURIS,COLLISION_DATE,COLLISION_TIME,OFFICER_ID,REPORTING_DISTRICT,DAY_OF_WEEK,CHP_SHIFT,POPULATION,CNTY_CITY_LOC,SPECIAL_COND,BEAT_TYPE,CHP_BEAT_TYPE,CITY_DIVISION_LAPD,CHP_BEAT_CLASS,BEAT_NUMBER,PRIMARY_RD,SECONDARY_RD,DISTANCE,DIRECTION,INTERSECTION,WEATHER_1,WEATHER_2,STATE_HWY_IND,CALTRANS_COUNTY,CALTRANS_DISTRICT,STATE_ROUTE,ROUTE_SUFFIX,POSTMILE_PREFIX,POSTMILE,LOCATION_TYPE,RAMP_INTERSECTION,SIDE_OF_HWY,TOW_AWAY,COLLISION_SEVERITY,NUMBER_KILLED,NUMBER_INJURED,PARTY_COUNT,PRIMARY_COLL_FACTOR,PCF_CODE_OF_VIOL,PCF_VIOL_CATEGORY,PCF_VIOLATION,PCF_VIOL_SUBSECTION,HIT_AND_RUN,TYPE_OF_COLLISION,MVIW,PED_ACTION,ROAD_SURFACE,ROAD_COND_1,ROAD_COND_2,LIGHTING,CONTROL_DEVICE,CHP_ROAD_TYPE,PEDESTRIAN_ACCIDENT,BICYCLE_ACCIDENT,MOTORCYCLE_ACCIDENT,TRUCK_ACCIDENT,NOT_PRIVATE_PROPERTY,ALCOHOL_INVOLVED,STWD_VEHTYPE_AT_FAULT,CHP_VEHTYPE_AT_FAULT,COUNT_SEVERE_INJ,COUNT_VISIBLE_INJ,COUNT_COMPLAINT_PAIN,COUNT_PED_KILLED,COUNT_PED_INJURED,COUNT_BICYCLIST_KILLED,COUNT_BICYCLIST_INJURED,COUNT_MC_KILLED,COUNT_MC_INJURED,PRIMARY_RAMP,SECONDARY_RAMP,LATITUDE,LONGITUDE,COUNTY,CITY,POINT_X,POINT_Y
9590104,2023,2023-07-06,1001,2023-05-25,"736 ",5898,,4,5,5,1001,0,0,0,,0,005,"5TH ST","VETERAN'S PKWY",364.00,E,N,A,-,N,,,,,,,,,,N,3,0,1,2,A,-,10,21950,A,N,G,B,B,A,H,-,A,A,0,Y,,,,Y,,A,08,0,1,0,0,1,0,0,0,0,"- ","- ",36.823680877685547,-119.69725799560547,FRESNO,CLOVIS,-119.69786834716797,36.823947906494141
9590123,2023,2023-06-28,1001,2023-05-24,1526,5784,,3,5,5,1001,0,0,0,,0,006,"BARSTOW AV","TEMPERANCE AV",0.00,,Y,A,-,N,,,,,,,,,,N,4,0,3,2,A,-,12,21453,A,N,D,C,A,A,H,-,A,A,0,,,,,Y,,A,01,0,0,3,0,0,0,0,0,0,"- ","- ",36.815658569335938,-119.66393280029297,FRESNO,CLOVIS,-119.66395568847656,36.815662384033203
9590124,2023,2023-06-28,1001,2023-05-16,1338,5784,,2,5,5,1001,0,0,0,,0,006,"SUNNYSIDE AV","SIERRA AV",92.00,N,N,A,-,N,,,,,,,,,,N,4,0,1,2,A,-,08,22107,,N,D,C,A,A,H,-,A,D,0,,,,,Y,,A,01,0,0,1,0,0,0,0,0,0,"- ","- ",36.830329895019531,-119.69091796875,FRESNO,CLOVIS,-119.69091796875,36.830329895019531
9590125,2023,2023-06-28,1001,2023-05-11,"547 ",5845,,4,5,5,1001,0,0,0,,0,005,"HERNDON AV","CLOVIS AV",0.00,,Y,A,-,N,,,,,,,,,,Y,4,0,1,2,A,-,03,22350,,N,A,C,A,-,H,-,B,A,0,,,,,Y,,A,01,0,0,1,0,0,0,0,0,0,"- ","- ",,,FRESNO,CLOVIS,-119.70008850097656,36.837215423583984
9590429,2023,2023-07-11,1001,2023-04-28,1552,5723,,5,5,5,1001,0,0,0,,0,006,"FOWLER AV",HERNDON,693.00,S,N,A,-,N,,,,,,,,,,N,2,0,1,2,A,-,03,22350,,N,D,C,A,A,H,-,A,A,0,,,Y,,Y,,C,02,1,0,0,0,0,0,0,0,1,"- ","- ",36.837390899658203,-119.68417358398438,FRESNO,CLOVIS,-119.68348693847656,36.835659027099609
9591879,2023,2023-07-31,1001,2023-06-17,1213,5723,,6,5,5,1001,0,0,0,,0,002,"SHAW AV",SUNNYSIDE,511.00,S,N,A,-,N,,,,,,,,,,N,4,0,1,3,A,-,09,21802,A,N,D,C,A,A,H,-,A,A,0,,,,,Y,,A,01,0,0,1,0,0,0,0,0,0,"- ","- ",36.808578491210938,-119.69550323486328,FRESNO,CLOVIS,-119.69081878662109,36.808658599853516
9591883,2023,2023-07-26,1001,2023-05-12,1736,5837,,5,5,5,1001,0,0,0,,0,004,"WEST HERNDON AV","PEACH AV",0.00,,Y,A,-,N,,,,,,,,,,N,4,0,1,3,A,-,03,22350,,N,B,C,A,A,H,-,A,A,0,,,,,Y,,A,01,0,0,1,0,0,0,0,0,0,"- ","- ",36.837650299072266,-119.72038269042969,FRESNO,CLOVIS,-119.72019958496094,36.837532043457031
9592392,2023,2023-08-03,1001,2023-05-11,"826 ",5465,,4,5,5,1001,0,0,0,,0,007,"NORTH MINNEWAWA AV","W ELPASO AV W",0.00,,Y,A,-,N,,,,,,,,,,N,4,0,1,2,A,-,05,21650,,N,H,G,A,A,H,-,A,A,0,,Y,,,Y,,L,04,0,0,1,0,0,0,1,0,0,"- ","- ",36.844760894775391,-119.71109008789062,FRESNO,CLOVIS,-119.71124267578125,36.84735107421875
9592640,2023,2023-06-28,1001,2023-05-04,1549,5822,,4,5,5,1001,0,0,0,,0,001,"WEST SHAW AV","WILLOW AV",265.00,W,N,A,-,N,,,,,,,,,,N,4,0,1,2,A,-,04,21703,,N,C,C,A,D,H,-,A,A,0,,,,,Y,,A,01,0,0,1,0,0,0,0,0,0,"- ","- ",36.808418273925781,-119.72725677490234,FRESNO,CLOVIS,-119.72822570800781,36.808437347412109
9592723,2023,2023-07-13,1008,2023-05-17,1548,J264,,3,5,2,1008,0,0,0,,0,,"SIERRA ST","14TH AV",0.00,,Y,A,-,Y,FRE,6,201,-,-,0.495,I,5,W,N,4,0,1,2,A,-,09,21802,A,N,D,C,A,A,H,-,A,A,0,,,Y,,Y,,D,22,0,0,1,0,0,0,0,0,1,"- ","- ",,,FRESNO,KINGSBURG,-119.55241394042969,36.517951965332031
9592759,2023,2023-07-10,1008,2023-05-02,1915,J711,KINGS,2,5,2,1008,0,0,0,,0,,"MEHLERT ST","12TH AV",128.00,E,N,A,-,N,,,,,,,,,,N,4,0,1,2,A,-,06,21750,,N,D,D,A,A,H,-,A,D,0,,,Y,,Y,,C,03,0,0,1,0,0,0,0,0,1,"- ","- ",36.499240875244141,-119.56092834472656,FRESNO,KINGSBURG,-119.55417633056641,36.506999969482422
9592763,2023,2023-07-13,1008,2023-05-01,1639,J264,,1,5,2,1008,0,0,0,,0,,"GOLDEN STATE BL","BETHEL AV",0.00,,Y,A,-,N,,,,,,,,,,Y,4,0,2,3,A,-,12,22450,A,N,D,C,A,A,H,-,A,A,0,,,,Y,Y,,A,01,0,0,2,0,0,0,0,0,0,"- ","- ",36.525730133056641,-119.58210754394531,FRESNO,KINGSBURG,-119.57590484619141,36.533248901367188
9594132,2023,2023-08-07,1013,2023-06-11,1614,M185,SANGE,7,5,3,1013,0,0,0,,0,002,"ACADEMY AV","7TH ST",15.00,N,N,A,-,N,,,,,,,,,,Y,4,0,1,2,A,-,12,21453,A,N,A,C,A,A,H,-,A,A,0,,,,,Y,,D,22,0,0,1,0,0,0,0,0,0,"- ","- ",,,FRESNO,SANGER,-119.55596923828125,36.706569671630859
9594443,2023,2023-07-06,1013,2023-05-20,2243,M188,SANGE,6,5,3,1013,0,0,0,,0,002,"9TH ST","GREENWOOD AV",0.00,,Y,F,-,N,,,,,,,,,,N,3,0,2,2,A,-,12,22450,A,F,B,C,A,A,H,-,C,D,0,,,,,Y,,-,99,0,1,1,0,0,0,0,0,0,"- ","- ",,,FRESNO,SANGER,-119.56540679931641,36.703117370605469
9594778,2023,2023-08-04,1012,2023-05-08,1528,L154,REEDL,1,5,3,1012,0,0,0,,0,,"PARLIER AV","HOLLYWOOD DR",60.00,W,N,A,-,N,,,,,,,,,,N,4,0,1,2,A,-,03,22350,,N,C,C,A,A,H,-,A,D,0,,,,,Y,,A,01,0,0,1,0,0,0,0,0,0,"- ","- ",36.6114501953125,-119.45253753662109,FRESNO,REEDLEY,-119.45284271240234,36.6114501953125
9595269,2023,2023-07-24,1012,2023-06-11,1040,L144,,7,5,3,1012,0,0,0,,0,,"E DINUBA AV","S HEMLOCK AV",0.00,,Y,A,-,N,,,,,,,,,,N,4,0,2,2,A,-,03,22350,,N,C,C,A,A,H,-,A,D,0,,,,,Y,,A,01,0,0,2,0,0,0,0,0,0,"- ","- ",,,FRESNO,REEDLEY,-119.43598937988281,36.589679718017578
9596092,2023,2023-07-21,1012,2023-06-14,2031,L136,REEDL,3,5,3,1012,0,0,0,,0,,"BUTTONWILLOW AV","CURTIS AV",100.00,S,N,A,-,N,,,,,,,,,,Y,4,0,1,2,A,-,05,21651,A,N,D,C,A,A,H,-,B,D,0,,,,,Y,,A,01,0,0,1,0,0,0,0,0,0,"- ","- ",36.586898803710938,-119.43093109130859,FRESNO,REEDLEY,-119.43091583251953,36.586463928222656
9596104,2023,2023-07-14,1001,2023-06-02,1328,5784,,5,5,5,1001,0,0,0,,0,007,"HERNDON AV","RT 168",44.00,E,N,A,-,Y,FRE,6,168,-,R,6.697,R,4,W,N,4,0,1,3,A,-,09,21801,A,N,D,C,A,A,H,-,A,A,0,,,,,Y,,A,01,0,0,1,0,0,0,0,0,0,"- ",WO,,,FRESNO,CLOVIS,-119.70511627197266,36.834930419921875
9596143,2023,2023-07-21,1015,2023-06-17,2311,N136,SELMA,6,5,3,1015,0,0,0,,0,SELMA,"HIGHLAND AV","FLORAL AV",262.00,N,N,A,-,N,,,,,,,,,,Y,2,0,1,2,A,-,11,21954,A,F,G,B,D,A,H,-,C,D,0,Y,,,,Y,,N,60,1,0,0,0,1,0,0,0,0,"- ","- ",36.576450347900391,-119.62854766845703,FRESNO,SELMA,-119.62869262695312,36.577579498291016
9596588,2023,2023-08-16,1015,2023-07-11,1232,N083,SELMA,2,5,3,1015,0,0,0,,0,N300,"FLORAL AV","LOGAN ST",0.00,,Y,A,-,N,,,,,,,,,,Y,4,0,1,2,A,-,21,22106,,N,D,C,A,A,H,-,A,D,0,,,,,Y,,A,01,0,0,1,0,0,0,0,0,0,"- ","- ",36.576248168945312,-119.61383056640625,FRESNO,SELMA,-119.61383819580078,36.57623291015625
9596759,2023,2023-07-27,1009,2023-04-05,1751,R086,,3,5,2,1009,0,0,0,,0,,"DERRICK AV","NAPLES ST",0.00,,Y,A,-,N,,,,,,,,,,Y,3,0,2,2,A,-,07,21658,A,N,A,C,A,A,H,-,A,D,0,,,,,Y,,A,01,0,2,0,0,0,0,0,0,0,"- ","- ",36.761890411376953,-120.38668823242188,FRESNO,MENDOTA,-120.38664245605469,36.761859893798828
9596760,2023,2023-07-27,1009,2023-04-18,"422 ",R054,MENDO,2,5,2,1009,0,0,0,,0,0ME,"5TH ST","LOLITA ST",5.00,W,N,A,-,N,,,,,,,,,,N,2,0,1,2,A,-,08,22107,,N,G,B,E,A,H,-,D,D,0,Y,,,,Y,,A,08,1,0,0,0,1,0,0,0,0,"- ","- ",,,FRESNO,MENDOTA,-120.37931060791016,36.7593994140625
9597004,2023,2023-08-22,1015,2023-07-22,"233 ",N146,SELMA,6,5,3,1015,0,0,0,,0,,"WHITSON ST","FLORAL AV",668.00,N,N,A,-,N,,,,,,,,,,Y,2,0,1,1,A,-,01,23152,A,N,E,I,A,A,H,-,D,D,0,,,,,Y,Y,A,07,1,0,0,0,0,0,0,0,0,"- ","- ",36.568851470947266,-119.63017272949219,FRESNO,SELMA,-119.62612152099609,36.577754974365234
9597154,2023,2023-10-13,1012,2023-06-16,1342,L131,REEDL,5,5,3,1012,0,0,0,,0,04C,"I ST","8TH ST",23.00,N,N,A,-,N,,,,,,,,,,N,4,0,1,2,A,-,03,22350,,N,C,C,A,A,H,-,A,A,0,,,,,Y,,A,07,0,0,1,0,0,0,0,0,0,"- ","- ",36.598110198974609,-119.45623016357422,FRESNO,REEDLEY,-119.45635986328125,36.597949981689453
9597155,2023,2023-10-13,1012,2023-06-20,1403,L171,REEDL,2,5,3,1012,0,0,0,,0,,"11TH ST","G ST",0.00,,Y,A,-,N,,,,,,,,,,N,4,0,1,2,A,-,10,21950,A,N,G,B,B,A,H,-,A,A,0,Y,,,,Y,Y,A,01,0,0,1,0,1,0,0,0,0,"- ","- ",,,FRESNO,REEDLEY,-119.45088195800781,36.596366882324219
9597383,2023,2023-08-14,1001,2023-06-26,1018,5465,,1,5,5,1001,0,0,0,,0,002,"SANTA ANA AV","CLOVIS AV",542.00,E,N,A,-,N,,,,,,,,,,Y,4,0,1,2,A,-,09,21802,A,N,D,C,A,A,H,-,A,A,0,,,,,Y,,A,01,0,0,1,0,0,0,0,0,0,"- ","- ",36.804878234863281,-119.70053863525391,FRESNO,CLOVIS,-119.69870758056641,36.804969787597656
9597384,2023,2023-08-14,1001,2023-06-25,1527,5723,,7,5,5,1001,0,0,0,,0,007,"N MINNWAWA AV","NEES AV",0.00,,Y,A,-,N,,,,,,,,,,N,3,0,1,2,A,-,12,21453,A,N,D,G,A,A,H,-,A,A,0,,Y,,,Y,,L,04,0,1,0,0,0,0,1,0,0,"- ","- ",36.852069854736328,-119.71115112304688,FRESNO,CLOVIS,-119.71124267578125,36.852001190185547
9597874,2023,2023-08-08,1011,2023-06-16,2122,K093,PARLI,5,5,3,1011,0,0,0,,0,0PA,"MANNING AV","ZEDIKER AV",71.00,S,N,A,-,N,,,,,,,,,,N,4,0,2,2,A,-,12,21453,A,N,D,C,A,A,H,-,C,A,0,,,,,Y,,A,01,0,0,2,0,0,0,0,0,0,"- ","- ",36.59674072265625,-119.52603912353516,FRESNO,PARLIER,-119.52101135253906,36.604549407958984
9597881,2023,2023-08-08,1011,2023-04-08,1858,K093,PARLI,6,5,3,1011,0,0,0,,0,0PA,"ACADEMY AV","MANNING AV",36.00,N,N,A,-,N,,,,,,,,,,Y,4,0,1,2,A,-,04,21703,,N,C,C,A,A,H,-,A,A,0,,,,,Y,Y,A,01,0,0,1,0,0,0,0,0,0,"- ","- ",36.597259521484375,-119.56172180175781,FRESNO,PARLIER,-119.55696105957031,36.605037689208984
9598358,2023,2023-08-07,1015,2023-07-13,"952 ",N144,SELMA,4,5,3,1015,0,0,0,,0,1015,"COLUMBIA ST","GOLDRIDGE ST",102.00,S,N,A,-,N,,,,,,,,,,N,4,0,1,2,A,-,03,22350,,N,D,E,A,A,H,-,A,D,0,,,,,Y,,A,01,0,0,1,0,0,0,0,0,0,"- ","- ",36.587890625,-119.63063812255859,FRESNO,SELMA,-119.63060760498047,36.587421417236328
9598362,2023,2023-08-07,1015,2023-07-24,2130,N144,SELMA,1,5,3,1015,0,0,0,,0,003,"WHITSON ST","TODD AV",0.00,,Y,A,-,N,,,,,,,,,,Y,4,0,2,2,A,-,09,21802,A,N,D,C,A,A,H,-,C,A,0,,,,,Y,,A,01,0,0,2,0,0,0,0,0,0,"- ","- ",36.562641143798828,-119.60790252685547,FRESNO,SELMA,-119.6080322265625,36.562473297119141
9598620,2023,2023-07-20,1015,2023-06-29,2129,N145,SELMA,4,5,3,1015,0,0,0,,0,SE04,"THOMPSON ST","YERBA ST",78.00,N,N,A,-,N,,,,,,,,,,Y,4,0,1,3,A,-,01,23152,A,N,B,E,A,A,H,-,C,D,0,,,,,Y,Y,A,01,0,0,1,0,0,0,0,0,0,"- ","- ",,,FRESNO,SELMA,-119.61982727050781,36.559112548828125
9599005,2023,2024-01-30,1001,2023-12-26,1310,5465,,2,5,5,1001,0,0,0,,0,,"TOLLHOUSE RD","FIRST ST",22.00,E,N,A,-,N,,,,,,,,,,Y,4,0,1,2,A,-,08,22107,,N,D,C,A,A,F,H,A,D,0,,,,,Y,,A,07,0,0,1,0,0,0,0,0,0,"- ","- ",36.829048156738281,-119.68721008300781,FRESNO,CLOVIS,-119.68717956542969,36.829113006591797
9599085,2023,2024-01-30,1001,2023-12-29,1441,5784,,5,5,5,1001,0,0,0,,0,006,"FOWLER AV","WRENWOOD AV",0.00,,Y,B,-,N,,,,,,,,,,N,4,0,1,2,A,-,09,21802,A,N,D,A,A,A,H,-,A,D,0,,,,,Y,,A,01,0,0,1,0,0,0,0,0,0,"- ","- ",36.819549560546875,-119.68206787109375,FRESNO,CLOVIS,-119.681956,36.819535999999999
9599086,2023,2024-01-30,1001,2023-12-20,1625,5784,,3,5,5,1001,0,0,0,,0,,"W SIERRA AV","CINDY AV",340.00,E,N,C,-,N,,,,,,,,,,N,2,0,2,2,A,-,08,22107,,N,E,J,A,B,H,-,B,D,0,,,,,Y,,A,01,1,0,1,0,0,0,0,0,0,"- ","- ",36.829719543457031,-119.72203826904297,FRESNO,CLOVIS,-119.72212982177734,36.83026123046875
9599087,2023,2024-01-30,1001,2023-12-31,1846,5880,,7,5,5,1001,0,0,0,,0,006,"FOWLER AV","SHAW AV",0.00,,Y,A,-,N,,,,,,,,,,N,2,0,1,2,A,-,11,21950,B,N,G,B,B,A,H,-,C,A,0,Y,,,,Y,,N,60,1,0,0,0,1,0,0,0,0,"- ","- ",,,FRESNO,CLOVIS,-119.68206024169922,36.808525085449219
9599088,2023,2024-01-30,1001,2023-12-14,2118,5840,,4,5,5,1001,0,0,0,,0,006,"TOLLHOUSE AV","FOWLER AV",0.00,,Y,A,-,N,,,,,,,,,,Y,4,0,1,2,A,-,12,21453,A,N,E,I,A,A,H,-,-,A,0,,,,,Y,,D,22,0,0,1,0,0,0,0,0,0,"- ","- ",36.827068328857422,-119.68225860595703,FRESNO,CLOVIS,-119.68206024169922,36.832130432128906
9599871,2023,2023-08-22,1015,2023-07-14,2144,N153,SELMA,5,5,3,1015,0,0,0,,0,N400,"HIGHLAND AV","ROSE AV",0.00,,Y,A,-,N,,,,,,,,,,Y,4,0,1,2,A,-,08,22107,,N,D,C,A,A,H,-,C,D,0,,,,,Y,Y,A,07,0,0,1,0,0,0,0,0,0,"- ","- ",36.568859100341797,-119.62876129150391,FRESNO,SELMA,-119.62877655029297,36.568862915039062
9600247,2023,2023-08-16,1015,2023-07-17,1550,N145,SELMA,1,5,3,1015,0,0,0,,0,N300,"GOLDEN STATE BL","PARK ST",650.00,S,N,A,-,N,,,,,,,,,,N,4,0,1,2,A,-,08,22107,,N,B,C,A,A,H,-,A,D,0,,,,Y,Y,,A,01,0,0,1,0,0,0,0,0,0,"- ","- ",,,FRESNO,SELMA,-119.60511779785156,36.559944152832031
9600251,2023,2023-09-12,1015,2023-07-22,1304,N129,SELMA,6,5,3,1015,0,0,0,,0,N04,"HIGHLAND AV","NEBRASKA AV",0.00,,Y,A,-,N,,,,,,,,,,Y,3,0,5,3,A,-,01,23152,F,N,A,C,A,A,H,-,A,A,0,,,,,Y,,A,07,0,2,3,0,0,0,0,0,0,"- ","- ",,,FRESNO,SELMA,-119.62882232666016,36.561664581298828
9600363,2023,2023-08-07,1001,2023-06-29,"614 ",5687,,4,5,5,1001,0,0,0,,0,002,"HOLLAND AV","PHILLIP AV",115.00,W,N,A,-,N,,,,,,,,,,N,3,0,1,1,A,-,03,22350,,N,E,I,A,A,H,-,A,D,0,,,,Y,Y,,F,26,0,1,0,0,0,0,0,0,0,"- ","- ",36.801231384277344,-119.69573211669922,FRESNO,CLOVIS,-119.69705200195312,36.797039031982422
9600367,2023,2023-08-04,1001,2023-06-20,"540 ",5699,,2,5,5,1001,0,0,0,,0,006,"TEMPERANCE AV","BARSTOW AV",0.00,,Y,A,-,N,,,,,,,,,,Y,4,0,1,2,A,-,12,21453,A,N,D,C,A,A,H,-,B,A,0,,,,Y,Y,,F,86,0,0,1,0,0,0,0,0,0,"- ","- ",36.815658569335938,-119.66393280029297,FRESNO,CLOVIS,-119.66395568847656,36.815662384033203
9600370,2023,2023-08-04,1001,2023-07-07,2146,5771,,5,5,5,1001,0,0,0,,0,008,"N ARMSTRONG AV","HERNDON AV",0.00,,Y,A,-,N,,,,,,,,,,Y,4,0,1,2,D,-,00,,,N,A,C,A,A,H,-,C,A,0,,,,,Y,,-,"- ",0,0,1,0,0,0,0,0,0,"- ","- ",36.837390899658203,-119.67520141601562,FRESNO,CLOVIS,-119.67520904541016,36.83734130859375
9600375,2023,2023-08-16,1001,2023-06-27,"629 ",5055,,2,5,5,1001,0,0,0,,0,001,"WILLOW AV","W ASHLAND AV W",0.00,,Y,A,-,N,,,,,,,,,,Y,4,0,1,2,A,-,12,21453,A,N,D,C,A,A,H,-,A,A,0,,,,,Y,,A,01,0,0,1,0,0,0,0,0,0,"- ","- ",36.794120788574219,-119.72734069824219,FRESNO,CLOVIS,-119.72746276855469,36.794197082519531
9600390,2023,2023-08-04,1001,2023-07-05,"315 ",5881,,3,5,5,1001,0,0,0,,0,006,"BARSTOW AV","AGUA DULCE AV",251.00,W,N,A,-,N,,,,,,,,,,Y,3,0,1,3,A,-,03,22350,,M,F,C,A,A,H,-,C,D,0,,,,,Y,Y,D,22,0,1,0,0,0,0,0,0,0,"- ","- ",36.815338134765625,-119.65628051757812,FRESNO,CLOVIS,-119.63334655761719,36.815357208251953
9600877,2023,2023-08-03,1001,2023-07-06,1451,5784,,4,5,5,1001,0,0,0,,0,008,"RICHMOND AV","DE WOLF AV",0.00,,Y,A,-,N,,,,,,,,,,N,4,0,3,2,A,-,09,21802,A,N,D,C,A,A,H,-,A,A,0,,,,,Y,,A,01,0,0,3,0,0,0,0,0,0,"- ","- ",36.858001708984375,-119.64785766601562,FRESNO,CLOVIS,-119.64797210693359,36.858043670654297
9600972,2023,2023-08-04,1001,2023-06-30,1157,5784,,5,5,5,1001,0,0,0,,0,004,"WEST HERNDON AV","VILLA AV",36.00,W,N,A,-,N,,,,,,,,,,N,4,0,1,2,A,-,03,22350,,N,C,C,A,A,H,-,A,A,0,,,,,Y,,A,01,0,0,1,0,0,0,0,0,0,"- ","- ",36.837570190429688,-119.71367645263672,FRESNO,CLOVIS,-119.71384429931641,36.837528228759766
9600973,2023,2023-08-08,1001,2023-06-27,1043,5784,,2,5,5,1001,0,0,0,,0,007,"W ALLUVIAL AV","HOMSY AV",292.00,W,N,A,-,N,,,,,,,,,,N,4,0,2,2,A,-,03,22350,,N,C,C,A,A,H,-,A,A,0,,,,,Y,,A,01,0,0,2,0,0,0,0,0,0,"- ","- ",36.844768524169922,-119.71604156494141,FRESNO,CLOVIS,-119.71703338623047,36.844776153564453
9600974,2023,2023-08-04,1001,2023-06-26,"230 ",5904,,1,5,5,1001,0,0,0,,0,007,"N PEACH AV","W ALLUVUAL AV",0.00,,Y,A,-,N,,,,,,,,,,Y,4,0,1,2,D,-,00,,,N,D,C,A,A,H,-,C,A,0,,,,,Y,,-,"- ",0,0,1,0,0,0,0,0,0,"- ","- ",36.844799041748047,-119.72016143798828,FRESNO,CLOVIS,-119.72016143798828,36.844802856445312
9601824,2023,2023-09-14,1012,2023-08-25,1524,L136,,5,5,3,1012,0,0,0,,0,,"DEL ALTAIR AV","LINDEN AV",32.00,W,N,A,-,N,,,,,,,,,,N,4,0,1,2,A,-,09,21800,A,N,D,C,A,A,H,-,A,D,0,,,,,Y,,A,01,0,0,1,0,0,0,0,0,0,"- ","- ",36.595161437988281,-119.45143890380859,FRESNO,REEDLEY,-119.44656372070312,36.603271484375
9602046,2023,2023-08-09,1001,2023-07-04,"921 ",5145,,2,5,5,1001,0,0,0,,0,002,"SHAW AV",FOWLER,298.00,W,N,A,-,N,,,,,,,,,,N,3,0,1,2,A,-,05,21650,1,N,D,G,A,A,H,-,A,D,0,,Y,,,Y,,L,04,0,1,0,0,0,0,1,0,0,"- ","- ",36.808601379394531,-119.68196868896484,FRESNO,CLOVIS,-119.68307495117188,36.808521270751953
9602047,2023,2023-08-09,1001,2023-07-01,1254,5867,,6,5,5,1001,0,0,0,,0,005,"MINNEWAWA AV","MALIO DR",0.00,,Y,A,-,N,,,,,,,,,,Y,4,0,2,2,A,-,09,21801,A,N,D,C,A,A,H,-,A,D,0,,,,,Y,,A,08,0,0,2,0,0,0,0,0,0,"- ","- ",36.815738677978516,-119.70899963378906,FRESNO,CLOVIS,-119.70900726318359,36.814868927001953
9602048,2023,2023-08-09,1001,2023-07-02,1725,5823,,7,5,5,1001,0,0,0,,0,008,"HERNDON AV","N COVENTRY AV",0.00,,Y,A,-,N,,,,,,,,,,Y,4,0,1,2,A,-,12,21453,A,N,D,C,A,A,H,-,A,A,0,,,,,Y,,A,01,0,0,1,0,0,0,0,0,0,"- ","- ",36.837440490722656,-119.66043853759766,FRESNO,CLOVIS,-119.66050720214844,36.8372802734375
9602049,2023,2023-08-09,1001,2023-07-18,1850,5841,,2,5,5,1001,0,0,0,,0,003,"LOCAN AV","ASHLAN AV",0.00,,Y,A,-,N,,,,,,,,,,Y,4,0,2,3,A,-,12,21453,A,N,D,C,A,A,H,-,A,A,0,,,,,Y,,A,01,0,0,2,0,0,0,0,0,0,"- ","- ",36.793861389160156,-119.655029296875,FRESNO,CLOVIS,-119.65503692626953,36.793907165527344
9602050,2023,2023-08-09,1001,2023-07-15,1329,5849,,6,5,5,1001,0,0,0,,0,006,"BULLARD AV","TEMPERANCE AV",0.00,,Y,A,-,N,,,,,,,,,,N,4,0,1,2,B,-,22,,,N,C,C,A,A,H,-,A,A,0,,,,,Y,,A,01,0,0,1,0,0,0,0,0,0,"- ","- ",36.822929382324219,-119.663818359375,FRESNO,CLOVIS,-119.66389465332031,36.822887420654297
9602051,2023,2023-08-09,1001,2023-07-14,2015,5733,,5,5,5,1001,0,0,0,,0,006,"WEST BARSTOW AV","N LEONARD AV N",0.00,,Y,A,-,N,,,,,,,,,,N,4,0,1,2,A,-,05,21650,1,N,D,G,A,A,H,-,A,A,0,,Y,,,Y,,L,04,0,0,1,0,0,0,1,0,0,"- ","- ",36.815639495849609,-119.63694763183594,FRESNO,CLOVIS,-119.63698577880859,36.815662384033203
9602057,2023,2023-08-09,1001,2023-07-05,2256,5839,,3,5,5,1001,0,0,0,,0,002,"CLOVIS AV","GETTYSBURG AV",15.00,N,N,A,-,N,,,,,,,,,,N,3,0,1,2,A,-,01,21200,5,N,D,G,A,A,H,-,C,A,0,,Y,,,Y,Y,L,04,0,1,0,0,0,0,1,0,0,"- ","- ",36.801658630371094,-119.70030212402344,FRESNO,CLOVIS,-119.70021057128906,36.801681518554688
9602064,2023,2023-08-08,1001,2023-07-04,2047,5465,,2,5,5,1001,0,0,0,,0,006,"DOUGLAS AV","CYPRESS AV",90.00,E,N,A,-,N,,,,,,,,,,N,4,0,1,1,B,-,22,,,N,E,I,A,A,H,-,C,D,0,,,,,Y,Y,A,01,0,0,1,0,0,0,0,0,0,"- ","- ",36.812648773193359,-119.67433929443359,FRESNO,CLOVIS,,
9602065,2023,2023-08-08,1001,2023-07-10,1256,5904,,1,5,5,1001,0,0,0,,0,005,"N FOWLER AV","HERNDON AV",0.00,,Y,A,-,N,,,,,,,,,,Y,3,0,2,2,A,-,12,21453,A,N,D,C,A,A,H,-,A,A,0,,,,,Y,,A,01,0,1,1,0,0,0,0,0,0,"- ","- ",36.837471008300781,-119.68408966064453,FRESNO,CLOVIS,-119.68416595458984,36.837387084960938
9602066,2023,2023-08-08,1001,2023-07-13,1319,5784,,4,5,5,1001,0,0,0,,0,006,"FOWLER AV","BARSTOW AV",27.00,S,N,A,-,N,,,,,,,,,,N,4,0,2,2,A,-,03,22350,,N,C,C,A,A,H,-,A,A,0,,,,,Y,,A,01,0,0,2,0,0,0,0,0,0,"- ","- ",36.815788269042969,-119.68196105957031,FRESNO,CLOVIS,-119.68209075927734,36.815765380859375
9602704,2023,2023-08-31,1001,2023-06-21,2156,5838,,3,5,5,1001,0,0,0,,0,005,"5TH ST","CLOVIS AV",24.00,W,N,A,-,N,,,,,,,,,,Y,4,0,1,1,A,-,08,22107,,N,E,J,A,A,H,-,C,A,0,,,,,Y,Y,A,08,0,0,1,0,0,0,0,0,0,"- ","- ",36.823928833007812,-119.70065307617188,FRESNO,CLOVIS,-119.70075225830078,36.823951721191406