CASE_ID,ACCIDENT_YEAR,PROC_DATE,JURIS,COLLISION_DATE,COLLISION_TIME,OFFICER_ID,REPORTING_DISTRICT,DAY_OF_WEEK,CHP_SHIFT,POPULATION,CNTY_CITY_LOC,SPECIAL_COND,BEAT_TYPE,CHP_BEAT_TYPE,CITY_DIVISION_LAPD,CHP_BEAT_CLASS,BEAT_NUMBER,PRIMARY_RD,SECONDARY_RD,DISTANCE,DIRECTION,INTERSECTION,WEATHER_1,WEATHER_2,STATE_HWY_IND,CALTRANS_COUNTY,CALTRANS_DISTRICT,STATE_ROUTE,ROUTE_SUFFIX,POSTMILE_PREFIX,POSTMILE,LOCATION_TYPE,RAMP_INTERSECTION,SIDE_OF_HWY,TOW_AWAY,COLLISION_SEVERITY,NUMBER_KILLED,NUMBER_INJURED,PARTY_COUNT,PRIMARY_COLL_FACTOR,PCF_CODE_OF_VIOL,PCF_VIOL_CATEGORY,PCF_VIOLATION,PCF_VIOL_SUBSECTION,HIT_AND_RUN,TYPE_OF_COLLISION,MVIW,PED_ACTION,ROAD_SURFACE,ROAD_COND_1,ROAD_COND_2,LIGHTING,CONTROL_DEVICE,CHP_ROAD_TYPE,PEDESTRIAN_ACCIDENT,BICYCLE_ACCIDENT,MOTORCYCLE_ACCIDENT,TRUCK_ACCIDENT,NOT_PRIVATE_PROPERTY,ALCOHOL_INVOLVED,STWD_VEHTYPE_AT_FAULT,CHP_VEHTYPE_AT_FAULT,COUNT_SEVERE_INJ,COUNT_VISIBLE_INJ,COUNT_COMPLAINT_PAIN,COUNT_PED_KILLED,COUNT_PED_INJURED,COUNT_BICYCLIST_KILLED,COUNT_BICYCLIST_INJURED,COUNT_MC_KILLED,COUNT_MC_INJURED,PRIMARY_RAMP,SECONDARY_RAMP,LATITUDE,LONGITUDE,COUNTY,CITY,POINT_X,POINT_Y
9644303,2023,2023-12-05,1012,2023-09-29,1448,I169,REEDL,5,5,3,1012,0,0,0,,0,L04C,"NORTH AV","REED AV",0.00,,Y,A,-,N,,,,,,,,,,N,4,0,1,2,A,-,09,21803,A,N,B,C,A,A,H,-,A,A,0,,,,,Y,,A,01,0,0,1,0,0,0,0,0,0,"- ","- ",36.592639923095703,-119.46273040771484,FRESNO,REEDLEY,-119.45750427246094,36.600639343261719
9647250,2023,2024-01-18,1013,2023-11-19,1205,M195,SANGE,7,5,3,1013,0,0,0,,0,M03,"NORTH AV","SANGER AV",259.00,E,N,A,-,N,,,,,,,,,,Y,4,0,1,1,A,-,08,22107,,N,E,I,A,A,H,-,A,D,0,,,,,Y,,A,01,0,0,1,0,0,0,0,0,0,"- ","- ",36.677761077880859,-119.55892181396484,FRESNO,SANGER,-119.55555725097656,36.692195892333984
9647451,2023,2023-12-19,1001,2023-11-08,1218,5465,,3,5,5,1001,0,0,0,,0,005,"BARSTOW AV","BROOKHAVEN AV",0.00,,Y,A,-,N,,,,,,,,,,Y,4,0,1,3,A,-,00,21084,A,N,D,C,A,A,H,-,A,A,0,,,,,Y,,A,07,0,0,1,0,0,0,0,0,0,"- ","- ",36.815769195556641,-119.69772338867188,FRESNO,CLOVIS,-119.69771575927734,36.815769195556641
9649025,2023,2024-01-08,1001,2023-11-24,1615,5823,,5,5,5,1001,0,0,0,,0,007,"N LA RUE LN","PRESCOTT AV",0.00,,Y,A,-,N,,,,,,,,,,Y,4,0,1,2,B,-,22,,,N,E,I,A,-,H,-,A,D,0,,,,Y,Y,,F,26,0,0,1,0,0,0,0,0,0,"- ","- ",36.864768981933594,-119.70092010498047,FRESNO,CLOVIS,-119.70091247558594,36.864448547363281
9649168,2023,2023-12-29,1012,2023-11-08,1143,L144,,3,5,3,1012,0,0,0,,0,,"E MANNING AV","S BUTTONWILLOW AV",19.00,E,N,A,-,N,,,,,,,,,,N,4,0,1,2,A,-,03,22350,,N,C,C,A,A,H,-,A,A,0,,,,,Y,,A,01,0,0,1,0,0,0,0,0,0,"- ","- ",,,FRESNO,REEDLEY,-119.43081665039062,36.604099273681641
9649247,2023,2024-02-21,1001,2023-12-05,1548,5867,,2,5,5,1001,0,0,0,,0,003,"LEONARD AV","WOLF PACK LN",0.00,,Y,A,-,N,,,,,,,,,,Y,4,0,2,2,A,-,08,22107,,N,B,C,A,A,H,-,B,D,0,,,,,Y,,A,01,0,0,2,0,0,0,0,0,0,"- ","- ",36.793838500976562,-119.63694763183594,FRESNO,CLOVIS,,
9649248,2023,2024-02-21,1001,2023-12-04,1500,5465,,1,5,5,1001,0,0,0,,0,006,"BARSTOW AV","TEMPERANCE AV",157.00,E,N,A,-,N,,,,,,,,,,Y,4,0,1,2,A,-,03,22350,,N,C,C,A,A,H,-,A,A,0,,,,,Y,,A,01,0,0,1,0,0,0,0,0,0,"- ","- ",36.815670013427734,-119.663818359375,FRESNO,CLOVIS,-119.66342163085938,36.815666198730469
9649250,2023,2024-02-21,1001,2023-12-11,1334,5465,,1,5,5,1001,0,0,0,,0,,"PEACH AV","ASHLAN AV",837.00,S,N,A,-,N,,,,,,,,,,N,4,0,1,3,A,-,22,23123,A,N,C,C,A,A,H,-,A,A,0,,,,,Y,,A,07,0,0,1,0,0,0,0,0,0,"- ","- ",36.794029235839844,-119.71814727783203,FRESNO,CLOVIS,-119.71816253662109,36.793991088867188
9649251,2023,2024-02-21,1001,2023-12-11,1657,5841,,1,5,5,1001,0,0,0,,0,006,"SHAW AV","BURL AV",0.00,,Y,A,-,N,,,,,,,,,,Y,3,0,2,2,A,-,09,21801,A,N,D,C,A,A,H,-,C,D,0,,,,,Y,,A,07,0,1,1,0,0,0,0,0,0,"- ","- ",36.808551788330078,-119.67301177978516,FRESNO,CLOVIS,-119.67604827880859,36.808650970458984
9649594,2023,2024-01-11,1001,2023-11-25,"939 ",5896,,6,5,5,1001,0,0,0,,0,002,"ARMSTRONG AV","CYPRESS AV",0.00,,Y,A,-,N,,,,,,,,,,N,3,0,1,2,A,-,09,21801,A,M,A,C,A,A,H,-,A,D,0,,,,,Y,Y,A,01,0,1,0,0,0,0,0,0,0,"- ","- ",36.793918609619141,-119.67308044433594,FRESNO,CLOVIS,-119.67446899414062,36.835319519042969
9649595,2023,2024-01-08,1001,2023-11-28,"831 ",5465,,2,5,5,1001,0,0,0,,0,007,"SHEPHERD AV","NORTH MINNEWAWA AV",480.00,W,N,A,-,N,,,,,,,,,,N,4,0,1,2,A,-,03,22350,,N,C,C,A,A,H,-,A,A,0,,,,,Y,,A,01,0,0,1,0,0,0,0,0,0,"- ","- ",36.866630554199219,-119.71109771728516,FRESNO,CLOVIS,-119.71283721923828,36.866584777832031
9649862,2023,2024-02-16,1001,2023-12-07,"812 ",5723,,4,5,5,1001,0,0,0,,0,004,"WEST BARSTOW AV",ALDER,72.00,E,N,A,-,N,,,,,,,,,,N,4,0,1,3,A,-,08,22107,,N,D,C,A,A,H,-,A,A,0,,,,,Y,,A,01,0,0,1,0,0,0,0,0,0,"- ","- ",36.815528869628906,-118.72303771972656,FRESNO,CLOVIS,-119.7230224609375,36.815753936767578
9650215,2023,2024-01-16,1013,2023-11-13,1547,M158,M350,1,5,3,1013,0,0,0,,0,M03,"ACADEMY AV","ANNADALE AV",8.00,S,N,A,-,N,,,,,,,,,,N,3,0,2,3,A,-,17,21451,A,N,G,B,B,A,H,-,A,A,0,Y,,,,Y,,D,22,0,1,1,0,2,0,0,0,0,"- ","- ",36.699428558349609,-119.55410766601562,FRESNO,SANGER,-119.55427551269531,36.699466705322266
9650307,2023,2024-02-23,1013,2023-12-21,"616 ",M177,SANGE,4,5,3,1013,0,0,0,,0,M01,"JENSEN AV","BETHEL AV",0.00,,Y,A,-,N,,,,,,,,,,Y,3,0,1,1,A,-,08,22100,B,N,E,I,A,B,H,-,C,A,0,,,,,Y,,A,07,0,1,0,0,0,0,0,0,0,"- ","- ",,,FRESNO,SANGER,-119.57427215576172,36.706771850585938
9650315,2023,2024-02-23,1013,2023-12-08,1533,M190,M280,5,5,3,1013,0,0,0,,0,M02,"QUIALITY AV","7TH ST",100.00,N,N,A,-,N,,,,,,,,,,N,4,0,1,3,A,-,08,22107,,N,C,E,A,A,H,-,A,D,0,,,,,Y,,A,01,0,0,1,0,0,0,0,0,0,"- ","- ",36.707588195800781,-119.54344940185547,FRESNO,SANGER,-119.54364776611328,36.707828521728516
9650317,2023,2024-02-23,1013,2023-12-01,1807,M180,M175,5,5,3,1013,0,0,0,,0,M01,"5TH ST",WEST,104.00,W,N,A,-,N,,,,,,,,,,Y,4,0,2,2,A,-,05,21650,,N,A,C,A,A,H,-,D,D,0,,,,,Y,,A,07,0,0,2,0,0,0,0,0,0,"- ","- ",36.708789825439453,-119.56146240234375,FRESNO,SANGER,-119.56146240234375,36.708606719970703
9650318,2023,2024-02-23,1013,2023-12-06,1521,M158,M170,3,5,3,1013,0,0,0,,0,M01,"BETHEL AV","5TH ST",17.00,S,N,A,-,N,,,,,,,,,,Y,4,0,2,2,A,-,04,21703,,N,C,C,A,A,H,-,A,A,0,,,,,Y,,A,01,0,0,2,0,0,0,0,0,0,"- ","- ",,,FRESNO,SANGER,-119.57424926757812,36.708343505859375
9650489,2023,2024-02-23,1001,2023-12-18,"914 ",5465,,1,5,5,1001,0,0,0,,0,008,"OWENS MOUNTAIN PKWY","RT 168",0.00,,Y,B,C,Y,FRE,6,168,-,R,10.595,I,5,W,Y,4,0,1,2,A,-,12,21453,A,N,D,C,A,B,A,H,A,A,0,,,,,Y,,D,22,0,0,1,0,0,0,0,0,0,"- ","- ",36.854709625244141,-119.64321136474609,FRESNO,CLOVIS,-119.6431884765625,36.854759216308594
9650505,2023,2024-02-15,1001,2023-12-14,1439,5784,,4,5,5,1001,0,0,0,,0,006,"SHAW AV","LA CANADA AV",0.00,,Y,A,-,N,,,,,,,,,,N,4,0,1,2,A,-,09,21801,A,N,D,C,A,A,H,-,A,D,0,,,,,Y,,D,22,0,0,1,0,0,0,0,0,0,"- ","- ",36.808319091796875,-119.62886047363281,FRESNO,CLOVIS,-119.63137054443359,36.808036804199219
9650509,2023,2024-02-15,1001,2023-12-15,"909 ",5784,,5,5,5,1001,0,0,0,,0,006,"SHAW AV","CARSON AV",0.00,,Y,A,-,N,,,,,,,,,,N,4,0,1,2,A,-,12,22450,A,N,G,B,B,A,H,-,A,A,0,Y,,,,Y,,D,22,0,0,1,0,1,0,0,0,0,"- ","- ",36.808399200439453,-119.65941619873047,FRESNO,CLOVIS,-119.65940856933594,36.808559417724609
9650513,2023,2024-02-06,1001,2023-12-15,1048,5784,,5,5,5,1001,0,0,0,,0,004,"BULLARD AV","VILLA AV",216.00,W,N,A,-,N,,,,,,,,,,N,4,0,2,2,A,-,03,22350,,N,C,C,A,A,H,-,A,A,0,,,,Y,Y,,F,25,0,0,2,0,0,0,0,0,0,"- ","- ",36.823009490966797,-119.71340179443359,FRESNO,CLOVIS,-119.71413421630859,36.822956085205078
9650615,2023,2024-02-08,1001,2023-12-25,1801,5877,,1,5,5,1001,0,0,0,,0,006,"SHAW AV",FOWLER,95.00,W,N,A,-,N,,,,,,,,,,Y,4,0,1,3,A,-,09,21453,B,N,B,C,A,A,H,-,C,A,0,,,,,Y,,A,01,0,0,1,0,0,0,0,0,0,"- ","- ",36.808601379394531,-119.68196868896484,FRESNO,CLOVIS,-119.68238067626953,36.808521270751953
9650616,2023,2024-02-08,1001,2023-12-17,1804,5924,,7,5,5,1001,0,0,0,,0,002,"GETTYSBURG AV","FOWLER AV",0.00,,Y,A,-,N,,,,,,,,,,N,4,0,1,2,A,-,03,22350,1,M,C,C,A,A,H,-,C,A,0,,,,,Y,,-,99,0,0,1,0,0,0,0,0,0,"- ","- ",36.801239013671875,-119.68212127685547,FRESNO,CLOVIS,-119.68221282958984,36.801242828369141
9650617,2023,2024-02-08,1001,2023-12-13,1605,5784,,3,5,5,1001,0,0,0,,0,002,"NORTH CLOVIS AV","SAGINAW WY",35.00,N,N,A,-,N,,,,,,,,,,Y,4,0,1,2,A,-,09,21801,A,N,C,C,A,A,H,-,A,D,0,,,Y,,Y,,A,01,0,0,1,0,0,0,0,0,1,"- ","- ",36.793170928955078,-119.70041656494141,FRESNO,CLOVIS,-119.70054626464844,36.789604187011719
9650618,2023,2024-02-08,1001,2023-12-02,1819,5886,,6,5,5,1001,0,0,0,,0,006,"TOLLHOUSE AV","1ST ST",0.00,,Y,A,-,N,,,,,,,,,,N,4,0,1,2,A,-,01,23152,A,N,C,C,A,A,H,-,C,D,0,,,,,Y,,A,01,0,0,1,0,0,0,0,0,0,"- ","- ",36.828590393066406,-119.68818664550781,FRESNO,CLOVIS,-119.68722534179688,36.829071044921875
9650620,2023,2024-02-08,1001,2023-12-16,1137,5784,,6,5,5,1001,0,0,0,,0,005,"NORTH CLOVIS AV","PALO ALTO AV",0.00,,Y,A,-,N,,,,,,,,,,N,4,0,1,2,A,-,05,21650,1,N,D,G,A,A,H,-,A,A,0,,Y,,,Y,,L,04,0,0,1,0,0,0,1,0,0,"- ","- ",36.833911895751953,-119.70002746582031,FRESNO,CLOVIS,-119.70011901855469,36.833904266357422
9650668,2023,2024-01-17,1001,2023-07-23,1451,5824,,7,5,5,1001,0,0,0,,0,004,"S VILLA AV",SHAW,658.00,N,N,A,-,N,,,,,,,,,,Y,3,0,1,2,A,-,09,21804,A,N,D,C,A,A,H,-,A,D,0,,,,,Y,,A,01,0,1,0,0,0,0,0,0,0,"- ","- ",36.810710906982422,-119.71315002441406,FRESNO,CLOVIS,-119.71363830566406,36.810226440429688
9651268,2023,2024-02-16,1015,2023-12-15,"815 ",N154,SELMA,5,5,3,1015,0,0,0,,0,N400,"2ND ST","WHITSON ST",0.00,,Y,A,-,N,,,,,,,,,,N,4,0,1,2,A,-,21,22106,,N,C,C,A,A,H,-,A,A,0,,,,,Y,,D,22,0,0,1,0,0,0,0,0,0,"- ","- ",,,FRESNO,SELMA,-119.61320495605469,36.565765380859375
9653294,2023,2024-01-27,1001,2023-11-20,"857 ",5687,,1,5,5,1001,0,0,0,,0,002,"SHAW AV","CLOVIS AV",286.00,W,N,A,-,N,,,,,,,,,,N,4,0,1,2,D,-,00,,,N,G,B,D,A,H,-,A,D,0,Y,,,,Y,,-,"- ",0,0,1,0,1,0,0,0,0,"- ","- ",36.807521820068359,-119.70105743408203,FRESNO,CLOVIS,-119.70140838623047,36.808429718017578
9653304,2023,2024-01-05,1001,2023-11-17,1243,5897,,5,5,5,1001,0,0,0,,0,005,"POLLASKY AV","5TH ST",0.00,,Y,A,-,N,,,,,,,,,,N,4,0,1,2,A,-,10,21950,A,N,G,B,B,A,H,-,-,A,0,Y,,,,Y,,A,01,0,0,1,0,1,0,0,0,0,"- ","- ",36.823928833007812,-119.70200347900391,FRESNO,CLOVIS,-119.70199584960938,36.823951721191406
9653308,2023,2024-01-05,1001,2023-11-26,"900 ",5700,,7,5,5,1001,0,0,0,,0,002,"SHAW AV","FOWLER AV",0.00,,Y,A,-,N,,,,,,,,,,Y,4,0,1,3,A,-,12,21453,A,N,D,C,A,A,H,-,A,A,0,,,,,Y,,A,01,0,0,1,0,0,0,0,0,0,"- ","- ",36.808601379394531,-119.68196868896484,FRESNO,CLOVIS,-119.68206024169922,36.808525085449219
9653311,2023,2024-01-05,1001,2023-11-25,1856,5817,,6,5,5,1001,0,0,0,,0,005,"SIERRA AV","CLOVIS AV",23.00,W,N,A,-,N,,,,,,,,,,Y,4,0,1,2,A,-,12,21453,A,N,D,C,A,A,A,-,B,A,0,,,Y,,Y,,A,01,0,0,1,0,0,0,0,0,1,"- ","- ",36.830371856689453,-119.70018768310547,FRESNO,CLOVIS,-119.70037841796875,36.830387115478516
9653491,2023,2024-03-05,1015,2023-12-21,1939,N079,SELMA,4,5,3,1015,0,0,0,,0,N100,"FLORAL AV","THOMPSON AV",0.00,,Y,A,-,N,,,,,,,,,,Y,3,0,1,3,A,-,12,21453,A,N,D,C,A,A,H,-,C,A,0,,,,,Y,,A,01,0,1,0,0,0,0,0,0,0,"- ","- ",36.576240539550781,-119.61974334716797,FRESNO,SELMA,-119.61968231201172,36.576271057128906
9653501,2023,2024-02-26,1001,2023-12-03,1534,5823,,7,5,5,1001,0,0,0,,0,004,"N WILLOW AV","HERNDON AV",17.00,S,N,A,-,N,,,,,,,,,,N,4,0,2,2,A,-,03,22350,,N,C,C,A,A,H,-,A,A,0,,,,,Y,,A,01,0,0,2,0,0,0,0,0,0,"- ","- ",36.837589263916016,-119.72956848144531,FRESNO,CLOVIS,-119.72946929931641,36.837493896484375
9656339,2023,2024-04-04,1001,2023-11-30,"915 ",5465,,4,5,5,1001,0,0,0,,0,008,"HERNDON AV","ARMSTRONG AV",514.00,E,N,A,-,N,,,,,,,,,,Y,4,0,2,3,A,-,03,22350,,N,C,C,A,A,H,-,A,A,0,,,,,Y,,A,01,0,0,2,0,0,0,0,0,0,"- ","- ",36.837028503417969,-119.6739501953125,FRESNO,CLOVIS,-119.67345428466797,36.837303161621094
9656527,2023,2024-02-16,1009,2023-10-06,1828,R109,MENDO,5,5,2,1009,0,0,0,,0,0ME,"LOZANO ST","RT 33",0.00,,Y,A,-,Y,FRE,6,33,-,R,62.702,I,5,N,N,3,0,1,2,A,-,08,22107,,N,A,C,A,A,H,-,B,D,0,,,,,Y,,A,01,0,1,0,0,0,0,0,0,0,"- ","- ",,,FRESNO,MENDOTA,-120.38917541503906,36.767120361328125
9656684,2023,2024-01-25,1001,2023-12-30,1236,5849,,6,5,5,1001,0,0,0,,0,006,"LA CANADA AVE","E SHAW AVE E",0.00,,Y,B,C,N,,,,,,,,,,Y,4,0,4,2,A,-,08,22107,,N,D,C,A,B,C,-,A,D,0,,,,,Y,,A,07,0,0,4,0,0,0,0,0,0,"- ","- ",36.80828857421875,-119.63096618652344,FRESNO,CLOVIS,-119.63137054443359,36.808036804199219
9657365,2023,2024-02-14,1008,2023-11-18,1116,J264,,6,5,2,1008,0,0,0,,0,,"SIERRA ST","MARION ST",0.00,,Y,A,-,N,,,,,,,,,,Y,4,0,1,3,A,-,12,21453,A,N,D,C,A,A,H,-,A,A,0,,,,,Y,,A,01,0,0,1,0,0,0,0,0,0,"- ","- ",,,FRESNO,KINGSBURG,-119.55635833740234,36.517932891845703
9657373,2023,2024-02-28,1008,2023-11-20,"950 ",J264,,1,5,2,1008,0,0,0,,0,,"BETHEL AV","MOUNTAIN VIEW AV",1183.00,S,N,A,-,N,,,,,,,,,,Y,3,0,1,1,A,-,08,22107,,N,F,A,A,A,H,-,A,D,0,,,,Y,Y,,G,25,0,1,0,0,0,0,0,0,0,"- ","- ",,,FRESNO,KINGSBURG,-119.57518768310547,36.543514251708984
9657849,2024,2024-06-21,1012,2024-01-04,1718,L131,REEDL,4,5,3,1012,0,0,0,,0,05B,"DINUBA AV","CAROLYN LN",39.00,E,N,A,-,N,,,,,,,,,,N,3,0,1,2,A,-,11,21954,A,F,G,B,D,A,H,-,D,D,0,Y,,,,Y,Y,N,60,0,1,0,0,1,0,0,0,0,"- ","- ",,,FRESNO,REEDLEY,-119.43314361572266,36.589649200439453
9658098,2023,2024-03-07,1012,2023-12-22,1815,L059,REEDL,5,5,3,1012,0,0,0,,0,,"NORTH AV","MAGNOLIA AV",24.00,E,N,A,-,N,,,,,,,,,,Y,3,0,1,2,A,-,01,23153,A,N,C,E,A,A,H,-,C,D,0,,,,,Y,Y,-,"- ",0,1,0,0,0,0,0,0,0,"- ","- ",36.592350006103516,-119.4439697265625,FRESNO,REEDLEY,-119.43889617919922,36.600528717041016
9658099,2023,2024-02-29,1012,2023-12-24,1334,L154,REEDL,7,5,3,1012,0,0,0,,0,,"W OLSEN AV","S REED AV",20.00,N,N,A,-,N,,,,,,,,,,Y,4,0,1,2,A,-,12,22450,A,N,D,C,A,A,H,-,A,A,0,,,,,Y,,A,01,0,0,1,0,0,0,0,0,0,"- ","- ",,,FRESNO,REEDLEY,-119.45773315429688,36.584419250488281
9658121,2024,2024-03-13,1012,2024-01-05,"800 ",I169,REEDL,5,5,3,1012,0,0,0,,0,L03C,"MAPLE DR","BEECHWOOD AV",0.00,,Y,A,-,N,,,,,,,,,,N,3,0,1,2,A,-,11,21954,A,N,G,B,E,A,H,-,A,A,0,Y,,,,Y,,N,60,0,1,0,0,1,0,0,0,0,"- ","- ",36.585208892822266,-119.46916961669922,FRESNO,REEDLEY,-119.46403503417969,36.593368530273438
9658267,2024,2024-02-29,1015,2024-01-26,"809 ",N085,SELMA,5,5,3,1015,0,0,0,,0,N200,"DOCKERY AVE","NORTHHILL ST",0.00,,Y,A,-,N,,,,,,,,,,Y,4,0,1,2,A,-,09,21801,A,N,B,C,A,A,H,-,A,D,0,,,,,Y,,A,01,0,0,1,0,0,0,0,0,0,"- ","- ",36.586711883544922,-119.60189819335938,FRESNO,SELMA,-119.60194396972656,36.586711883544922
9658559,2024,2024-03-20,1013,2024-01-14,1401,M158,M250,7,5,3,1013,0,0,0,,0,M02,"O ST","CHURCH AV",412.00,S,N,A,-,N,,,,,,,,,,N,3,0,1,1,A,-,01,23152,,N,E,I,A,A,H,-,A,D,0,,,,,Y,Y,A,01,0,1,0,0,0,0,0,0,0,"- ","- ",,,FRESNO,SANGER,-119.55957794189453,36.712890625
9658691,2024,2024-03-20,1013,2024-01-18,1751,M190,M130,4,5,3,1013,0,0,0,,0,M01,"CHURCH AV","BETHEL AV",16.00,E,N,A,-,N,,,,,,,,,,N,3,0,1,2,A,-,08,22100,B,N,B,C,A,A,H,-,C,A,0,,,,,Y,,A,01,0,1,0,0,0,0,0,0,0,"- ","- ",36.713920593261719,-119.57425689697266,FRESNO,SANGER,-119.57411193847656,36.713977813720703
9658737,2024,2024-06-26,1013,2024-01-17,1034,M144,SANGE,3,5,3,1013,0,0,0,,0,M03,"NEWMARK AV","NORTH AV",0.00,,Y,A,-,N,,,,,,,,,,Y,4,0,1,2,A,-,09,21802,A,N,D,C,A,A,H,-,A,D,0,,,,Y,Y,,A,07,0,0,1,0,0,0,0,0,0,"- ","- ",,,FRESNO,SANGER,-119.54277801513672,36.692287445068359
9661761,2024,2024-03-13,1012,2024-01-04,1451,I169,REEDL,4,5,3,1012,0,0,0,,0,L05D,"MANNING AV","11TH ST",0.00,,Y,A,-,N,,,,,,,,,,N,4,0,1,2,A,-,09,21800,A,N,D,C,A,A,D,-,A,B,0,,,,,Y,,A,01,0,0,1,0,0,0,0,0,0,"- ","- ",,,FRESNO,REEDLEY,-119.43981170654297,36.604152679443359
9662002,2024,2024-04-09,1001,2024-01-09,"817 ",5465,,2,5,5,1001,0,0,0,,0,,"HERNDON AV","DEWITT AV",0.00,,Y,A,-,N,,,,,,,,,,Y,4,0,1,2,A,-,12,21453,A,N,D,C,A,A,H,-,A,A,0,,,,,Y,,A,07,0,0,1,0,0,0,0,0,0,"- ","- ",36.837291717529297,-119.70675659179688,FRESNO,CLOVIS,-119.70675659179688,36.837306976318359
9662003,2024,2024-04-04,1001,2024-01-10,1537,5784,,3,5,5,1001,0,0,0,,0,004,"MINNEWAWA AV","9TH ST",156.00,N,N,B,-,N,,,,,,,,,,N,4,0,1,2,A,-,08,22107,,N,B,C,A,A,H,-,A,A,0,,,,,Y,,A,01,0,0,1,0,0,0,0,0,0,"- ","- ",36.818679809570312,-119.70896911621094,FRESNO,CLOVIS,-119.70895385742188,36.819797515869141
9662064,2024,2024-04-04,1001,2024-01-12,1359,5784,,5,5,5,1001,0,0,0,,0,004,"VILLA AV","SAN JOSE AV",0.00,,Y,B,-,N,,,,,,,,,,N,4,0,1,2,A,-,09,21802,A,N,D,C,A,A,H,-,A,A,0,,,,,Y,,A,07,0,0,1,0,0,0,0,0,0,"- ","- ",36.812118530273438,-119.70906066894531,FRESNO,CLOVIS,-119.71360778808594,36.812141418457031
9662068,2024,2024-04-05,1001,2024-01-10,1117,5465,,3,5,5,1001,0,0,0,,0,006,"SIERRA AV","ARMSTRONG AV",0.00,,Y,A,-,N,,,,,,,,,,Y,4,0,2,2,A,-,12,22450,A,N,D,C,A,A,H,-,A,A,0,,,,,Y,,A,01,0,0,2,0,0,0,0,0,0,"- ","- ",36.830230712890625,-119.67298126220703,FRESNO,CLOVIS,-119.67298126220703,36.830230712890625
9662464,2024,2024-03-27,1001,2024-01-05,1925,5926,,5,5,5,1001,0,0,0,,0,005,"S CLOVIS AV",SHAW,45.00,N,N,A,-,N,,,,,,,,,,Y,4,0,1,3,A,-,01,23152,A,N,C,C,A,A,H,-,C,A,0,,,,,Y,Y,A,01,0,0,1,0,0,0,0,0,0,"- ","- ",36.808399200439453,-119.70036315917969,FRESNO,CLOVIS,-119.70043182373047,36.808551788330078
9665625,2024,2024-07-24,1001,2024-02-22,"747 ",5916,,4,5,5,1001,0,0,0,,0,003,"LOCAN AV","ASHLAN AV",0.00,,Y,A,-,N,,,,,,,,,,N,4,0,1,2,A,-,03,22350,,N,H,G,A,A,H,-,A,A,0,,Y,,,Y,,M,91,0,0,1,0,0,0,1,0,0,"- ","- ",36.793849945068359,-119.65503692626953,FRESNO,CLOVIS,-119.65503692626953,36.793907165527344
9665626,2024,2024-07-24,1001,2024-02-29,1651,5902,,4,5,5,1001,0,0,0,,0,007,"N ORANGEWOOD AV","W LOYLA AV W",0.00,,Y,A,-,N,,,,,,,,,,N,3,0,1,2,A,-,10,21950,A,N,H,G,A,A,H,-,A,D,0,,Y,,,Y,,A,01,0,1,0,0,0,0,1,0,0,"- ","- ",36.862800598144531,-119.17366027832031,FRESNO,CLOVIS,-119.71391296386719,36.862369537353516
9665876,2024,2024-06-21,1008,2024-01-18,2303,J215,,4,5,2,1008,0,0,0,,0,,"SIMPSON ST","STROUD ST",885.00,S,N,F,-,N,,,,,,,,,,Y,4,0,1,1,A,-,08,22107,,N,E,I,A,B,H,-,C,D,0,,,,,Y,Y,A,01,0,0,1,0,0,0,0,0,0,"- ","- ",,,FRESNO,KINGSBURG,,
9666546,2024,2024-03-14,1001,2024-01-25,"405 ",5839,,4,5,5,1001,0,0,0,,0,002,"CRESCENT AV","GETTYSBURG AV",43.00,E,N,A,-,N,,,,,,,,,,Y,4,0,2,1,A,-,03,22350,,M,E,I,A,A,H,-,D,D,0,,,,,Y,,A,07,0,0,2,0,0,0,0,0,0,"- ","- ",36.803398132324219,-119.72270202636719,FRESNO,CLOVIS,-119.70366668701172,36.801239013671875
9666550,2024,2024-03-14,1001,2024-01-22,1507,5465,,1,5,5,1001,0,0,0,,0,006,"ARMSTRONG AV","HERNDON AV",201.00,S,N,B,-,N,,,,,,,,,,N,4,0,1,2,A,-,09,21804,A,N,D,C,A,B,H,-,A,A,0,,,,,Y,,-,,0,0,1,0,0,0,0,0,0,"- ","- ",36.836029052734375,-119.67501831054688,FRESNO,CLOVIS,-119.67521667480469,36.836788177490234
9666554,2024,2024-03-14,1001,2024-01-22,1343,5465,,1,5,5,1001,0,0,0,,0,005,"SANTA ANA AV","CLOVIS AV",0.00,,Y,A,-,N,,,,,,,,,,Y,3,0,1,1,A,-,03,22350,I,N,E,I,A,B,H,-,C,A,0,,,,,Y,,A,01,0,1,0,0,0,0,0,0,0,"- ","- ",36.804878234863281,-119.70053863525391,FRESNO,CLOVIS,-119.70053863525391,36.804878234863281
9666558,2024,2024-03-14,1001,2024-01-20,2235,5862,,6,5,5,1001,0,0,0,,0,005,SUNNYSIDE,"BARSTOW AV",0.00,,Y,C,-,N,,,,,,,,,,Y,4,0,1,2,A,-,01,23152,A,N,D,C,A,B,H,-,C,A,0,,,,,Y,Y,A,01,0,0,1,0,0,0,0,0,0,"- ","- ",36.815761566162109,-119.69097137451172,FRESNO,CLOVIS,-119.69097137451172,36.815761566162109
9666688,2024,2024-03-26,1001,2024-01-19,1732,5504,,5,5,5,1001,0,0,0,,0,003,"ARMSTRONG AV",SHAW,28.00,S,N,A,-,N,,,,,,,,,,N,4,0,1,2,A,-,04,21703,,N,C,C,A,A,H,-,C,A,0,,,,,Y,,D,22,0,0,1,0,0,0,0,0,0,"- ","- ",36.808479309082031,-119.67301940917969,FRESNO,CLOVIS,-119.67301940917969,36.808403015136719