CASE_ID,ACCIDENT_YEAR,PROC_DATE,JURIS,COLLISION_DATE,COLLISION_TIME,OFFICER_ID,REPORTING_DISTRICT,DAY_OF_WEEK,CHP_SHIFT,POPULATION,CNTY_CITY_LOC,SPECIAL_COND,BEAT_TYPE,CHP_BEAT_TYPE,CITY_DIVISION_LAPD,CHP_BEAT_CLASS,BEAT_NUMBER,PRIMARY_RD,SECONDARY_RD,DISTANCE,DIRECTION,INTERSECTION,WEATHER_1,WEATHER_2,STATE_HWY_IND,CALTRANS_COUNTY,CALTRANS_DISTRICT,STATE_ROUTE,ROUTE_SUFFIX,POSTMILE_PREFIX,POSTMILE,LOCATION_TYPE,RAMP_INTERSECTION,SIDE_OF_HWY,TOW_AWAY,COLLISION_SEVERITY,NUMBER_KILLED,NUMBER_INJURED,PARTY_COUNT,PRIMARY_COLL_FACTOR,PCF_CODE_OF_VIOL,PCF_VIOL_CATEGORY,PCF_VIOLATION,PCF_VIOL_SUBSECTION,HIT_AND_RUN,TYPE_OF_COLLISION,MVIW,PED_ACTION,ROAD_SURFACE,ROAD_COND_1,ROAD_COND_2,LIGHTING,CONTROL_DEVICE,CHP_ROAD_TYPE,PEDESTRIAN_ACCIDENT,BICYCLE_ACCIDENT,MOTORCYCLE_ACCIDENT,TRUCK_ACCIDENT,NOT_PRIVATE_PROPERTY,ALCOHOL_INVOLVED,STWD_VEHTYPE_AT_FAULT,CHP_VEHTYPE_AT_FAULT,COUNT_SEVERE_INJ,COUNT_VISIBLE_INJ,COUNT_COMPLAINT_PAIN,COUNT_PED_KILLED,COUNT_PED_INJURED,COUNT_BICYCLIST_KILLED,COUNT_BICYCLIST_INJURED,COUNT_MC_KILLED,COUNT_MC_INJURED,PRIMARY_RAMP,SECONDARY_RAMP,LATITUDE,LONGITUDE,COUNTY,CITY,POINT_X,POINT_Y
9685145,2024,2024-06-04,1015,2024-04-28,1806,N136,,7,5,3,1015,0,0,0,,0,,"NEBRASKA AV","WILSON ST",9.00,W,N,A,-,N,,,,,,,,,,N,4,0,1,2,A,-,21,22106,,N,B,C,A,A,H,-,A,A,0,,,,,Y,,A,01,0,0,1,0,0,0,0,0,0,"- ","- ",36.561630249023438,-119.61665344238281,FRESNO,SELMA,-119.61636352539062,36.561630249023438
9685205,2024,2024-06-26,1015,2024-04-23,1844,N136,,2,5,3,1015,0,0,0,,0,,"DINUBA AV","GOLDEN STATE BL",500.00,W,N,A,-,N,,,,,,,,,,N,3,0,1,2,A,-,03,22350,,N,C,E,A,A,H,-,A,A,0,,,,,Y,,A,01,0,1,0,0,0,0,0,0,0,"- ","- ",,,FRESNO,SELMA,-119.64015197753906,36.590618133544922
9685206,2024,2024-06-26,1015,2024-04-21,1740,N144,SELMA,7,5,3,1015,0,0,0,,0,0N1,"WHITSON ST","FLORAL AV",0.00,,Y,A,-,N,,,,,,,,,,N,3,0,2,2,A,-,12,21453,A,N,D,C,A,A,H,-,A,A,0,,,,,Y,,D,23,0,1,1,0,0,0,0,0,0,"- ","- ",36.576000213623047,-119.62400054931641,FRESNO,SELMA,-119.62474822998047,36.576297760009766
9685332,2024,2024-04-29,1013,2024-01-30,1830,M158,M240,2,5,3,1013,0,0,0,,0,M02,"5TH ST","O ST",0.00,,Y,A,-,N,,,,,,,,,,N,4,0,1,2,A,-,09,21802,B,N,D,G,A,A,H,-,D,A,0,,Y,,,Y,Y,L,04,0,0,1,0,0,0,1,0,0,"- ","- ",,,FRESNO,SANGER,-119.55916595458984,36.708786010742188
9685402,2024,2024-06-20,1001,2024-04-10,2243,5855,,3,5,5,1001,0,0,0,,0,008,"FOWLER AV","HERNDON AV",0.00,,Y,A,-,N,,,,,,,,,,Y,4,0,1,2,A,-,01,23152,A,N,D,C,A,A,H,-,C,A,0,,,,,Y,Y,A,01,0,0,1,0,0,0,0,0,0,"- ","- ",36.837471008300781,-119.68408966064453,FRESNO,CLOVIS,-119.68416595458984,36.837387084960938
9685427,2024,2024-07-18,1001,2024-05-07,1518,5775,,2,5,5,1001,0,0,0,,0,006,"BARSTOW AV","COUGAR LN",9.00,E,N,A,-,N,,,,,,,,,,Y,4,0,1,2,A,-,09,21804,A,N,D,C,A,A,H,-,A,D,0,,,,,Y,,A,01,0,0,1,0,0,0,0,0,0,"- ","- ",36.815788269042969,-119.68196105957031,FRESNO,CLOVIS,-119.68068695068359,36.815799713134766
9685466,2024,2024-07-15,1001,2024-05-09,1809,5775,,4,5,5,1001,0,0,0,,0,001,"W ASHLAN AVE","WINERY AVE",550.00,E,N,A,-,N,,,,,,,,,,Y,4,0,4,2,A,-,03,22350,,N,C,C,A,A,H,-,A,D,0,,,,,Y,,A,01,0,0,4,0,0,0,0,0,0,"- ","- ",36.794189453125,-119.72743988037109,FRESNO,CLOVIS,-119.72979736328125,36.794116973876953
9685682,2024,2024-07-09,1015,2024-05-18,1713,N140,SELMA,6,5,3,1015,0,0,0,,0,B01,"FLORAL AV","WEST DRIVEWAY OF WALMART",211.00,E,N,A,-,N,,,,,,,,,,N,4,0,1,2,A,-,00,22110,A,N,B,C,A,A,H,-,A,D,0,,,,,Y,,A,01,0,0,1,0,0,0,0,0,0,"- ","- ",,,FRESNO,SELMA,-119.82614898681641,36.576160430908203
9685800,2024,2024-07-02,1015,2024-05-20,1444,N140,SELMA,1,5,3,1015,0,0,0,,0,B02,"3RD ST","BAUDER ST",0.00,,Y,A,-,N,,,,,,,,,,N,3,0,2,2,A,-,09,21800,A,N,D,C,A,A,H,-,A,D,0,,,,,Y,,A,01,0,1,1,0,0,0,0,0,0,"- ","- ",,,FRESNO,SELMA,-119.61540222167969,36.562149047851562
9686000,2024,2024-07-09,1015,2024-05-31,1127,N144,SELMA,5,5,3,1015,0,0,0,,0,0B4,"NEBRASKA AV","VAN HORN ST",0.00,,Y,A,-,N,,,,,,,,,,N,4,0,1,2,A,-,09,21802,A,N,B,C,A,A,H,-,A,A,0,,,,,Y,,A,01,0,0,1,0,0,0,0,0,0,"- ","- ",36.561599731445312,-119.61599731445312,FRESNO,SELMA,-119.61669158935547,36.561626434326172
9686035,2024,2024-08-12,1012,2024-05-12,1837,L193,REEDL,7,5,3,1012,0,0,0,,0,L04C,"REED AV","NORTH AVE",0.00,,Y,A,-,N,,,,,,,,,,N,3,0,1,2,A,-,06,21755,,N,B,G,A,A,H,-,A,A,0,,Y,,,Y,,D,22,0,1,0,0,0,0,1,0,0,"- ","- ",36.600830078125,-119.45770263671875,FRESNO,REEDLEY,-119.45750427246094,36.600639343261719
9686204,2024,2024-07-24,1001,2024-05-22,1625,5937,,3,5,5,1001,0,0,0,,0,002,"NORTH CLOVIS AV","SHAW AV",13.00,S,N,A,-,N,,,,,,,,,,N,4,0,2,2,A,-,21,22106,,N,C,C,A,-,H,-,A,A,0,,,,,Y,,A,01,0,0,2,0,0,0,0,0,0,"- ","- ",36.808509826660156,-119.70027923583984,FRESNO,CLOVIS,-119.70043182373047,36.808395385742188
9686315,2024,2024-07-23,1001,2024-05-28,1027,5922,,2,5,5,1001,0,0,0,,0,004,"W SIERRA AV","KAREN AVE",78.00,E,N,A,-,N,,,,,,,,,,Y,4,0,1,2,A,-,21,22106,,N,D,C,A,A,H,-,A,D,0,,,,,Y,,D,22,0,0,1,0,0,0,0,0,0,"- ","- ",36.83026123046875,-119.72026062011719,FRESNO,CLOVIS,-119.71999359130859,36.83026123046875
9686328,2024,2024-07-19,1001,2024-05-11,1806,5771,,6,5,5,1001,0,0,0,,0,008,"N LOCAN AVE","TRENTON AV",0.00,,Y,A,-,N,,,,,,,,,,Y,4,0,1,2,A,-,03,22350,,N,C,C,A,A,H,-,A,D,0,,,,,Y,,D,22,0,0,1,0,0,0,0,0,0,"- ","- ",36.860069274902344,-119.65688323974609,FRESNO,CLOVIS,-119.65688323974609,36.860065460205078
9686585,2024,2024-07-03,1001,2024-05-30,2124,5924,,4,5,5,1001,0,0,0,,0,006,"SHAW AV","BURL AV",0.00,,Y,A,-,N,,,,,,,,,,Y,4,0,1,2,A,-,09,21801,A,N,D,C,A,A,H,-,C,A,0,,,,,Y,,A,01,0,0,1,0,0,0,0,0,0,"- ","- ",36.809471130371094,-119.67664337158203,FRESNO,CLOVIS,-119.67604827880859,36.808650970458984
9686586,2024,2024-07-03,1001,2024-05-30,1718,5775,,4,5,5,1001,0,0,0,,0,004,"BULLARD AV","MINNEWAWA AV",30.00,E,N,A,-,N,,,,,,,,,,N,4,0,1,2,A,-,07,21658,A,N,D,C,A,A,H,-,A,D,0,,,,,Y,,A,01,0,0,1,0,0,0,0,0,0,"- ","- ",36.822929382324219,-119.70890045166016,FRESNO,CLOVIS,-119.70880126953125,36.822971343994141
9686587,2024,2024-07-03,1001,2024-05-29,"944 ",5711,,3,5,5,1001,0,0,0,,0,007,"EAST HERNDON AV","WILLOW AV",17.00,E,N,A,-,N,,,,,,,,,,N,4,0,1,2,A,-,08,22107,,N,B,C,A,A,H,-,A,A,0,,,Y,,Y,,A,01,0,0,1,0,0,0,0,0,1,"- ","- ",36.837528228759766,-119.72944641113281,FRESNO,CLOVIS,-119.72940826416016,36.837539672851562
9686588,2024,2024-07-03,1001,2024-05-24,"340 ",5845,,5,5,5,1001,0,0,0,,0,003,"BUCKINGHAM AV","REDINGTON AV",0.00,,Y,A,-,N,,,,,,,,,,N,4,0,1,2,A,-,08,22107,,N,A,J,A,A,H,-,C,D,0,,,,,Y,Y,A,01,0,0,1,0,0,0,0,0,0,"- ","- ",36.792919158935547,-119.65093994140625,FRESNO,CLOVIS,-119.65121459960938,36.793231964111328
9686589,2024,2024-08-22,1001,2024-05-20,1713,5937,,1,5,5,1001,0,0,0,,0,005,"3RD ST","VETERANS PKWY",0.00,,Y,A,-,N,,,,,,,,,,N,4,0,1,2,A,-,10,21950,A,N,H,G,A,A,H,-,-,A,0,,Y,,,Y,,A,01,0,0,1,0,0,0,1,0,0,"- ","- ",36.826820373535156,-119.69956207275391,FRESNO,CLOVIS,-119.6990966796875,36.826576232910156
9686590,2024,2024-07-03,1001,2024-05-10,1419,5822,,5,5,5,1001,0,0,0,,0,006,"ARMSTRONG AV","RICHERT AV",0.00,,Y,A,-,N,,,,,,,,,,N,4,0,2,3,A,-,03,22350,,N,C,C,A,A,H,-,A,D,0,,,,,Y,,A,01,0,0,2,0,0,0,0,0,0,"- ","- ",36.797031402587891,-119.67305755615234,FRESNO,CLOVIS,-119.67308807373047,36.797023773193359
9686854,2024,2024-08-06,1001,2024-06-11,1050,5145,,2,5,5,1001,0,0,0,,0,006,"N FOWLER AV",HERNDON,390.00,S,N,A,-,N,,,,,,,,,,Y,4,0,2,2,A,-,09,21801,A,N,D,C,A,A,H,-,A,A,0,,,,,Y,,A,01,0,0,2,0,0,0,0,0,0,"- ","- ",36.837471008300781,-119.68408966064453,FRESNO,CLOVIS,-119.68407440185547,36.836330413818359
9687071,2024,2024-08-06,1001,2024-06-13,1256,5784,,4,5,5,1001,0,0,0,,0,003,"N HIGHLAND AV","DAKOTA AV",0.00,,Y,A,-,N,,,,,,,,,,Y,4,0,1,2,A,-,12,22450,A,N,D,C,A,A,H,-,A,A,0,,,,Y,Y,,G,25,0,0,1,0,0,0,0,0,0,"- ","- ",36.786548614501953,-119.62793731689453,FRESNO,CLOVIS,-119.62794494628906,36.786544799804688
9687072,2024,2024-08-05,1001,2024-06-13,1736,5465,,4,5,5,1001,0,0,0,,0,005,"ARMSTRONG AV","ROBINWOOD AV",293.00,N,N,A,-,N,,,,,,,,,,Y,4,0,1,3,A,-,03,22350,,N,C,C,A,A,H,-,A,A,0,,,,,Y,,D,22,0,0,1,0,0,0,0,0,0,"- ","- ",36.818000793457031,-119.67404174804688,FRESNO,CLOVIS,-119.67298126220703,36.818653106689453
9687778,2024,2024-05-08,1001,2024-03-21,1614,5878,,4,5,5,1001,0,0,0,,0,002,"SHAW AV","FOWLER AV",0.00,,Y,A,-,N,,,,,,,,,,Y,4,0,1,2,A,-,08,22107,,N,B,E,A,A,H,-,A,A,0,,,,,Y,,A,01,0,0,1,0,0,0,0,0,0,"- ","- ",36.808521270751953,-119.68206024169922,FRESNO,CLOVIS,-119.68206024169922,36.808525085449219
9687779,2024,2024-05-08,1001,2024-03-06,1038,5784,,3,5,5,1001,0,0,0,,0,003,"ASHLAN AV","CARSON AV",10.00,W,N,A,-,N,,,,,,,,,,N,4,0,1,2,A,-,03,22350,,N,C,C,A,A,H,-,A,D,0,,,,,Y,,A,01,0,0,1,0,0,0,0,0,0,"- ","- ",36.793811798095703,-119.65963745117188,FRESNO,CLOVIS,-119.65967559814453,36.793811798095703
9687780,2024,2024-05-08,1001,2024-03-26,1938,5855,,2,5,5,1001,0,0,0,,0,006,"TOLLHOUSE AV","FIRST AV",0.00,,Y,A,-,N,,,,,,,,,,Y,3,0,2,2,A,-,09,21801,A,N,D,C,A,A,H,-,C,A,0,,,,,Y,,A,01,0,1,1,0,0,0,0,0,0,"- ","- ",36.828758239746094,-119.68685150146484,FRESNO,CLOVIS,-119.68722534179688,36.829071044921875
9687781,2024,2024-05-08,1001,2024-03-29,1235,5897,,5,5,5,1001,0,0,0,,0,006,"BULLARD AV","DEWOLF AVE",0.00,,Y,A,-,N,,,,,,,,,,N,3,0,1,2,A,-,09,21802,A,N,D,D,A,A,H,-,-,A,0,,,,,Y,,A,01,0,1,0,0,0,0,0,0,0,"- ","- ",36.822959899902344,-119.64594268798828,FRESNO,CLOVIS,-119.64594268798828,36.822959899902344
9687782,2024,2024-05-08,1001,2024-03-30,2208,5465,,6,5,5,1001,0,0,0,,0,001,"HELM AV","W RAILTO AVE",122.00,N,N,B,-,N,,,,,,,,,,Y,3,0,1,2,A,-,01,23153,A,N,B,C,A,A,H,-,C,D,0,,,,,Y,Y,A,01,0,1,0,0,0,0,0,0,0,"- ","- ",36.804149627685547,-119.72270965576172,FRESNO,CLOVIS,-119.72270202636719,36.803733825683594
9687783,2024,2024-05-08,1001,2024-03-25,1203,5841,,1,5,5,1001,0,0,0,,0,004,"S MINNEWAWA AVE","SHAW AVE",30.00,N,N,A,-,N,,,,,,,,,,N,4,0,1,2,A,-,21,22106,,M,E,C,A,A,-,-,A,A,0,,,,,Y,,A,01,0,0,1,0,0,0,0,0,0,"- ","- ",36.808540344238281,-119.70909881591797,FRESNO,CLOVIS,-119.70909881591797,36.808502197265625
9687784,2024,2024-05-08,1001,2024-03-17,1844,5465,,7,5,5,1001,0,0,0,,0,006,"GIBSON AV","BURGAN AV",11.00,E,N,A,-,N,,,,,,,,,,N,3,0,1,2,A,-,08,22107,,N,G,B,E,A,-,-,A,D,0,Y,,Y,,Y,,C,06,0,1,0,0,1,0,0,0,0,"- ","- ",36.825611114501953,-119.67839813232422,FRESNO,CLOVIS,-119.67835998535156,36.825607299804688
9687785,2024,2024-05-08,1001,2024-03-25,1306,5925,,1,5,5,1001,0,0,0,,0,007,"W ALLUVIAL AV","N PEACH AV N",0.00,,Y,A,-,N,,,,,,,,,,N,4,0,1,2,A,-,03,22350,,N,C,C,A,-,H,-,A,A,0,,,,,Y,,A,01,0,0,1,0,0,0,0,0,0,"- ","- ",36.844799041748047,-119.72016143798828,FRESNO,CLOVIS,-119.72016143798828,36.844802856445312
9688218,2024,2024-04-17,1001,2024-02-21,1447,5916,,3,5,5,1001,0,0,0,,0,003,"LEONARD AV","ASHLAN AV",0.00,,Y,A,-,N,,,,,,,,,,N,2,0,1,2,A,-,12,22450,A,F,G,G,A,-,H,-,A,A,0,,Y,,,Y,Y,L,04,1,0,0,0,0,0,1,0,0,"- ","- ",36.793830871582031,-119.636962890625,FRESNO,CLOVIS,-119.636962890625,36.793827056884766
9688219,2024,2024-04-17,1001,2024-02-19,1443,5465,,1,5,5,1001,0,0,0,,0,002,"SIERRA VISTA","SANTA ANA AV",0.00,,Y,B,-,N,,,,,,,,,,N,3,0,1,2,A,-,05,21650,1,N,D,G,A,A,H,-,A,A,0,,Y,,,Y,,L,04,0,1,0,0,0,0,1,0,0,"- ","- ",36.804019927978516,-119.69185638427734,FRESNO,CLOVIS,-119.69185638427734,36.804023742675781
9688803,2024,2024-05-04,1001,2024-03-15,"736 ",5784,,5,5,5,1001,0,0,0,,0,001,"W GETTYSBURG AV","VILLA AV",0.00,,Y,A,-,N,,,,,,,,,,N,4,0,1,2,A,-,10,21950,A,N,G,B,B,A,H,-,B,A,0,Y,,,,Y,,D,22,0,0,1,0,1,0,0,0,0,"- ","- ",36.801219940185547,-119.71366882324219,FRESNO,CLOVIS,-119.71366882324219,36.801216125488281
9688851,2024,2024-05-04,1001,2024-03-27,"656 ",5902,,3,5,5,1001,0,0,0,,0,007,"N WILLOW AV","W NEES AV",258.00,S,N,A,-,N,,,,,,,,,,N,4,0,1,2,A,-,03,22350,,N,D,C,A,A,H,-,B,A,0,,,,,Y,,D,22,0,0,1,0,0,0,0,0,0,"- ","- ",36.852088928222656,-119.72972106933594,FRESNO,CLOVIS,-119.72982788085938,36.851402282714844
9689639,2024,2024-06-19,1001,2024-04-10,"746 ",5921,,3,5,5,1001,0,0,0,,0,004,"WEST BULLARD AV","VILLA AV",429.00,E,N,A,-,N,,,,,,,,,,N,4,0,1,2,A,-,04,21703,,N,C,C,A,A,H,-,A,A,0,,,,,Y,,A,01,0,0,1,0,0,0,0,0,0,"- ","- ",36.822948455810547,-119.71338653564453,FRESNO,CLOVIS,-119.71193695068359,36.822971343994141
9691332,2024,2024-06-28,1012,2024-03-10,"848 ",L161,REEDL,7,5,3,1012,0,0,0,,0,,"MANNING AV","MANNING AV 1500",953.00,W,N,A,-,N,,,,,,,,,,Y,2,0,1,1,A,-,08,22107,,N,F,A,A,A,H,-,A,D,0,,,,,Y,,A,01,1,0,0,0,0,0,0,0,0,"- ","- ",,,FRESNO,REEDLEY,-119.44877624511719,36.604198455810547
9691574,2024,2025-03-07,1001,2024-03-02,2321,5838,,6,5,5,1001,0,0,0,,0,005,"CLOVIS AV","SIERRA AV",441.00,N,N,C,-,N,,,,,,,,,,Y,4,0,1,2,A,-,01,23152,A,N,D,C,A,B,H,-,C,D,0,,,,,Y,Y,A,08,0,0,1,0,0,0,0,0,0,"- ","- ",,,FRESNO,CLOVIS,-119.70014190673828,36.830741882324219
9691674,2024,2024-06-20,1001,2024-04-07,2059,5892,,7,5,5,1001,0,0,0,,0,008,"HERNDON AV","FOWLER AV",0.00,,Y,A,-,N,,,,,,,,,,Y,3,0,2,2,A,-,12,21453,A,N,D,C,A,A,H,-,C,A,0,,,,,Y,,-,"- ",0,1,1,0,0,0,0,0,0,"- ","- ",,,FRESNO,CLOVIS,-119.68416595458984,36.837387084960938
9691874,2024,2024-06-20,1015,2024-04-21,1546,N140,SELMA,7,5,3,1015,0,0,0,,0,B02,"1ST ST","WILSON ST",0.00,,Y,A,-,N,,,,,,,,,,N,4,0,1,2,A,-,09,21800,A,N,D,C,A,A,H,-,A,D,0,,,,,Y,,D,22,0,0,1,0,0,0,0,0,0,"- ","- ",,,FRESNO,SELMA,-119.61876678466797,36.563831329345703
9692555,2024,2024-06-20,1015,2024-05-01,1127,N085,,3,5,3,1015,0,0,0,,0,,"HIGHLAND AV","FLORAL AV",0.00,,Y,A,-,N,,,,,,,,,,N,4,0,2,2,A,-,08,22107,,N,B,C,A,A,H,-,A,A,0,,,,,Y,,A,01,0,0,2,0,0,0,0,0,0,"- ","- ",,,FRESNO,SELMA,-119.62866973876953,36.576862335205078
9692603,2024,2024-06-03,1012,2024-04-04,1523,L154,,4,5,3,1012,0,0,0,,0,,"EAST CYPRESS AV","N HANEY AV",110.00,E,N,B,-,N,,,,,,,,,,N,4,0,1,2,A,-,03,22350,,N,C,C,A,B,H,-,A,D,0,,,,,Y,,A,01,0,0,1,0,0,0,0,0,0,"- ","- ",,,FRESNO,REEDLEY,-119.43452453613281,36.607749938964844
9692622,2024,2024-06-13,1001,2024-04-14,1810,5881,,7,5,5,1001,0,0,0,,0,004,"N WILLOW AV","SIERRA AV",0.00,,Y,A,-,N,,,,,,,,,,Y,4,0,1,2,A,-,09,21801,A,M,A,C,A,A,H,-,A,A,0,,,,,Y,,D,22,0,0,1,0,0,0,0,0,0,"- ","- ",36.83026123046875,-119.72936248779297,FRESNO,CLOVIS,-119.72939300537109,36.830257415771484
9692623,2024,2024-06-13,1001,2024-04-22,"955 ",5889,,1,5,5,1001,0,0,0,,0,005,"JEFFERSON AV","COLE AV",74.00,W,N,A,-,N,,,,,,,,,,Y,4,0,1,2,A,-,09,21801,A,N,A,C,A,A,H,-,A,D,0,,,,,Y,,D,22,0,0,1,0,0,0,0,0,0,"- ","- ",36.817001342773438,-119.69499969482422,FRESNO,CLOVIS,-119.69522094726562,36.817600250244141
9692625,2024,2024-06-13,1001,2024-04-16,"712 ",5867,,2,5,5,1001,0,0,0,,0,006,"SUNNYSIDE AV","BARSTOW AV",0.00,,Y,A,-,N,,,,,,,,,,Y,4,0,3,3,A,-,12,21453,A,N,D,C,A,A,H,-,A,A,0,,,,,Y,,A,01,0,0,3,0,0,0,0,0,0,"- ","- ",36.814998626708984,-119.69090270996094,FRESNO,CLOVIS,-119.69097137451172,36.815761566162109
9692627,2024,2024-06-13,1001,2024-04-22,1041,5889,,1,5,5,1001,0,0,0,,0,005,"CLOVIS AV","2ND ST",0.00,,Y,A,-,N,,,,,,,,,,Y,3,0,1,2,A,-,08,22100,B,N,B,C,A,A,H,-,A,D,0,,,,,Y,,D,22,0,1,0,0,0,0,0,0,0,"- ","- ",36.826999664306641,-119.70059967041016,FRESNO,CLOVIS,-119.70066070556641,36.827873229980469
9692820,2024,2024-07-11,1015,2024-05-02,1909,N154,SELMA,4,5,3,1015,0,0,0,,0,N100,"GOLDEN STATE BL","DINUBA AV",0.00,,Y,A,-,N,,,,,,,,,,Y,3,0,4,2,A,-,09,21801,A,N,A,C,A,A,H,-,B,D,0,,,,,Y,Y,A,01,0,1,3,0,0,0,0,0,0,"- ","- ",,,FRESNO,SELMA,-119.63861083984375,36.590473175048828
9693010,2024,2024-07-02,1001,2024-05-07,"649 ",5784,,2,5,5,1001,0,0,0,,0,004,"WEST SHAW AV","SLYMAR AV",0.00,,Y,A,-,N,,,,,,,,,,N,4,0,2,2,A,-,12,21453,A,N,D,C,A,A,H,-,A,A,0,,,,,Y,,A,07,0,0,2,0,0,0,0,0,0,"- ","- ",36.808399200439453,-119.72135162353516,FRESNO,CLOVIS,-119.72135162353516,36.808399200439453
9693011,2024,2024-07-18,1001,2024-05-08,1613,5465,,3,5,5,1001,0,0,0,,0,005,"SHAW AV","COLE AV",521.00,E,N,A,-,N,,,,,,,,,,Y,3,0,2,3,A,-,03,22350,,N,C,C,A,A,H,-,A,A,0,,,,,Y,,E,22,0,1,1,0,0,0,0,0,0,"- ","- ",36.808509826660156,-119.69550323486328,FRESNO,CLOVIS,-119.6937255859375,36.808631896972656
9693016,2024,2024-07-18,1001,2024-05-06,"754 ",5465,,1,5,5,1001,0,0,0,,0,006,"TEMPERANCE AV","HERNDON AV",865.00,S,N,A,-,N,,,,,,,,,,Y,4,0,3,4,A,-,03,22350,,N,C,C,A,A,H,-,A,D,0,,,,,Y,,D,22,0,0,3,0,0,0,0,0,0,"- ","- ",36.837448120117188,-119.66407775878906,FRESNO,CLOVIS,-119.66404724121094,36.834877014160156
9693186,2024,2024-06-20,1001,2024-04-22,"231 ",5880,,1,5,5,1001,0,0,0,,0,005,"CLOVIS AV","BARSTOW AV",300.00,N,N,A,-,N,,,,,,,,,,Y,2,0,1,1,A,-,03,22350,,N,E,I,A,A,H,-,C,A,0,,,,,Y,,A,01,1,0,0,0,0,0,0,0,0,"- ","- ",,,FRESNO,CLOVIS,-119.70027160644531,36.816574096679688
9693187,2024,2024-06-20,1001,2024-04-18,2114,5926,,4,5,5,1001,0,0,0,,0,006,"N FOWLER AV","TOLLHOUSE RD",1050.00,N,N,A,-,N,,,,,,,,,,Y,3,0,1,1,A,-,01,23152,A,N,E,I,A,A,H,-,C,A,0,,,,,Y,Y,A,01,0,1,0,0,0,0,0,0,0,"- ","- ",36.835639953613281,-119.68379974365234,FRESNO,CLOVIS,-119.68251037597656,36.834918975830078
9693188,2024,2024-06-20,1001,2024-04-22,2012,5201,,1,5,5,1001,0,0,0,,0,007,"LEONARD AV","BULLARD AV",877.00,S,N,A,-,N,,,,,,,,,,Y,4,0,1,1,A,-,08,22107,,N,E,I,A,A,H,-,C,D,0,,,,,Y,,A,01,0,0,1,0,0,0,0,0,0,"- ","- ",36.822891235351562,-119.63694000244141,FRESNO,CLOVIS,-119.63700103759766,36.820503234863281
9693189,2024,2024-08-22,1001,2024-04-22,1507,5288,,1,5,5,1001,0,0,0,,0,007,"EAST NEES AV",PEACH,437.00,E,N,A,-,N,,,,,,,,,,Y,4,0,1,3,A,-,08,22107,,N,G,B,F,A,H,-,A,D,0,Y,,,,Y,,A,01,0,0,1,0,1,0,0,0,0,"- ","- ",36.852870941162109,-119.71909332275391,FRESNO,CLOVIS,-119.71865844726562,36.852039337158203
9693190,2024,2024-06-21,1001,2024-04-20,1234,5823,,6,5,5,1001,0,0,0,,0,007,"N DEWITT AV","HERNDON AV",0.00,,Y,-,-,N,,,,,,,,,,Y,4,0,2,2,A,-,12,21453,A,N,D,C,A,A,H,-,A,A,0,,,,,Y,,D,22,0,0,2,0,0,0,0,0,0,"- ","- ",36.837291717529297,-119.70675659179688,FRESNO,CLOVIS,-119.70675659179688,36.837306976318359
9693191,2024,2024-07-09,1001,2024-04-18,2120,5845,,4,5,5,1001,0,0,0,,0,006,"HERNDON AV","FOWLER AV",0.00,,Y,A,-,N,,,,,,,,,,Y,4,0,2,2,A,-,12,21453,A,M,D,C,A,-,H,-,C,A,0,,,,,Y,,A,01,0,0,2,0,0,0,0,0,0,"- ","- ",36.837471008300781,-119.68408966064453,FRESNO,CLOVIS,-119.68416595458984,36.837387084960938
9693192,2024,2024-06-21,1001,2024-04-15,1417,5889,,1,5,5,1001,0,0,0,,0,001,"MINNEWAWA AV","BULLARD AV",301.00,S,N,A,-,N,,,,,,,,,,N,4,0,1,2,A,-,09,21801,A,N,B,C,A,A,H,-,A,D,0,,,,,Y,,A,01,0,0,1,0,0,0,0,0,0,"- ","- ",36.822929382324219,-119.70890045166016,FRESNO,CLOVIS,-119.70891571044922,36.8221435546875
9693238,2024,2024-06-05,1001,2024-03-05,1519,5723,,2,5,5,1001,0,0,0,,0,004,"N WILLOW AVE","SIERRA AV",0.00,,Y,A,-,N,,,,,,,,,,Y,2,0,1,2,A,-,08,22101,,N,D,C,A,A,H,-,A,A,0,,,Y,,Y,,C,03,1,0,0,0,0,0,0,0,1,"- ","- ",36.83026123046875,-119.72936248779297,FRESNO,CLOVIS,-119.72939300537109,36.830257415771484
9693242,2024,2024-06-03,1012,2024-04-03,1327,L154,,3,5,3,1012,0,0,0,,0,,"E DINUBA AV","BUTTONWILLOW AV",28.00,E,N,A,-,N,,,,,,,,,,Y,4,0,2,2,A,-,03,22350,,N,D,C,A,A,H,-,A,D,0,,,,,Y,,A,01,0,0,2,0,0,0,0,0,0,"- ","- ",,,FRESNO,REEDLEY,-119.43106079101562,36.589572906494141
9693243,2024,2024-06-11,1012,2024-04-22,"854 ",L131,REEDL,1,5,3,1012,0,0,0,,0,05D,"COLUMBIA AV","MYRTLE AV",9.00,S,N,A,-,N,,,,,,,,,,N,4,0,1,2,A,-,10,21950,A,N,G,B,D,A,H,-,A,A,0,Y,,,,Y,,A,01,0,0,1,0,1,0,0,0,0,"- ","- ",36.594181060791016,-119.44480895996094,FRESNO,REEDLEY,-119.43987274169922,36.602313995361328
9693526,2024,2024-04-29,1013,2024-02-29,"935 ",M138,SANGE,4,5,3,1013,0,0,0,,0,M02,"JENSEN AV","P ST",0.00,,Y,A,-,N,,,,,,,,,,,4,0,1,2,A,-,09,21802,A,N,D,C,A,A,H,-,A,A,0,,,,,Y,,A,01,0,0,1,0,0,0,0,0,0,"- ","- ",,,FRESNO,SANGER,-119.56026458740234,36.707302093505859