CASE_ID,ACCIDENT_YEAR,PROC_DATE,JURIS,COLLISION_DATE,COLLISION_TIME,OFFICER_ID,REPORTING_DISTRICT,DAY_OF_WEEK,CHP_SHIFT,POPULATION,CNTY_CITY_LOC,SPECIAL_COND,BEAT_TYPE,CHP_BEAT_TYPE,CITY_DIVISION_LAPD,CHP_BEAT_CLASS,BEAT_NUMBER,PRIMARY_RD,SECONDARY_RD,DISTANCE,DIRECTION,INTERSECTION,WEATHER_1,WEATHER_2,STATE_HWY_IND,CALTRANS_COUNTY,CALTRANS_DISTRICT,STATE_ROUTE,ROUTE_SUFFIX,POSTMILE_PREFIX,POSTMILE,LOCATION_TYPE,RAMP_INTERSECTION,SIDE_OF_HWY,TOW_AWAY,COLLISION_SEVERITY,NUMBER_KILLED,NUMBER_INJURED,PARTY_COUNT,PRIMARY_COLL_FACTOR,PCF_CODE_OF_VIOL,PCF_VIOL_CATEGORY,PCF_VIOLATION,PCF_VIOL_SUBSECTION,HIT_AND_RUN,TYPE_OF_COLLISION,MVIW,PED_ACTION,ROAD_SURFACE,ROAD_COND_1,ROAD_COND_2,LIGHTING,CONTROL_DEVICE,CHP_ROAD_TYPE,PEDESTRIAN_ACCIDENT,BICYCLE_ACCIDENT,MOTORCYCLE_ACCIDENT,TRUCK_ACCIDENT,NOT_PRIVATE_PROPERTY,ALCOHOL_INVOLVED,STWD_VEHTYPE_AT_FAULT,CHP_VEHTYPE_AT_FAULT,COUNT_SEVERE_INJ,COUNT_VISIBLE_INJ,COUNT_COMPLAINT_PAIN,COUNT_PED_KILLED,COUNT_PED_INJURED,COUNT_BICYCLIST_KILLED,COUNT_BICYCLIST_INJURED,COUNT_MC_KILLED,COUNT_MC_INJURED,PRIMARY_RAMP,SECONDARY_RAMP,LATITUDE,LONGITUDE,COUNTY,CITY,POINT_X,POINT_Y
9694256,2024,2024-06-27,1012,2024-05-21,1559,L136,REEDL,2,5,3,1012,0,0,0,,0,,"DINUBA AV","FISHER AV",50.00,W,N,A,-,N,,,,,,,,,,Y,4,0,2,2,A,-,03,22350,,N,C,C,A,A,H,-,A,D,0,,,,,Y,,A,07,0,0,2,0,0,0,0,0,0,"- ","- ",36.589630126953125,-119.43807983398438,FRESNO,REEDLEY,-119.438720703125,36.589679718017578
9694736,2024,2024-07-10,1012,2024-05-03,2003,L136,REEDL,5,5,3,1012,0,0,0,,0,,"REED AV","NORTH AV",116.00,N,N,A,-,N,,,,,,,,,,N,3,0,1,2,A,-,11,21954,A,N,D,G,A,A,H,-,C,D,0,,Y,,,Y,,L,04,0,1,0,0,0,0,1,0,0,"- ","- ",36.600830078125,-119.45770263671875,FRESNO,REEDLEY,-119.45750427246094,36.600639343261719
9698117,2024,2024-07-11,1015,2024-05-07,2030,N136,,2,5,3,1015,0,0,0,,0,,"HIGHLAND AVE","GOLDEN STATE BLVD",30.00,S,N,A,-,N,,,,,,,,,,Y,4,0,2,1,A,-,03,22350,,N,E,I,A,A,H,-,C,A,0,,,,,Y,,A,01,0,0,2,0,0,0,0,0,0,"- ","- ",36.581668853759766,-119.62860107421875,FRESNO,SELMA,-119.62865447998047,36.581287384033203
9698240,2023,2024-09-03,1007,2023-01-03,2112,I112,KERMA,2,5,2,1007,0,0,0,,0,0KE,"C ST","DEL NORTE AV",43.00,E,N,A,-,N,,,,,,,,,,Y,4,0,1,2,A,-,08,22107,,M,C,E,A,A,H,-,C,D,0,,,,,Y,,A,01,0,0,1,0,0,0,0,0,0,"- ","- ",36.722721099853516,-120.6934814453125,FRESNO,KERMAN,-120.06919097900391,36.722705841064453
9698350,2024,2024-07-11,1015,2024-05-11,2018,N154,SELMA,6,5,3,1015,0,0,0,,0,N200,"MCCALL AV","TULARE ST",85.00,N,N,A,-,N,,,,,,,,,,Y,3,0,1,4,A,-,01,23152,A,N,C,E,A,A,H,-,C,D,0,,,,,Y,Y,A,01,0,1,0,0,0,0,0,0,0,"- ","- ",36.564338684082031,-119.61628723144531,FRESNO,SELMA,-119.61074829101562,36.571842193603516
9699150,2024,2024-08-28,1008,2024-03-08,"749 ",J264,,5,5,2,1008,0,0,0,,0,,"STROUD AVE","9TH AVE",110.00,W,N,A,-,N,,,,,,,,,,Y,4,0,1,2,A,-,09,21804,A,N,A,C,A,A,H,-,A,D,0,,,,,Y,,A,01,0,0,1,0,0,0,0,0,0,"- ","- ",,,FRESNO,KINGSBURG,-119.5582275390625,36.525150299072266
9699216,2024,2024-08-06,1013,2024-04-25,"557 ",M186,SANGE,4,5,3,1013,0,0,0,,0,B02,"ACADEMY AV","RT 180",320.00,S,N,A,-,N,,,,,,,,,,N,4,0,1,2,A,-,08,22107,,N,D,C,A,A,H,-,A,D,0,,,,Y,Y,,F,26,0,0,1,0,0,0,0,0,0,"- ","- ",,,FRESNO,SANGER,-119.55641174316406,36.720390319824219
9699509,2024,2024-07-22,1001,2024-05-02,2044,5904,,4,5,5,1001,0,0,0,,0,001,"PEACH AV","W SANTA ANA AV W",0.00,,Y,A,-,N,,,,,,,,,,Y,3,0,2,3,A,-,01,23152,A,N,C,C,A,A,H,-,C,D,0,,,,,Y,Y,A,01,0,1,1,0,0,0,0,0,0,"- ","- ",36.804851531982422,-119.71842956542969,FRESNO,CLOVIS,-119.71842956542969,36.804851531982422
9699517,2024,2024-08-06,1001,2024-05-17,1655,5465,,5,5,5,1001,0,0,0,,0,003,"BELLAIRE AV","HANSON AV",433.00,E,N,A,-,N,,,,,,,,,,N,4,0,1,2,A,-,21,22106,,N,B,E,A,A,H,-,A,D,0,,,,,Y,,D,22,0,0,1,0,0,0,0,0,0,"- ","- ",36.791999816894531,-119.66171264648438,FRESNO,CLOVIS,-119.66179656982422,36.791603088378906
9699601,2024,2024-07-22,1001,2024-05-07,"59  ",5926,,2,5,5,1001,0,0,0,,0,007,"HERNDON AV","CLOVIS AV",0.00,,Y,A,-,N,,,,,,,,,,Y,4,0,1,2,A,-,12,21453,A,N,B,C,A,A,H,-,C,A,0,,,,,Y,,A,01,0,0,1,0,0,0,0,0,0,"- ","- ",36.83721923828125,-119.70005798339844,FRESNO,CLOVIS,-119.70008850097656,36.837215423583984
9699602,2024,2024-07-22,1001,2024-05-15,1033,5784,,3,5,5,1001,0,0,0,,0,004,"CLOVIS AV","HERNDON AV",21.00,S,N,A,-,N,,,,,,,,,,N,4,0,2,2,A,-,12,21453,A,N,D,C,A,A,H,-,A,A,0,,,,,Y,,A,07,0,0,2,0,0,0,0,0,0,"- ","- ",36.83721923828125,-119.70005798339844,FRESNO,CLOVIS,-119.70008850097656,36.837162017822266
9699603,2024,2024-07-22,1001,2024-05-16,1311,5784,,4,5,5,1001,0,0,0,,0,007,"N PEACH AV","ALLUVIAL AV",0.00,,Y,A,-,N,,,,,,,,,,N,4,0,1,2,A,-,05,21650,,N,B,C,A,A,H,-,A,A,0,,,Y,,Y,,A,07,0,0,1,0,0,0,0,0,0,"- ","- ",36.844799041748047,-119.72016143798828,FRESNO,CLOVIS,-119.72016143798828,36.844802856445312
9699604,2024,2024-07-23,1001,2024-05-17,1945,5465,,5,5,5,1001,0,0,0,,0,001,"WEST SHAW AV","VILLA AV",0.00,,Y,A,-,N,,,,,,,,,,Y,4,0,2,2,A,-,12,21453,A,N,D,C,A,A,H,-,A,A,0,,,,,Y,,A,01,0,0,2,0,0,0,0,0,0,"- ","- ",36.808399200439453,-119.71365356445312,FRESNO,CLOVIS,-119.71366119384766,36.808414459228516
9700522,2024,2024-07-18,1001,2024-05-20,1541,5784,,1,5,5,1001,0,0,0,,0,001,"PEACH AVE","ALAMOS AVE",0.00,,Y,A,-,N,,,,,,,,,,N,4,0,1,2,A,-,09,21801,A,N,D,C,A,A,H,-,A,A,0,,,Y,,Y,,A,01,0,0,1,0,0,0,0,0,1,"- ","- ",36.806198120117188,-119.71822357177734,FRESNO,CLOVIS,-119.71822357177734,36.806201934814453
9700523,2024,2024-07-10,1001,2024-05-23,1326,5784,,4,5,5,1001,0,0,0,,0,005,"W SHAW AVE","SYLMAR AV",57.00,E,N,A,-,N,,,,,,,,,,N,4,0,1,2,A,-,03,22350,,N,C,C,A,A,H,-,A,D,0,,,,,Y,,A,01,0,0,1,0,0,0,0,0,0,"- ","- ",36.808399200439453,-119.72135162353516,FRESNO,CLOVIS,-119.72115325927734,36.808399200439453
9700524,2024,2024-07-10,1001,2024-05-25,1601,5671,,6,5,5,1001,0,0,0,,0,001,"W SHAW AVE","WILLOW AVE",451.00,E,N,A,-,N,,,,,,,,,,Y,4,0,1,2,A,-,08,22107,,N,B,C,A,A,H,-,A,D,0,,,,,Y,,A,01,0,0,1,0,0,0,0,0,0,"- ","- ",36.808418273925781,-119.72725677490234,FRESNO,CLOVIS,-119.72578430175781,36.808422088623047
9706093,2024,2024-06-11,1001,2024-04-03,1359,5723,,3,5,5,1001,0,0,0,,0,003,"SHAW AV","LOMBARD LN",0.00,,Y,A,-,N,,,,,,,,,,N,4,0,1,2,A,-,00,22362,,N,G,B,E,A,H,-,A,A,0,Y,,,,Y,,A,08,0,0,1,0,1,0,0,0,0,"- ","- ",36.808368682861328,-119.65498352050781,FRESNO,CLOVIS,-119.65180206298828,36.808414459228516
9706094,2024,2024-06-11,1001,2024-04-26,1741,5465,,5,5,5,1001,0,0,0,,0,001,"WEST SHAW AV","HELM AV",0.00,,Y,B,C,N,,,,,,,,,,Y,4,0,2,2,A,-,09,21801,A,N,D,C,A,B,H,-,A,D,0,,,,,Y,,A,01,0,0,2,0,0,0,0,0,0,"- ","- ",36.808559417724609,-119.72386169433594,FRESNO,CLOVIS,-119.72386169433594,36.808406829833984
9706839,2024,2024-08-12,1001,2024-05-07,1225,5465,,2,5,5,1001,0,0,0,,0,005,"POLLASKY AV","FIRST ST",57.00,S,N,A,-,N,,,,,,,,,,N,3,0,1,2,A,-,08,22103,,N,D,C,A,A,H,-,A,A,0,,Y,,,Y,,A,01,0,1,0,0,0,0,1,0,0,"- ","- ",36.829189300537109,-119.70200347900391,FRESNO,CLOVIS,-119.70200347900391,36.829032897949219
9706840,2024,2024-07-16,1001,2024-05-13,1343,5877,,1,5,5,1001,0,0,0,,0,006,"SUNNYSIDE AV","FIRST ST",0.00,,Y,A,-,N,,,,,,,,,,Y,4,0,1,2,A,-,08,22107,,N,D,C,A,A,H,-,A,D,0,,,,,Y,,A,01,0,0,1,0,0,0,0,0,0,"- ","- ",36.829189300537109,-119.69090270996094,FRESNO,CLOVIS,-119.69090270996094,36.829189300537109
9706841,2024,2024-07-05,1001,2024-05-02,"748 ",5784,,4,5,5,1001,0,0,0,,0,006,"FOWLER AV","SHAW AV",4.00,N,N,A,-,N,,,,,,,,,,N,4,0,1,2,A,-,05,21650,1,N,D,G,A,A,H,-,A,D,0,,Y,,,Y,,L,04,0,0,1,0,0,0,1,0,0,"- ","- ",36.809890747070312,-119.68231201171875,FRESNO,CLOVIS,-119.68206024169922,36.80853271484375
9706842,2024,2024-07-05,1001,2024-05-03,"821 ",5784,,5,5,5,1001,0,0,0,,0,006,"SAN JOSE AV","FOWLER AV",0.00,,Y,A,-,N,,,,,,,,,,N,4,0,1,2,A,-,"- ",,,N,G,C,A,A,H,-,A,A,0,,,Y,,Y,,C,03,0,0,1,0,0,0,0,0,1,"- ","- ",36.812129974365234,-119.68195343017578,FRESNO,CLOVIS,-119.68206024169922,36.812122344970703
9706932,2024,2024-07-25,1012,2024-05-13,1844,L193,REEDL,1,5,3,1012,0,0,0,,0,L05F,"FRANKWOOD AV","SOUTH AV",0.00,,Y,A,-,N,,,,,,,,,,,4,0,1,2,A,-,09,21802,A,N,D,C,A,A,H,-,A,A,0,,,,,Y,,A,01,0,0,1,0,0,0,0,0,0,"- ","- ",36.610511779785156,-119.45339202880859,FRESNO,REEDLEY,-119.44882202148438,36.618724822998047
9708697,2024,2024-07-31,1001,2024-06-14,2115,5922,,5,5,5,1001,0,0,0,,0,006,"HERNDON AV","TOLLHOUSE RD",167.00,E,N,A,-,N,,,,,,,,,,Y,4,0,1,2,A,-,09,21801,A,N,D,C,A,A,H,-,C,A,0,,,Y,,Y,,A,01,0,0,1,0,0,0,0,0,1,"- ","- ",36.837310791015625,-119.67279052734375,FRESNO,CLOVIS,-119.67212677001953,36.837291717529297
9708698,2024,2024-08-21,1001,2024-06-06,2049,5886,,4,5,5,1001,0,0,0,,0,007,"NORTH CLOVIS AV","ALLUVIAL AV",0.00,,Y,A,-,N,,,,,,,,,,N,3,0,1,2,A,-,09,21804,A,N,H,G,A,A,H,-,C,A,0,,Y,,,Y,Y,L,04,0,1,0,0,0,0,1,0,0,"- ","- ",36.844741821289062,-119.70163726806641,FRESNO,CLOVIS,-119.70166778564453,36.844741821289062
9708699,2024,2024-07-31,1001,2024-06-06,1144,5775,,4,5,5,1001,0,0,0,,0,008,"NORTH SUNNYSIDE AV","NEES AV",0.00,,Y,A,-,N,,,,,,,,,,Y,4,0,1,2,A,-,12,22450,A,N,D,C,A,A,H,-,A,D,0,,,,,Y,,A,01,0,0,1,0,0,0,0,0,0,"- ","- ",36.851978302001953,-119.69304656982422,FRESNO,CLOVIS,-119.69305419921875,36.852001190185547
9708700,2024,2024-07-31,1001,2024-06-24,1403,5465,,1,5,5,1001,0,0,0,,0,008,"N FOWLER AV","ALLUVIAL AV",0.00,,Y,B,-,N,,,,,,,,,,Y,4,0,1,2,A,-,12,21453,A,N,D,C,A,A,-,-,A,A,0,,,,,Y,,A,01,0,0,1,0,0,0,0,0,0,"- ","- ",36.844730377197266,-119.68406677246094,FRESNO,CLOVIS,-119.68412780761719,36.844741821289062
9709753,2024,2024-09-05,1008,2024-06-30,1008,J216,KINGS,7,5,2,1008,0,0,0,,0,J030,"GOLDEN STATE BL","MOUNTAIN VIEW AV",0.00,,Y,A,-,N,,,,,,,,,,N,3,0,1,2,A,-,12,21453,A,N,D,C,A,A,H,-,A,A,0,,,,,Y,,A,01,0,1,0,0,0,0,0,0,0,"- ","- ",36.539508819580078,-119.5968017578125,FRESNO,KINGSBURG,-119.59085083007812,36.546894073486328
9709754,2024,2024-09-05,1008,2024-06-18,"927 ",J264,,2,5,2,1008,0,0,0,,0,,"SIMPSON ST","ELLIS ST",0.00,,Y,A,-,N,,,,,,,,,,Y,4,0,2,2,A,-,09,21801,A,N,D,C,A,A,H,-,A,D,0,,,,,Y,,A,01,0,0,2,0,0,0,0,0,0,"- ","- ",36.514530181884766,-119.55535888671875,FRESNO,KINGSBURG,-119.55548095703125,36.514682769775391
9710072,2024,2024-07-30,1001,2024-06-19,"627 ",5878,,3,5,5,1001,0,0,0,,0,005,"EAST BARSTOW AV","N POLLASKY AV",0.00,,Y,A,-,N,,,,,,,,,,Y,3,0,2,3,A,-,12,21453,A,N,A,C,A,A,H,-,A,A,0,,,,Y,Y,,I,11,0,1,1,0,0,0,0,0,0,"- ","- ",36.814998626708984,-119.70200347900391,FRESNO,CLOVIS,-119.70204925537109,36.815769195556641
9710073,2024,2024-07-30,1001,2024-06-25,"634 ",5784,,2,5,5,1001,0,0,0,,0,004,"VILLA AVE","BARSTOW AV",0.00,,Y,A,-,N,,,,,,,,,,N,4,0,2,2,A,-,12,21453,A,N,D,C,A,A,H,-,A,A,0,,,,,Y,,D,22,0,0,2,0,0,0,0,0,0,"- ","- ",36.815731048583984,-119.71353912353516,FRESNO,CLOVIS,-119.71356201171875,36.81573486328125
9711056,2024,2024-08-14,1008,2024-06-06,"710 ",J264,,4,5,2,1008,0,0,0,,0,,"MOUNTAIN VIEW AV","BETHEL AV",0.00,,Y,A,-,N,,,,,,,,,,Y,3,0,1,2,A,-,12,21453,A,N,D,C,A,A,H,-,A,A,0,,,,Y,Y,,A,01,0,1,0,0,0,0,0,0,0,"- ","- ",36.539310455322266,-119.58114624023438,FRESNO,KINGSBURG,-119.57514190673828,36.546760559082031
9711060,2024,2024-08-15,1008,2024-06-25,"400 ",J159,KINGS,2,5,2,1008,0,0,0,,0,J070,"BETHEL AV","MOUNTAIN VIEW AV",1013.00,S,N,A,-,N,,,,,,,,,,Y,2,0,1,2,A,-,21,22106,,N,B,C,A,A,H,-,D,A,0,,,,Y,Y,,G,25,1,0,0,0,0,0,0,0,0,"- ","- ",,,FRESNO,KINGSBURG,-119.57518005371094,36.543979644775391
9711739,2024,2024-08-12,1008,2024-04-17,1810,J711,KINGS,3,5,2,1008,0,0,0,,0,,"STROUD AV","12TH AV",95.00,W,N,A,-,N,,,,,,,,,,N,4,0,1,3,A,-,08,22107,,N,B,E,A,A,H,-,A,D,0,,,,,Y,,A,01,0,0,1,0,0,0,0,0,0,"- ","- ",36.525188446044922,-119.55690765380859,FRESNO,KINGSBURG,-119.55496978759766,36.525138854980469
9712410,2023,2024-09-12,1007,2023-08-17,1800,I113,,4,5,2,1007,0,0,0,,0,,"MADERA AV","B ST",23.00,W,N,A,-,Y,FRE,6,145,-,-,34.220,I,5,S,,4,0,1,2,A,-,09,21802,,N,D,D,A,A,H,-,A,D,0,,,,,Y,,A,01,0,0,1,0,0,0,0,0,0,"- ","- ",36.721641540527344,-120.06005859375,FRESNO,KERMAN,-120.06057739257812,36.721611022949219
9712411,2023,2024-09-04,1007,2023-08-11,2238,I031,KERMA,5,5,2,1007,0,0,0,,0,I386,"CALIFORNIA AV","SUSAN AV",7.00,E,N,A,-,N,,,,,,,,,,,4,0,1,1,A,-,22,23123,A,N,E,I,A,A,H,-,C,D,0,,,,,Y,,A,01,0,0,1,0,0,0,0,0,0,"- ","- ",36.724281311035156,-120.08154296875,FRESNO,KERMAN,-120.08162689208984,36.722080230712891
9713127,2024,2024-08-16,1001,2024-06-09,1823,5733,,7,5,5,1001,0,0,0,,0,002,"EAST SHAW AV","S CLOVIS AVE S",0.00,,Y,A,-,N,,,,,,,,,,Y,3,0,3,2,A,-,12,21453,A,N,A,C,A,A,H,-,A,A,0,,,,,Y,,A,01,0,1,2,0,0,0,0,0,0,"- ","- ",36.808509826660156,-119.70027923583984,FRESNO,CLOVIS,-119.70043182373047,36.808433532714844
9713128,2024,2024-08-16,1001,2024-06-11,2039,5658,,2,5,5,1001,0,0,0,,0,006,"TEMPERANCE AV",SHAW,200.00,N,N,A,-,N,,,,,,,,,,Y,3,0,1,1,A,-,03,22350,,N,F,A,A,A,H,-,C,A,0,,,Y,,Y,,C,02,0,1,0,0,0,0,0,0,1,"- ","- ",36.808490753173828,-119.66390991210938,FRESNO,CLOVIS,-119.66401672363281,36.809108734130859
9713129,2024,2024-08-16,1001,2024-06-07,1400,5671,,5,5,5,1001,0,0,0,,0,005,"W 5TH ST","N WOODWORTH AVE N",0.00,,Y,A,-,N,,,,,,,,,,Y,3,0,2,3,A,-,09,21800,A,N,D,C,A,A,H,-,A,A,0,,,,,Y,,A,07,0,2,0,0,0,0,0,0,0,"- ","- ",36.823940277099609,-119.70339202880859,FRESNO,CLOVIS,-119.70339202880859,36.823951721191406
9713130,2024,2024-08-16,1001,2024-06-06,1838,5886,,4,5,5,1001,0,0,0,,0,007,"N PEACH AV","NESS AV",0.00,,Y,A,-,N,,,,,,,,,,N,4,0,1,2,A,-,09,21800,D,N,D,C,A,A,H,-,A,B,0,,,,,Y,Y,A,01,0,0,1,0,0,0,0,0,0,"- ","- ",36.852039337158203,-119.72015380859375,FRESNO,CLOVIS,-119.72015380859375,36.852046966552734
9713846,2024,2024-07-18,1001,2024-05-31,1904,5465,,5,5,5,1001,0,0,0,,0,001,"PEACH AV","ASHLAN AV",0.00,,Y,A,-,N,,,,,,,,,,Y,4,0,1,2,A,-,09,21800,D,N,D,C,A,A,H,-,A,B,0,,,,,Y,,A,01,0,0,1,0,0,0,0,0,0,"- ","- ",36.793998718261719,-119.71817016601562,FRESNO,CLOVIS,-119.71816253662109,36.793987274169922
9713947,2024,2024-09-10,1015,2024-06-24,1744,N140,SELMA,1,5,3,1015,0,0,0,,0,B02,"HIGHLAND AV","ROSE AV",0.00,,Y,A,-,N,,,,,,,,,,N,2,0,4,3,A,-,01,23152,C,N,D,C,A,A,H,-,A,D,0,,,,,Y,Y,A,01,1,1,2,0,0,0,0,0,0,"- ","- ",36.568859100341797,-119.62876129150391,FRESNO,SELMA,-119.62877655029297,36.568862915039062
9715841,2023,2024-10-10,1007,2023-08-27,"610 ",I126,KERMA,7,5,2,1007,0,0,0,,0,KERMAN,"MADERA AV","CHURCH AV",165.00,N,N,A,-,Y,FRE,6,145,-,-,33.660,H,-,S,Y,2,0,1,2,A,-,08,22107,,N,C,E,A,A,H,-,B,A,0,,,,,Y,Y,A,01,1,0,0,0,0,0,0,0,0,"- ","- ",36.713050842285156,-120.06037139892578,FRESNO,KERMAN,-120.06044006347656,36.713535308837891
9715842,2023,2024-08-30,1007,2023-08-26,1128,I130,KERMA,6,5,2,1007,0,0,0,,0,0KE,"JENSEN AVE","DEL NORTE AV",997.00,W,N,A,-,N,,,,,,,,,,N,4,0,1,1,A,-,08,22107,,N,E,I,A,A,H,-,A,D,0,,,,,Y,,D,22,0,0,1,0,0,0,0,0,0,"- ","- ",36.701450347900391,-120.07261657714844,FRESNO,KERMAN,-120.07295989990234,36.705707550048828
9715845,2023,2024-09-12,1007,2023-07-25,1614,I129,KERMA,2,5,2,1007,0,0,0,,0,0KE,"MADERA AV","STANISANS AV",10.00,N,N,A,-,Y,FRE,6,145,-,-,34.900,I,5,S,Y,4,0,1,2,A,-,12,21453,,N,D,C,A,A,H,-,A,A,0,,,,,Y,,D,22,0,0,1,0,0,0,0,0,0,"- ","- ",,,FRESNO,KERMAN,-120.06027984619141,36.731380462646484
9715852,2023,2024-08-30,1007,2023-07-20,2152,I112,KERMA,4,5,2,1007,0,0,0,,0,0KE,"KEARNEY BL","DEL NORTE AVE",151.00,E,N,A,-,N,,,,,,,,,,N,4,0,1,3,A,-,08,22107,,N,C,E,A,A,H,-,C,D,0,,,,,Y,,A,01,0,0,1,0,0,0,0,0,0,"- ","- ",36.727588653564453,-120.69333648681641,FRESNO,KERMAN,-120.06874847412109,36.727584838867188
9715857,2023,2024-08-30,1007,2023-06-07,1200,I129,KERMA,3,5,2,1007,0,0,0,,0,0KE,"VINELAND AV","SAN JOAQUIN AV",315.00,N,N,A,-,N,,,,,,,,,,N,3,0,1,2,A,-,08,22107,,F,C,G,A,A,H,-,A,D,0,,Y,,,Y,,-,,0,1,0,0,0,0,1,0,0,"- ","- ",,,FRESNO,KERMAN,-120.05145263671875,36.733303070068359
9715878,2023,2024-09-05,1007,2023-09-04,1802,I127,KERMA,1,5,2,1007,0,0,0,,0,0KE,"RT 180","VINELAND AV",168.00,E,N,A,-,Y,FRE,6,180,-,-,43.150,H,-,E,N,4,0,2,2,A,-,03,22350,,N,C,D,A,A,H,-,A,D,0,,,,,Y,,A,01,0,0,2,0,0,0,0,0,0,"- ","- ",,,FRESNO,KERMAN,-120.05071258544922,36.734943389892578
9715885,2023,2024-09-12,1007,2023-10-04,"956 ",I122,KERMA,3,5,2,1007,0,0,0,,0,0KE,"MADERA AV","G ST",11.00,N,N,A,-,Y,FRE,6,145,-,-,34.570,I,5,S,N,4,0,1,2,A,-,09,21801,A,N,D,C,A,A,H,-,A,D,0,,,,,Y,,A,01,0,0,1,0,0,0,0,0,0,"- ","- ",,,FRESNO,KERMAN,-120.06035614013672,36.72662353515625
9715886,2023,2024-10-10,1007,2023-08-21,1821,I127,KERMA,1,5,2,1007,0,0,0,,0,0KE,"RT 180","RT 145",190.00,W,N,A,-,Y,FRE,6,180,-,-,42.590,H,-,W,Y,4,0,1,2,A,-,09,21801,A,N,D,D,A,A,H,-,A,D,0,,,Y,,Y,,A,01,0,0,1,0,0,0,0,0,1,"- ","- ",,,FRESNO,KERMAN,-120.06103515625,36.734973907470703
9715919,2023,2024-09-12,1007,2023-08-25,"728 ",I129,KERMA,5,5,2,1007,0,0,0,,0,0KE,"WHITESBRIDGE RD","1ST ST",510.00,E,N,A,-,Y,FRE,6,180,-,-,42.490,H,-,E,N,2,0,1,2,A,-,09,21804,A,N,H,G,A,A,H,-,A,D,0,,Y,,,Y,,L,04,1,0,0,0,0,0,1,0,0,"- ","- ",,,FRESNO,KERMAN,-120.06282806396484,36.734878540039062
9716138,2024,2024-08-02,1001,2024-06-14,1802,5671,,5,5,5,1001,0,0,0,,0,001,"S WILLOW AV","HOLLAND AV",74.00,N,N,A,-,N,,,,,,,,,,N,3,0,1,2,A,-,08,22107,,N,B,G,A,A,H,-,A,D,0,,Y,,,Y,,L,04,0,1,0,0,0,0,1,0,0,"- ","- ",36.799068450927734,-119.72846221923828,FRESNO,CLOVIS,-119.72745513916016,36.797832489013672
9716139,2024,2024-08-02,1001,2024-06-13,1803,5775,,4,5,5,1001,0,0,0,,0,001,"SAN GABRIEL AV","WILLOW AV",227.00,E,N,A,-,N,,,,,,,,,,N,3,0,1,2,A,-,06,21750,,N,H,J,A,A,H,-,A,D,0,,,Y,,Y,,A,01,0,1,0,0,0,0,0,0,1,"- ","- ",36.802139282226562,-119.72630310058594,FRESNO,CLOVIS,-119.72653961181641,36.804180145263672
9716140,2024,2024-08-02,1001,2024-06-11,1917,5775,,2,5,5,1001,0,0,0,,0,003,"GETTYSBURG AV","LEONARD AV",0.00,,Y,A,-,N,,,,,,,,,,Y,4,0,1,2,A,-,09,21800,A,N,D,C,A,A,H,-,A,D,0,,,,,Y,,A,01,0,0,1,0,0,0,0,0,0,"- ","- ",36.801090240478516,-119.63694763183594,FRESNO,CLOVIS,-119.636962890625,36.801090240478516
9716141,2024,2024-08-02,1001,2024-06-11,1704,5775,,2,5,5,1001,0,0,0,,0,008,"EAST NEES AV","PURDUE AV",523.00,E,N,A,-,N,,,,,,,,,,Y,4,0,1,2,D,-,00,,,N,D,C,A,A,H,-,A,D,0,,,,,Y,,-,"- ",0,0,1,0,0,0,0,0,0,"- ","- ",36.851970672607422,-119.69001007080078,FRESNO,CLOVIS,-119.68888854980469,36.85198974609375
9716142,2024,2024-08-01,1001,2024-06-06,"942 ",5465,,4,5,5,1001,0,0,0,,0,005,"FOWLER AV","SHAW AV",6.00,S,N,A,-,N,,,,,,,,,,N,4,0,1,2,A,-,10,21950,A,N,G,B,B,A,H,-,A,A,0,Y,,,,Y,,I,11,0,0,1,0,1,0,0,0,0,"- ","- ",36.808601379394531,-119.68196868896484,FRESNO,CLOVIS,-119.68206024169922,36.808502197265625
9716246,2024,2024-08-16,1001,2024-05-15,1552,5925,,3,5,5,1001,0,0,0,,0,003,"ASHLAN AV","CARSON AV",0.00,,Y,A,-,N,,,,,,,,,,Y,4,0,2,5,A,-,03,22350,,N,C,C,A,A,H,-,A,A,0,,,,,Y,,A,01,0,0,2,0,0,0,0,0,0,"- ","- ",36.793869018554688,-119.65960693359375,FRESNO,CLOVIS,-119.65963745117188,36.793807983398438
9716785,2024,2024-08-23,1001,2024-07-02,1334,5723,,2,5,5,1001,0,0,0,,0,004,"BULLARD AV",VILLA,430.00,E,N,A,-,N,,,,,,,,,,N,4,0,1,2,A,-,09,21804,A,N,B,C,A,A,H,-,A,A,0,,,,,Y,,D,22,0,0,1,0,0,0,0,0,0,"- ","- ",36.822948455810547,-119.71338653564453,FRESNO,CLOVIS,-119.71192932128906,36.822971343994141
9716979,2024,2024-07-30,1001,2024-06-27,1701,5775,,4,5,5,1001,0,0,0,,0,007,"W NEES AV","N PEACH AV",70.00,E,N,A,-,N,,,,,,,,,,Y,4,0,2,2,A,-,03,22350,,N,C,C,A,A,H,-,A,D,0,,,,,Y,,A,01,0,0,2,0,0,0,0,0,0,"- ","- ",36.852039337158203,-119.72015380859375,FRESNO,CLOVIS,-119.71990966796875,36.85205078125
9717074,2024,2024-07-31,1001,2024-06-28,"131 ",5939,,5,5,5,1001,0,0,0,,0,003,"TEMPERANCE AV","SHAW AV",0.00,,Y,A,-,N,,,,,,,,,,Y,3,0,2,2,D,-,00,,,N,D,C,A,A,H,-,C,A,0,,,,,Y,Y,-,"- ",0,2,0,0,0,0,0,0,0,"- ","- ",36.808490753173828,-119.66390991210938,FRESNO,CLOVIS,-119.66401672363281,36.808559417724609