CASE_ID,ACCIDENT_YEAR,PROC_DATE,JURIS,COLLISION_DATE,COLLISION_TIME,OFFICER_ID,REPORTING_DISTRICT,DAY_OF_WEEK,CHP_SHIFT,POPULATION,CNTY_CITY_LOC,SPECIAL_COND,BEAT_TYPE,CHP_BEAT_TYPE,CITY_DIVISION_LAPD,CHP_BEAT_CLASS,BEAT_NUMBER,PRIMARY_RD,SECONDARY_RD,DISTANCE,DIRECTION,INTERSECTION,WEATHER_1,WEATHER_2,STATE_HWY_IND,CALTRANS_COUNTY,CALTRANS_DISTRICT,STATE_ROUTE,ROUTE_SUFFIX,POSTMILE_PREFIX,POSTMILE,LOCATION_TYPE,RAMP_INTERSECTION,SIDE_OF_HWY,TOW_AWAY,COLLISION_SEVERITY,NUMBER_KILLED,NUMBER_INJURED,PARTY_COUNT,PRIMARY_COLL_FACTOR,PCF_CODE_OF_VIOL,PCF_VIOL_CATEGORY,PCF_VIOLATION,PCF_VIOL_SUBSECTION,HIT_AND_RUN,TYPE_OF_COLLISION,MVIW,PED_ACTION,ROAD_SURFACE,ROAD_COND_1,ROAD_COND_2,LIGHTING,CONTROL_DEVICE,CHP_ROAD_TYPE,PEDESTRIAN_ACCIDENT,BICYCLE_ACCIDENT,MOTORCYCLE_ACCIDENT,TRUCK_ACCIDENT,NOT_PRIVATE_PROPERTY,ALCOHOL_INVOLVED,STWD_VEHTYPE_AT_FAULT,CHP_VEHTYPE_AT_FAULT,COUNT_SEVERE_INJ,COUNT_VISIBLE_INJ,COUNT_COMPLAINT_PAIN,COUNT_PED_KILLED,COUNT_PED_INJURED,COUNT_BICYCLIST_KILLED,COUNT_BICYCLIST_INJURED,COUNT_MC_KILLED,COUNT_MC_INJURED,PRIMARY_RAMP,SECONDARY_RAMP,LATITUDE,LONGITUDE,COUNTY,CITY,POINT_X,POINT_Y
9890705,2025,2025-12-02,1015,2025-11-09,"804 ",N168,SELMA,7,5,3,1015,0,0,0,,0,,"E MOUNTAIN VIEW AV","RT 99",0.00,,Y,A,-,Y,FRE,6,99,-,R,3.947,R,4,S,Y,2,0,6,2,A,-,09,21801,A,N,D,C,A,A,H,-,A,D,0,,,,,Y,,A,01,1,0,5,0,0,0,0,0,0,"- ","- ",36.546981811523438,-119.59812164306641,FRESNO,SELMA,-119.59884643554688,36.549175262451172
9891549,2025,2025-11-20,1001,2025-10-20,"945 ",5465,,1,5,5,1001,0,0,0,,0,005,"CLOVIS AV","BULLARD AV",0.00,,Y,A,-,N,,,,,,,,,,Y,4,0,3,3,A,-,09,21802,A,N,D,C,A,A,H,-,A,A,0,,,,,Y,,A,01,0,0,3,0,0,0,0,0,0,"- ","- ",36.823520660400391,-119.70092010498047,FRESNO,CLOVIS,-119.70066833496094,36.823078155517578
9891550,2025,2025-11-20,1001,2025-10-16,1237,5895,,4,5,5,1001,0,0,0,,0,005,"EAST HERNDON AV","CLOVIS AV",20.00,W,N,A,-,N,,,,,,,,,,N,4,0,1,2,A,-,03,22350,,N,C,C,A,-,H,-,A,A,0,,,,,Y,,A,01,0,0,1,0,0,0,0,0,0,"- ","- ",36.83721923828125,-119.70005798339844,FRESNO,CLOVIS,-119.70015716552734,36.83721923828125
9891586,2025,2025-11-19,1007,2025-05-01,1742,I138,KERMA,4,5,2,1007,0,0,0,,0,K11,"STANISLAUS AV","SISKIYOU AV",0.00,,Y,A,-,N,,,,,,,,,,N,3,0,1,2,A,-,09,21804,A,N,C,G,A,A,H,-,A,D,0,,Y,,,Y,,A,01,0,1,0,0,0,0,1,0,0,"- ","- ",36.726669311523438,-120.08075714111328,FRESNO,KERMAN,-120.07831573486328,36.730789184570312
9891921,2025,2025-12-24,1001,2025-11-05,1034,5465,,3,5,5,1001,0,0,0,,0,004,"BULLARD AV","VILLA AV",22.00,E,N,B,-,N,,,,,,,,,,Y,4,0,2,2,C,-,18,,,N,C,C,A,A,H,-,A,A,0,,,,,Y,,-,"- ",0,0,2,0,0,0,0,0,0,"- ","- ",36.822948455810547,-119.71338653564453,FRESNO,CLOVIS,-119.71332550048828,36.822959899902344
9891922,2025,2025-12-16,1001,2025-11-10,1523,5465,,1,5,5,1001,0,0,0,,0,001,"PEACH AV","ASHLAN AV",0.00,,N,A,-,N,,,,,,,,,,N,4,0,1,2,A,-,09,21802,A,N,D,C,A,A,H,-,A,A,0,,,,,Y,,A,01,0,0,1,0,0,0,0,0,0,"- ","- ",36.791900634765625,-119.71720123291016,FRESNO,CLOVIS,-119.71816253662109,36.793987274169922
9891923,2025,2025-12-16,1001,2025-11-10,1145,5465,,1,5,5,1001,0,0,0,,0,002,"SHAW AV","COLE AV",512.00,W,N,A,-,N,,,,,,,,,,Y,3,0,1,2,A,-,07,21658,A,N,B,C,A,A,H,-,A,D,0,,,Y,,Y,,A,01,0,1,0,0,0,0,0,0,1,"- ","- ",36.808578491210938,-119.69550323486328,FRESNO,CLOVIS,-119.69725036621094,36.808582305908203
9891924,2025,2025-12-16,1001,2025-11-02,"858 ",5996,,7,5,5,1001,0,0,0,,0,004,"WEST BULLARD AV","RT 168",263.00,W,N,A,-,N,,,,,,,,,,Y,4,0,3,2,A,-,09,21804,A,N,D,C,A,A,H,-,A,A,0,,,,,Y,,A,01,0,0,3,0,0,0,0,0,0,"- ",WF,36.823200225830078,-119.71945953369141,FRESNO,CLOVIS,-119.71828460693359,36.822944641113281
9891928,2025,2025-12-16,1015,2025-11-13,1804,N132,SELMA,4,5,3,1015,0,0,0,,0,N02,"NELSON BL","MCCALL AV",262.00,E,N,C,-,N,,,,,,,,,,N,4,0,1,2,A,-,09,21804,A,N,G,B,D,B,H,-,C,D,0,Y,,,,Y,,-,"- ",0,0,1,0,1,0,0,0,0,"- ","- ",36.585170745849609,-119.61065673828125,FRESNO,SELMA,-119.60979461669922,36.585247039794922
9892013,2025,2025-11-26,1001,2025-09-14,2035,5961,,7,5,5,1001,0,0,0,,0,006,"SHAW AV","ARMSTRONG AV",275.00,E,N,A,-,N,,,,,,,,,,Y,4,0,1,2,A,-,11,21954,A,N,G,B,E,B,H,-,C,D,0,Y,,,,Y,Y,N,60,0,0,1,0,1,0,0,0,0,"- ","- ",36.808479309082031,-119.67301940917969,FRESNO,CLOVIS,-119.67208099365234,36.8084716796875
9892171,2025,2026-01-16,1015,2025-11-13,1716,N129,SELIM,4,5,3,1015,0,0,0,,0,N04,"MAOUNTAIN VIEW AV","RT 99",60.00,W,N,B,C,Y,FRE,6,99,-,R,3.891,R,4,N,Y,4,0,1,2,A,-,09,21801,A,N,A,C,A,B,H,-,D,D,0,,,,,Y,,A,01,0,0,1,0,0,0,0,0,0,"- ",NO,36.547000885009766,-119.59526062011719,FRESNO,SELMA,-119.59800720214844,36.548641204833984
9892509,2025,2025-12-08,1001,2025-10-27,1246,5465,,1,5,5,1001,0,0,0,,0,001,"W VILLA AV","SHAW AV",74.00,S,N,B,-,N,,,,,,,,,,N,4,0,1,2,A,-,05,21650,,N,H,G,A,A,H,-,A,A,0,,Y,,,Y,,L,04,0,0,1,0,0,0,1,0,0,"- ","- ",36.808399200439453,-119.71365356445312,FRESNO,CLOVIS,-119.71366119384766,36.808216094970703
9892510,2025,2025-12-08,1001,2025-10-29,1942,5966,,3,5,5,1001,0,0,0,,0,004,"WEST SHAW AV","PEACH AV",0.00,,Y,A,-,N,,,,,,,,,,Y,3,0,2,2,A,-,12,21453,A,N,D,C,A,A,H,-,C,A,0,,,,,Y,,A,01,0,1,1,0,0,0,0,0,0,"- ","- ",36.808368682861328,-119.71820831298828,FRESNO,CLOVIS,-119.71820068359375,36.808380126953125
9892511,2025,2025-12-08,1001,2025-10-27,1532,5924,,1,5,5,1001,0,0,0,,0,002,"MINNEWAWA AV","SHAW AV",0.00,,Y,A,-,N,,,,,,,,,,Y,4,0,2,2,A,-,12,21453,A,N,D,C,A,A,H,-,A,A,0,,,,,Y,,A,01,0,0,2,0,0,0,0,0,0,"- ","- ",36.808391571044922,-119.70909881591797,FRESNO,CLOVIS,-119.70909881591797,36.808414459228516
9892514,2025,2025-12-08,1001,2025-10-17,1944,5886,,5,5,5,1001,0,0,0,,0,007,"HERNDON AV","SUNNYSIDE AV",335.00,W,N,A,-,N,,,,,,,,,,N,4,0,1,2,A,-,05,21650,,N,G,G,A,A,H,-,C,A,0,,Y,,,Y,,L,04,0,0,1,0,0,0,1,0,0,"- ","- ",36.837978363037109,-119.69194793701172,FRESNO,CLOVIS,-119.69210052490234,36.837390899658203
9892515,2025,2025-12-08,1001,2025-10-20,"954 ",5995,,1,5,5,1001,0,0,0,,0,003,"SHAW AV","LOCAN AV",0.00,,Y,A,-,N,,,,,,,,,,Y,2,0,3,2,A,-,12,21453,A,N,D,C,A,A,H,-,A,A,0,,,,,Y,,A,01,2,0,1,0,0,0,0,0,0,"- ","- ",36.808368682861328,-119.65498352050781,FRESNO,CLOVIS,-119.65500640869141,36.808433532714844
9892516,2025,2025-12-08,1001,2025-10-28,1310,5924,,2,5,5,1001,0,0,0,,0,001,"WEST ASHLAN AV","PEACH AV",0.00,,Y,A,-,N,,,,,,,,,,N,4,0,2,2,A,-,09,21453,B,N,D,C,A,A,H,-,A,A,0,,,,,Y,,A,01,0,0,2,0,0,0,0,0,0,"- ","- ",36.793998718261719,-119.71817016601562,FRESNO,CLOVIS,-119.71816253662109,36.793987274169922
9892608,2025,2025-12-05,1004,2025-10-27,1600,G075,FOWLE,1,5,2,1004,0,0,0,,0,0FO,"ADAMS AV","1ST ST",494.00,W,N,B,-,N,,,,,,,,,,N,4,0,1,2,A,-,09,21801,A,N,A,C,A,A,H,-,A,D,0,,,,,Y,,A,01,0,0,1,0,0,0,0,0,0,"- ","- ",36.634479522705078,-119.67592620849609,FRESNO,FOWLER,-119.67591857910156,36.634498596191406
9892644,2025,2025-12-15,1001,2025-11-10,1217,5465,,1,5,5,1001,0,0,0,,0,002,"SHAW AV","FOWLER AV",0.00,,Y,A,-,N,,,,,,,,,,Y,4,0,2,2,A,-,12,21453,A,N,D,C,A,A,H,-,A,A,0,,,,,Y,,A,07,0,0,2,0,0,0,0,0,0,"- ","- ",36.808521270751953,-119.68206024169922,FRESNO,CLOVIS,-119.68206024169922,36.808525085449219
9893006,2025,2025-12-08,1001,2025-10-27,1310,5465,,1,5,5,1001,0,0,0,,0,001,"LEONARD AV","WOLF PACK LN",6.00,N,N,B,-,N,,,,,,,,,,N,4,0,1,2,A,-,09,21804,A,N,D,C,A,A,H,-,A,A,0,,,,,Y,,A,01,0,0,1,0,0,0,0,0,0,"- ","- ",36.793830871582031,-119.636962890625,FRESNO,CLOVIS,,
9893027,2025,2025-12-19,1004,2025-11-13,"836 ",G084,FOWLE,4,5,2,1004,0,0,0,,0,0FO,"5TH ST","S 5TH ST",25.00,S,N,A,-,N,,,,,,,,,,N,4,0,1,2,A,-,03,22350,,F,G,B,C,A,H,-,A,D,0,Y,,,,Y,,A,01,0,0,1,0,1,0,0,0,0,"- ","- ",36.627361297607422,-119.67359161376953,FRESNO,FOWLER,-119.6778564453125,36.631210327148438
9893042,2025,2025-12-10,1004,2025-11-10,1817,G082,FOWLE,1,5,2,1004,0,0,0,,0,0FO,"GOLDEN STATE BL","SOUTH AV",0.00,,Y,A,-,N,,,,,,,,,,Y,2,0,2,2,A,-,09,21802,A,N,D,C,A,A,H,-,C,A,0,,,,,Y,,A,01,1,0,1,0,0,0,0,0,0,"- ","- ",,,FRESNO,FOWLER,-119.67057800292969,36.619930267333984
9893049,2025,2025-12-18,1001,2025-11-09,"217 ",5838,,7,5,5,1001,0,0,0,,0,005,"NORTH CLOVIS AV","W HERNDON AV W",0.00,,Y,A,-,N,,,,,,,,,,Y,3,0,1,1,A,-,01,23152,A,N,A,I,A,A,H,-,C,-,0,,,,,Y,Y,A,01,0,1,0,0,0,0,0,0,0,"- ","- ",36.83721923828125,-119.70005798339844,FRESNO,CLOVIS,-119.70008850097656,36.837215423583984
9893053,2025,2025-12-12,1001,2025-11-19,1254,5465,,3,5,5,1001,0,0,0,,0,005,"SHAW AV","SUNNYSIDE AV",431.00,E,N,A,-,N,,,,,,,,,,Y,4,0,3,3,A,-,03,22350,,N,C,C,A,A,H,-,A,A,0,,,,,Y,,A,01,0,0,3,0,0,0,0,0,0,"- ","- ",36.808650970458984,-119.69081878662109,FRESNO,CLOVIS,-119.68934631347656,36.808670043945312
9893054,2025,2025-12-10,1001,2025-11-22,1714,5970,,6,5,5,1001,0,0,0,,0,002,"SHAW AV","ASH AV",140.00,E,N,A,-,N,,,,,,,,,,Y,3,0,1,2,A,-,09,21800,A,N,D,C,A,A,H,-,B,D,0,,,Y,,Y,,A,01,0,1,0,0,0,0,0,0,1,"- ","- ",36.809471130371094,-119.67664337158203,FRESNO,CLOVIS,-119.67702484130859,36.808509826660156
9893055,2025,2025-12-10,1001,2025-11-17,1539,5877,,1,5,5,1001,0,0,0,,0,003,"LEONARD AV","DONNER AV",0.00,,Y,B,-,N,,,,,,,,,,Y,4,0,2,2,A,-,03,22350,,N,C,C,A,B,H,-,-,D,0,,,,,Y,,A,01,0,0,2,0,0,0,0,0,0,"- ","- ",36.800010681152344,-119.63697052001953,FRESNO,CLOVIS,-119.63697052001953,36.800010681152344
9893056,2025,2025-12-10,1001,2025-11-12,1836,5926,,3,5,5,1001,0,0,0,,0,008,"NEES AV","ARMSTRONG AV",0.00,,Y,A,-,N,,,,,,,,,,Y,3,0,1,2,A,-,09,21802,A,N,D,C,A,A,H,-,C,A,0,,,,,Y,,A,01,0,1,0,0,0,0,0,0,0,"- ","- ",36.851959228515625,-119.67507171630859,FRESNO,CLOVIS,-119.67507171630859,36.851940155029297
9893060,2025,2025-12-10,1001,2025-11-03,1128,5966,,1,5,5,1001,0,0,0,,0,005,"SHAW AV","COLE AV",201.00,E,N,A,-,N,,,,,,,,,,N,4,0,1,2,A,-,08,22107,,N,B,C,A,A,H,-,A,A,0,,,,,Y,,A,01,0,0,1,0,0,0,0,0,0,"- ","- ",36.808948516845703,-119.69519805908203,FRESNO,CLOVIS,-119.69481658935547,36.808612823486328
9893101,2025,2025-12-12,1004,2025-03-01,1016,G084,FOWLE,6,5,2,1004,0,0,0,,0,0FO,"GOLDEN STATE BL","MERCED ST",51.00,N,N,A,-,N,,,,,,,,,,Y,4,0,2,2,A,-,03,22350,,N,A,C,A,A,H,-,A,A,0,,,,,Y,,A,01,0,0,2,0,0,0,0,0,0,"- ","- ",36.621910095214844,-119.68543243408203,FRESNO,FOWLER,-119.68068695068359,36.629234313964844
9893102,2025,2025-12-12,1004,2025-03-08,"224 ",G088,FOWLE,6,5,2,1004,0,0,0,,0,0FO,"GOLDEN STATE BL","MANNING AV",0.00,,Y,A,-,N,,,,,,,,,,Y,4,0,2,2,A,-,12,21453,A,F,D,C,A,A,H,-,C,A,0,,,,,Y,,A,01,0,0,2,0,0,0,0,0,0,"- ","- ",36.605491638183594,-119.65480041503906,FRESNO,FOWLER,-119.65474700927734,36.605464935302734
9893110,2025,2025-12-09,1007,2025-03-11,1440,I129,KERMA,2,5,2,1007,0,0,0,,0,0KE,"S SISKIYOU AV","W E ST",160.00,N,N,A,-,N,,,,,,,,,,N,4,0,1,2,A,-,04,21703,,N,C,D,A,A,H,-,A,D,0,,,,,Y,,A,07,0,0,1,0,0,0,0,0,0,"- ","- ",,,FRESNO,KERMAN,-120.07837677001953,36.725658416748047
9893248,2025,2025-12-24,1001,2025-10-24,1209,5903,,5,5,5,1001,0,0,0,,0,005,"NORTH CLOVIS AV",HERNDON,293.00,S,N,A,-,N,,,,,,,,,,N,4,0,1,2,A,-,05,21650,1,N,G,G,A,A,H,-,A,A,0,,Y,,,Y,,L,04,0,0,1,0,0,0,1,0,0,"- ","- ",36.83721923828125,-119.70005798339844,FRESNO,CLOVIS,-119.7000732421875,36.836414337158203
9893446,2025,2025-12-19,1011,2025-10-07,1511,K086,,2,5,3,1011,0,0,0,,0,,"ACADEMY AV","YOUNG AV",0.00,,Y,A,-,N,,,,,,,,,,Y,3,0,1,2,A,-,12,22450,A,N,D,C,A,A,H,-,A,A,0,,,,,Y,,A,01,0,1,0,0,0,0,0,0,0,"- ","- ",36.609611511230469,-119.55728149414062,FRESNO,PARLIER,-119.55693054199219,36.609542846679688
9893562,2025,2025-12-30,1004,2025-11-23,"800 ",G088,FOWLE,7,5,2,1004,0,0,0,,0,G040,"W MERCED ST","N 10TH ST",243.00,W,N,A,-,N,,,,,,,,,,N,4,0,1,2,A,-,03,22350,,N,G,B,C,A,H,-,A,D,0,Y,,,,Y,,-,"- ",0,0,1,0,1,0,0,0,0,"- ","- ",36.373710632324219,-119.4102783203125,FRESNO,FOWLER,-119.68379211425781,36.627010345458984
9893898,2025,2025-12-19,1012,2025-07-24,1718,L248,REEDL,4,5,3,1012,0,0,0,,0,L05D,"MANNING AV","COLUMBIA AV",0.00,,Y,A,-,N,,,,,,,,,,Y,4,0,1,2,A,-,12,21453,A,N,D,C,A,A,H,-,A,A,0,,,,,Y,,A,07,0,0,1,0,0,0,0,0,0,"- ","- ",36.604129791259766,-119.43977355957031,FRESNO,REEDLEY,-119.43981170654297,36.604152679443359
9893991,2025,2026-01-02,1001,2025-12-03,1839,5917,,3,5,5,1001,0,0,0,,0,008,"HERNDON AV","COVENTRY AV",0.00,,Y,A,-,N,,,,,,,,,,Y,3,0,2,2,A,-,12,21453,A,N,D,C,A,A,H,-,C,A,0,,,,,Y,,A,01,0,1,1,0,0,0,0,0,0,"- ","- ",,,FRESNO,CLOVIS,-119.66050720214844,36.8372802734375
9894050,2025,2026-01-16,1001,2025-12-08,1153,5880,,1,5,5,1001,0,0,0,,0,008,"FOWLER AV","RT 168",0.00,,Y,B,-,Y,FRE,6,168,-,R,7.825,R,4,E,Y,4,0,1,2,A,-,12,21453,A,N,D,C,A,A,H,-,A,A,0,,,,,Y,,A,07,0,0,1,0,0,0,0,0,0,"- ",EF,,,FRESNO,CLOVIS,-119.68805694580078,36.840732574462891
9894057,2025,2026-01-02,1001,2025-12-03,1744,5926,,3,5,5,1001,0,0,0,,0,007,"EAST HERNDON AV","CLOVIS AV",8.00,E,N,A,-,N,,,,,,,,,,Y,3,0,4,3,A,-,05,21651,A,N,A,C,A,A,H,-,C,A,0,,,,,Y,,A,07,0,2,2,0,0,0,0,0,0,"- ","- ",36.83721923828125,-119.70005798339844,FRESNO,CLOVIS,-119.70006561279297,36.837223052978516
9894312,2025,2025-12-12,1004,2025-11-25,1818,G079,FOWLE,2,5,2,1004,0,0,0,,0,0FO,"GOLDEN STATE BL","E SOUTH AV",43.00,S,N,A,-,N,,,,,,,,,,N,3,0,1,2,A,-,09,21802,A,N,D,C,A,A,H,-,C,D,0,,,,,Y,,A,07,0,1,0,0,0,0,0,0,0,"- ","- ",36.619930267333984,-119.67086791992188,FRESNO,FOWLER,-119.67048645019531,36.619842529296875
9894582,2025,2025-12-23,1001,2025-11-29,1201,5924,,6,5,5,1001,0,0,0,,0,008,"N FOWLER AV","TEAGUE AV",0.00,,Y,B,-,N,,,,,,,,,,Y,4,0,1,3,A,-,12,22450,A,N,D,C,A,A,H,-,A,A,0,,,,,Y,,D,22,0,0,1,0,0,0,0,0,0,"- ","- ",36.859249114990234,-119.68402862548828,FRESNO,CLOVIS,-119.68402862548828,36.859249114990234
9894912,2025,2025-12-30,1001,2025-11-29,1719,6000,,6,5,5,1001,0,0,0,,0,001,"N WILLOW AV","W SANTA ANA AV",0.00,,Y,B,-,N,,,,,,,,,,Y,4,0,1,2,A,-,09,21801,A,N,D,C,A,C,H,-,B,D,0,,,,,Y,,A,01,0,0,1,0,0,0,0,0,0,"- ","- ",36.804878234863281,-119.72727966308594,FRESNO,CLOVIS,-119.72731018066406,36.804878234863281
9894913,2025,2025-12-30,1001,2025-11-28,"541 ",5784,,5,5,5,1001,0,0,0,,0,004,"WEST BULLARD AV","WILLOW AV",0.00,,Y,A,-,N,,,,,,,,,,N,4,0,2,2,A,-,09,21453,C,N,D,C,A,A,H,-,C,A,0,,,,,Y,,A,01,0,0,2,0,0,0,0,0,0,"- ","- ",36.823020935058594,-119.72895812988281,FRESNO,CLOVIS,-119.72901153564453,36.823040008544922
9894914,2025,2025-12-30,1001,2025-11-24,2049,5882,,1,5,5,1001,0,0,0,,0,005,"CLOVIS AV","8TH ST",0.00,,Y,A,-,N,,,,,,,,,,Y,4,0,1,2,A,-,01,23152,B,N,A,C,A,A,H,-,A,A,0,,,,,Y,Y,A,01,0,0,1,0,0,0,0,0,0,"- ","- ",38.820709228515625,-119.70066070556641,FRESNO,CLOVIS,-119.70069122314453,36.820709228515625
9894965,2025,2025-12-29,1001,2025-12-01,1351,5996,,1,5,5,1001,0,0,0,,0,001,"W GETTYSBURG AV","PEACH AV",0.00,,Y,A,-,N,,,,,,,,,,Y,4,0,1,2,A,-,09,21800,A,N,D,C,A,A,H,-,A,A,0,,,,,Y,,A,01,0,0,1,0,0,0,0,0,0,"- ","- ",36.801200866699219,-119.71819305419922,FRESNO,CLOVIS,-119.71818542480469,36.801197052001953
9894999,2025,2026-01-16,1001,2025-10-22,1311,5723,,3,5,5,1001,0,0,0,,0,006,"DE WOLF AV","SAN JOSE AV",0.00,,Y,C,-,N,,,,,,,,,,N,3,0,4,1,A,-,03,22350,,N,E,I,A,B,H,-,A,A,0,,,,,Y,,A,01,0,1,3,0,0,0,0,0,0,"- ","- ",36.812339782714844,-119.64598846435547,FRESNO,CLOVIS,-119.64596557617188,36.812007904052734
9895248,2025,2025-12-31,1015,2025-12-18,1156,N140,SELMA,4,5,3,1015,0,0,0,,0,B01,"GOLDEN STATE BL","DINUBA AV",0.00,,Y,A,-,N,,,,,,,,,,N,3,0,1,2,A,-,09,21802,A,N,D,C,A,A,H,-,A,A,0,,,,,Y,,A,01,0,1,0,0,0,0,0,0,0,"- ","- ",36.590629577636719,-119.63847351074219,FRESNO,SELMA,-119.63861083984375,36.590473175048828
9895494,2025,2026-02-12,1015,2025-12-23,1303,N163,SELMA,2,5,3,1015,0,0,0,,0,N04,"2ND ST","RT 99",0.00,,Y,A,-,Y,FRE,6,99,-,R,5.542,R,4,S,Y,4,0,1,2,A,-,09,21804,A,N,D,C,A,A,H,-,A,D,0,,,,,Y,,A,07,0,0,1,0,0,0,0,0,0,"- ",SF,36.563701629638672,-119.61617279052734,FRESNO,SELMA,-119.61831665039062,36.566165924072266
9895575,2025,2026-01-14,1012,2025-11-26,1619,L229,REEDL,3,5,3,1012,0,0,0,,0,B02,"EAST MANNING AV","N HANEY AV",63.00,E,N,A,-,N,,,,,,,,,,Y,4,0,2,2,A,-,08,22107,,N,B,C,A,A,H,-,B,A,0,,,,,Y,,A,01,0,0,2,0,0,0,0,0,0,"- ","- ",,,FRESNO,REEDLEY,-119.43518829345703,36.6041259765625
9895756,2025,2026-01-15,1001,2025-12-06,1236,5970,,6,5,5,1001,0,0,0,,0,002,"CLOVIS AV","SANTA ANA AV",0.00,,Y,A,-,N,,,,,,,,,,Y,2,0,1,4,A,-,03,22350,,N,A,C,A,A,H,-,A,A,0,,,,,Y,,D,22,1,0,0,0,0,0,0,0,0,"- ","- ",36.804878234863281,-119.70053863525391,FRESNO,CLOVIS,-119.70053863525391,36.804878234863281
9896051,2025,2026-01-21,1012,2025-12-08,1808,L229,REEDL,1,5,3,1012,0,0,0,,0,L02,"MANNING AV","COLUMBIA AV",0.00,,Y,A,-,N,,,,,,,,,,Y,3,0,1,2,A,-,12,21453,A,N,D,C,A,A,H,-,C,A,0,,,,,Y,,A,01,0,1,0,0,0,0,0,0,0,"- ","- ",36.595951080322266,-119.44474792480469,FRESNO,REEDLEY,-119.43981170654297,36.604152679443359
9896058,2025,2026-01-15,1001,2025-12-15,"408 ",5996,,1,5,5,1001,0,0,0,,0,001,"WILLOW AV","WEST ASHLAN AV",266.00,N,N,A,-,N,,,,,,,,,,Y,4,0,2,1,A,-,01,23152,A,N,E,I,A,A,H,-,C,A,0,,,,,Y,Y,A,01,0,0,2,0,0,0,0,0,0,"- ","- ",36.794189453125,-119.72743988037109,FRESNO,CLOVIS,-119.72746276855469,36.794929504394531
9896059,2025,2026-01-21,1001,2025-12-19,"543 ",5970,,5,5,5,1001,0,0,0,,0,002,"GRIFFITH AV","SUNNYSIDE AV",84.00,E,N,A,-,N,,,,,,,,,,Y,4,0,1,1,A,-,01,23152,A,N,F,I,A,A,H,-,C,D,0,,,,,Y,Y,A,01,0,0,1,0,0,0,0,0,0,"- ","- ",36.789810180664062,-119.69155883789062,FRESNO,CLOVIS,-119.69127655029297,36.789810180664062
9896147,2025,2026-01-15,1012,2025-11-30,1154,L110,REEDL,7,5,3,1012,0,0,0,,0,L04D,"MANNING AV","SAN JOAQUIN CIR",157.00,W,N,A,-,N,,,,,,,,,,N,4,0,1,2,A,-,09,21801,A,N,B,C,A,A,H,-,A,D,0,,,,,Y,,A,01,0,0,1,0,0,0,0,0,0,"- ","- ",36.596050262451172,-119.45845794677734,FRESNO,REEDLEY,-119.45407104492188,36.604198455810547
9896776,2024,2026-02-18,1002,2024-05-21,1103,E1668,COALI,2,5,3,1002,0,0,0,,0,,"WASHINGTON ST","MURIETA WY",0.00,,Y,A,-,N,,,,,,,,,,N,2,0,1,2,A,-,08,22107,,N,B,E,A,A,H,-,A,D,0,,,,,Y,,A,01,1,0,0,0,0,0,0,0,0,"- ",TO,36.146678924560547,-120.36862182617188,FRESNO,COALINGA,-120.36790466308594,36.143764495849609
9897089,2025,2026-01-22,1013,2025-12-04,1506,M190,M240,4,5,3,1013,0,0,0,,0,M02,"ACADEMY AV","7TH ST",0.00,,Y,A,-,N,,,,,,,,,,N,3,0,1,3,A,-,12,21453,A,N,G,B,G,A,H,-,B,D,0,Y,,,,Y,Y,A,01,0,1,0,0,1,0,0,0,0,"- ","- ",36.706531524658203,-119.55599975585938,FRESNO,SANGER,-119.55596160888672,36.706527709960938
9897177,2025,2026-01-13,1013,2025-11-23,2050,M170,SANGE,7,5,3,1013,0,0,0,,0,M03,"ACADEMY AV","NORTH AV",0.00,,Y,A,-,N,,,,,,,,,,N,4,0,2,2,A,-,00,21352,A,N,A,C,A,A,H,-,C,A,0,,,,,Y,Y,A,01,0,0,2,0,0,0,0,0,0,"- ","- ",36.692001342773438,-119.55400085449219,FRESNO,SANGER,-119.55411529541016,36.692180633544922
9897310,2025,2026-01-13,1001,2025-12-15,1748,5969,,1,5,5,1001,0,0,0,,0,006,"FOWLER AV","KEATS AV",0.00,,Y,A,-,N,,,,,,,,,,Y,4,0,1,2,A,-,09,21804,A,N,D,C,A,A,H,-,C,D,0,,,,,Y,,A,07,0,0,1,0,0,0,0,0,0,"- ","- ",36.808509826660156,-119.68199920654297,FRESNO,CLOVIS,-119.68205261230469,36.810703277587891
9897311,2025,2026-01-13,1001,2025-12-16,1736,5969,,2,5,5,1001,0,0,0,,0,006,"SHAW AV","BURL AV",0.00,,Y,A,-,N,,,,,,,,,,Y,3,0,1,2,A,-,08,22107,,N,D,C,A,A,H,-,C,D,0,,,Y,,Y,,A,01,0,1,0,0,0,0,0,0,1,"- ","- ",36.809501647949219,-119.67568206787109,FRESNO,CLOVIS,-119.67604827880859,36.808650970458984
9897312,2025,2026-01-13,1001,2025-12-15,1745,5924,,1,5,5,1001,0,0,0,,0,007,"HERNDON AV","DEWITT AV",41.00,W,N,B,-,N,,,,,,,,,,N,4,0,3,2,A,-,03,22350,,M,C,C,A,A,A,-,A,A,0,,,,,Y,,A,01,0,0,3,0,0,0,0,0,0,"- ","- ",36.837200164794922,-119.70368957519531,FRESNO,CLOVIS,-119.70675659179688,36.837310791015625